model_type,version,fold,parameters,rmse,r2,training_time
LightGBM,Baseline,0,"{'colsample_bytree': 0.6, 'learning_rate': 0.01, 'max_depth': 3, 'min_child_samples': 50, 'n_estimators': 500, 'num_leaves': 15, 'subsample': 0.6}",3.58297208330318,0.894884810466976,0.322766065597534
LightGBM,Baseline,0,"{'colsample_bytree': 0.6, 'learning_rate': 0.01, 'max_depth': 3, 'min_child_samples': 50, 'n_estimators': 500, 'num_leaves': 15, 'subsample': 0.8}",3.58297208391011,0.894884810431364,0.204940319061279
LightGBM,Baseline,0,"{'colsample_bytree': 0.6, 'learning_rate': 0.01, 'max_depth': 3, 'min_child_samples': 50, 'n_estimators': 500, 'num_leaves': 31, 'subsample': 0.6}",3.58297208287089,0.89488481049234,0.203968286514282
LightGBM,Baseline,0,"{'colsample_bytree': 0.6, 'learning_rate': 0.01, 'max_depth': 3, 'min_child_samples': 50, 'n_estimators': 500, 'num_leaves': 31, 'subsample': 0.8}",3.58297208366816,0.89488481044556,0.188790798187256
LightGBM,Baseline,0,"{'colsample_bytree': 0.6, 'learning_rate': 0.01, 'max_depth': 3, 'min_child_samples': 50, 'n_estimators': 500, 'num_leaves': 62, 'subsample': 0.6}",3.58297208210111,0.894884810537507,0.218466281890869
LightGBM,Baseline,0,"{'colsample_bytree': 0.6, 'learning_rate': 0.01, 'max_depth': 3, 'min_child_samples': 50, 'n_estimators': 500, 'num_leaves': 62, 'subsample': 0.8}",3.58297208249263,0.894884810514535,0.20825457572937
LightGBM,Baseline,0,"{'colsample_bytree': 0.6, 'learning_rate': 0.01, 'max_depth': 3, 'min_child_samples': 50, 'n_estimators': 750, 'num_leaves': 15, 'subsample': 0.6}",3.54004969237997,0.897388190630619,0.275943040847778
LightGBM,Baseline,0,"{'colsample_bytree': 0.6, 'learning_rate': 0.01, 'max_depth': 3, 'min_child_samples': 50, 'n_estimators': 750, 'num_leaves': 15, 'subsample': 0.8}",3.54004969381865,0.897388190547216,0.266603469848633
LightGBM,Baseline,0,"{'colsample_bytree': 0.6, 'learning_rate': 0.01, 'max_depth': 3, 'min_child_samples': 50, 'n_estimators': 750, 'num_leaves': 31, 'subsample': 0.6}",3.54004969300706,0.897388190594265,0.272696495056152
LightGBM,Baseline,0,"{'colsample_bytree': 0.6, 'learning_rate': 0.01, 'max_depth': 3, 'min_child_samples': 50, 'n_estimators': 750, 'num_leaves': 31, 'subsample': 0.8}",3.54004969320944,0.897388190582533,0.280248880386353
LightGBM,Baseline,0,"{'colsample_bytree': 0.6, 'learning_rate': 0.01, 'max_depth': 3, 'min_child_samples': 50, 'n_estimators': 750, 'num_leaves': 62, 'subsample': 0.6}",3.54004969448263,0.897388190508724,0.275141477584839
LightGBM,Baseline,0,"{'colsample_bytree': 0.6, 'learning_rate': 0.01, 'max_depth': 3, 'min_child_samples': 50, 'n_estimators': 750, 'num_leaves': 62, 'subsample': 0.8}",3.54004969369718,0.897388190554258,0.282170057296753
LightGBM,Baseline,0,"{'colsample_bytree': 0.6, 'learning_rate': 0.01, 'max_depth': 3, 'min_child_samples': 50, 'n_estimators': 1000, 'num_leaves': 15, 'subsample': 0.6}",3.53161470254235,0.897876600953554,0.351949453353882
LightGBM,Baseline,0,"{'colsample_bytree': 0.6, 'learning_rate': 0.01, 'max_depth': 3, 'min_child_samples': 50, 'n_estimators': 1000, 'num_leaves': 15, 'subsample': 0.8}",3.53161470259615,0.897876600950443,0.333900690078735
LightGBM,Baseline,0,"{'colsample_bytree': 0.6, 'learning_rate': 0.01, 'max_depth': 3, 'min_child_samples': 50, 'n_estimators': 1000, 'num_leaves': 31, 'subsample': 0.6}",3.53161470232838,0.897876600965929,0.334702730178833
LightGBM,Baseline,0,"{'colsample_bytree': 0.6, 'learning_rate': 0.01, 'max_depth': 3, 'min_child_samples': 50, 'n_estimators': 1000, 'num_leaves': 31, 'subsample': 0.8}",3.53161470283187,0.89787660093681,0.347274541854858
LightGBM,Baseline,0,"{'colsample_bytree': 0.6, 'learning_rate': 0.01, 'max_depth': 3, 'min_child_samples': 50, 'n_estimators': 1000, 'num_leaves': 62, 'subsample': 0.6}",3.53161470384027,0.89787660087849,0.340904951095581
LightGBM,Baseline,0,"{'colsample_bytree': 0.6, 'learning_rate': 0.01, 'max_depth': 3, 'min_child_samples': 50, 'n_estimators': 1000, 'num_leaves': 62, 'subsample': 0.8}",3.53161470343987,0.897876600901647,0.340114593505859
LightGBM,Baseline,0,"{'colsample_bytree': 0.6, 'learning_rate': 0.01, 'max_depth': 3, 'min_child_samples': 100, 'n_estimators': 500, 'num_leaves': 15, 'subsample': 0.6}",5.37447114445673,0.76348967767316,0.224066734313965
LightGBM,Baseline,0,"{'colsample_bytree': 0.6, 'learning_rate': 0.01, 'max_depth': 3, 'min_child_samples': 100, 'n_estimators': 500, 'num_leaves': 15, 'subsample': 0.8}",5.37447114369783,0.763489677739952,0.224252939224243
LightGBM,Baseline,0,"{'colsample_bytree': 0.6, 'learning_rate': 0.01, 'max_depth': 3, 'min_child_samples': 100, 'n_estimators': 500, 'num_leaves': 31, 'subsample': 0.6}",5.37447114345045,0.763489677761725,0.223058223724365
LightGBM,Baseline,0,"{'colsample_bytree': 0.6, 'learning_rate': 0.01, 'max_depth': 3, 'min_child_samples': 100, 'n_estimators': 500, 'num_leaves': 31, 'subsample': 0.8}",5.37447114338832,0.763489677767193,0.216945886611938
LightGBM,Baseline,0,"{'colsample_bytree': 0.6, 'learning_rate': 0.01, 'max_depth': 3, 'min_child_samples': 100, 'n_estimators': 500, 'num_leaves': 62, 'subsample': 0.6}",5.37447114341257,0.763489677765058,0.2220139503479
LightGBM,Baseline,0,"{'colsample_bytree': 0.6, 'learning_rate': 0.01, 'max_depth': 3, 'min_child_samples': 100, 'n_estimators': 500, 'num_leaves': 62, 'subsample': 0.8}",5.37447114456748,0.763489677663412,0.217995166778564
LightGBM,Baseline,0,"{'colsample_bytree': 0.6, 'learning_rate': 0.01, 'max_depth': 3, 'min_child_samples': 100, 'n_estimators': 750, 'num_leaves': 15, 'subsample': 0.6}",5.07475010784741,0.789133324085679,0.281373262405396
LightGBM,Baseline,0,"{'colsample_bytree': 0.6, 'learning_rate': 0.01, 'max_depth': 3, 'min_child_samples': 100, 'n_estimators': 750, 'num_leaves': 15, 'subsample': 0.8}",5.07475010765587,0.789133324101597,0.2783203125
LightGBM,Baseline,0,"{'colsample_bytree': 0.6, 'learning_rate': 0.01, 'max_depth': 3, 'min_child_samples': 100, 'n_estimators': 750, 'num_leaves': 31, 'subsample': 0.6}",5.07475010886228,0.789133324001339,0.282754182815552
LightGBM,Baseline,0,"{'colsample_bytree': 0.6, 'learning_rate': 0.01, 'max_depth': 3, 'min_child_samples': 100, 'n_estimators': 750, 'num_leaves': 31, 'subsample': 0.8}",5.07475010791111,0.789133324080385,0.277822971343994
LightGBM,Baseline,0,"{'colsample_bytree': 0.6, 'learning_rate': 0.01, 'max_depth': 3, 'min_child_samples': 100, 'n_estimators': 750, 'num_leaves': 62, 'subsample': 0.6}",5.07475010803453,0.789133324070129,0.283115863800049
LightGBM,Baseline,0,"{'colsample_bytree': 0.6, 'learning_rate': 0.01, 'max_depth': 3, 'min_child_samples': 100, 'n_estimators': 750, 'num_leaves': 62, 'subsample': 0.8}",5.07475010878605,0.789133324007674,0.287778854370117
LightGBM,Baseline,0,"{'colsample_bytree': 0.6, 'learning_rate': 0.01, 'max_depth': 3, 'min_child_samples': 100, 'n_estimators': 1000, 'num_leaves': 15, 'subsample': 0.6}",4.93895228261641,0.800267706257515,0.350646734237671
LightGBM,Baseline,0,"{'colsample_bytree': 0.6, 'learning_rate': 0.01, 'max_depth': 3, 'min_child_samples': 100, 'n_estimators': 1000, 'num_leaves': 15, 'subsample': 0.8}",4.93895228303969,0.800267706223279,0.338822603225708
LightGBM,Baseline,0,"{'colsample_bytree': 0.6, 'learning_rate': 0.01, 'max_depth': 3, 'min_child_samples': 100, 'n_estimators': 1000, 'num_leaves': 31, 'subsample': 0.6}",4.9389522831946,0.80026770621075,0.341063499450684
LightGBM,Baseline,0,"{'colsample_bytree': 0.6, 'learning_rate': 0.01, 'max_depth': 3, 'min_child_samples': 100, 'n_estimators': 1000, 'num_leaves': 31, 'subsample': 0.8}",4.93895228323303,0.800267706207642,0.351685285568237
LightGBM,Baseline,0,"{'colsample_bytree': 0.6, 'learning_rate': 0.01, 'max_depth': 3, 'min_child_samples': 100, 'n_estimators': 1000, 'num_leaves': 62, 'subsample': 0.6}",4.93895228422797,0.800267706127171,0.3642418384552
LightGBM,Baseline,0,"{'colsample_bytree': 0.6, 'learning_rate': 0.01, 'max_depth': 3, 'min_child_samples': 100, 'n_estimators': 1000, 'num_leaves': 62, 'subsample': 0.8}",4.93895228281985,0.80026770624106,0.341456890106201
LightGBM,Baseline,0,"{'colsample_bytree': 0.6, 'learning_rate': 0.01, 'max_depth': 5, 'min_child_samples': 50, 'n_estimators': 500, 'num_leaves': 15, 'subsample': 0.6}",3.56509553441389,0.895931097786738,0.289180517196655
LightGBM,Baseline,0,"{'colsample_bytree': 0.6, 'learning_rate': 0.01, 'max_depth': 5, 'min_child_samples': 50, 'n_estimators': 500, 'num_leaves': 15, 'subsample': 0.8}",3.56511183275918,0.895930146252753,0.29995059967041
LightGBM,Baseline,0,"{'colsample_bytree': 0.6, 'learning_rate': 0.01, 'max_depth': 5, 'min_child_samples': 50, 'n_estimators': 500, 'num_leaves': 31, 'subsample': 0.6}",3.56512797230986,0.895929203985268,0.289364337921143
LightGBM,Baseline,0,"{'colsample_bytree': 0.6, 'learning_rate': 0.01, 'max_depth': 5, 'min_child_samples': 50, 'n_estimators': 500, 'num_leaves': 31, 'subsample': 0.8}",3.56509553343,0.895931097844179,0.279362201690674
LightGBM,Baseline,0,"{'colsample_bytree': 0.6, 'learning_rate': 0.01, 'max_depth': 5, 'min_child_samples': 50, 'n_estimators': 500, 'num_leaves': 62, 'subsample': 0.6}",3.56509553249783,0.895931097898602,0.291518926620483
LightGBM,Baseline,0,"{'colsample_bytree': 0.6, 'learning_rate': 0.01, 'max_depth': 5, 'min_child_samples': 50, 'n_estimators': 500, 'num_leaves': 62, 'subsample': 0.8}",3.56511183109924,0.895930146349665,0.291373729705811
LightGBM,Baseline,0,"{'colsample_bytree': 0.6, 'learning_rate': 0.01, 'max_depth': 5, 'min_child_samples': 50, 'n_estimators': 750, 'num_leaves': 15, 'subsample': 0.6}",3.51304685455137,0.89894762774411,0.385445117950439
LightGBM,Baseline,0,"{'colsample_bytree': 0.6, 'learning_rate': 0.01, 'max_depth': 5, 'min_child_samples': 50, 'n_estimators': 750, 'num_leaves': 15, 'subsample': 0.8}",3.51302765096156,0.898948732519015,0.379363298416138
LightGBM,Baseline,0,"{'colsample_bytree': 0.6, 'learning_rate': 0.01, 'max_depth': 5, 'min_child_samples': 50, 'n_estimators': 750, 'num_leaves': 31, 'subsample': 0.6}",3.51300808157979,0.898949858331573,0.378801345825195
LightGBM,Baseline,0,"{'colsample_bytree': 0.6, 'learning_rate': 0.01, 'max_depth': 5, 'min_child_samples': 50, 'n_estimators': 750, 'num_leaves': 31, 'subsample': 0.8}",3.51302618472011,0.898948816871056,0.409907102584839
LightGBM,Baseline,0,"{'colsample_bytree': 0.6, 'learning_rate': 0.01, 'max_depth': 5, 'min_child_samples': 50, 'n_estimators': 750, 'num_leaves': 62, 'subsample': 0.6}",3.51302784541087,0.898948721332453,0.402876615524292
LightGBM,Baseline,0,"{'colsample_bytree': 0.6, 'learning_rate': 0.01, 'max_depth': 5, 'min_child_samples': 50, 'n_estimators': 750, 'num_leaves': 62, 'subsample': 0.8}",3.51300808278206,0.898949858262408,0.3786940574646
LightGBM,Baseline,0,"{'colsample_bytree': 0.6, 'learning_rate': 0.01, 'max_depth': 5, 'min_child_samples': 50, 'n_estimators': 1000, 'num_leaves': 15, 'subsample': 0.6}",3.49787642911888,0.899818494282839,0.462565183639526
LightGBM,Baseline,0,"{'colsample_bytree': 0.6, 'learning_rate': 0.01, 'max_depth': 5, 'min_child_samples': 50, 'n_estimators': 1000, 'num_leaves': 15, 'subsample': 0.8}",3.49788247717498,0.899818147841846,0.45879340171814
LightGBM,Baseline,0,"{'colsample_bytree': 0.6, 'learning_rate': 0.01, 'max_depth': 5, 'min_child_samples': 50, 'n_estimators': 1000, 'num_leaves': 31, 'subsample': 0.6}",3.49788125558311,0.899818217816362,0.468197107315064
LightGBM,Baseline,0,"{'colsample_bytree': 0.6, 'learning_rate': 0.01, 'max_depth': 5, 'min_child_samples': 50, 'n_estimators': 1000, 'num_leaves': 31, 'subsample': 0.8}",3.49790077353413,0.899817099797521,0.472997188568115
LightGBM,Baseline,0,"{'colsample_bytree': 0.6, 'learning_rate': 0.01, 'max_depth': 5, 'min_child_samples': 50, 'n_estimators': 1000, 'num_leaves': 62, 'subsample': 0.6}",3.49788559572451,0.899817969206795,0.469237565994263
LightGBM,Baseline,0,"{'colsample_bytree': 0.6, 'learning_rate': 0.01, 'max_depth': 5, 'min_child_samples': 50, 'n_estimators': 1000, 'num_leaves': 62, 'subsample': 0.8}",3.49786762540092,0.899818998570871,0.471629858016968
LightGBM,Baseline,0,"{'colsample_bytree': 0.6, 'learning_rate': 0.01, 'max_depth': 5, 'min_child_samples': 100, 'n_estimators': 500, 'num_leaves': 15, 'subsample': 0.6}",5.37755040268497,0.763218586819222,0.269165277481079
LightGBM,Baseline,0,"{'colsample_bytree': 0.6, 'learning_rate': 0.01, 'max_depth': 5, 'min_child_samples': 100, 'n_estimators': 500, 'num_leaves': 15, 'subsample': 0.8}",5.37755040179626,0.763218586897484,0.258526086807251
LightGBM,Baseline,0,"{'colsample_bytree': 0.6, 'learning_rate': 0.01, 'max_depth': 5, 'min_child_samples': 100, 'n_estimators': 500, 'num_leaves': 31, 'subsample': 0.6}",5.37755040247765,0.763218586837479,0.263760566711426
LightGBM,Baseline,0,"{'colsample_bytree': 0.6, 'learning_rate': 0.01, 'max_depth': 5, 'min_child_samples': 100, 'n_estimators': 500, 'num_leaves': 31, 'subsample': 0.8}",5.37755040089678,0.763218586976695,0.260827541351318
LightGBM,Baseline,0,"{'colsample_bytree': 0.6, 'learning_rate': 0.01, 'max_depth': 5, 'min_child_samples': 100, 'n_estimators': 500, 'num_leaves': 62, 'subsample': 0.6}",5.37755040133225,0.763218586938346,0.26533579826355
LightGBM,Baseline,0,"{'colsample_bytree': 0.6, 'learning_rate': 0.01, 'max_depth': 5, 'min_child_samples': 100, 'n_estimators': 500, 'num_leaves': 62, 'subsample': 0.8}",5.37755040245772,0.763218586839234,0.256659269332886
LightGBM,Baseline,0,"{'colsample_bytree': 0.6, 'learning_rate': 0.01, 'max_depth': 5, 'min_child_samples': 100, 'n_estimators': 750, 'num_leaves': 15, 'subsample': 0.6}",5.08197332447603,0.788532616805225,0.355455160140991
LightGBM,Baseline,0,"{'colsample_bytree': 0.6, 'learning_rate': 0.01, 'max_depth': 5, 'min_child_samples': 100, 'n_estimators': 750, 'num_leaves': 15, 'subsample': 0.8}",5.08198790048818,0.788531403750622,0.355159759521484
LightGBM,Baseline,0,"{'colsample_bytree': 0.6, 'learning_rate': 0.01, 'max_depth': 5, 'min_child_samples': 100, 'n_estimators': 750, 'num_leaves': 31, 'subsample': 0.6}",5.08198008213242,0.788532054415471,0.352170944213867
LightGBM,Baseline,0,"{'colsample_bytree': 0.6, 'learning_rate': 0.01, 'max_depth': 5, 'min_child_samples': 100, 'n_estimators': 750, 'num_leaves': 31, 'subsample': 0.8}",5.08198008146213,0.788532054471254,0.345186948776245
LightGBM,Baseline,0,"{'colsample_bytree': 0.6, 'learning_rate': 0.01, 'max_depth': 5, 'min_child_samples': 100, 'n_estimators': 750, 'num_leaves': 62, 'subsample': 0.6}",5.08198008204159,0.788532054423029,0.357195138931274
LightGBM,Baseline,0,"{'colsample_bytree': 0.6, 'learning_rate': 0.01, 'max_depth': 5, 'min_child_samples': 100, 'n_estimators': 750, 'num_leaves': 62, 'subsample': 0.8}",5.08198008089667,0.788532054518313,0.348461866378784
LightGBM,Baseline,0,"{'colsample_bytree': 0.6, 'learning_rate': 0.01, 'max_depth': 5, 'min_child_samples': 100, 'n_estimators': 1000, 'num_leaves': 15, 'subsample': 0.6}",4.94150128563119,0.800061488595056,0.424227476119995
LightGBM,Baseline,0,"{'colsample_bytree': 0.6, 'learning_rate': 0.01, 'max_depth': 5, 'min_child_samples': 100, 'n_estimators': 1000, 'num_leaves': 15, 'subsample': 0.8}",4.94149477782506,0.800062015220524,0.439692735671997
LightGBM,Baseline,0,"{'colsample_bytree': 0.6, 'learning_rate': 0.01, 'max_depth': 5, 'min_child_samples': 100, 'n_estimators': 1000, 'num_leaves': 31, 'subsample': 0.6}",4.94149477883849,0.800062015138515,0.420463800430298
LightGBM,Baseline,0,"{'colsample_bytree': 0.6, 'learning_rate': 0.01, 'max_depth': 5, 'min_child_samples': 100, 'n_estimators': 1000, 'num_leaves': 31, 'subsample': 0.8}",4.94149477851315,0.800062015164843,0.432666063308716
LightGBM,Baseline,0,"{'colsample_bytree': 0.6, 'learning_rate': 0.01, 'max_depth': 5, 'min_child_samples': 100, 'n_estimators': 1000, 'num_leaves': 62, 'subsample': 0.6}",4.94149463458176,0.800062026812068,0.427948951721191
LightGBM,Baseline,0,"{'colsample_bytree': 0.6, 'learning_rate': 0.01, 'max_depth': 5, 'min_child_samples': 100, 'n_estimators': 1000, 'num_leaves': 62, 'subsample': 0.8}",4.9414947773425,0.800062015259574,0.424608707427979
LightGBM,Baseline,0,"{'colsample_bytree': 0.6, 'learning_rate': 0.01, 'max_depth': 9, 'min_child_samples': 50, 'n_estimators': 500, 'num_leaves': 15, 'subsample': 0.6}",3.57171232617586,0.895544437026254,0.399764537811279
LightGBM,Baseline,0,"{'colsample_bytree': 0.6, 'learning_rate': 0.01, 'max_depth': 9, 'min_child_samples': 50, 'n_estimators': 500, 'num_leaves': 15, 'subsample': 0.8}",3.57172238384018,0.895543848747932,0.395462274551392
LightGBM,Baseline,0,"{'colsample_bytree': 0.6, 'learning_rate': 0.01, 'max_depth': 9, 'min_child_samples': 50, 'n_estimators': 500, 'num_leaves': 31, 'subsample': 0.6}",3.57180480854521,0.895539027619146,0.398788452148438
LightGBM,Baseline,0,"{'colsample_bytree': 0.6, 'learning_rate': 0.01, 'max_depth': 9, 'min_child_samples': 50, 'n_estimators': 500, 'num_leaves': 31, 'subsample': 0.8}",3.57180311430701,0.895539126718473,0.398112058639526
LightGBM,Baseline,0,"{'colsample_bytree': 0.6, 'learning_rate': 0.01, 'max_depth': 9, 'min_child_samples': 50, 'n_estimators': 500, 'num_leaves': 62, 'subsample': 0.6}",3.57180231315397,0.895539173579476,0.404801845550537
LightGBM,Baseline,0,"{'colsample_bytree': 0.6, 'learning_rate': 0.01, 'max_depth': 9, 'min_child_samples': 50, 'n_estimators': 500, 'num_leaves': 62, 'subsample': 0.8}",3.57185579425782,0.895536045342445,0.392755031585693
LightGBM,Baseline,0,"{'colsample_bytree': 0.6, 'learning_rate': 0.01, 'max_depth': 9, 'min_child_samples': 50, 'n_estimators': 750, 'num_leaves': 15, 'subsample': 0.6}",3.51848030593227,0.898634800857143,0.564815521240234
LightGBM,Baseline,0,"{'colsample_bytree': 0.6, 'learning_rate': 0.01, 'max_depth': 9, 'min_child_samples': 50, 'n_estimators': 750, 'num_leaves': 15, 'subsample': 0.8}",3.5183288697713,0.898643526229995,0.545262336730957
LightGBM,Baseline,0,"{'colsample_bytree': 0.6, 'learning_rate': 0.01, 'max_depth': 9, 'min_child_samples': 50, 'n_estimators': 750, 'num_leaves': 31, 'subsample': 0.6}",3.51849690504597,0.898633844434887,0.5558762550354
LightGBM,Baseline,0,"{'colsample_bytree': 0.6, 'learning_rate': 0.01, 'max_depth': 9, 'min_child_samples': 50, 'n_estimators': 750, 'num_leaves': 31, 'subsample': 0.8}",3.5186597905075,0.89862445891848,0.561508655548096
LightGBM,Baseline,0,"{'colsample_bytree': 0.6, 'learning_rate': 0.01, 'max_depth': 9, 'min_child_samples': 50, 'n_estimators': 750, 'num_leaves': 62, 'subsample': 0.6}",3.51857835417924,0.898629151362079,0.558952569961548
LightGBM,Baseline,0,"{'colsample_bytree': 0.6, 'learning_rate': 0.01, 'max_depth': 9, 'min_child_samples': 50, 'n_estimators': 750, 'num_leaves': 62, 'subsample': 0.8}",3.51850739107817,0.898633240239184,0.560871839523315
LightGBM,Baseline,0,"{'colsample_bytree': 0.6, 'learning_rate': 0.01, 'max_depth': 9, 'min_child_samples': 50, 'n_estimators': 1000, 'num_leaves': 15, 'subsample': 0.6}",3.50040667038645,0.899673506279031,0.703165054321289
LightGBM,Baseline,0,"{'colsample_bytree': 0.6, 'learning_rate': 0.01, 'max_depth': 9, 'min_child_samples': 50, 'n_estimators': 1000, 'num_leaves': 15, 'subsample': 0.8}",3.50044809457677,0.899671131715872,0.690672636032105
LightGBM,Baseline,0,"{'colsample_bytree': 0.6, 'learning_rate': 0.01, 'max_depth': 9, 'min_child_samples': 50, 'n_estimators': 1000, 'num_leaves': 31, 'subsample': 0.6}",3.50050026418107,0.899668141152253,0.705975532531738
LightGBM,Baseline,0,"{'colsample_bytree': 0.6, 'learning_rate': 0.01, 'max_depth': 9, 'min_child_samples': 50, 'n_estimators': 1000, 'num_leaves': 31, 'subsample': 0.8}",3.50043049197266,0.899672140755207,0.689449787139893
LightGBM,Baseline,0,"{'colsample_bytree': 0.6, 'learning_rate': 0.01, 'max_depth': 9, 'min_child_samples': 50, 'n_estimators': 1000, 'num_leaves': 62, 'subsample': 0.6}",3.50023386678245,0.899683411614836,0.702792167663574
LightGBM,Baseline,0,"{'colsample_bytree': 0.6, 'learning_rate': 0.01, 'max_depth': 9, 'min_child_samples': 50, 'n_estimators': 1000, 'num_leaves': 62, 'subsample': 0.8}",3.5002959653988,0.899679852094626,0.696303367614746
LightGBM,Baseline,0,"{'colsample_bytree': 0.6, 'learning_rate': 0.01, 'max_depth': 9, 'min_child_samples': 100, 'n_estimators': 500, 'num_leaves': 15, 'subsample': 0.6}",5.37584732560989,0.763368541021563,0.26445746421814
LightGBM,Baseline,0,"{'colsample_bytree': 0.6, 'learning_rate': 0.01, 'max_depth': 9, 'min_child_samples': 100, 'n_estimators': 500, 'num_leaves': 15, 'subsample': 0.8}",5.37584732530842,0.763368541048103,0.260692596435547
LightGBM,Baseline,0,"{'colsample_bytree': 0.6, 'learning_rate': 0.01, 'max_depth': 9, 'min_child_samples': 100, 'n_estimators': 500, 'num_leaves': 31, 'subsample': 0.6}",5.37584732559815,0.763368541022595,0.262973546981812
LightGBM,Baseline,0,"{'colsample_bytree': 0.6, 'learning_rate': 0.01, 'max_depth': 9, 'min_child_samples': 100, 'n_estimators': 500, 'num_leaves': 31, 'subsample': 0.8}",5.37584069764545,0.763369124514297,0.269318103790283
LightGBM,Baseline,0,"{'colsample_bytree': 0.6, 'learning_rate': 0.01, 'max_depth': 9, 'min_child_samples': 100, 'n_estimators': 500, 'num_leaves': 62, 'subsample': 0.6}",5.37584069725223,0.763369124548914,0.265255451202393
LightGBM,Baseline,0,"{'colsample_bytree': 0.6, 'learning_rate': 0.01, 'max_depth': 9, 'min_child_samples': 100, 'n_estimators': 500, 'num_leaves': 62, 'subsample': 0.8}",5.37584069450204,0.763369124791027,0.26483416557312
LightGBM,Baseline,0,"{'colsample_bytree': 0.6, 'learning_rate': 0.01, 'max_depth': 9, 'min_child_samples': 100, 'n_estimators': 750, 'num_leaves': 15, 'subsample': 0.6}",5.07988213489001,0.788706615123084,0.351389646530151
LightGBM,Baseline,0,"{'colsample_bytree': 0.6, 'learning_rate': 0.01, 'max_depth': 9, 'min_child_samples': 100, 'n_estimators': 750, 'num_leaves': 15, 'subsample': 0.8}",5.07988897773036,0.78870604587843,0.342831134796143
LightGBM,Baseline,0,"{'colsample_bytree': 0.6, 'learning_rate': 0.01, 'max_depth': 9, 'min_child_samples': 100, 'n_estimators': 750, 'num_leaves': 31, 'subsample': 0.6}",5.07988897865108,0.788706045801837,0.34003734588623
LightGBM,Baseline,0,"{'colsample_bytree': 0.6, 'learning_rate': 0.01, 'max_depth': 9, 'min_child_samples': 100, 'n_estimators': 750, 'num_leaves': 31, 'subsample': 0.8}",5.07988897922391,0.788706045754184,0.340488195419312
LightGBM,Baseline,0,"{'colsample_bytree': 0.6, 'learning_rate': 0.01, 'max_depth': 9, 'min_child_samples': 100, 'n_estimators': 750, 'num_leaves': 62, 'subsample': 0.6}",5.07988376553454,0.788706479472513,0.352177143096924
LightGBM,Baseline,0,"{'colsample_bytree': 0.6, 'learning_rate': 0.01, 'max_depth': 9, 'min_child_samples': 100, 'n_estimators': 750, 'num_leaves': 62, 'subsample': 0.8}",5.07988219410729,0.788706610196899,0.356421947479248
LightGBM,Baseline,0,"{'colsample_bytree': 0.6, 'learning_rate': 0.01, 'max_depth': 9, 'min_child_samples': 100, 'n_estimators': 1000, 'num_leaves': 15, 'subsample': 0.6}",4.93559276131715,0.800539333373837,0.422250747680664
LightGBM,Baseline,0,"{'colsample_bytree': 0.6, 'learning_rate': 0.01, 'max_depth': 9, 'min_child_samples': 100, 'n_estimators': 1000, 'num_leaves': 15, 'subsample': 0.8}",4.93558637350027,0.800539849671453,0.430597543716431
LightGBM,Baseline,0,"{'colsample_bytree': 0.6, 'learning_rate': 0.01, 'max_depth': 9, 'min_child_samples': 100, 'n_estimators': 1000, 'num_leaves': 31, 'subsample': 0.6}",4.9355927619759,0.800539333320594,0.429294109344482
LightGBM,Baseline,0,"{'colsample_bytree': 0.6, 'learning_rate': 0.01, 'max_depth': 9, 'min_child_samples': 100, 'n_estimators': 1000, 'num_leaves': 31, 'subsample': 0.8}",4.93559165504143,0.800539422789021,0.423836946487427
LightGBM,Baseline,0,"{'colsample_bytree': 0.6, 'learning_rate': 0.01, 'max_depth': 9, 'min_child_samples': 100, 'n_estimators': 1000, 'num_leaves': 62, 'subsample': 0.6}",4.9355927610896,0.800539333392229,0.42532205581665
LightGBM,Baseline,0,"{'colsample_bytree': 0.6, 'learning_rate': 0.01, 'max_depth': 9, 'min_child_samples': 100, 'n_estimators': 1000, 'num_leaves': 62, 'subsample': 0.8}",4.93559276162112,0.800539333349268,0.43186616897583
LightGBM,Baseline,0,"{'colsample_bytree': 0.6, 'learning_rate': 0.05, 'max_depth': 3, 'min_child_samples': 50, 'n_estimators': 500, 'num_leaves': 15, 'subsample': 0.6}",3.49795964817397,0.899813727328039,0.147948026657105
LightGBM,Baseline,0,"{'colsample_bytree': 0.6, 'learning_rate': 0.05, 'max_depth': 3, 'min_child_samples': 50, 'n_estimators': 500, 'num_leaves': 15, 'subsample': 0.8}",3.4979596501183,0.899813727216662,0.159759998321533
LightGBM,Baseline,0,"{'colsample_bytree': 0.6, 'learning_rate': 0.05, 'max_depth': 3, 'min_child_samples': 50, 'n_estimators': 500, 'num_leaves': 31, 'subsample': 0.6}",3.49795965089307,0.899813727172281,0.156800508499146
LightGBM,Baseline,0,"{'colsample_bytree': 0.6, 'learning_rate': 0.05, 'max_depth': 3, 'min_child_samples': 50, 'n_estimators': 500, 'num_leaves': 31, 'subsample': 0.8}",3.4979596514842,0.89981372713842,0.148110628128052
LightGBM,Baseline,0,"{'colsample_bytree': 0.6, 'learning_rate': 0.05, 'max_depth': 3, 'min_child_samples': 50, 'n_estimators': 500, 'num_leaves': 62, 'subsample': 0.6}",3.4979596499176,0.899813727228159,0.154987812042236
LightGBM,Baseline,0,"{'colsample_bytree': 0.6, 'learning_rate': 0.05, 'max_depth': 3, 'min_child_samples': 50, 'n_estimators': 500, 'num_leaves': 62, 'subsample': 0.8}",3.49795965138688,0.899813727143994,0.154487371444702
LightGBM,Baseline,0,"{'colsample_bytree': 0.6, 'learning_rate': 0.05, 'max_depth': 3, 'min_child_samples': 50, 'n_estimators': 750, 'num_leaves': 15, 'subsample': 0.6}",3.49795965010232,0.899813727217577,0.156397819519043
LightGBM,Baseline,0,"{'colsample_bytree': 0.6, 'learning_rate': 0.05, 'max_depth': 3, 'min_child_samples': 50, 'n_estimators': 750, 'num_leaves': 15, 'subsample': 0.8}",3.49795965246871,0.899813727082024,0.152048826217651
LightGBM,Baseline,0,"{'colsample_bytree': 0.6, 'learning_rate': 0.05, 'max_depth': 3, 'min_child_samples': 50, 'n_estimators': 750, 'num_leaves': 31, 'subsample': 0.6}",3.49795965142177,0.899813727141996,0.154584407806396
LightGBM,Baseline,0,"{'colsample_bytree': 0.6, 'learning_rate': 0.05, 'max_depth': 3, 'min_child_samples': 50, 'n_estimators': 750, 'num_leaves': 31, 'subsample': 0.8}",3.49795965094556,0.899813727169274,0.151228904724121
LightGBM,Baseline,0,"{'colsample_bytree': 0.6, 'learning_rate': 0.05, 'max_depth': 3, 'min_child_samples': 50, 'n_estimators': 750, 'num_leaves': 62, 'subsample': 0.6}",3.49795965253466,0.899813727078247,0.160718202590942
LightGBM,Baseline,0,"{'colsample_bytree': 0.6, 'learning_rate': 0.05, 'max_depth': 3, 'min_child_samples': 50, 'n_estimators': 750, 'num_leaves': 62, 'subsample': 0.8}",3.49795965113853,0.89981372715822,0.15688157081604
LightGBM,Baseline,0,"{'colsample_bytree': 0.6, 'learning_rate': 0.05, 'max_depth': 3, 'min_child_samples': 50, 'n_estimators': 1000, 'num_leaves': 15, 'subsample': 0.6}",3.49795965087126,0.899813727173531,0.148239135742188
LightGBM,Baseline,0,"{'colsample_bytree': 0.6, 'learning_rate': 0.05, 'max_depth': 3, 'min_child_samples': 50, 'n_estimators': 1000, 'num_leaves': 15, 'subsample': 0.8}",3.4979596507861,0.899813727178409,0.15290904045105
LightGBM,Baseline,0,"{'colsample_bytree': 0.6, 'learning_rate': 0.05, 'max_depth': 3, 'min_child_samples': 50, 'n_estimators': 1000, 'num_leaves': 31, 'subsample': 0.6}",3.49795965153273,0.89981372713564,0.151761293411255
LightGBM,Baseline,0,"{'colsample_bytree': 0.6, 'learning_rate': 0.05, 'max_depth': 3, 'min_child_samples': 50, 'n_estimators': 1000, 'num_leaves': 31, 'subsample': 0.8}",3.49795965057025,0.899813727190773,0.148029565811157
LightGBM,Baseline,0,"{'colsample_bytree': 0.6, 'learning_rate': 0.05, 'max_depth': 3, 'min_child_samples': 50, 'n_estimators': 1000, 'num_leaves': 62, 'subsample': 0.6}",3.49795965296004,0.89981372705388,0.145797967910767
LightGBM,Baseline,0,"{'colsample_bytree': 0.6, 'learning_rate': 0.05, 'max_depth': 3, 'min_child_samples': 50, 'n_estimators': 1000, 'num_leaves': 62, 'subsample': 0.8}",3.49795965111825,0.899813727159382,0.153319835662842
LightGBM,Baseline,0,"{'colsample_bytree': 0.6, 'learning_rate': 0.05, 'max_depth': 3, 'min_child_samples': 100, 'n_estimators': 500, 'num_leaves': 15, 'subsample': 0.6}",4.66215123634907,0.822028138038683,0.225486755371094
LightGBM,Baseline,0,"{'colsample_bytree': 0.6, 'learning_rate': 0.05, 'max_depth': 3, 'min_child_samples': 100, 'n_estimators': 500, 'num_leaves': 15, 'subsample': 0.8}",4.662151234468,0.822028138182298,0.22334098815918
LightGBM,Baseline,0,"{'colsample_bytree': 0.6, 'learning_rate': 0.05, 'max_depth': 3, 'min_child_samples': 100, 'n_estimators': 500, 'num_leaves': 31, 'subsample': 0.6}",4.66215123901463,0.822028137835175,0.218316793441772
LightGBM,Baseline,0,"{'colsample_bytree': 0.6, 'learning_rate': 0.05, 'max_depth': 3, 'min_child_samples': 100, 'n_estimators': 500, 'num_leaves': 31, 'subsample': 0.8}",4.66215123790773,0.822028137919684,0.217276096343994
LightGBM,Baseline,0,"{'colsample_bytree': 0.6, 'learning_rate': 0.05, 'max_depth': 3, 'min_child_samples': 100, 'n_estimators': 500, 'num_leaves': 62, 'subsample': 0.6}",4.66215123685416,0.822028138000121,0.220422506332397
LightGBM,Baseline,0,"{'colsample_bytree': 0.6, 'learning_rate': 0.05, 'max_depth': 3, 'min_child_samples': 100, 'n_estimators': 500, 'num_leaves': 62, 'subsample': 0.8}",4.66215123775148,0.822028137931613,0.227669477462769
LightGBM,Baseline,0,"{'colsample_bytree': 0.6, 'learning_rate': 0.05, 'max_depth': 3, 'min_child_samples': 100, 'n_estimators': 750, 'num_leaves': 15, 'subsample': 0.6}",4.53118764975431,0.831886447765755,0.289207220077515
LightGBM,Baseline,0,"{'colsample_bytree': 0.6, 'learning_rate': 0.05, 'max_depth': 3, 'min_child_samples': 100, 'n_estimators': 750, 'num_leaves': 15, 'subsample': 0.8}",4.53118765026457,0.831886447727892,0.409554481506348
LightGBM,Baseline,0,"{'colsample_bytree': 0.6, 'learning_rate': 0.05, 'max_depth': 3, 'min_child_samples': 100, 'n_estimators': 750, 'num_leaves': 31, 'subsample': 0.6}",4.53118765012213,0.831886447738462,0.293813943862915
LightGBM,Baseline,0,"{'colsample_bytree': 0.6, 'learning_rate': 0.05, 'max_depth': 3, 'min_child_samples': 100, 'n_estimators': 750, 'num_leaves': 31, 'subsample': 0.8}",4.53118765002189,0.831886447745899,0.28460431098938
LightGBM,Baseline,0,"{'colsample_bytree': 0.6, 'learning_rate': 0.05, 'max_depth': 3, 'min_child_samples': 100, 'n_estimators': 750, 'num_leaves': 62, 'subsample': 0.6}",4.53118764915904,0.831886447809925,0.285142421722412
LightGBM,Baseline,0,"{'colsample_bytree': 0.6, 'learning_rate': 0.05, 'max_depth': 3, 'min_child_samples': 100, 'n_estimators': 750, 'num_leaves': 62, 'subsample': 0.8}",4.53118764968706,0.831886447770744,0.280280351638794
LightGBM,Baseline,0,"{'colsample_bytree': 0.6, 'learning_rate': 0.05, 'max_depth': 3, 'min_child_samples': 100, 'n_estimators': 1000, 'num_leaves': 15, 'subsample': 0.6}",4.47006951474924,0.836391002745587,0.354576349258423
LightGBM,Baseline,0,"{'colsample_bytree': 0.6, 'learning_rate': 0.05, 'max_depth': 3, 'min_child_samples': 100, 'n_estimators': 1000, 'num_leaves': 15, 'subsample': 0.8}",4.47006951327991,0.836391002853146,0.354757308959961
LightGBM,Baseline,0,"{'colsample_bytree': 0.6, 'learning_rate': 0.05, 'max_depth': 3, 'min_child_samples': 100, 'n_estimators': 1000, 'num_leaves': 31, 'subsample': 0.6}",4.47006951502543,0.83639100272537,0.346223592758179
LightGBM,Baseline,0,"{'colsample_bytree': 0.6, 'learning_rate': 0.05, 'max_depth': 3, 'min_child_samples': 100, 'n_estimators': 1000, 'num_leaves': 31, 'subsample': 0.8}",4.47006951353419,0.836391002834532,0.362623453140259
LightGBM,Baseline,0,"{'colsample_bytree': 0.6, 'learning_rate': 0.05, 'max_depth': 3, 'min_child_samples': 100, 'n_estimators': 1000, 'num_leaves': 62, 'subsample': 0.6}",4.47006951214086,0.836391002936526,0.355422019958496
LightGBM,Baseline,0,"{'colsample_bytree': 0.6, 'learning_rate': 0.05, 'max_depth': 3, 'min_child_samples': 100, 'n_estimators': 1000, 'num_leaves': 62, 'subsample': 0.8}",4.47006951303287,0.836391002871229,0.361983776092529
LightGBM,Baseline,0,"{'colsample_bytree': 0.6, 'learning_rate': 0.05, 'max_depth': 5, 'min_child_samples': 50, 'n_estimators': 500, 'num_leaves': 15, 'subsample': 0.6}",3.45736188200495,0.902125781354355,0.211056232452393
LightGBM,Baseline,0,"{'colsample_bytree': 0.6, 'learning_rate': 0.05, 'max_depth': 5, 'min_child_samples': 50, 'n_estimators': 500, 'num_leaves': 15, 'subsample': 0.8}",3.45736917831788,0.902125368252282,0.215314626693726
LightGBM,Baseline,0,"{'colsample_bytree': 0.6, 'learning_rate': 0.05, 'max_depth': 5, 'min_child_samples': 50, 'n_estimators': 500, 'num_leaves': 31, 'subsample': 0.6}",3.45738639196077,0.902124393648145,0.208073139190674
LightGBM,Baseline,0,"{'colsample_bytree': 0.6, 'learning_rate': 0.05, 'max_depth': 5, 'min_child_samples': 50, 'n_estimators': 500, 'num_leaves': 31, 'subsample': 0.8}",3.45740728326512,0.902123210815202,0.213323354721069
LightGBM,Baseline,0,"{'colsample_bytree': 0.6, 'learning_rate': 0.05, 'max_depth': 5, 'min_child_samples': 50, 'n_estimators': 500, 'num_leaves': 62, 'subsample': 0.6}",3.45740727624645,0.90212321121259,0.207357406616211
LightGBM,Baseline,0,"{'colsample_bytree': 0.6, 'learning_rate': 0.05, 'max_depth': 5, 'min_child_samples': 50, 'n_estimators': 500, 'num_leaves': 62, 'subsample': 0.8}",3.45742780066353,0.902122049145273,0.209529876708984
LightGBM,Baseline,0,"{'colsample_bytree': 0.6, 'learning_rate': 0.05, 'max_depth': 5, 'min_child_samples': 50, 'n_estimators': 750, 'num_leaves': 15, 'subsample': 0.6}",3.45740664486835,0.902123246960334,0.201059103012085
LightGBM,Baseline,0,"{'colsample_bytree': 0.6, 'learning_rate': 0.05, 'max_depth': 5, 'min_child_samples': 50, 'n_estimators': 750, 'num_leaves': 15, 'subsample': 0.8}",3.45740664355587,0.902123247034645,0.210561990737915
LightGBM,Baseline,0,"{'colsample_bytree': 0.6, 'learning_rate': 0.05, 'max_depth': 5, 'min_child_samples': 50, 'n_estimators': 750, 'num_leaves': 31, 'subsample': 0.6}",3.45740511955063,0.902123333321661,0.208230972290039
LightGBM,Baseline,0,"{'colsample_bytree': 0.6, 'learning_rate': 0.05, 'max_depth': 5, 'min_child_samples': 50, 'n_estimators': 750, 'num_leaves': 31, 'subsample': 0.8}",3.45742780316155,0.902122049003838,0.203794240951538
LightGBM,Baseline,0,"{'colsample_bytree': 0.6, 'learning_rate': 0.05, 'max_depth': 5, 'min_child_samples': 50, 'n_estimators': 750, 'num_leaves': 62, 'subsample': 0.6}",3.45743510054762,0.902121635833128,0.207473039627075
LightGBM,Baseline,0,"{'colsample_bytree': 0.6, 'learning_rate': 0.05, 'max_depth': 5, 'min_child_samples': 50, 'n_estimators': 750, 'num_leaves': 62, 'subsample': 0.8}",3.4574072802768,0.902123210984397,0.207846164703369
LightGBM,Baseline,0,"{'colsample_bytree': 0.6, 'learning_rate': 0.05, 'max_depth': 5, 'min_child_samples': 50, 'n_estimators': 1000, 'num_leaves': 15, 'subsample': 0.6}",3.45742780163436,0.902122049090306,0.203684091567993
LightGBM,Baseline,0,"{'colsample_bytree': 0.6, 'learning_rate': 0.05, 'max_depth': 5, 'min_child_samples': 50, 'n_estimators': 1000, 'num_leaves': 15, 'subsample': 0.8}",3.4574278036159,0.902122048978113,0.210069417953491
LightGBM,Baseline,0,"{'colsample_bytree': 0.6, 'learning_rate': 0.05, 'max_depth': 5, 'min_child_samples': 50, 'n_estimators': 1000, 'num_leaves': 31, 'subsample': 0.6}",3.45742780087378,0.902122049133369,0.206676244735718
LightGBM,Baseline,0,"{'colsample_bytree': 0.6, 'learning_rate': 0.05, 'max_depth': 5, 'min_child_samples': 50, 'n_estimators': 1000, 'num_leaves': 31, 'subsample': 0.8}",3.45740728250365,0.902123210858316,0.211546659469605
LightGBM,Baseline,0,"{'colsample_bytree': 0.6, 'learning_rate': 0.05, 'max_depth': 5, 'min_child_samples': 50, 'n_estimators': 1000, 'num_leaves': 62, 'subsample': 0.6}",3.45742779848572,0.902122049268578,0.215295553207397
LightGBM,Baseline,0,"{'colsample_bytree': 0.6, 'learning_rate': 0.05, 'max_depth': 5, 'min_child_samples': 50, 'n_estimators': 1000, 'num_leaves': 62, 'subsample': 0.8}",3.4574066456353,0.90212324691691,0.205935001373291
LightGBM,Baseline,0,"{'colsample_bytree': 0.6, 'learning_rate': 0.05, 'max_depth': 5, 'min_child_samples': 100, 'n_estimators': 500, 'num_leaves': 15, 'subsample': 0.6}",4.62027672642401,0.825210795898272,0.263419151306152
LightGBM,Baseline,0,"{'colsample_bytree': 0.6, 'learning_rate': 0.05, 'max_depth': 5, 'min_child_samples': 100, 'n_estimators': 500, 'num_leaves': 15, 'subsample': 0.8}",4.62025662544372,0.825212316771117,0.264615774154663
LightGBM,Baseline,0,"{'colsample_bytree': 0.6, 'learning_rate': 0.05, 'max_depth': 5, 'min_child_samples': 100, 'n_estimators': 500, 'num_leaves': 31, 'subsample': 0.6}",4.62027672981889,0.82521079564141,0.266053199768066
LightGBM,Baseline,0,"{'colsample_bytree': 0.6, 'learning_rate': 0.05, 'max_depth': 5, 'min_child_samples': 100, 'n_estimators': 500, 'num_leaves': 31, 'subsample': 0.8}",4.62027672807842,0.825210795773096,0.265712976455689
LightGBM,Baseline,0,"{'colsample_bytree': 0.6, 'learning_rate': 0.05, 'max_depth': 5, 'min_child_samples': 100, 'n_estimators': 500, 'num_leaves': 62, 'subsample': 0.6}",4.62025662575561,0.825212316747519,0.270333766937256
LightGBM,Baseline,0,"{'colsample_bytree': 0.6, 'learning_rate': 0.05, 'max_depth': 5, 'min_child_samples': 100, 'n_estimators': 500, 'num_leaves': 62, 'subsample': 0.8}",4.62027672859196,0.825210795734241,0.260124444961548
LightGBM,Baseline,0,"{'colsample_bytree': 0.6, 'learning_rate': 0.05, 'max_depth': 5, 'min_child_samples': 100, 'n_estimators': 750, 'num_leaves': 15, 'subsample': 0.6}",4.49987931358767,0.834201590010982,0.342983484268189
LightGBM,Baseline,0,"{'colsample_bytree': 0.6, 'learning_rate': 0.05, 'max_depth': 5, 'min_child_samples': 100, 'n_estimators': 750, 'num_leaves': 15, 'subsample': 0.8}",4.49987931307126,0.834201590049036,0.342106580734253
LightGBM,Baseline,0,"{'colsample_bytree': 0.6, 'learning_rate': 0.05, 'max_depth': 5, 'min_child_samples': 100, 'n_estimators': 750, 'num_leaves': 31, 'subsample': 0.6}",4.49987931248802,0.834201590092015,0.340857267379761
LightGBM,Baseline,0,"{'colsample_bytree': 0.6, 'learning_rate': 0.05, 'max_depth': 5, 'min_child_samples': 100, 'n_estimators': 750, 'num_leaves': 31, 'subsample': 0.8}",4.49987931714734,0.834201589748669,0.339945554733276
LightGBM,Baseline,0,"{'colsample_bytree': 0.6, 'learning_rate': 0.05, 'max_depth': 5, 'min_child_samples': 100, 'n_estimators': 750, 'num_leaves': 62, 'subsample': 0.6}",4.49987931568541,0.834201589856399,0.33395528793335
LightGBM,Baseline,0,"{'colsample_bytree': 0.6, 'learning_rate': 0.05, 'max_depth': 5, 'min_child_samples': 100, 'n_estimators': 750, 'num_leaves': 62, 'subsample': 0.8}",4.49987931963253,0.834201589565535,0.333829641342163
LightGBM,Baseline,0,"{'colsample_bytree': 0.6, 'learning_rate': 0.05, 'max_depth': 5, 'min_child_samples': 100, 'n_estimators': 1000, 'num_leaves': 15, 'subsample': 0.6}",4.45539625159142,0.837463351925583,0.434382438659668
LightGBM,Baseline,0,"{'colsample_bytree': 0.6, 'learning_rate': 0.05, 'max_depth': 5, 'min_child_samples': 100, 'n_estimators': 1000, 'num_leaves': 15, 'subsample': 0.8}",4.45540695221713,0.837462571188776,0.423343420028687
LightGBM,Baseline,0,"{'colsample_bytree': 0.6, 'learning_rate': 0.05, 'max_depth': 5, 'min_child_samples': 100, 'n_estimators': 1000, 'num_leaves': 31, 'subsample': 0.6}",4.45539607214497,0.837463365018302,0.419408559799194
LightGBM,Baseline,0,"{'colsample_bytree': 0.6, 'learning_rate': 0.05, 'max_depth': 5, 'min_child_samples': 100, 'n_estimators': 1000, 'num_leaves': 31, 'subsample': 0.8}",4.45540695121745,0.837462571261714,0.416007280349731
LightGBM,Baseline,0,"{'colsample_bytree': 0.6, 'learning_rate': 0.05, 'max_depth': 5, 'min_child_samples': 100, 'n_estimators': 1000, 'num_leaves': 62, 'subsample': 0.6}",4.45539720390713,0.837463282443001,0.415110349655151
LightGBM,Baseline,0,"{'colsample_bytree': 0.6, 'learning_rate': 0.05, 'max_depth': 5, 'min_child_samples': 100, 'n_estimators': 1000, 'num_leaves': 62, 'subsample': 0.8}",4.45539607233637,0.837463365004337,0.421751260757446
LightGBM,Baseline,0,"{'colsample_bytree': 0.6, 'learning_rate': 0.05, 'max_depth': 9, 'min_child_samples': 50, 'n_estimators': 500, 'num_leaves': 15, 'subsample': 0.6}",3.4753557156504,0.901104357867915,0.287256002426147
LightGBM,Baseline,0,"{'colsample_bytree': 0.6, 'learning_rate': 0.05, 'max_depth': 9, 'min_child_samples': 50, 'n_estimators': 500, 'num_leaves': 15, 'subsample': 0.8}",3.47585229239448,0.901076094410309,0.284624099731445
LightGBM,Baseline,0,"{'colsample_bytree': 0.6, 'learning_rate': 0.05, 'max_depth': 9, 'min_child_samples': 50, 'n_estimators': 500, 'num_leaves': 31, 'subsample': 0.6}",3.47466934424975,0.901143417142998,0.289965629577637
LightGBM,Baseline,0,"{'colsample_bytree': 0.6, 'learning_rate': 0.05, 'max_depth': 9, 'min_child_samples': 50, 'n_estimators': 500, 'num_leaves': 31, 'subsample': 0.8}",3.47584363184261,0.901076587374035,0.282830238342285
LightGBM,Baseline,0,"{'colsample_bytree': 0.6, 'learning_rate': 0.05, 'max_depth': 9, 'min_child_samples': 50, 'n_estimators': 500, 'num_leaves': 62, 'subsample': 0.6}",3.47546569785601,0.901098098403364,0.295743942260742
LightGBM,Baseline,0,"{'colsample_bytree': 0.6, 'learning_rate': 0.05, 'max_depth': 9, 'min_child_samples': 50, 'n_estimators': 500, 'num_leaves': 62, 'subsample': 0.8}",3.47505374110572,0.901121543256406,0.288242340087891
LightGBM,Baseline,0,"{'colsample_bytree': 0.6, 'learning_rate': 0.05, 'max_depth': 9, 'min_child_samples': 50, 'n_estimators': 750, 'num_leaves': 15, 'subsample': 0.6}",3.47580825052125,0.901078601286978,0.288015127182007
LightGBM,Baseline,0,"{'colsample_bytree': 0.6, 'learning_rate': 0.05, 'max_depth': 9, 'min_child_samples': 50, 'n_estimators': 750, 'num_leaves': 15, 'subsample': 0.8}",3.47536715830416,0.901103706636474,0.286959171295166
LightGBM,Baseline,0,"{'colsample_bytree': 0.6, 'learning_rate': 0.05, 'max_depth': 9, 'min_child_samples': 50, 'n_estimators': 750, 'num_leaves': 31, 'subsample': 0.6}",3.47535544594962,0.901104373217268,0.287203073501587
LightGBM,Baseline,0,"{'colsample_bytree': 0.6, 'learning_rate': 0.05, 'max_depth': 9, 'min_child_samples': 50, 'n_estimators': 750, 'num_leaves': 31, 'subsample': 0.8}",3.4745254467304,0.901151604927836,0.288014888763428
LightGBM,Baseline,0,"{'colsample_bytree': 0.6, 'learning_rate': 0.05, 'max_depth': 9, 'min_child_samples': 50, 'n_estimators': 750, 'num_leaves': 62, 'subsample': 0.6}",3.47538710080063,0.901102571651565,0.295201778411865
LightGBM,Baseline,0,"{'colsample_bytree': 0.6, 'learning_rate': 0.05, 'max_depth': 9, 'min_child_samples': 50, 'n_estimators': 750, 'num_leaves': 62, 'subsample': 0.8}",3.4753647964425,0.901103841056393,0.289130210876465
LightGBM,Baseline,0,"{'colsample_bytree': 0.6, 'learning_rate': 0.05, 'max_depth': 9, 'min_child_samples': 50, 'n_estimators': 1000, 'num_leaves': 15, 'subsample': 0.6}",3.47535571644958,0.901104357822432,0.300594091415405
LightGBM,Baseline,0,"{'colsample_bytree': 0.6, 'learning_rate': 0.05, 'max_depth': 9, 'min_child_samples': 50, 'n_estimators': 1000, 'num_leaves': 15, 'subsample': 0.8}",3.47520976977323,0.901112663842531,0.293971538543701
LightGBM,Baseline,0,"{'colsample_bytree': 0.6, 'learning_rate': 0.05, 'max_depth': 9, 'min_child_samples': 50, 'n_estimators': 1000, 'num_leaves': 31, 'subsample': 0.6}",3.47535863017957,0.901104191994618,0.285825490951538
LightGBM,Baseline,0,"{'colsample_bytree': 0.6, 'learning_rate': 0.05, 'max_depth': 9, 'min_child_samples': 50, 'n_estimators': 1000, 'num_leaves': 31, 'subsample': 0.8}",3.47522217057111,0.901111958110136,0.281460046768189
LightGBM,Baseline,0,"{'colsample_bytree': 0.6, 'learning_rate': 0.05, 'max_depth': 9, 'min_child_samples': 50, 'n_estimators': 1000, 'num_leaves': 62, 'subsample': 0.6}",3.47539009885894,0.901102401022869,0.288830518722534
LightGBM,Baseline,0,"{'colsample_bytree': 0.6, 'learning_rate': 0.05, 'max_depth': 9, 'min_child_samples': 50, 'n_estimators': 1000, 'num_leaves': 62, 'subsample': 0.8}",3.47536225309778,0.901103985804899,0.283146619796753
LightGBM,Baseline,0,"{'colsample_bytree': 0.6, 'learning_rate': 0.05, 'max_depth': 9, 'min_child_samples': 100, 'n_estimators': 500, 'num_leaves': 15, 'subsample': 0.6}",4.63164128771495,0.824349875337725,0.26112699508667
LightGBM,Baseline,0,"{'colsample_bytree': 0.6, 'learning_rate': 0.05, 'max_depth': 9, 'min_child_samples': 100, 'n_estimators': 500, 'num_leaves': 15, 'subsample': 0.8}",4.63164128709881,0.824349875384458,0.253920078277588
LightGBM,Baseline,0,"{'colsample_bytree': 0.6, 'learning_rate': 0.05, 'max_depth': 9, 'min_child_samples': 100, 'n_estimators': 500, 'num_leaves': 31, 'subsample': 0.6}",4.63164128584087,0.82434987547987,0.267284393310547
LightGBM,Baseline,0,"{'colsample_bytree': 0.6, 'learning_rate': 0.05, 'max_depth': 9, 'min_child_samples': 100, 'n_estimators': 500, 'num_leaves': 31, 'subsample': 0.8}",4.63164128598728,0.824349875468766,0.261400461196899
LightGBM,Baseline,0,"{'colsample_bytree': 0.6, 'learning_rate': 0.05, 'max_depth': 9, 'min_child_samples': 100, 'n_estimators': 500, 'num_leaves': 62, 'subsample': 0.6}",4.63164128644755,0.824349875433855,0.269867420196533
LightGBM,Baseline,0,"{'colsample_bytree': 0.6, 'learning_rate': 0.05, 'max_depth': 9, 'min_child_samples': 100, 'n_estimators': 500, 'num_leaves': 62, 'subsample': 0.8}",4.63164128674198,0.824349875411523,0.26406192779541
LightGBM,Baseline,0,"{'colsample_bytree': 0.6, 'learning_rate': 0.05, 'max_depth': 9, 'min_child_samples': 100, 'n_estimators': 750, 'num_leaves': 15, 'subsample': 0.6}",4.51081032652935,0.833395103572724,0.334837675094605
LightGBM,Baseline,0,"{'colsample_bytree': 0.6, 'learning_rate': 0.05, 'max_depth': 9, 'min_child_samples': 100, 'n_estimators': 750, 'num_leaves': 15, 'subsample': 0.8}",4.51081032256018,0.833395103865923,0.340183019638062
LightGBM,Baseline,0,"{'colsample_bytree': 0.6, 'learning_rate': 0.05, 'max_depth': 9, 'min_child_samples': 100, 'n_estimators': 750, 'num_leaves': 31, 'subsample': 0.6}",4.51081032360698,0.833395103788597,0.342503070831299
LightGBM,Baseline,0,"{'colsample_bytree': 0.6, 'learning_rate': 0.05, 'max_depth': 9, 'min_child_samples': 100, 'n_estimators': 750, 'num_leaves': 31, 'subsample': 0.8}",4.51081032752152,0.833395103499433,0.341751575469971
LightGBM,Baseline,0,"{'colsample_bytree': 0.6, 'learning_rate': 0.05, 'max_depth': 9, 'min_child_samples': 100, 'n_estimators': 750, 'num_leaves': 62, 'subsample': 0.6}",4.51081032609928,0.833395103604493,0.339654445648193
LightGBM,Baseline,0,"{'colsample_bytree': 0.6, 'learning_rate': 0.05, 'max_depth': 9, 'min_child_samples': 100, 'n_estimators': 750, 'num_leaves': 62, 'subsample': 0.8}",4.51081032483423,0.833395103697941,0.347468614578247
LightGBM,Baseline,0,"{'colsample_bytree': 0.6, 'learning_rate': 0.05, 'max_depth': 9, 'min_child_samples': 100, 'n_estimators': 1000, 'num_leaves': 15, 'subsample': 0.6}",4.45546069740762,0.837458649815103,0.427491426467896
LightGBM,Baseline,0,"{'colsample_bytree': 0.6, 'learning_rate': 0.05, 'max_depth': 9, 'min_child_samples': 100, 'n_estimators': 1000, 'num_leaves': 15, 'subsample': 0.8}",4.45547982925424,0.837457253899812,0.422854661941528
LightGBM,Baseline,0,"{'colsample_bytree': 0.6, 'learning_rate': 0.05, 'max_depth': 9, 'min_child_samples': 100, 'n_estimators': 1000, 'num_leaves': 31, 'subsample': 0.6}",4.45543598904884,0.837460452600105,0.422024011611939
LightGBM,Baseline,0,"{'colsample_bytree': 0.6, 'learning_rate': 0.05, 'max_depth': 9, 'min_child_samples': 100, 'n_estimators': 1000, 'num_leaves': 31, 'subsample': 0.8}",4.45544647348445,0.837459687630109,0.424533605575562
LightGBM,Baseline,0,"{'colsample_bytree': 0.6, 'learning_rate': 0.05, 'max_depth': 9, 'min_child_samples': 100, 'n_estimators': 1000, 'num_leaves': 62, 'subsample': 0.6}",4.4554683730894,0.837458089775709,0.455503463745117
LightGBM,Baseline,0,"{'colsample_bytree': 0.6, 'learning_rate': 0.05, 'max_depth': 9, 'min_child_samples': 100, 'n_estimators': 1000, 'num_leaves': 62, 'subsample': 0.8}",4.45547118368267,0.837457884706654,0.428993225097656
LightGBM,Baseline,0,"{'colsample_bytree': 0.8, 'learning_rate': 0.01, 'max_depth': 3, 'min_child_samples': 50, 'n_estimators': 500, 'num_leaves': 15, 'subsample': 0.6}",3.56821462630713,0.895748918957527,0.222829103469849
LightGBM,Baseline,0,"{'colsample_bytree': 0.8, 'learning_rate': 0.01, 'max_depth': 3, 'min_child_samples': 50, 'n_estimators': 500, 'num_leaves': 15, 'subsample': 0.8}",3.56821462900139,0.895748918800092,0.209341764450073
LightGBM,Baseline,0,"{'colsample_bytree': 0.8, 'learning_rate': 0.01, 'max_depth': 3, 'min_child_samples': 50, 'n_estimators': 500, 'num_leaves': 31, 'subsample': 0.6}",3.56821462918108,0.895748918789592,0.212597370147705
LightGBM,Baseline,0,"{'colsample_bytree': 0.8, 'learning_rate': 0.01, 'max_depth': 3, 'min_child_samples': 50, 'n_estimators': 500, 'num_leaves': 31, 'subsample': 0.8}",3.56821462730626,0.895748918899144,0.213662147521973
LightGBM,Baseline,0,"{'colsample_bytree': 0.8, 'learning_rate': 0.01, 'max_depth': 3, 'min_child_samples': 50, 'n_estimators': 500, 'num_leaves': 62, 'subsample': 0.6}",3.56821462793617,0.895748918862336,0.219464778900146
LightGBM,Baseline,0,"{'colsample_bytree': 0.8, 'learning_rate': 0.01, 'max_depth': 3, 'min_child_samples': 50, 'n_estimators': 500, 'num_leaves': 62, 'subsample': 0.8}",3.56821462913649,0.895748918792198,0.221661567687988
LightGBM,Baseline,0,"{'colsample_bytree': 0.8, 'learning_rate': 0.01, 'max_depth': 3, 'min_child_samples': 50, 'n_estimators': 750, 'num_leaves': 15, 'subsample': 0.6}",3.52816467830748,0.898076031603336,0.272082090377808
LightGBM,Baseline,0,"{'colsample_bytree': 0.8, 'learning_rate': 0.01, 'max_depth': 3, 'min_child_samples': 50, 'n_estimators': 750, 'num_leaves': 15, 'subsample': 0.8}",3.5281646798271,0.898076031515537,0.264821767807007
LightGBM,Baseline,0,"{'colsample_bytree': 0.8, 'learning_rate': 0.01, 'max_depth': 3, 'min_child_samples': 50, 'n_estimators': 750, 'num_leaves': 31, 'subsample': 0.6}",3.52816468029785,0.898076031488338,0.268957376480103
LightGBM,Baseline,0,"{'colsample_bytree': 0.8, 'learning_rate': 0.01, 'max_depth': 3, 'min_child_samples': 50, 'n_estimators': 750, 'num_leaves': 31, 'subsample': 0.8}",3.52816467700346,0.898076031678679,0.274251461029053
LightGBM,Baseline,0,"{'colsample_bytree': 0.8, 'learning_rate': 0.01, 'max_depth': 3, 'min_child_samples': 50, 'n_estimators': 750, 'num_leaves': 62, 'subsample': 0.6}",3.52816467901357,0.898076031562541,0.272310972213745
LightGBM,Baseline,0,"{'colsample_bytree': 0.8, 'learning_rate': 0.01, 'max_depth': 3, 'min_child_samples': 50, 'n_estimators': 750, 'num_leaves': 62, 'subsample': 0.8}",3.52816467941086,0.898076031539586,0.272563695907593
LightGBM,Baseline,0,"{'colsample_bytree': 0.8, 'learning_rate': 0.01, 'max_depth': 3, 'min_child_samples': 50, 'n_estimators': 1000, 'num_leaves': 15, 'subsample': 0.6}",3.51068475630829,0.899083473005447,0.328706741333008
LightGBM,Baseline,0,"{'colsample_bytree': 0.8, 'learning_rate': 0.01, 'max_depth': 3, 'min_child_samples': 50, 'n_estimators': 1000, 'num_leaves': 15, 'subsample': 0.8}",3.51068475580522,0.899083473034369,0.328888177871704
LightGBM,Baseline,0,"{'colsample_bytree': 0.8, 'learning_rate': 0.01, 'max_depth': 3, 'min_child_samples': 50, 'n_estimators': 1000, 'num_leaves': 31, 'subsample': 0.6}",3.51068475454538,0.899083473106799,0.329864978790283
LightGBM,Baseline,0,"{'colsample_bytree': 0.8, 'learning_rate': 0.01, 'max_depth': 3, 'min_child_samples': 50, 'n_estimators': 1000, 'num_leaves': 31, 'subsample': 0.8}",3.51068475547608,0.899083473053292,0.331106424331665
LightGBM,Baseline,0,"{'colsample_bytree': 0.8, 'learning_rate': 0.01, 'max_depth': 3, 'min_child_samples': 50, 'n_estimators': 1000, 'num_leaves': 62, 'subsample': 0.6}",3.51068475699188,0.899083472966147,0.332893133163452
LightGBM,Baseline,0,"{'colsample_bytree': 0.8, 'learning_rate': 0.01, 'max_depth': 3, 'min_child_samples': 50, 'n_estimators': 1000, 'num_leaves': 62, 'subsample': 0.8}",3.51068475499741,0.899083473080811,0.322755098342896
LightGBM,Baseline,0,"{'colsample_bytree': 0.8, 'learning_rate': 0.01, 'max_depth': 3, 'min_child_samples': 100, 'n_estimators': 500, 'num_leaves': 15, 'subsample': 0.6}",5.34072710295059,0.766450251777475,0.216581583023071
LightGBM,Baseline,0,"{'colsample_bytree': 0.8, 'learning_rate': 0.01, 'max_depth': 3, 'min_child_samples': 100, 'n_estimators': 500, 'num_leaves': 15, 'subsample': 0.8}",5.34072710314191,0.766450251760742,0.219283103942871
LightGBM,Baseline,0,"{'colsample_bytree': 0.8, 'learning_rate': 0.01, 'max_depth': 3, 'min_child_samples': 100, 'n_estimators': 500, 'num_leaves': 31, 'subsample': 0.6}",5.34072710320272,0.766450251755424,0.215157508850098
LightGBM,Baseline,0,"{'colsample_bytree': 0.8, 'learning_rate': 0.01, 'max_depth': 3, 'min_child_samples': 100, 'n_estimators': 500, 'num_leaves': 31, 'subsample': 0.8}",5.34072710389616,0.766450251694776,0.220132350921631
LightGBM,Baseline,0,"{'colsample_bytree': 0.8, 'learning_rate': 0.01, 'max_depth': 3, 'min_child_samples': 100, 'n_estimators': 500, 'num_leaves': 62, 'subsample': 0.6}",5.34072710378995,0.766450251704065,0.217976331710815
LightGBM,Baseline,0,"{'colsample_bytree': 0.8, 'learning_rate': 0.01, 'max_depth': 3, 'min_child_samples': 100, 'n_estimators': 500, 'num_leaves': 62, 'subsample': 0.8}",5.34072710286381,0.766450251785065,0.221423149108887
LightGBM,Baseline,0,"{'colsample_bytree': 0.8, 'learning_rate': 0.01, 'max_depth': 3, 'min_child_samples': 100, 'n_estimators': 750, 'num_leaves': 15, 'subsample': 0.6}",5.04823754667822,0.791330875373454,0.280397653579712
LightGBM,Baseline,0,"{'colsample_bytree': 0.8, 'learning_rate': 0.01, 'max_depth': 3, 'min_child_samples': 100, 'n_estimators': 750, 'num_leaves': 15, 'subsample': 0.8}",5.04823754608385,0.791330875422591,0.280795335769653
LightGBM,Baseline,0,"{'colsample_bytree': 0.8, 'learning_rate': 0.01, 'max_depth': 3, 'min_child_samples': 100, 'n_estimators': 750, 'num_leaves': 31, 'subsample': 0.6}",5.04823754656643,0.791330875382696,0.278684616088867
LightGBM,Baseline,0,"{'colsample_bytree': 0.8, 'learning_rate': 0.01, 'max_depth': 3, 'min_child_samples': 100, 'n_estimators': 750, 'num_leaves': 31, 'subsample': 0.8}",5.04823754716091,0.79133087533355,0.293079614639282
LightGBM,Baseline,0,"{'colsample_bytree': 0.8, 'learning_rate': 0.01, 'max_depth': 3, 'min_child_samples': 100, 'n_estimators': 750, 'num_leaves': 62, 'subsample': 0.6}",5.04823754711018,0.791330875337744,0.277955770492554
LightGBM,Baseline,0,"{'colsample_bytree': 0.8, 'learning_rate': 0.01, 'max_depth': 3, 'min_child_samples': 100, 'n_estimators': 750, 'num_leaves': 62, 'subsample': 0.8}",5.04823754679071,0.791330875364155,0.280205965042114
LightGBM,Baseline,0,"{'colsample_bytree': 0.8, 'learning_rate': 0.01, 'max_depth': 3, 'min_child_samples': 100, 'n_estimators': 1000, 'num_leaves': 15, 'subsample': 0.6}",4.92177214952626,0.801654826070429,0.34883451461792
LightGBM,Baseline,0,"{'colsample_bytree': 0.8, 'learning_rate': 0.01, 'max_depth': 3, 'min_child_samples': 100, 'n_estimators': 1000, 'num_leaves': 15, 'subsample': 0.8}",4.92176629710859,0.801655297769676,0.345906257629395
LightGBM,Baseline,0,"{'colsample_bytree': 0.8, 'learning_rate': 0.01, 'max_depth': 3, 'min_child_samples': 100, 'n_estimators': 1000, 'num_leaves': 31, 'subsample': 0.6}",4.92177214843635,0.801654826158274,0.336475372314453
LightGBM,Baseline,0,"{'colsample_bytree': 0.8, 'learning_rate': 0.01, 'max_depth': 3, 'min_child_samples': 100, 'n_estimators': 1000, 'num_leaves': 31, 'subsample': 0.8}",4.9217721478348,0.801654826206759,0.35684084892273
LightGBM,Baseline,0,"{'colsample_bytree': 0.8, 'learning_rate': 0.01, 'max_depth': 3, 'min_child_samples': 100, 'n_estimators': 1000, 'num_leaves': 62, 'subsample': 0.6}",4.92177214778707,0.801654826210606,0.344675302505493
LightGBM,Baseline,0,"{'colsample_bytree': 0.8, 'learning_rate': 0.01, 'max_depth': 3, 'min_child_samples': 100, 'n_estimators': 1000, 'num_leaves': 62, 'subsample': 0.8}",4.92177214947039,0.801654826074932,0.350121974945068
LightGBM,Baseline,0,"{'colsample_bytree': 0.8, 'learning_rate': 0.01, 'max_depth': 5, 'min_child_samples': 50, 'n_estimators': 500, 'num_leaves': 15, 'subsample': 0.6}",3.54958825704382,0.896834476362493,0.283795356750488
LightGBM,Baseline,0,"{'colsample_bytree': 0.8, 'learning_rate': 0.01, 'max_depth': 5, 'min_child_samples': 50, 'n_estimators': 500, 'num_leaves': 15, 'subsample': 0.8}",3.54958825950936,0.896834476219176,0.281996488571167
LightGBM,Baseline,0,"{'colsample_bytree': 0.8, 'learning_rate': 0.01, 'max_depth': 5, 'min_child_samples': 50, 'n_estimators': 500, 'num_leaves': 31, 'subsample': 0.6}",3.54958825881274,0.896834476259669,0.28115439414978
LightGBM,Baseline,0,"{'colsample_bytree': 0.8, 'learning_rate': 0.01, 'max_depth': 5, 'min_child_samples': 50, 'n_estimators': 500, 'num_leaves': 31, 'subsample': 0.8}",3.54958825853315,0.896834476275921,0.289005994796753
LightGBM,Baseline,0,"{'colsample_bytree': 0.8, 'learning_rate': 0.01, 'max_depth': 5, 'min_child_samples': 50, 'n_estimators': 500, 'num_leaves': 62, 'subsample': 0.6}",3.54958825915713,0.89683447623965,0.283246994018555
LightGBM,Baseline,0,"{'colsample_bytree': 0.8, 'learning_rate': 0.01, 'max_depth': 5, 'min_child_samples': 50, 'n_estimators': 500, 'num_leaves': 62, 'subsample': 0.8}",3.54958826032358,0.896834476171847,0.290019750595093
LightGBM,Baseline,0,"{'colsample_bytree': 0.8, 'learning_rate': 0.01, 'max_depth': 5, 'min_child_samples': 50, 'n_estimators': 750, 'num_leaves': 15, 'subsample': 0.6}",3.50249693824052,0.899553650571722,0.373546838760376
LightGBM,Baseline,0,"{'colsample_bytree': 0.8, 'learning_rate': 0.01, 'max_depth': 5, 'min_child_samples': 50, 'n_estimators': 750, 'num_leaves': 15, 'subsample': 0.8}",3.50249693681074,0.89955365065373,0.375527620315552
LightGBM,Baseline,0,"{'colsample_bytree': 0.8, 'learning_rate': 0.01, 'max_depth': 5, 'min_child_samples': 50, 'n_estimators': 750, 'num_leaves': 31, 'subsample': 0.6}",3.50249693602349,0.899553650698885,0.37237548828125
LightGBM,Baseline,0,"{'colsample_bytree': 0.8, 'learning_rate': 0.01, 'max_depth': 5, 'min_child_samples': 50, 'n_estimators': 750, 'num_leaves': 31, 'subsample': 0.8}",3.5024969353547,0.899553650737244,0.370938062667847
LightGBM,Baseline,0,"{'colsample_bytree': 0.8, 'learning_rate': 0.01, 'max_depth': 5, 'min_child_samples': 50, 'n_estimators': 750, 'num_leaves': 62, 'subsample': 0.6}",3.50249693740827,0.899553650619458,0.380347013473511
LightGBM,Baseline,0,"{'colsample_bytree': 0.8, 'learning_rate': 0.01, 'max_depth': 5, 'min_child_samples': 50, 'n_estimators': 750, 'num_leaves': 62, 'subsample': 0.8}",3.50249693705937,0.89955365063947,0.374378681182861
LightGBM,Baseline,0,"{'colsample_bytree': 0.8, 'learning_rate': 0.01, 'max_depth': 5, 'min_child_samples': 50, 'n_estimators': 1000, 'num_leaves': 15, 'subsample': 0.6}",3.48962853501596,0.900290387608325,0.466166973114014
LightGBM,Baseline,0,"{'colsample_bytree': 0.8, 'learning_rate': 0.01, 'max_depth': 5, 'min_child_samples': 50, 'n_estimators': 1000, 'num_leaves': 15, 'subsample': 0.8}",3.48962860684949,0.900290383503307,0.461528539657593
LightGBM,Baseline,0,"{'colsample_bytree': 0.8, 'learning_rate': 0.01, 'max_depth': 5, 'min_child_samples': 50, 'n_estimators': 1000, 'num_leaves': 31, 'subsample': 0.6}",3.48963295517334,0.900290135012695,0.471020460128784
LightGBM,Baseline,0,"{'colsample_bytree': 0.8, 'learning_rate': 0.01, 'max_depth': 5, 'min_child_samples': 50, 'n_estimators': 1000, 'num_leaves': 31, 'subsample': 0.8}",3.48962903838724,0.900290358842536,0.468737602233887
LightGBM,Baseline,0,"{'colsample_bytree': 0.8, 'learning_rate': 0.01, 'max_depth': 5, 'min_child_samples': 50, 'n_estimators': 1000, 'num_leaves': 62, 'subsample': 0.6}",3.48962878038498,0.900290373586402,0.472376108169556
LightGBM,Baseline,0,"{'colsample_bytree': 0.8, 'learning_rate': 0.01, 'max_depth': 5, 'min_child_samples': 50, 'n_estimators': 1000, 'num_leaves': 62, 'subsample': 0.8}",3.48962877966201,0.900290373627717,0.466809034347534
LightGBM,Baseline,0,"{'colsample_bytree': 0.8, 'learning_rate': 0.01, 'max_depth': 5, 'min_child_samples': 100, 'n_estimators': 500, 'num_leaves': 15, 'subsample': 0.6}",5.34880683326658,0.765743064784043,0.258446931838989
LightGBM,Baseline,0,"{'colsample_bytree': 0.8, 'learning_rate': 0.01, 'max_depth': 5, 'min_child_samples': 100, 'n_estimators': 500, 'num_leaves': 15, 'subsample': 0.8}",5.34880683231541,0.765743064867358,0.267993211746216
LightGBM,Baseline,0,"{'colsample_bytree': 0.8, 'learning_rate': 0.01, 'max_depth': 5, 'min_child_samples': 100, 'n_estimators': 500, 'num_leaves': 31, 'subsample': 0.6}",5.34880683234601,0.765743064864678,0.258154392242432
LightGBM,Baseline,0,"{'colsample_bytree': 0.8, 'learning_rate': 0.01, 'max_depth': 5, 'min_child_samples': 100, 'n_estimators': 500, 'num_leaves': 31, 'subsample': 0.8}",5.34880683293657,0.76574306481295,0.265898942947388
LightGBM,Baseline,0,"{'colsample_bytree': 0.8, 'learning_rate': 0.01, 'max_depth': 5, 'min_child_samples': 100, 'n_estimators': 500, 'num_leaves': 62, 'subsample': 0.6}",5.34880683232268,0.765743064866721,0.268861770629883
LightGBM,Baseline,0,"{'colsample_bytree': 0.8, 'learning_rate': 0.01, 'max_depth': 5, 'min_child_samples': 100, 'n_estimators': 500, 'num_leaves': 62, 'subsample': 0.8}",5.34880683251171,0.765743064850164,0.259176731109619
LightGBM,Baseline,0,"{'colsample_bytree': 0.8, 'learning_rate': 0.01, 'max_depth': 5, 'min_child_samples': 100, 'n_estimators': 750, 'num_leaves': 15, 'subsample': 0.6}",5.04700214005653,0.791432994052514,0.349005222320557
LightGBM,Baseline,0,"{'colsample_bytree': 0.8, 'learning_rate': 0.01, 'max_depth': 5, 'min_child_samples': 100, 'n_estimators': 750, 'num_leaves': 15, 'subsample': 0.8}",5.04700213905902,0.791432994134958,0.342393398284912
LightGBM,Baseline,0,"{'colsample_bytree': 0.8, 'learning_rate': 0.01, 'max_depth': 5, 'min_child_samples': 100, 'n_estimators': 750, 'num_leaves': 31, 'subsample': 0.6}",5.04700020693297,0.791433153824872,0.340073108673096
LightGBM,Baseline,0,"{'colsample_bytree': 0.8, 'learning_rate': 0.01, 'max_depth': 5, 'min_child_samples': 100, 'n_estimators': 750, 'num_leaves': 31, 'subsample': 0.8}",5.0469930275953,0.791433747195463,0.343424081802368
LightGBM,Baseline,0,"{'colsample_bytree': 0.8, 'learning_rate': 0.01, 'max_depth': 5, 'min_child_samples': 100, 'n_estimators': 750, 'num_leaves': 62, 'subsample': 0.6}",5.04699484454975,0.79143359702468,0.345489025115967
LightGBM,Baseline,0,"{'colsample_bytree': 0.8, 'learning_rate': 0.01, 'max_depth': 5, 'min_child_samples': 100, 'n_estimators': 750, 'num_leaves': 62, 'subsample': 0.8}",5.04700020521829,0.79143315396659,0.347320079803467
LightGBM,Baseline,0,"{'colsample_bytree': 0.8, 'learning_rate': 0.01, 'max_depth': 5, 'min_child_samples': 100, 'n_estimators': 1000, 'num_leaves': 15, 'subsample': 0.6}",4.91825121597758,0.801938508597664,0.418654441833496
LightGBM,Baseline,0,"{'colsample_bytree': 0.8, 'learning_rate': 0.01, 'max_depth': 5, 'min_child_samples': 100, 'n_estimators': 1000, 'num_leaves': 15, 'subsample': 0.8}",4.91823872836637,0.801939514366442,0.433968544006348
LightGBM,Baseline,0,"{'colsample_bytree': 0.8, 'learning_rate': 0.01, 'max_depth': 5, 'min_child_samples': 100, 'n_estimators': 1000, 'num_leaves': 31, 'subsample': 0.6}",4.91824837162448,0.801938737685861,0.428467035293579
LightGBM,Baseline,0,"{'colsample_bytree': 0.8, 'learning_rate': 0.01, 'max_depth': 5, 'min_child_samples': 100, 'n_estimators': 1000, 'num_leaves': 31, 'subsample': 0.8}",4.91824837136026,0.801938737707142,0.423226118087769
LightGBM,Baseline,0,"{'colsample_bytree': 0.8, 'learning_rate': 0.01, 'max_depth': 5, 'min_child_samples': 100, 'n_estimators': 1000, 'num_leaves': 62, 'subsample': 0.6}",4.91824065030087,0.801939359571454,0.432656764984131
LightGBM,Baseline,0,"{'colsample_bytree': 0.8, 'learning_rate': 0.01, 'max_depth': 5, 'min_child_samples': 100, 'n_estimators': 1000, 'num_leaves': 62, 'subsample': 0.8}",4.91824837145619,0.801938737699416,0.423687934875488
LightGBM,Baseline,0,"{'colsample_bytree': 0.8, 'learning_rate': 0.01, 'max_depth': 9, 'min_child_samples': 50, 'n_estimators': 500, 'num_leaves': 15, 'subsample': 0.6}",3.55287698586673,0.896643220035689,0.403395891189575
LightGBM,Baseline,0,"{'colsample_bytree': 0.8, 'learning_rate': 0.01, 'max_depth': 9, 'min_child_samples': 50, 'n_estimators': 500, 'num_leaves': 15, 'subsample': 0.8}",3.55282853174811,0.896646039174966,0.415288925170898
LightGBM,Baseline,0,"{'colsample_bytree': 0.8, 'learning_rate': 0.01, 'max_depth': 9, 'min_child_samples': 50, 'n_estimators': 500, 'num_leaves': 31, 'subsample': 0.6}",3.55283197149083,0.896645839046418,0.403921127319336
LightGBM,Baseline,0,"{'colsample_bytree': 0.8, 'learning_rate': 0.01, 'max_depth': 9, 'min_child_samples': 50, 'n_estimators': 500, 'num_leaves': 31, 'subsample': 0.8}",3.55290188211759,0.896641771516448,0.397236108779907
LightGBM,Baseline,0,"{'colsample_bytree': 0.8, 'learning_rate': 0.01, 'max_depth': 9, 'min_child_samples': 50, 'n_estimators': 500, 'num_leaves': 62, 'subsample': 0.6}",3.55282852461285,0.896646039590104,0.384909152984619
LightGBM,Baseline,0,"{'colsample_bytree': 0.8, 'learning_rate': 0.01, 'max_depth': 9, 'min_child_samples': 50, 'n_estimators': 500, 'num_leaves': 62, 'subsample': 0.8}",3.55286938455166,0.896643662295082,0.41471529006958
LightGBM,Baseline,0,"{'colsample_bytree': 0.8, 'learning_rate': 0.01, 'max_depth': 9, 'min_child_samples': 50, 'n_estimators': 750, 'num_leaves': 15, 'subsample': 0.6}",3.50628448107795,0.899336291035682,0.556335687637329
LightGBM,Baseline,0,"{'colsample_bytree': 0.8, 'learning_rate': 0.01, 'max_depth': 9, 'min_child_samples': 50, 'n_estimators': 750, 'num_leaves': 15, 'subsample': 0.8}",3.506392215469,0.899330104937517,0.544005870819092
LightGBM,Baseline,0,"{'colsample_bytree': 0.8, 'learning_rate': 0.01, 'max_depth': 9, 'min_child_samples': 50, 'n_estimators': 750, 'num_leaves': 31, 'subsample': 0.6}",3.50627320698706,0.899336938381889,0.684533834457398
LightGBM,Baseline,0,"{'colsample_bytree': 0.8, 'learning_rate': 0.01, 'max_depth': 9, 'min_child_samples': 50, 'n_estimators': 750, 'num_leaves': 31, 'subsample': 0.8}",3.50630090645283,0.899335347904548,0.715594291687012
LightGBM,Baseline,0,"{'colsample_bytree': 0.8, 'learning_rate': 0.01, 'max_depth': 9, 'min_child_samples': 50, 'n_estimators': 750, 'num_leaves': 62, 'subsample': 0.6}",3.50626933889535,0.899337160483086,0.48395824432373
LightGBM,Baseline,0,"{'colsample_bytree': 0.8, 'learning_rate': 0.01, 'max_depth': 9, 'min_child_samples': 50, 'n_estimators': 750, 'num_leaves': 62, 'subsample': 0.8}",3.50621204205524,0.899340450370393,0.47905445098877
LightGBM,Baseline,0,"{'colsample_bytree': 0.8, 'learning_rate': 0.01, 'max_depth': 9, 'min_child_samples': 50, 'n_estimators': 1000, 'num_leaves': 15, 'subsample': 0.6}",3.48996744551693,0.900271019199734,0.666124582290649
LightGBM,Baseline,0,"{'colsample_bytree': 0.8, 'learning_rate': 0.01, 'max_depth': 9, 'min_child_samples': 50, 'n_estimators': 1000, 'num_leaves': 15, 'subsample': 0.8}",3.48972405119767,0.900284929140925,0.635664224624634
LightGBM,Baseline,0,"{'colsample_bytree': 0.8, 'learning_rate': 0.01, 'max_depth': 9, 'min_child_samples': 50, 'n_estimators': 1000, 'num_leaves': 31, 'subsample': 0.6}",3.48981580204944,0.900279685710315,0.605202436447144
LightGBM,Baseline,0,"{'colsample_bytree': 0.8, 'learning_rate': 0.01, 'max_depth': 9, 'min_child_samples': 50, 'n_estimators': 1000, 'num_leaves': 31, 'subsample': 0.8}",3.48976624420587,0.900282517887672,0.614053726196289
LightGBM,Baseline,0,"{'colsample_bytree': 0.8, 'learning_rate': 0.01, 'max_depth': 9, 'min_child_samples': 50, 'n_estimators': 1000, 'num_leaves': 62, 'subsample': 0.6}",3.48989349382912,0.900275245627877,0.644225120544434
LightGBM,Baseline,0,"{'colsample_bytree': 0.8, 'learning_rate': 0.01, 'max_depth': 9, 'min_child_samples': 50, 'n_estimators': 1000, 'num_leaves': 62, 'subsample': 0.8}",3.48987753242175,0.900276157829807,0.66571044921875
LightGBM,Baseline,0,"{'colsample_bytree': 0.8, 'learning_rate': 0.01, 'max_depth': 9, 'min_child_samples': 100, 'n_estimators': 500, 'num_leaves': 15, 'subsample': 0.6}",5.34589660865469,0.765997908473885,0.262752532958984
LightGBM,Baseline,0,"{'colsample_bytree': 0.8, 'learning_rate': 0.01, 'max_depth': 9, 'min_child_samples': 100, 'n_estimators': 500, 'num_leaves': 15, 'subsample': 0.8}",5.34589660908474,0.765997908436237,0.270813703536987
LightGBM,Baseline,0,"{'colsample_bytree': 0.8, 'learning_rate': 0.01, 'max_depth': 9, 'min_child_samples': 100, 'n_estimators': 500, 'num_leaves': 31, 'subsample': 0.6}",5.34589660780101,0.76599790854862,0.27236819267273
LightGBM,Baseline,0,"{'colsample_bytree': 0.8, 'learning_rate': 0.01, 'max_depth': 9, 'min_child_samples': 100, 'n_estimators': 500, 'num_leaves': 31, 'subsample': 0.8}",5.34589660854544,0.76599790848345,0.257951021194458
LightGBM,Baseline,0,"{'colsample_bytree': 0.8, 'learning_rate': 0.01, 'max_depth': 9, 'min_child_samples': 100, 'n_estimators': 500, 'num_leaves': 62, 'subsample': 0.6}",5.34589660995455,0.76599790836009,0.263884544372559
LightGBM,Baseline,0,"{'colsample_bytree': 0.8, 'learning_rate': 0.01, 'max_depth': 9, 'min_child_samples': 100, 'n_estimators': 500, 'num_leaves': 62, 'subsample': 0.8}",5.34589660770928,0.765997908556652,0.279850721359253
LightGBM,Baseline,0,"{'colsample_bytree': 0.8, 'learning_rate': 0.01, 'max_depth': 9, 'min_child_samples': 100, 'n_estimators': 750, 'num_leaves': 15, 'subsample': 0.6}",5.04862423500412,0.791298906590649,0.359513759613037
LightGBM,Baseline,0,"{'colsample_bytree': 0.8, 'learning_rate': 0.01, 'max_depth': 9, 'min_child_samples': 100, 'n_estimators': 750, 'num_leaves': 15, 'subsample': 0.8}",5.04862423589126,0.791298906517303,0.354724407196045
LightGBM,Baseline,0,"{'colsample_bytree': 0.8, 'learning_rate': 0.01, 'max_depth': 9, 'min_child_samples': 100, 'n_estimators': 750, 'num_leaves': 31, 'subsample': 0.6}",5.04862979257305,0.791298447110483,0.370990037918091
LightGBM,Baseline,0,"{'colsample_bytree': 0.8, 'learning_rate': 0.01, 'max_depth': 9, 'min_child_samples': 100, 'n_estimators': 750, 'num_leaves': 31, 'subsample': 0.8}",5.04862979142451,0.79129844720544,0.354135036468506
LightGBM,Baseline,0,"{'colsample_bytree': 0.8, 'learning_rate': 0.01, 'max_depth': 9, 'min_child_samples': 100, 'n_estimators': 750, 'num_leaves': 62, 'subsample': 0.6}",5.04862423551223,0.79129890654864,0.358782291412354
LightGBM,Baseline,0,"{'colsample_bytree': 0.8, 'learning_rate': 0.01, 'max_depth': 9, 'min_child_samples': 100, 'n_estimators': 750, 'num_leaves': 62, 'subsample': 0.8}",5.04862423561449,0.791298906540186,0.348628282546997
LightGBM,Baseline,0,"{'colsample_bytree': 0.8, 'learning_rate': 0.01, 'max_depth': 9, 'min_child_samples': 100, 'n_estimators': 1000, 'num_leaves': 15, 'subsample': 0.6}",4.91861204051965,0.801909446207269,0.437539577484131
LightGBM,Baseline,0,"{'colsample_bytree': 0.8, 'learning_rate': 0.01, 'max_depth': 9, 'min_child_samples': 100, 'n_estimators': 1000, 'num_leaves': 15, 'subsample': 0.8}",4.91861203955787,0.801909446284739,0.452710151672363
LightGBM,Baseline,0,"{'colsample_bytree': 0.8, 'learning_rate': 0.01, 'max_depth': 9, 'min_child_samples': 100, 'n_estimators': 1000, 'num_leaves': 31, 'subsample': 0.6}",4.91861204040451,0.801909446216544,0.531568765640259
LightGBM,Baseline,0,"{'colsample_bytree': 0.8, 'learning_rate': 0.01, 'max_depth': 9, 'min_child_samples': 100, 'n_estimators': 1000, 'num_leaves': 31, 'subsample': 0.8}",4.91861203966466,0.801909446276137,0.516572713851929
LightGBM,Baseline,0,"{'colsample_bytree': 0.8, 'learning_rate': 0.01, 'max_depth': 9, 'min_child_samples': 100, 'n_estimators': 1000, 'num_leaves': 62, 'subsample': 0.6}",4.91861204008926,0.801909446241936,0.504712581634522
LightGBM,Baseline,0,"{'colsample_bytree': 0.8, 'learning_rate': 0.01, 'max_depth': 9, 'min_child_samples': 100, 'n_estimators': 1000, 'num_leaves': 62, 'subsample': 0.8}",4.91861786115399,0.801908977370389,0.495161771774292
LightGBM,Baseline,0,"{'colsample_bytree': 0.8, 'learning_rate': 0.05, 'max_depth': 3, 'min_child_samples': 50, 'n_estimators': 500, 'num_leaves': 15, 'subsample': 0.6}",3.51282955449497,0.8989601285777,0.165728569030762
LightGBM,Baseline,0,"{'colsample_bytree': 0.8, 'learning_rate': 0.05, 'max_depth': 3, 'min_child_samples': 50, 'n_estimators': 500, 'num_leaves': 15, 'subsample': 0.8}",3.51282954659864,0.898960129031946,0.167887210845947
LightGBM,Baseline,0,"{'colsample_bytree': 0.8, 'learning_rate': 0.05, 'max_depth': 3, 'min_child_samples': 50, 'n_estimators': 500, 'num_leaves': 31, 'subsample': 0.6}",3.5128295472984,0.898960128991692,0.167169570922852
LightGBM,Baseline,0,"{'colsample_bytree': 0.8, 'learning_rate': 0.05, 'max_depth': 3, 'min_child_samples': 50, 'n_estimators': 500, 'num_leaves': 31, 'subsample': 0.8}",3.51282955057981,0.898960128802925,0.160493135452271
LightGBM,Baseline,0,"{'colsample_bytree': 0.8, 'learning_rate': 0.05, 'max_depth': 3, 'min_child_samples': 50, 'n_estimators': 500, 'num_leaves': 62, 'subsample': 0.6}",3.5128295471594,0.898960128999688,0.16313648223877
LightGBM,Baseline,0,"{'colsample_bytree': 0.8, 'learning_rate': 0.05, 'max_depth': 3, 'min_child_samples': 50, 'n_estimators': 500, 'num_leaves': 62, 'subsample': 0.8}",3.51282954616382,0.89896012905696,0.165528297424316
LightGBM,Baseline,0,"{'colsample_bytree': 0.8, 'learning_rate': 0.05, 'max_depth': 3, 'min_child_samples': 50, 'n_estimators': 750, 'num_leaves': 15, 'subsample': 0.6}",3.51282954968829,0.898960128854211,0.160001993179321
LightGBM,Baseline,0,"{'colsample_bytree': 0.8, 'learning_rate': 0.05, 'max_depth': 3, 'min_child_samples': 50, 'n_estimators': 750, 'num_leaves': 15, 'subsample': 0.8}",3.51282954405417,0.89896012917832,0.160050868988037
LightGBM,Baseline,0,"{'colsample_bytree': 0.8, 'learning_rate': 0.05, 'max_depth': 3, 'min_child_samples': 50, 'n_estimators': 750, 'num_leaves': 31, 'subsample': 0.6}",3.51282954834567,0.898960128931446,0.165039300918579
LightGBM,Baseline,0,"{'colsample_bytree': 0.8, 'learning_rate': 0.05, 'max_depth': 3, 'min_child_samples': 50, 'n_estimators': 750, 'num_leaves': 31, 'subsample': 0.8}",3.51282954521572,0.8989601291115,0.163094997406006
LightGBM,Baseline,0,"{'colsample_bytree': 0.8, 'learning_rate': 0.05, 'max_depth': 3, 'min_child_samples': 50, 'n_estimators': 750, 'num_leaves': 62, 'subsample': 0.6}",3.51282954967809,0.898960128854797,0.169161558151245
LightGBM,Baseline,0,"{'colsample_bytree': 0.8, 'learning_rate': 0.05, 'max_depth': 3, 'min_child_samples': 50, 'n_estimators': 750, 'num_leaves': 62, 'subsample': 0.8}",3.51282954664535,0.898960129029259,0.1708984375
LightGBM,Baseline,0,"{'colsample_bytree': 0.8, 'learning_rate': 0.05, 'max_depth': 3, 'min_child_samples': 50, 'n_estimators': 1000, 'num_leaves': 15, 'subsample': 0.6}",3.51282954490878,0.898960129129157,0.169835329055786
LightGBM,Baseline,0,"{'colsample_bytree': 0.8, 'learning_rate': 0.05, 'max_depth': 3, 'min_child_samples': 50, 'n_estimators': 1000, 'num_leaves': 15, 'subsample': 0.8}",3.51282954673435,0.898960129024139,0.180750131607056
LightGBM,Baseline,0,"{'colsample_bytree': 0.8, 'learning_rate': 0.05, 'max_depth': 3, 'min_child_samples': 50, 'n_estimators': 1000, 'num_leaves': 31, 'subsample': 0.6}",3.5128295484197,0.898960128927187,0.168750047683716
LightGBM,Baseline,0,"{'colsample_bytree': 0.8, 'learning_rate': 0.05, 'max_depth': 3, 'min_child_samples': 50, 'n_estimators': 1000, 'num_leaves': 31, 'subsample': 0.8}",3.51282954689856,0.898960129014693,0.174626350402832
LightGBM,Baseline,0,"{'colsample_bytree': 0.8, 'learning_rate': 0.05, 'max_depth': 3, 'min_child_samples': 50, 'n_estimators': 1000, 'num_leaves': 62, 'subsample': 0.6}",3.51282954778968,0.89896012896343,0.17487096786499
LightGBM,Baseline,0,"{'colsample_bytree': 0.8, 'learning_rate': 0.05, 'max_depth': 3, 'min_child_samples': 50, 'n_estimators': 1000, 'num_leaves': 62, 'subsample': 0.8}",3.51282954834781,0.898960128931323,0.178773403167725
LightGBM,Baseline,0,"{'colsample_bytree': 0.8, 'learning_rate': 0.05, 'max_depth': 3, 'min_child_samples': 100, 'n_estimators': 500, 'num_leaves': 15, 'subsample': 0.6}",4.58508150727403,0.827863586662173,0.238318204879761
LightGBM,Baseline,0,"{'colsample_bytree': 0.8, 'learning_rate': 0.05, 'max_depth': 3, 'min_child_samples': 100, 'n_estimators': 500, 'num_leaves': 15, 'subsample': 0.8}",4.5850541329728,0.827865642067276,0.223300695419312
LightGBM,Baseline,0,"{'colsample_bytree': 0.8, 'learning_rate': 0.05, 'max_depth': 3, 'min_child_samples': 100, 'n_estimators': 500, 'num_leaves': 31, 'subsample': 0.6}",4.58505413228599,0.827865642118845,0.21434760093689
LightGBM,Baseline,0,"{'colsample_bytree': 0.8, 'learning_rate': 0.05, 'max_depth': 3, 'min_child_samples': 100, 'n_estimators': 500, 'num_leaves': 31, 'subsample': 0.8}",4.58505413438511,0.827865641961233,0.225465297698975
LightGBM,Baseline,0,"{'colsample_bytree': 0.8, 'learning_rate': 0.05, 'max_depth': 3, 'min_child_samples': 100, 'n_estimators': 500, 'num_leaves': 62, 'subsample': 0.6}",4.58505413284184,0.82786564207711,0.218896389007568
LightGBM,Baseline,0,"{'colsample_bytree': 0.8, 'learning_rate': 0.05, 'max_depth': 3, 'min_child_samples': 100, 'n_estimators': 500, 'num_leaves': 62, 'subsample': 0.8}",4.58505412945098,0.827865642331712,0.228181838989258
LightGBM,Baseline,0,"{'colsample_bytree': 0.8, 'learning_rate': 0.05, 'max_depth': 3, 'min_child_samples': 100, 'n_estimators': 750, 'num_leaves': 15, 'subsample': 0.6}",4.47321451005146,0.836160701835854,0.281531810760498
LightGBM,Baseline,0,"{'colsample_bytree': 0.8, 'learning_rate': 0.05, 'max_depth': 3, 'min_child_samples': 100, 'n_estimators': 750, 'num_leaves': 15, 'subsample': 0.8}",4.47318921385553,0.836162554865374,0.28304123878479
LightGBM,Baseline,0,"{'colsample_bytree': 0.8, 'learning_rate': 0.05, 'max_depth': 3, 'min_child_samples': 100, 'n_estimators': 750, 'num_leaves': 31, 'subsample': 0.6}",4.47318921404873,0.836162554851222,0.281015157699585
LightGBM,Baseline,0,"{'colsample_bytree': 0.8, 'learning_rate': 0.05, 'max_depth': 3, 'min_child_samples': 100, 'n_estimators': 750, 'num_leaves': 31, 'subsample': 0.8}",4.47318921387542,0.836162554863917,0.280842781066895
LightGBM,Baseline,0,"{'colsample_bytree': 0.8, 'learning_rate': 0.05, 'max_depth': 3, 'min_child_samples': 100, 'n_estimators': 750, 'num_leaves': 62, 'subsample': 0.6}",4.47321450920041,0.836160701898197,0.282720327377319
LightGBM,Baseline,0,"{'colsample_bytree': 0.8, 'learning_rate': 0.05, 'max_depth': 3, 'min_child_samples': 100, 'n_estimators': 750, 'num_leaves': 62, 'subsample': 0.8}",4.47321450881402,0.836160701926501,0.284967184066772
LightGBM,Baseline,0,"{'colsample_bytree': 0.8, 'learning_rate': 0.05, 'max_depth': 3, 'min_child_samples': 100, 'n_estimators': 1000, 'num_leaves': 15, 'subsample': 0.6}",4.42251576583051,0.839853515869385,0.335700988769531
LightGBM,Baseline,0,"{'colsample_bytree': 0.8, 'learning_rate': 0.05, 'max_depth': 3, 'min_child_samples': 100, 'n_estimators': 1000, 'num_leaves': 15, 'subsample': 0.8}",4.42240224955213,0.839861736981768,0.338818073272705
LightGBM,Baseline,0,"{'colsample_bytree': 0.8, 'learning_rate': 0.05, 'max_depth': 3, 'min_child_samples': 100, 'n_estimators': 1000, 'num_leaves': 31, 'subsample': 0.6}",4.42251576459895,0.839853515958579,0.340009212493897
LightGBM,Baseline,0,"{'colsample_bytree': 0.8, 'learning_rate': 0.05, 'max_depth': 3, 'min_child_samples': 100, 'n_estimators': 1000, 'num_leaves': 31, 'subsample': 0.8}",4.42251576651069,0.839853515820124,0.352841854095459
LightGBM,Baseline,0,"{'colsample_bytree': 0.8, 'learning_rate': 0.05, 'max_depth': 3, 'min_child_samples': 100, 'n_estimators': 1000, 'num_leaves': 62, 'subsample': 0.6}",4.42251576451819,0.839853515964428,0.352134943008423
LightGBM,Baseline,0,"{'colsample_bytree': 0.8, 'learning_rate': 0.05, 'max_depth': 3, 'min_child_samples': 100, 'n_estimators': 1000, 'num_leaves': 62, 'subsample': 0.8}",4.42253987122209,0.839851770073808,0.341470003128052
LightGBM,Baseline,0,"{'colsample_bytree': 0.8, 'learning_rate': 0.05, 'max_depth': 5, 'min_child_samples': 50, 'n_estimators': 500, 'num_leaves': 15, 'subsample': 0.6}",3.48893991553185,0.900329735754704,0.202431440353394
LightGBM,Baseline,0,"{'colsample_bytree': 0.8, 'learning_rate': 0.05, 'max_depth': 5, 'min_child_samples': 50, 'n_estimators': 500, 'num_leaves': 15, 'subsample': 0.8}",3.48893991353283,0.900329735868918,0.199827909469605
LightGBM,Baseline,0,"{'colsample_bytree': 0.8, 'learning_rate': 0.05, 'max_depth': 5, 'min_child_samples': 50, 'n_estimators': 500, 'num_leaves': 31, 'subsample': 0.6}",3.4889399148379,0.900329735794352,0.194053649902344
LightGBM,Baseline,0,"{'colsample_bytree': 0.8, 'learning_rate': 0.05, 'max_depth': 5, 'min_child_samples': 50, 'n_estimators': 500, 'num_leaves': 31, 'subsample': 0.8}",3.48893991943417,0.900329735531745,0.199868679046631
LightGBM,Baseline,0,"{'colsample_bytree': 0.8, 'learning_rate': 0.05, 'max_depth': 5, 'min_child_samples': 50, 'n_estimators': 500, 'num_leaves': 62, 'subsample': 0.6}",3.48893992135708,0.900329735421879,0.200489521026611
LightGBM,Baseline,0,"{'colsample_bytree': 0.8, 'learning_rate': 0.05, 'max_depth': 5, 'min_child_samples': 50, 'n_estimators': 500, 'num_leaves': 62, 'subsample': 0.8}",3.48893991790674,0.900329735619015,0.198898792266846
LightGBM,Baseline,0,"{'colsample_bytree': 0.8, 'learning_rate': 0.05, 'max_depth': 5, 'min_child_samples': 50, 'n_estimators': 750, 'num_leaves': 15, 'subsample': 0.6}",3.48893991394562,0.900329735845333,0.193076133728027
LightGBM,Baseline,0,"{'colsample_bytree': 0.8, 'learning_rate': 0.05, 'max_depth': 5, 'min_child_samples': 50, 'n_estimators': 750, 'num_leaves': 15, 'subsample': 0.8}",3.48893991607709,0.900329735723551,0.199984073638916
LightGBM,Baseline,0,"{'colsample_bytree': 0.8, 'learning_rate': 0.05, 'max_depth': 5, 'min_child_samples': 50, 'n_estimators': 750, 'num_leaves': 31, 'subsample': 0.6}",3.48893991731436,0.90032973565286,0.199911117553711
LightGBM,Baseline,0,"{'colsample_bytree': 0.8, 'learning_rate': 0.05, 'max_depth': 5, 'min_child_samples': 50, 'n_estimators': 750, 'num_leaves': 31, 'subsample': 0.8}",3.48893991717074,0.900329735661066,0.20011830329895
LightGBM,Baseline,0,"{'colsample_bytree': 0.8, 'learning_rate': 0.05, 'max_depth': 5, 'min_child_samples': 50, 'n_estimators': 750, 'num_leaves': 62, 'subsample': 0.6}",3.48893991366649,0.900329735861281,0.195903062820435
LightGBM,Baseline,0,"{'colsample_bytree': 0.8, 'learning_rate': 0.05, 'max_depth': 5, 'min_child_samples': 50, 'n_estimators': 750, 'num_leaves': 62, 'subsample': 0.8}",3.48893991941189,0.900329735533018,0.193710565567017
LightGBM,Baseline,0,"{'colsample_bytree': 0.8, 'learning_rate': 0.05, 'max_depth': 5, 'min_child_samples': 50, 'n_estimators': 1000, 'num_leaves': 15, 'subsample': 0.6}",3.48893991046753,0.900329736044054,0.191524505615234
LightGBM,Baseline,0,"{'colsample_bytree': 0.8, 'learning_rate': 0.05, 'max_depth': 5, 'min_child_samples': 50, 'n_estimators': 1000, 'num_leaves': 15, 'subsample': 0.8}",3.48893991457419,0.900329735809419,0.199596643447876
LightGBM,Baseline,0,"{'colsample_bytree': 0.8, 'learning_rate': 0.05, 'max_depth': 5, 'min_child_samples': 50, 'n_estimators': 1000, 'num_leaves': 31, 'subsample': 0.6}",3.48893991701385,0.90032973567003,0.191164493560791
LightGBM,Baseline,0,"{'colsample_bytree': 0.8, 'learning_rate': 0.05, 'max_depth': 5, 'min_child_samples': 50, 'n_estimators': 1000, 'num_leaves': 31, 'subsample': 0.8}",3.4889399157807,0.900329735740486,0.195328712463379
LightGBM,Baseline,0,"{'colsample_bytree': 0.8, 'learning_rate': 0.05, 'max_depth': 5, 'min_child_samples': 50, 'n_estimators': 1000, 'num_leaves': 62, 'subsample': 0.6}",3.48893991800524,0.900329735613387,0.194910764694214
LightGBM,Baseline,0,"{'colsample_bytree': 0.8, 'learning_rate': 0.05, 'max_depth': 5, 'min_child_samples': 50, 'n_estimators': 1000, 'num_leaves': 62, 'subsample': 0.8}",3.48893991769413,0.900329735631162,0.19886326789856
LightGBM,Baseline,0,"{'colsample_bytree': 0.8, 'learning_rate': 0.05, 'max_depth': 5, 'min_child_samples': 100, 'n_estimators': 500, 'num_leaves': 15, 'subsample': 0.6}",4.58885213915669,0.82758035072312,0.257280826568604
LightGBM,Baseline,0,"{'colsample_bytree': 0.8, 'learning_rate': 0.05, 'max_depth': 5, 'min_child_samples': 100, 'n_estimators': 500, 'num_leaves': 15, 'subsample': 0.8}",4.58896340028237,0.827571989661901,0.258999824523926
LightGBM,Baseline,0,"{'colsample_bytree': 0.8, 'learning_rate': 0.05, 'max_depth': 5, 'min_child_samples': 100, 'n_estimators': 500, 'num_leaves': 31, 'subsample': 0.6}",4.58893857311254,0.827573855393894,0.253145456314087
LightGBM,Baseline,0,"{'colsample_bytree': 0.8, 'learning_rate': 0.05, 'max_depth': 5, 'min_child_samples': 100, 'n_estimators': 500, 'num_leaves': 31, 'subsample': 0.8}",4.58909541472743,0.827562068765378,0.254262685775757
LightGBM,Baseline,0,"{'colsample_bytree': 0.8, 'learning_rate': 0.05, 'max_depth': 5, 'min_child_samples': 100, 'n_estimators': 500, 'num_leaves': 62, 'subsample': 0.6}",4.58893437832311,0.827574170626284,0.256675243377686
LightGBM,Baseline,0,"{'colsample_bytree': 0.8, 'learning_rate': 0.05, 'max_depth': 5, 'min_child_samples': 100, 'n_estimators': 500, 'num_leaves': 62, 'subsample': 0.8}",4.58889373512068,0.827577224889552,0.264061689376831
LightGBM,Baseline,0,"{'colsample_bytree': 0.8, 'learning_rate': 0.05, 'max_depth': 5, 'min_child_samples': 100, 'n_estimators': 750, 'num_leaves': 15, 'subsample': 0.6}",4.480606622865,0.835618756317098,0.343413829803467
LightGBM,Baseline,0,"{'colsample_bytree': 0.8, 'learning_rate': 0.05, 'max_depth': 5, 'min_child_samples': 100, 'n_estimators': 750, 'num_leaves': 15, 'subsample': 0.8}",4.48073066847888,0.835609654400211,0.338222742080689
LightGBM,Baseline,0,"{'colsample_bytree': 0.8, 'learning_rate': 0.05, 'max_depth': 5, 'min_child_samples': 100, 'n_estimators': 750, 'num_leaves': 31, 'subsample': 0.6}",4.48056891541039,0.835621523072908,0.336252689361572
LightGBM,Baseline,0,"{'colsample_bytree': 0.8, 'learning_rate': 0.05, 'max_depth': 5, 'min_child_samples': 100, 'n_estimators': 750, 'num_leaves': 31, 'subsample': 0.8}",4.48075154579381,0.835608122490678,0.343863487243652
LightGBM,Baseline,0,"{'colsample_bytree': 0.8, 'learning_rate': 0.05, 'max_depth': 5, 'min_child_samples': 100, 'n_estimators': 750, 'num_leaves': 62, 'subsample': 0.6}",4.48068044306412,0.835613339748707,0.333722591400147
LightGBM,Baseline,0,"{'colsample_bytree': 0.8, 'learning_rate': 0.05, 'max_depth': 5, 'min_child_samples': 100, 'n_estimators': 750, 'num_leaves': 62, 'subsample': 0.8}",4.48061576781629,0.835618085309742,0.346304655075073
LightGBM,Baseline,0,"{'colsample_bytree': 0.8, 'learning_rate': 0.05, 'max_depth': 5, 'min_child_samples': 100, 'n_estimators': 1000, 'num_leaves': 15, 'subsample': 0.6}",4.42093911629748,0.839967681599901,0.418829202651978
LightGBM,Baseline,0,"{'colsample_bytree': 0.8, 'learning_rate': 0.05, 'max_depth': 5, 'min_child_samples': 100, 'n_estimators': 1000, 'num_leaves': 15, 'subsample': 0.8}",4.4209667246893,0.839965682817004,0.412686347961426
LightGBM,Baseline,0,"{'colsample_bytree': 0.8, 'learning_rate': 0.05, 'max_depth': 5, 'min_child_samples': 100, 'n_estimators': 1000, 'num_leaves': 31, 'subsample': 0.6}",4.42093911573171,0.839967681640861,0.419678449630737
LightGBM,Baseline,0,"{'colsample_bytree': 0.8, 'learning_rate': 0.05, 'max_depth': 5, 'min_child_samples': 100, 'n_estimators': 1000, 'num_leaves': 31, 'subsample': 0.8}",4.4211417587775,0.839953010468604,0.417054176330566
LightGBM,Baseline,0,"{'colsample_bytree': 0.8, 'learning_rate': 0.05, 'max_depth': 5, 'min_child_samples': 100, 'n_estimators': 1000, 'num_leaves': 62, 'subsample': 0.6}",4.421122791259,0.839954383728222,0.421590805053711
LightGBM,Baseline,0,"{'colsample_bytree': 0.8, 'learning_rate': 0.05, 'max_depth': 5, 'min_child_samples': 100, 'n_estimators': 1000, 'num_leaves': 62, 'subsample': 0.8}",4.42093911675709,0.839967681566626,0.418735504150391
LightGBM,Baseline,0,"{'colsample_bytree': 0.8, 'learning_rate': 0.05, 'max_depth': 9, 'min_child_samples': 50, 'n_estimators': 500, 'num_leaves': 15, 'subsample': 0.6}",3.47150084766264,0.901323626481553,0.271533489227295
LightGBM,Baseline,0,"{'colsample_bytree': 0.8, 'learning_rate': 0.05, 'max_depth': 9, 'min_child_samples': 50, 'n_estimators': 500, 'num_leaves': 15, 'subsample': 0.8}",3.47140613613448,0.901329010701837,0.34102725982666
LightGBM,Baseline,0,"{'colsample_bytree': 0.8, 'learning_rate': 0.05, 'max_depth': 9, 'min_child_samples': 50, 'n_estimators': 500, 'num_leaves': 31, 'subsample': 0.6}",3.47144284252786,0.901326924011225,0.33506441116333
LightGBM,Baseline,0,"{'colsample_bytree': 0.8, 'learning_rate': 0.05, 'max_depth': 9, 'min_child_samples': 50, 'n_estimators': 500, 'num_leaves': 31, 'subsample': 0.8}",3.47156996634242,0.901319697086827,0.324398279190064
LightGBM,Baseline,0,"{'colsample_bytree': 0.8, 'learning_rate': 0.05, 'max_depth': 9, 'min_child_samples': 50, 'n_estimators': 500, 'num_leaves': 62, 'subsample': 0.6}",3.47209404107267,0.90128990090977,0.307546854019165
LightGBM,Baseline,0,"{'colsample_bytree': 0.8, 'learning_rate': 0.05, 'max_depth': 9, 'min_child_samples': 50, 'n_estimators': 500, 'num_leaves': 62, 'subsample': 0.8}",3.47147999748794,0.901324811797955,0.248691558837891
LightGBM,Baseline,0,"{'colsample_bytree': 0.8, 'learning_rate': 0.05, 'max_depth': 9, 'min_child_samples': 50, 'n_estimators': 750, 'num_leaves': 15, 'subsample': 0.6}",3.47216563754657,0.901285829955576,0.279760360717773
LightGBM,Baseline,0,"{'colsample_bytree': 0.8, 'learning_rate': 0.05, 'max_depth': 9, 'min_child_samples': 50, 'n_estimators': 750, 'num_leaves': 15, 'subsample': 0.8}",3.4721019924298,0.901289448802114,0.318848848342896
LightGBM,Baseline,0,"{'colsample_bytree': 0.8, 'learning_rate': 0.05, 'max_depth': 9, 'min_child_samples': 50, 'n_estimators': 750, 'num_leaves': 31, 'subsample': 0.6}",3.47220151050844,0.901283790198076,0.306711912155151
LightGBM,Baseline,0,"{'colsample_bytree': 0.8, 'learning_rate': 0.05, 'max_depth': 9, 'min_child_samples': 50, 'n_estimators': 750, 'num_leaves': 31, 'subsample': 0.8}",3.47206630163167,0.901291478143566,0.299949884414673
LightGBM,Baseline,0,"{'colsample_bytree': 0.8, 'learning_rate': 0.05, 'max_depth': 9, 'min_child_samples': 50, 'n_estimators': 750, 'num_leaves': 62, 'subsample': 0.6}",3.47210876286584,0.901289063839848,0.259758949279785
LightGBM,Baseline,0,"{'colsample_bytree': 0.8, 'learning_rate': 0.05, 'max_depth': 9, 'min_child_samples': 50, 'n_estimators': 750, 'num_leaves': 62, 'subsample': 0.8}",3.47219456140579,0.901284185329745,0.289631843566895
LightGBM,Baseline,0,"{'colsample_bytree': 0.8, 'learning_rate': 0.05, 'max_depth': 9, 'min_child_samples': 50, 'n_estimators': 1000, 'num_leaves': 15, 'subsample': 0.6}",3.47219429604242,0.901284200418508,0.25929856300354
LightGBM,Baseline,0,"{'colsample_bytree': 0.8, 'learning_rate': 0.05, 'max_depth': 9, 'min_child_samples': 50, 'n_estimators': 1000, 'num_leaves': 15, 'subsample': 0.8}",3.47202941161566,0.901293575649368,0.26193118095398
LightGBM,Baseline,0,"{'colsample_bytree': 0.8, 'learning_rate': 0.05, 'max_depth': 9, 'min_child_samples': 50, 'n_estimators': 1000, 'num_leaves': 31, 'subsample': 0.6}",3.47210022920747,0.901289549057581,0.285169124603272
LightGBM,Baseline,0,"{'colsample_bytree': 0.8, 'learning_rate': 0.05, 'max_depth': 9, 'min_child_samples': 50, 'n_estimators': 1000, 'num_leaves': 31, 'subsample': 0.8}",3.47208700446278,0.901290301004783,0.27506947517395
LightGBM,Baseline,0,"{'colsample_bytree': 0.8, 'learning_rate': 0.05, 'max_depth': 9, 'min_child_samples': 50, 'n_estimators': 1000, 'num_leaves': 62, 'subsample': 0.6}",3.47219461078833,0.901284182521816,0.26266360282898
LightGBM,Baseline,0,"{'colsample_bytree': 0.8, 'learning_rate': 0.05, 'max_depth': 9, 'min_child_samples': 50, 'n_estimators': 1000, 'num_leaves': 62, 'subsample': 0.8}",3.47209503149082,0.901289844595461,0.256472587585449
LightGBM,Baseline,0,"{'colsample_bytree': 0.8, 'learning_rate': 0.05, 'max_depth': 9, 'min_child_samples': 100, 'n_estimators': 500, 'num_leaves': 15, 'subsample': 0.6}",4.60155908152698,0.826624137746015,0.247391223907471
LightGBM,Baseline,0,"{'colsample_bytree': 0.8, 'learning_rate': 0.05, 'max_depth': 9, 'min_child_samples': 100, 'n_estimators': 500, 'num_leaves': 15, 'subsample': 0.8}",4.60155908197253,0.826624137712441,0.255568265914917
LightGBM,Baseline,0,"{'colsample_bytree': 0.8, 'learning_rate': 0.05, 'max_depth': 9, 'min_child_samples': 100, 'n_estimators': 500, 'num_leaves': 31, 'subsample': 0.6}",4.60155908279567,0.826624137650412,0.245100975036621
LightGBM,Baseline,0,"{'colsample_bytree': 0.8, 'learning_rate': 0.05, 'max_depth': 9, 'min_child_samples': 100, 'n_estimators': 500, 'num_leaves': 31, 'subsample': 0.8}",4.60160465208423,0.826620703747391,0.249995708465576
LightGBM,Baseline,0,"{'colsample_bytree': 0.8, 'learning_rate': 0.05, 'max_depth': 9, 'min_child_samples': 100, 'n_estimators': 500, 'num_leaves': 62, 'subsample': 0.6}",4.60178630818188,0.826607014597444,0.271730184555054
LightGBM,Baseline,0,"{'colsample_bytree': 0.8, 'learning_rate': 0.05, 'max_depth': 9, 'min_child_samples': 100, 'n_estimators': 500, 'num_leaves': 62, 'subsample': 0.8}",4.60154460914338,0.826625228314666,0.337975263595581
LightGBM,Baseline,0,"{'colsample_bytree': 0.8, 'learning_rate': 0.05, 'max_depth': 9, 'min_child_samples': 100, 'n_estimators': 750, 'num_leaves': 15, 'subsample': 0.6}",4.49791574213563,0.834346254332749,0.422637939453125
LightGBM,Baseline,0,"{'colsample_bytree': 0.8, 'learning_rate': 0.05, 'max_depth': 9, 'min_child_samples': 100, 'n_estimators': 750, 'num_leaves': 15, 'subsample': 0.8}",4.49797833926242,0.834341643521311,0.332850694656372
LightGBM,Baseline,0,"{'colsample_bytree': 0.8, 'learning_rate': 0.05, 'max_depth': 9, 'min_child_samples': 100, 'n_estimators': 750, 'num_leaves': 31, 'subsample': 0.6}",4.49808672385988,0.834333659921013,0.332274675369263
LightGBM,Baseline,0,"{'colsample_bytree': 0.8, 'learning_rate': 0.05, 'max_depth': 9, 'min_child_samples': 100, 'n_estimators': 750, 'num_leaves': 31, 'subsample': 0.8}",4.49811132166515,0.834331848021969,0.376016616821289
LightGBM,Baseline,0,"{'colsample_bytree': 0.8, 'learning_rate': 0.05, 'max_depth': 9, 'min_child_samples': 100, 'n_estimators': 750, 'num_leaves': 62, 'subsample': 0.6}",4.49795475700982,0.834343380562564,0.33558988571167
LightGBM,Baseline,0,"{'colsample_bytree': 0.8, 'learning_rate': 0.05, 'max_depth': 9, 'min_child_samples': 100, 'n_estimators': 750, 'num_leaves': 62, 'subsample': 0.8}",4.49791570527821,0.834346257047593,0.33752965927124
LightGBM,Baseline,0,"{'colsample_bytree': 0.8, 'learning_rate': 0.05, 'max_depth': 9, 'min_child_samples': 100, 'n_estimators': 1000, 'num_leaves': 15, 'subsample': 0.6}",4.43750382304328,0.838766192672678,0.432874202728272
LightGBM,Baseline,0,"{'colsample_bytree': 0.8, 'learning_rate': 0.05, 'max_depth': 9, 'min_child_samples': 100, 'n_estimators': 1000, 'num_leaves': 15, 'subsample': 0.8}",4.43747872547999,0.838768016474708,0.535590410232544
LightGBM,Baseline,0,"{'colsample_bytree': 0.8, 'learning_rate': 0.05, 'max_depth': 9, 'min_child_samples': 100, 'n_estimators': 1000, 'num_leaves': 31, 'subsample': 0.6}",4.4376026769487,0.8387590090083,0.484718322753906
LightGBM,Baseline,0,"{'colsample_bytree': 0.8, 'learning_rate': 0.05, 'max_depth': 9, 'min_child_samples': 100, 'n_estimators': 1000, 'num_leaves': 31, 'subsample': 0.8}",4.43727476653018,0.83878283748111,0.39715576171875
LightGBM,Baseline,0,"{'colsample_bytree': 0.8, 'learning_rate': 0.05, 'max_depth': 9, 'min_child_samples': 100, 'n_estimators': 1000, 'num_leaves': 62, 'subsample': 0.6}",4.43750709269225,0.838765955071465,0.39847207069397
LightGBM,Baseline,0,"{'colsample_bytree': 0.8, 'learning_rate': 0.05, 'max_depth': 9, 'min_child_samples': 100, 'n_estimators': 1000, 'num_leaves': 62, 'subsample': 0.8}",4.43758576009526,0.838760238359016,0.395328521728516
LightGBM,Baseline,1,"{'colsample_bytree': 0.6, 'learning_rate': 0.01, 'max_depth': 3, 'min_child_samples': 50, 'n_estimators': 500, 'num_leaves': 15, 'subsample': 0.6}",3.37085284233868,0.93134501492248,0.202499151229858
LightGBM,Baseline,1,"{'colsample_bytree': 0.6, 'learning_rate': 0.01, 'max_depth': 3, 'min_child_samples': 50, 'n_estimators': 500, 'num_leaves': 15, 'subsample': 0.8}",3.37061024831801,0.931354896510507,0.213340044021606
LightGBM,Baseline,1,"{'colsample_bytree': 0.6, 'learning_rate': 0.01, 'max_depth': 3, 'min_child_samples': 50, 'n_estimators': 500, 'num_leaves': 31, 'subsample': 0.6}",3.37085284205641,0.931345014933978,0.212610483169556
LightGBM,Baseline,1,"{'colsample_bytree': 0.6, 'learning_rate': 0.01, 'max_depth': 3, 'min_child_samples': 50, 'n_estimators': 500, 'num_leaves': 31, 'subsample': 0.8}",3.37050947685175,0.931359001027977,0.211004018783569
LightGBM,Baseline,1,"{'colsample_bytree': 0.6, 'learning_rate': 0.01, 'max_depth': 3, 'min_child_samples': 50, 'n_estimators': 500, 'num_leaves': 62, 'subsample': 0.6}",3.37073325572696,0.931349886135666,0.213807821273804
LightGBM,Baseline,1,"{'colsample_bytree': 0.6, 'learning_rate': 0.01, 'max_depth': 3, 'min_child_samples': 50, 'n_estimators': 500, 'num_leaves': 62, 'subsample': 0.8}",3.37073325588782,0.931349886129114,0.215683698654175
LightGBM,Baseline,1,"{'colsample_bytree': 0.6, 'learning_rate': 0.01, 'max_depth': 3, 'min_child_samples': 50, 'n_estimators': 750, 'num_leaves': 15, 'subsample': 0.6}",3.36901852432007,0.931419714600585,0.233304262161255
LightGBM,Baseline,1,"{'colsample_bytree': 0.6, 'learning_rate': 0.01, 'max_depth': 3, 'min_child_samples': 50, 'n_estimators': 750, 'num_leaves': 15, 'subsample': 0.8}",3.36924918520198,0.931410323538757,0.238256692886353
LightGBM,Baseline,1,"{'colsample_bytree': 0.6, 'learning_rate': 0.01, 'max_depth': 3, 'min_child_samples': 50, 'n_estimators': 750, 'num_leaves': 31, 'subsample': 0.6}",3.36950918424883,0.931399737240383,0.23821234703064
LightGBM,Baseline,1,"{'colsample_bytree': 0.6, 'learning_rate': 0.01, 'max_depth': 3, 'min_child_samples': 50, 'n_estimators': 750, 'num_leaves': 31, 'subsample': 0.8}",3.36925695439338,0.931410007214905,0.230804681777954
LightGBM,Baseline,1,"{'colsample_bytree': 0.6, 'learning_rate': 0.01, 'max_depth': 3, 'min_child_samples': 50, 'n_estimators': 750, 'num_leaves': 62, 'subsample': 0.6}",3.36938485002822,0.931404799819158,0.308101177215576
LightGBM,Baseline,1,"{'colsample_bytree': 0.6, 'learning_rate': 0.01, 'max_depth': 3, 'min_child_samples': 50, 'n_estimators': 750, 'num_leaves': 62, 'subsample': 0.8}",3.36925695395413,0.931410007232789,0.271859884262085
LightGBM,Baseline,1,"{'colsample_bytree': 0.6, 'learning_rate': 0.01, 'max_depth': 3, 'min_child_samples': 50, 'n_estimators': 1000, 'num_leaves': 15, 'subsample': 0.6}",3.36941634245702,0.931403517543817,0.257505893707275
LightGBM,Baseline,1,"{'colsample_bytree': 0.6, 'learning_rate': 0.01, 'max_depth': 3, 'min_child_samples': 50, 'n_estimators': 1000, 'num_leaves': 15, 'subsample': 0.8}",3.36938485029483,0.931404799808302,0.249951839447021
LightGBM,Baseline,1,"{'colsample_bytree': 0.6, 'learning_rate': 0.01, 'max_depth': 3, 'min_child_samples': 50, 'n_estimators': 1000, 'num_leaves': 31, 'subsample': 0.6}",3.3694994605243,0.931400133172882,0.215545892715454
LightGBM,Baseline,1,"{'colsample_bytree': 0.6, 'learning_rate': 0.01, 'max_depth': 3, 'min_child_samples': 50, 'n_estimators': 1000, 'num_leaves': 31, 'subsample': 0.8}",3.36938484967046,0.931404799833724,0.21916389465332
LightGBM,Baseline,1,"{'colsample_bytree': 0.6, 'learning_rate': 0.01, 'max_depth': 3, 'min_child_samples': 50, 'n_estimators': 1000, 'num_leaves': 62, 'subsample': 0.6}",3.36925695444154,0.931410007212944,0.220460891723633
LightGBM,Baseline,1,"{'colsample_bytree': 0.6, 'learning_rate': 0.01, 'max_depth': 3, 'min_child_samples': 50, 'n_estimators': 1000, 'num_leaves': 62, 'subsample': 0.8}",3.36912140984178,0.93141552582802,0.216372013092041
LightGBM,Baseline,1,"{'colsample_bytree': 0.6, 'learning_rate': 0.01, 'max_depth': 3, 'min_child_samples': 100, 'n_estimators': 500, 'num_leaves': 15, 'subsample': 0.6}",5.25780939194812,0.832967044373866,0.211154460906982
LightGBM,Baseline,1,"{'colsample_bytree': 0.6, 'learning_rate': 0.01, 'max_depth': 3, 'min_child_samples': 100, 'n_estimators': 500, 'num_leaves': 15, 'subsample': 0.8}",5.25780939161794,0.832967044394844,0.214368343353271
LightGBM,Baseline,1,"{'colsample_bytree': 0.6, 'learning_rate': 0.01, 'max_depth': 3, 'min_child_samples': 100, 'n_estimators': 500, 'num_leaves': 31, 'subsample': 0.6}",5.2578093903294,0.832967044476715,0.227950811386108
LightGBM,Baseline,1,"{'colsample_bytree': 0.6, 'learning_rate': 0.01, 'max_depth': 3, 'min_child_samples': 100, 'n_estimators': 500, 'num_leaves': 31, 'subsample': 0.8}",5.25780939062587,0.832967044457878,0.222827911376953
LightGBM,Baseline,1,"{'colsample_bytree': 0.6, 'learning_rate': 0.01, 'max_depth': 3, 'min_child_samples': 100, 'n_estimators': 500, 'num_leaves': 62, 'subsample': 0.6}",5.25780939188097,0.832967044378132,0.233914136886597
LightGBM,Baseline,1,"{'colsample_bytree': 0.6, 'learning_rate': 0.01, 'max_depth': 3, 'min_child_samples': 100, 'n_estimators': 500, 'num_leaves': 62, 'subsample': 0.8}",5.25780939153096,0.832967044400371,0.225509166717529
LightGBM,Baseline,1,"{'colsample_bytree': 0.6, 'learning_rate': 0.01, 'max_depth': 3, 'min_child_samples': 100, 'n_estimators': 750, 'num_leaves': 15, 'subsample': 0.6}",4.66209052217041,0.868673039185285,0.366214275360107
LightGBM,Baseline,1,"{'colsample_bytree': 0.6, 'learning_rate': 0.01, 'max_depth': 3, 'min_child_samples': 100, 'n_estimators': 750, 'num_leaves': 15, 'subsample': 0.8}",4.6620905229755,0.868673039139928,0.289462804794312
LightGBM,Baseline,1,"{'colsample_bytree': 0.6, 'learning_rate': 0.01, 'max_depth': 3, 'min_child_samples': 100, 'n_estimators': 750, 'num_leaves': 31, 'subsample': 0.6}",4.66209052342995,0.868673039114325,0.283705949783325
LightGBM,Baseline,1,"{'colsample_bytree': 0.6, 'learning_rate': 0.01, 'max_depth': 3, 'min_child_samples': 100, 'n_estimators': 750, 'num_leaves': 31, 'subsample': 0.8}",4.66209052197788,0.868673039196132,0.283684015274048
LightGBM,Baseline,1,"{'colsample_bytree': 0.6, 'learning_rate': 0.01, 'max_depth': 3, 'min_child_samples': 100, 'n_estimators': 750, 'num_leaves': 62, 'subsample': 0.6}",4.66209052264127,0.868673039158757,0.286861658096314
LightGBM,Baseline,1,"{'colsample_bytree': 0.6, 'learning_rate': 0.01, 'max_depth': 3, 'min_child_samples': 100, 'n_estimators': 750, 'num_leaves': 62, 'subsample': 0.8}",4.66209052335602,0.86867303911849,0.279380559921265
LightGBM,Baseline,1,"{'colsample_bytree': 0.6, 'learning_rate': 0.01, 'max_depth': 3, 'min_child_samples': 100, 'n_estimators': 1000, 'num_leaves': 15, 'subsample': 0.6}",4.3427333765464,0.886048820907224,0.345969200134277
LightGBM,Baseline,1,"{'colsample_bytree': 0.6, 'learning_rate': 0.01, 'max_depth': 3, 'min_child_samples': 100, 'n_estimators': 1000, 'num_leaves': 15, 'subsample': 0.8}",4.34273337704357,0.886048820881133,0.363254308700562
LightGBM,Baseline,1,"{'colsample_bytree': 0.6, 'learning_rate': 0.01, 'max_depth': 3, 'min_child_samples': 100, 'n_estimators': 1000, 'num_leaves': 31, 'subsample': 0.6}",4.34273337655667,0.886048820906685,0.368969678878784
LightGBM,Baseline,1,"{'colsample_bytree': 0.6, 'learning_rate': 0.01, 'max_depth': 3, 'min_child_samples': 100, 'n_estimators': 1000, 'num_leaves': 31, 'subsample': 0.8}",4.3427333764134,0.886048820914204,0.357873201370239
LightGBM,Baseline,1,"{'colsample_bytree': 0.6, 'learning_rate': 0.01, 'max_depth': 3, 'min_child_samples': 100, 'n_estimators': 1000, 'num_leaves': 62, 'subsample': 0.6}",4.34273337677442,0.886048820895258,0.358248710632324
LightGBM,Baseline,1,"{'colsample_bytree': 0.6, 'learning_rate': 0.01, 'max_depth': 3, 'min_child_samples': 100, 'n_estimators': 1000, 'num_leaves': 62, 'subsample': 0.8}",4.34273337665971,0.886048820901277,0.363242626190186
LightGBM,Baseline,1,"{'colsample_bytree': 0.6, 'learning_rate': 0.01, 'max_depth': 5, 'min_child_samples': 50, 'n_estimators': 500, 'num_leaves': 15, 'subsample': 0.6}",3.36335920174819,0.931649925251828,0.301704406738281
LightGBM,Baseline,1,"{'colsample_bytree': 0.6, 'learning_rate': 0.01, 'max_depth': 5, 'min_child_samples': 50, 'n_estimators': 500, 'num_leaves': 15, 'subsample': 0.8}",3.36353548880654,0.931642760064486,0.297513008117676
LightGBM,Baseline,1,"{'colsample_bytree': 0.6, 'learning_rate': 0.01, 'max_depth': 5, 'min_child_samples': 50, 'n_estimators': 500, 'num_leaves': 31, 'subsample': 0.6}",3.36361346474373,0.931639590612789,0.299890995025635
LightGBM,Baseline,1,"{'colsample_bytree': 0.6, 'learning_rate': 0.01, 'max_depth': 5, 'min_child_samples': 50, 'n_estimators': 500, 'num_leaves': 31, 'subsample': 0.8}",3.36379859441401,0.931632065438772,0.375361204147339
LightGBM,Baseline,1,"{'colsample_bytree': 0.6, 'learning_rate': 0.01, 'max_depth': 5, 'min_child_samples': 50, 'n_estimators': 500, 'num_leaves': 62, 'subsample': 0.6}",3.3634781739284,0.931645089668862,0.277542114257813
LightGBM,Baseline,1,"{'colsample_bytree': 0.6, 'learning_rate': 0.01, 'max_depth': 5, 'min_child_samples': 50, 'n_estimators': 500, 'num_leaves': 62, 'subsample': 0.8}",3.36316938530799,0.931657639921,0.268520832061768
LightGBM,Baseline,1,"{'colsample_bytree': 0.6, 'learning_rate': 0.01, 'max_depth': 5, 'min_child_samples': 50, 'n_estimators': 750, 'num_leaves': 15, 'subsample': 0.6}",3.36194267818263,0.931707486218334,0.290598630905151
LightGBM,Baseline,1,"{'colsample_bytree': 0.6, 'learning_rate': 0.01, 'max_depth': 5, 'min_child_samples': 50, 'n_estimators': 750, 'num_leaves': 15, 'subsample': 0.8}",3.36174716843579,0.931715428925945,0.283461093902588
LightGBM,Baseline,1,"{'colsample_bytree': 0.6, 'learning_rate': 0.01, 'max_depth': 5, 'min_child_samples': 50, 'n_estimators': 750, 'num_leaves': 31, 'subsample': 0.6}",3.3616933671038,0.931717614558176,0.290223598480225
LightGBM,Baseline,1,"{'colsample_bytree': 0.6, 'learning_rate': 0.01, 'max_depth': 5, 'min_child_samples': 50, 'n_estimators': 750, 'num_leaves': 31, 'subsample': 0.8}",3.36167656666374,0.931718297054247,0.290108203887939
LightGBM,Baseline,1,"{'colsample_bytree': 0.6, 'learning_rate': 0.01, 'max_depth': 5, 'min_child_samples': 50, 'n_estimators': 750, 'num_leaves': 62, 'subsample': 0.6}",3.36182768713231,0.931712157858715,0.317681550979614
LightGBM,Baseline,1,"{'colsample_bytree': 0.6, 'learning_rate': 0.01, 'max_depth': 5, 'min_child_samples': 50, 'n_estimators': 750, 'num_leaves': 62, 'subsample': 0.8}",3.36148425981945,0.931726109027214,0.314902305603027
LightGBM,Baseline,1,"{'colsample_bytree': 0.6, 'learning_rate': 0.01, 'max_depth': 5, 'min_child_samples': 50, 'n_estimators': 1000, 'num_leaves': 15, 'subsample': 0.6}",3.36187197086442,0.931710358801353,0.318241357803345
LightGBM,Baseline,1,"{'colsample_bytree': 0.6, 'learning_rate': 0.01, 'max_depth': 5, 'min_child_samples': 50, 'n_estimators': 1000, 'num_leaves': 15, 'subsample': 0.8}",3.36207141014416,0.931702256148452,0.319982290267944
LightGBM,Baseline,1,"{'colsample_bytree': 0.6, 'learning_rate': 0.01, 'max_depth': 5, 'min_child_samples': 50, 'n_estimators': 1000, 'num_leaves': 31, 'subsample': 0.6}",3.36168113758804,0.931718111366718,0.325387954711914
LightGBM,Baseline,1,"{'colsample_bytree': 0.6, 'learning_rate': 0.01, 'max_depth': 5, 'min_child_samples': 50, 'n_estimators': 1000, 'num_leaves': 31, 'subsample': 0.8}",3.36200068139467,0.931705129712166,0.326477289199829
LightGBM,Baseline,1,"{'colsample_bytree': 0.6, 'learning_rate': 0.01, 'max_depth': 5, 'min_child_samples': 50, 'n_estimators': 1000, 'num_leaves': 62, 'subsample': 0.6}",3.36200068168895,0.93170512970021,0.323509693145752
LightGBM,Baseline,1,"{'colsample_bytree': 0.6, 'learning_rate': 0.01, 'max_depth': 5, 'min_child_samples': 50, 'n_estimators': 1000, 'num_leaves': 62, 'subsample': 0.8}",3.36182126705528,0.931712418676835,0.360810279846191
LightGBM,Baseline,1,"{'colsample_bytree': 0.6, 'learning_rate': 0.01, 'max_depth': 5, 'min_child_samples': 100, 'n_estimators': 500, 'num_leaves': 15, 'subsample': 0.6}",5.22746738813225,0.834889324376072,0.286690950393677
LightGBM,Baseline,1,"{'colsample_bytree': 0.6, 'learning_rate': 0.01, 'max_depth': 5, 'min_child_samples': 100, 'n_estimators': 500, 'num_leaves': 15, 'subsample': 0.8}",5.22746738815552,0.834889324374603,0.253012657165527
LightGBM,Baseline,1,"{'colsample_bytree': 0.6, 'learning_rate': 0.01, 'max_depth': 5, 'min_child_samples': 100, 'n_estimators': 500, 'num_leaves': 31, 'subsample': 0.6}",5.22746738795503,0.834889324387267,0.253875732421875
LightGBM,Baseline,1,"{'colsample_bytree': 0.6, 'learning_rate': 0.01, 'max_depth': 5, 'min_child_samples': 100, 'n_estimators': 500, 'num_leaves': 31, 'subsample': 0.8}",5.22746738808807,0.834889324378863,0.252702474594116
LightGBM,Baseline,1,"{'colsample_bytree': 0.6, 'learning_rate': 0.01, 'max_depth': 5, 'min_child_samples': 100, 'n_estimators': 500, 'num_leaves': 62, 'subsample': 0.6}",5.22746738726709,0.834889324430724,0.252571582794189
LightGBM,Baseline,1,"{'colsample_bytree': 0.6, 'learning_rate': 0.01, 'max_depth': 5, 'min_child_samples': 100, 'n_estimators': 500, 'num_leaves': 62, 'subsample': 0.8}",5.22746738819333,0.834889324372214,0.25335431098938
LightGBM,Baseline,1,"{'colsample_bytree': 0.6, 'learning_rate': 0.01, 'max_depth': 5, 'min_child_samples': 100, 'n_estimators': 750, 'num_leaves': 15, 'subsample': 0.6}",4.63265825467304,0.870325966925093,0.33050799369812
LightGBM,Baseline,1,"{'colsample_bytree': 0.6, 'learning_rate': 0.01, 'max_depth': 5, 'min_child_samples': 100, 'n_estimators': 750, 'num_leaves': 15, 'subsample': 0.8}",4.63266790410304,0.870325426724741,0.332576990127564
LightGBM,Baseline,1,"{'colsample_bytree': 0.6, 'learning_rate': 0.01, 'max_depth': 5, 'min_child_samples': 100, 'n_estimators': 750, 'num_leaves': 31, 'subsample': 0.6}",4.63266790365152,0.870325426750018,0.336362838745117
LightGBM,Baseline,1,"{'colsample_bytree': 0.6, 'learning_rate': 0.01, 'max_depth': 5, 'min_child_samples': 100, 'n_estimators': 750, 'num_leaves': 31, 'subsample': 0.8}",4.63265825653796,0.87032596682069,0.357021570205689
LightGBM,Baseline,1,"{'colsample_bytree': 0.6, 'learning_rate': 0.01, 'max_depth': 5, 'min_child_samples': 100, 'n_estimators': 750, 'num_leaves': 62, 'subsample': 0.6}",4.63266790506173,0.870325426671071,0.443173885345459
LightGBM,Baseline,1,"{'colsample_bytree': 0.6, 'learning_rate': 0.01, 'max_depth': 5, 'min_child_samples': 100, 'n_estimators': 750, 'num_leaves': 62, 'subsample': 0.8}",4.63265825544827,0.870325966881693,0.398621559143066
LightGBM,Baseline,1,"{'colsample_bytree': 0.6, 'learning_rate': 0.01, 'max_depth': 5, 'min_child_samples': 100, 'n_estimators': 1000, 'num_leaves': 15, 'subsample': 0.6}",4.29034732198084,0.888781407805764,0.422681331634522
LightGBM,Baseline,1,"{'colsample_bytree': 0.6, 'learning_rate': 0.01, 'max_depth': 5, 'min_child_samples': 100, 'n_estimators': 1000, 'num_leaves': 15, 'subsample': 0.8}",4.29035761481694,0.888780874163134,0.397643089294434
LightGBM,Baseline,1,"{'colsample_bytree': 0.6, 'learning_rate': 0.01, 'max_depth': 5, 'min_child_samples': 100, 'n_estimators': 1000, 'num_leaves': 31, 'subsample': 0.6}",4.2903473213175,0.888781407840155,0.404509782791138
LightGBM,Baseline,1,"{'colsample_bytree': 0.6, 'learning_rate': 0.01, 'max_depth': 5, 'min_child_samples': 100, 'n_estimators': 1000, 'num_leaves': 31, 'subsample': 0.8}",4.29035761413025,0.888780874198736,0.443325281143189
LightGBM,Baseline,1,"{'colsample_bytree': 0.6, 'learning_rate': 0.01, 'max_depth': 5, 'min_child_samples': 100, 'n_estimators': 1000, 'num_leaves': 62, 'subsample': 0.6}",4.29034732161183,0.888781407824896,0.401236057281494
LightGBM,Baseline,1,"{'colsample_bytree': 0.6, 'learning_rate': 0.01, 'max_depth': 5, 'min_child_samples': 100, 'n_estimators': 1000, 'num_leaves': 62, 'subsample': 0.8}",4.29035761409311,0.888780874200662,0.40398097038269
LightGBM,Baseline,1,"{'colsample_bytree': 0.6, 'learning_rate': 0.01, 'max_depth': 9, 'min_child_samples': 50, 'n_estimators': 500, 'num_leaves': 15, 'subsample': 0.6}",3.36666363898202,0.931515553946677,0.356928825378418
LightGBM,Baseline,1,"{'colsample_bytree': 0.6, 'learning_rate': 0.01, 'max_depth': 9, 'min_child_samples': 50, 'n_estimators': 500, 'num_leaves': 15, 'subsample': 0.8}",3.36661790804363,0.931517414445407,0.356796264648438
LightGBM,Baseline,1,"{'colsample_bytree': 0.6, 'learning_rate': 0.01, 'max_depth': 9, 'min_child_samples': 50, 'n_estimators': 500, 'num_leaves': 31, 'subsample': 0.6}",3.36665440558912,0.931515929596281,0.396883726119995
LightGBM,Baseline,1,"{'colsample_bytree': 0.6, 'learning_rate': 0.01, 'max_depth': 9, 'min_child_samples': 50, 'n_estimators': 500, 'num_leaves': 31, 'subsample': 0.8}",3.36624052951538,0.931532766593812,0.398012161254883
LightGBM,Baseline,1,"{'colsample_bytree': 0.6, 'learning_rate': 0.01, 'max_depth': 9, 'min_child_samples': 50, 'n_estimators': 500, 'num_leaves': 62, 'subsample': 0.6}",3.36637274651635,0.931527388065471,0.39661979675293
LightGBM,Baseline,1,"{'colsample_bytree': 0.6, 'learning_rate': 0.01, 'max_depth': 9, 'min_child_samples': 50, 'n_estimators': 500, 'num_leaves': 62, 'subsample': 0.8}",3.36664719115221,0.931516223106345,0.399248123168945
LightGBM,Baseline,1,"{'colsample_bytree': 0.6, 'learning_rate': 0.01, 'max_depth': 9, 'min_child_samples': 50, 'n_estimators': 750, 'num_leaves': 15, 'subsample': 0.6}",3.36522485759102,0.931574076628052,0.448368787765503
LightGBM,Baseline,1,"{'colsample_bytree': 0.6, 'learning_rate': 0.01, 'max_depth': 9, 'min_child_samples': 50, 'n_estimators': 750, 'num_leaves': 15, 'subsample': 0.8}",3.36522485682357,0.931574076659261,0.455639123916626
LightGBM,Baseline,1,"{'colsample_bytree': 0.6, 'learning_rate': 0.01, 'max_depth': 9, 'min_child_samples': 50, 'n_estimators': 750, 'num_leaves': 31, 'subsample': 0.6}",3.36575805129657,0.931552391799544,0.497782230377197
LightGBM,Baseline,1,"{'colsample_bytree': 0.6, 'learning_rate': 0.01, 'max_depth': 9, 'min_child_samples': 50, 'n_estimators': 750, 'num_leaves': 31, 'subsample': 0.8}",3.36563957982863,0.931557210295574,0.402078628540039
LightGBM,Baseline,1,"{'colsample_bytree': 0.6, 'learning_rate': 0.01, 'max_depth': 9, 'min_child_samples': 50, 'n_estimators': 750, 'num_leaves': 62, 'subsample': 0.6}",3.36516478647336,0.931576519487106,0.389067649841309
LightGBM,Baseline,1,"{'colsample_bytree': 0.6, 'learning_rate': 0.01, 'max_depth': 9, 'min_child_samples': 50, 'n_estimators': 750, 'num_leaves': 62, 'subsample': 0.8}",3.36529335184125,0.931571291179701,0.399129867553711
LightGBM,Baseline,1,"{'colsample_bytree': 0.6, 'learning_rate': 0.01, 'max_depth': 9, 'min_child_samples': 50, 'n_estimators': 1000, 'num_leaves': 15, 'subsample': 0.6}",3.36570950967636,0.931554366114864,0.393331050872803
LightGBM,Baseline,1,"{'colsample_bytree': 0.6, 'learning_rate': 0.01, 'max_depth': 9, 'min_child_samples': 50, 'n_estimators': 1000, 'num_leaves': 15, 'subsample': 0.8}",3.36534977014947,0.931568996779812,0.40160083770752
LightGBM,Baseline,1,"{'colsample_bytree': 0.6, 'learning_rate': 0.01, 'max_depth': 9, 'min_child_samples': 50, 'n_estimators': 1000, 'num_leaves': 31, 'subsample': 0.6}",3.36554691693119,0.93156097898188,0.409818887710571
LightGBM,Baseline,1,"{'colsample_bytree': 0.6, 'learning_rate': 0.01, 'max_depth': 9, 'min_child_samples': 50, 'n_estimators': 1000, 'num_leaves': 31, 'subsample': 0.8}",3.36534937849924,0.931569012707439,0.49195384979248
LightGBM,Baseline,1,"{'colsample_bytree': 0.6, 'learning_rate': 0.01, 'max_depth': 9, 'min_child_samples': 50, 'n_estimators': 1000, 'num_leaves': 62, 'subsample': 0.6}",3.36554302243908,0.931561137372228,0.398217439651489
LightGBM,Baseline,1,"{'colsample_bytree': 0.6, 'learning_rate': 0.01, 'max_depth': 9, 'min_child_samples': 50, 'n_estimators': 1000, 'num_leaves': 62, 'subsample': 0.8}",3.36564120267708,0.931557144291893,0.390187978744507
LightGBM,Baseline,1,"{'colsample_bytree': 0.6, 'learning_rate': 0.01, 'max_depth': 9, 'min_child_samples': 100, 'n_estimators': 500, 'num_leaves': 15, 'subsample': 0.6}",5.22020113276905,0.835348017818927,0.245460748672485
LightGBM,Baseline,1,"{'colsample_bytree': 0.6, 'learning_rate': 0.01, 'max_depth': 9, 'min_child_samples': 100, 'n_estimators': 500, 'num_leaves': 15, 'subsample': 0.8}",5.22021095008476,0.835347398516348,0.254365682601929
LightGBM,Baseline,1,"{'colsample_bytree': 0.6, 'learning_rate': 0.01, 'max_depth': 9, 'min_child_samples': 100, 'n_estimators': 500, 'num_leaves': 31, 'subsample': 0.6}",5.22020113446608,0.835348017711874,0.249432325363159
LightGBM,Baseline,1,"{'colsample_bytree': 0.6, 'learning_rate': 0.01, 'max_depth': 9, 'min_child_samples': 100, 'n_estimators': 500, 'num_leaves': 31, 'subsample': 0.8}",5.22021095108033,0.835347398453545,0.251033306121826
LightGBM,Baseline,1,"{'colsample_bytree': 0.6, 'learning_rate': 0.01, 'max_depth': 9, 'min_child_samples': 100, 'n_estimators': 500, 'num_leaves': 62, 'subsample': 0.6}",5.22020113410631,0.835348017734569,0.268383502960205
LightGBM,Baseline,1,"{'colsample_bytree': 0.6, 'learning_rate': 0.01, 'max_depth': 9, 'min_child_samples': 100, 'n_estimators': 500, 'num_leaves': 62, 'subsample': 0.8}",5.22020113322857,0.835348017789939,0.267819881439209
LightGBM,Baseline,1,"{'colsample_bytree': 0.6, 'learning_rate': 0.01, 'max_depth': 9, 'min_child_samples': 100, 'n_estimators': 750, 'num_leaves': 15, 'subsample': 0.6}",4.63429334640849,0.870234414150932,0.347757339477539
LightGBM,Baseline,1,"{'colsample_bytree': 0.6, 'learning_rate': 0.01, 'max_depth': 9, 'min_child_samples': 100, 'n_estimators': 750, 'num_leaves': 15, 'subsample': 0.8}",4.63429334527333,0.870234414214504,0.359201431274414
LightGBM,Baseline,1,"{'colsample_bytree': 0.6, 'learning_rate': 0.01, 'max_depth': 9, 'min_child_samples': 100, 'n_estimators': 750, 'num_leaves': 31, 'subsample': 0.6}",4.63427025604041,0.870235707261856,0.366612911224365
LightGBM,Baseline,1,"{'colsample_bytree': 0.6, 'learning_rate': 0.01, 'max_depth': 9, 'min_child_samples': 100, 'n_estimators': 750, 'num_leaves': 31, 'subsample': 0.8}",4.63429334535574,0.870234414209889,0.361489772796631
LightGBM,Baseline,1,"{'colsample_bytree': 0.6, 'learning_rate': 0.01, 'max_depth': 9, 'min_child_samples': 100, 'n_estimators': 750, 'num_leaves': 62, 'subsample': 0.6}",4.63428181323038,0.870235060034842,0.367858409881592
LightGBM,Baseline,1,"{'colsample_bytree': 0.6, 'learning_rate': 0.01, 'max_depth': 9, 'min_child_samples': 100, 'n_estimators': 750, 'num_leaves': 62, 'subsample': 0.8}",4.63429334576105,0.87023441418719,0.369373083114624
LightGBM,Baseline,1,"{'colsample_bytree': 0.6, 'learning_rate': 0.01, 'max_depth': 9, 'min_child_samples': 100, 'n_estimators': 1000, 'num_leaves': 15, 'subsample': 0.6}",4.29389940663523,0.888597170323789,0.445820569992065
LightGBM,Baseline,1,"{'colsample_bytree': 0.6, 'learning_rate': 0.01, 'max_depth': 9, 'min_child_samples': 100, 'n_estimators': 1000, 'num_leaves': 15, 'subsample': 0.8}",4.29389883304618,0.888597200086684,0.445625066757202
LightGBM,Baseline,1,"{'colsample_bytree': 0.6, 'learning_rate': 0.01, 'max_depth': 9, 'min_child_samples': 100, 'n_estimators': 1000, 'num_leaves': 31, 'subsample': 0.6}",4.2939114278876,0.888596546553515,0.438619136810303
LightGBM,Baseline,1,"{'colsample_bytree': 0.6, 'learning_rate': 0.01, 'max_depth': 9, 'min_child_samples': 100, 'n_estimators': 1000, 'num_leaves': 31, 'subsample': 0.8}",4.29391142797307,0.88859654654908,0.444177627563477
LightGBM,Baseline,1,"{'colsample_bytree': 0.6, 'learning_rate': 0.01, 'max_depth': 9, 'min_child_samples': 100, 'n_estimators': 1000, 'num_leaves': 62, 'subsample': 0.6}",4.29391142781411,0.888596546557328,0.440236806869507
LightGBM,Baseline,1,"{'colsample_bytree': 0.6, 'learning_rate': 0.01, 'max_depth': 9, 'min_child_samples': 100, 'n_estimators': 1000, 'num_leaves': 62, 'subsample': 0.8}",4.29391142740554,0.888596546578529,0.435823440551758
LightGBM,Baseline,1,"{'colsample_bytree': 0.6, 'learning_rate': 0.05, 'max_depth': 3, 'min_child_samples': 50, 'n_estimators': 500, 'num_leaves': 15, 'subsample': 0.6}",3.38628026507532,0.930715148663545,0.126251220703125
LightGBM,Baseline,1,"{'colsample_bytree': 0.6, 'learning_rate': 0.05, 'max_depth': 3, 'min_child_samples': 50, 'n_estimators': 500, 'num_leaves': 15, 'subsample': 0.8}",3.38569969503204,0.930738904087062,0.128122091293335
LightGBM,Baseline,1,"{'colsample_bytree': 0.6, 'learning_rate': 0.05, 'max_depth': 3, 'min_child_samples': 50, 'n_estimators': 500, 'num_leaves': 31, 'subsample': 0.6}",3.38628026534241,0.930715148652616,0.125748157501221
LightGBM,Baseline,1,"{'colsample_bytree': 0.6, 'learning_rate': 0.05, 'max_depth': 3, 'min_child_samples': 50, 'n_estimators': 500, 'num_leaves': 31, 'subsample': 0.8}",3.38628026434069,0.930715148693607,0.130475521087646
LightGBM,Baseline,1,"{'colsample_bytree': 0.6, 'learning_rate': 0.05, 'max_depth': 3, 'min_child_samples': 50, 'n_estimators': 500, 'num_leaves': 62, 'subsample': 0.6}",3.38569969478815,0.930738904097041,0.129266977310181
LightGBM,Baseline,1,"{'colsample_bytree': 0.6, 'learning_rate': 0.05, 'max_depth': 3, 'min_child_samples': 50, 'n_estimators': 500, 'num_leaves': 62, 'subsample': 0.8}",3.38628026426772,0.930715148696593,0.12937331199646
LightGBM,Baseline,1,"{'colsample_bytree': 0.6, 'learning_rate': 0.05, 'max_depth': 3, 'min_child_samples': 50, 'n_estimators': 750, 'num_leaves': 15, 'subsample': 0.6}",3.38569969520176,0.930738904080118,0.126100778579712
LightGBM,Baseline,1,"{'colsample_bytree': 0.6, 'learning_rate': 0.05, 'max_depth': 3, 'min_child_samples': 50, 'n_estimators': 750, 'num_leaves': 15, 'subsample': 0.8}",3.38628026483449,0.930715148673401,0.124598741531372
LightGBM,Baseline,1,"{'colsample_bytree': 0.6, 'learning_rate': 0.05, 'max_depth': 3, 'min_child_samples': 50, 'n_estimators': 750, 'num_leaves': 31, 'subsample': 0.6}",3.38628026399406,0.930715148707792,0.129170417785645
LightGBM,Baseline,1,"{'colsample_bytree': 0.6, 'learning_rate': 0.05, 'max_depth': 3, 'min_child_samples': 50, 'n_estimators': 750, 'num_leaves': 31, 'subsample': 0.8}",3.38569969515241,0.930738904082137,0.130256414413452
LightGBM,Baseline,1,"{'colsample_bytree': 0.6, 'learning_rate': 0.05, 'max_depth': 3, 'min_child_samples': 50, 'n_estimators': 750, 'num_leaves': 62, 'subsample': 0.6}",3.38569969443587,0.930738904111454,0.126298666000366
LightGBM,Baseline,1,"{'colsample_bytree': 0.6, 'learning_rate': 0.05, 'max_depth': 3, 'min_child_samples': 50, 'n_estimators': 750, 'num_leaves': 62, 'subsample': 0.8}",3.38628026460469,0.930715148682804,0.128081321716309
LightGBM,Baseline,1,"{'colsample_bytree': 0.6, 'learning_rate': 0.05, 'max_depth': 3, 'min_child_samples': 50, 'n_estimators': 1000, 'num_leaves': 15, 'subsample': 0.6}",3.38569969558899,0.930738904064275,0.128170490264893
LightGBM,Baseline,1,"{'colsample_bytree': 0.6, 'learning_rate': 0.05, 'max_depth': 3, 'min_child_samples': 50, 'n_estimators': 1000, 'num_leaves': 15, 'subsample': 0.8}",3.38569969516084,0.930738904081792,0.13177227973938
LightGBM,Baseline,1,"{'colsample_bytree': 0.6, 'learning_rate': 0.05, 'max_depth': 3, 'min_child_samples': 50, 'n_estimators': 1000, 'num_leaves': 31, 'subsample': 0.6}",3.38569969500376,0.930738904088219,0.127780914306641
LightGBM,Baseline,1,"{'colsample_bytree': 0.6, 'learning_rate': 0.05, 'max_depth': 3, 'min_child_samples': 50, 'n_estimators': 1000, 'num_leaves': 31, 'subsample': 0.8}",3.38628026439089,0.930715148691553,0.130725383758545
LightGBM,Baseline,1,"{'colsample_bytree': 0.6, 'learning_rate': 0.05, 'max_depth': 3, 'min_child_samples': 50, 'n_estimators': 1000, 'num_leaves': 62, 'subsample': 0.6}",3.38628026416702,0.930715148700714,0.124337911605835
LightGBM,Baseline,1,"{'colsample_bytree': 0.6, 'learning_rate': 0.05, 'max_depth': 3, 'min_child_samples': 50, 'n_estimators': 1000, 'num_leaves': 62, 'subsample': 0.8}",3.38569969514535,0.930738904082426,0.129358291625977
LightGBM,Baseline,1,"{'colsample_bytree': 0.6, 'learning_rate': 0.05, 'max_depth': 3, 'min_child_samples': 100, 'n_estimators': 500, 'num_leaves': 15, 'subsample': 0.6}",3.67462455231657,0.918413475087372,0.225106477737427
LightGBM,Baseline,1,"{'colsample_bytree': 0.6, 'learning_rate': 0.05, 'max_depth': 3, 'min_child_samples': 100, 'n_estimators': 500, 'num_leaves': 15, 'subsample': 0.8}",3.67462455339107,0.918413475039658,0.23453426361084
LightGBM,Baseline,1,"{'colsample_bytree': 0.6, 'learning_rate': 0.05, 'max_depth': 3, 'min_child_samples': 100, 'n_estimators': 500, 'num_leaves': 31, 'subsample': 0.6}",3.67462455281469,0.918413475065253,0.229123592376709
LightGBM,Baseline,1,"{'colsample_bytree': 0.6, 'learning_rate': 0.05, 'max_depth': 3, 'min_child_samples': 100, 'n_estimators': 500, 'num_leaves': 31, 'subsample': 0.8}",3.67462455254258,0.918413475077336,0.227556228637695
LightGBM,Baseline,1,"{'colsample_bytree': 0.6, 'learning_rate': 0.05, 'max_depth': 3, 'min_child_samples': 100, 'n_estimators': 500, 'num_leaves': 62, 'subsample': 0.6}",3.67462455153163,0.918413475122228,0.227685928344727
LightGBM,Baseline,1,"{'colsample_bytree': 0.6, 'learning_rate': 0.05, 'max_depth': 3, 'min_child_samples': 100, 'n_estimators': 500, 'num_leaves': 62, 'subsample': 0.8}",3.67462455307654,0.918413475053625,0.228542327880859
LightGBM,Baseline,1,"{'colsample_bytree': 0.6, 'learning_rate': 0.05, 'max_depth': 3, 'min_child_samples': 100, 'n_estimators': 750, 'num_leaves': 15, 'subsample': 0.6}",3.52355667848303,0.924983808129409,0.298290491104126
LightGBM,Baseline,1,"{'colsample_bytree': 0.6, 'learning_rate': 0.05, 'max_depth': 3, 'min_child_samples': 100, 'n_estimators': 750, 'num_leaves': 15, 'subsample': 0.8}",3.52355667891442,0.92498380811104,0.291430234909058
LightGBM,Baseline,1,"{'colsample_bytree': 0.6, 'learning_rate': 0.05, 'max_depth': 3, 'min_child_samples': 100, 'n_estimators': 750, 'num_leaves': 31, 'subsample': 0.6}",3.52355667828792,0.924983808137717,0.290762901306152
LightGBM,Baseline,1,"{'colsample_bytree': 0.6, 'learning_rate': 0.05, 'max_depth': 3, 'min_child_samples': 100, 'n_estimators': 750, 'num_leaves': 31, 'subsample': 0.8}",3.52355667740892,0.924983808175144,0.291827440261841
LightGBM,Baseline,1,"{'colsample_bytree': 0.6, 'learning_rate': 0.05, 'max_depth': 3, 'min_child_samples': 100, 'n_estimators': 750, 'num_leaves': 62, 'subsample': 0.6}",3.52355667782774,0.924983808157311,0.297346591949463
LightGBM,Baseline,1,"{'colsample_bytree': 0.6, 'learning_rate': 0.05, 'max_depth': 3, 'min_child_samples': 100, 'n_estimators': 750, 'num_leaves': 62, 'subsample': 0.8}",3.52355667869284,0.924983808120475,0.296897172927856
LightGBM,Baseline,1,"{'colsample_bytree': 0.6, 'learning_rate': 0.05, 'max_depth': 3, 'min_child_samples': 100, 'n_estimators': 1000, 'num_leaves': 15, 'subsample': 0.6}",3.42490733707984,0.929125478138766,0.372824668884277
LightGBM,Baseline,1,"{'colsample_bytree': 0.6, 'learning_rate': 0.05, 'max_depth': 3, 'min_child_samples': 100, 'n_estimators': 1000, 'num_leaves': 15, 'subsample': 0.8}",3.42490733650113,0.929125478162718,0.357888698577881
LightGBM,Baseline,1,"{'colsample_bytree': 0.6, 'learning_rate': 0.05, 'max_depth': 3, 'min_child_samples': 100, 'n_estimators': 1000, 'num_leaves': 31, 'subsample': 0.6}",3.42490733709702,0.929125478138055,0.357824087142944
LightGBM,Baseline,1,"{'colsample_bytree': 0.6, 'learning_rate': 0.05, 'max_depth': 3, 'min_child_samples': 100, 'n_estimators': 1000, 'num_leaves': 31, 'subsample': 0.8}",3.42490733683544,0.929125478148881,0.353253126144409
LightGBM,Baseline,1,"{'colsample_bytree': 0.6, 'learning_rate': 0.05, 'max_depth': 3, 'min_child_samples': 100, 'n_estimators': 1000, 'num_leaves': 62, 'subsample': 0.6}",3.42490733693705,0.929125478144676,0.363693714141846
LightGBM,Baseline,1,"{'colsample_bytree': 0.6, 'learning_rate': 0.05, 'max_depth': 3, 'min_child_samples': 100, 'n_estimators': 1000, 'num_leaves': 62, 'subsample': 0.8}",3.42490733661607,0.92912547815796,0.370397567749023
LightGBM,Baseline,1,"{'colsample_bytree': 0.6, 'learning_rate': 0.05, 'max_depth': 5, 'min_child_samples': 50, 'n_estimators': 500, 'num_leaves': 15, 'subsample': 0.6}",3.3833777947766,0.93083386951625,0.151849031448364
LightGBM,Baseline,1,"{'colsample_bytree': 0.6, 'learning_rate': 0.05, 'max_depth': 5, 'min_child_samples': 50, 'n_estimators': 500, 'num_leaves': 15, 'subsample': 0.8}",3.38321265639693,0.930840621173713,0.152020931243896
LightGBM,Baseline,1,"{'colsample_bytree': 0.6, 'learning_rate': 0.05, 'max_depth': 5, 'min_child_samples': 50, 'n_estimators': 500, 'num_leaves': 31, 'subsample': 0.6}",3.38421753856637,0.930799531620855,0.152204513549805
LightGBM,Baseline,1,"{'colsample_bytree': 0.6, 'learning_rate': 0.05, 'max_depth': 5, 'min_child_samples': 50, 'n_estimators': 500, 'num_leaves': 31, 'subsample': 0.8}",3.38337779629074,0.930833869454343,0.1446533203125
LightGBM,Baseline,1,"{'colsample_bytree': 0.6, 'learning_rate': 0.05, 'max_depth': 5, 'min_child_samples': 50, 'n_estimators': 500, 'num_leaves': 62, 'subsample': 0.6}",3.38337779627201,0.930833869455109,0.15110445022583
LightGBM,Baseline,1,"{'colsample_bytree': 0.6, 'learning_rate': 0.05, 'max_depth': 5, 'min_child_samples': 50, 'n_estimators': 500, 'num_leaves': 62, 'subsample': 0.8}",3.38421753850616,0.930799531623317,0.150908946990967
LightGBM,Baseline,1,"{'colsample_bytree': 0.6, 'learning_rate': 0.05, 'max_depth': 5, 'min_child_samples': 50, 'n_estimators': 750, 'num_leaves': 15, 'subsample': 0.6}",3.38421753926664,0.930799531592216,0.150664567947388
LightGBM,Baseline,1,"{'colsample_bytree': 0.6, 'learning_rate': 0.05, 'max_depth': 5, 'min_child_samples': 50, 'n_estimators': 750, 'num_leaves': 15, 'subsample': 0.8}",3.38405149658409,0.930806321906017,0.154911994934082
LightGBM,Baseline,1,"{'colsample_bytree': 0.6, 'learning_rate': 0.05, 'max_depth': 5, 'min_child_samples': 50, 'n_estimators': 750, 'num_leaves': 31, 'subsample': 0.6}",3.38405149630777,0.930806321917317,0.152821779251099
LightGBM,Baseline,1,"{'colsample_bytree': 0.6, 'learning_rate': 0.05, 'max_depth': 5, 'min_child_samples': 50, 'n_estimators': 750, 'num_leaves': 31, 'subsample': 0.8}",3.38421753953585,0.930799531581206,0.148632287979126
LightGBM,Baseline,1,"{'colsample_bytree': 0.6, 'learning_rate': 0.05, 'max_depth': 5, 'min_child_samples': 50, 'n_estimators': 750, 'num_leaves': 62, 'subsample': 0.6}",3.38421753907109,0.930799531600214,0.155942678451538
LightGBM,Baseline,1,"{'colsample_bytree': 0.6, 'learning_rate': 0.05, 'max_depth': 5, 'min_child_samples': 50, 'n_estimators': 750, 'num_leaves': 62, 'subsample': 0.8}",3.38337779489066,0.930833869511587,0.153724431991577
LightGBM,Baseline,1,"{'colsample_bytree': 0.6, 'learning_rate': 0.05, 'max_depth': 5, 'min_child_samples': 50, 'n_estimators': 1000, 'num_leaves': 15, 'subsample': 0.6}",3.38405149468727,0.930806321983585,0.147689580917358
LightGBM,Baseline,1,"{'colsample_bytree': 0.6, 'learning_rate': 0.05, 'max_depth': 5, 'min_child_samples': 50, 'n_estimators': 1000, 'num_leaves': 15, 'subsample': 0.8}",3.38316798650606,0.93084244743876,0.150185108184814
LightGBM,Baseline,1,"{'colsample_bytree': 0.6, 'learning_rate': 0.05, 'max_depth': 5, 'min_child_samples': 50, 'n_estimators': 1000, 'num_leaves': 31, 'subsample': 0.6}",3.38337779447827,0.930833869528448,0.149047613143921
LightGBM,Baseline,1,"{'colsample_bytree': 0.6, 'learning_rate': 0.05, 'max_depth': 5, 'min_child_samples': 50, 'n_estimators': 1000, 'num_leaves': 31, 'subsample': 0.8}",3.38337779510671,0.930833869502753,0.149782419204712
LightGBM,Baseline,1,"{'colsample_bytree': 0.6, 'learning_rate': 0.05, 'max_depth': 5, 'min_child_samples': 50, 'n_estimators': 1000, 'num_leaves': 62, 'subsample': 0.6}",3.38421753912822,0.930799531597877,0.150542497634888
LightGBM,Baseline,1,"{'colsample_bytree': 0.6, 'learning_rate': 0.05, 'max_depth': 5, 'min_child_samples': 50, 'n_estimators': 1000, 'num_leaves': 62, 'subsample': 0.8}",3.38316798594865,0.930842447461549,0.148136854171753
LightGBM,Baseline,1,"{'colsample_bytree': 0.6, 'learning_rate': 0.05, 'max_depth': 5, 'min_child_samples': 100, 'n_estimators': 500, 'num_leaves': 15, 'subsample': 0.6}",3.63615388964653,0.92011283660764,0.271291255950928
LightGBM,Baseline,1,"{'colsample_bytree': 0.6, 'learning_rate': 0.05, 'max_depth': 5, 'min_child_samples': 100, 'n_estimators': 500, 'num_leaves': 15, 'subsample': 0.8}",3.63603736336597,0.920117956745641,0.267740249633789
LightGBM,Baseline,1,"{'colsample_bytree': 0.6, 'learning_rate': 0.05, 'max_depth': 5, 'min_child_samples': 100, 'n_estimators': 500, 'num_leaves': 31, 'subsample': 0.6}",3.63603898161859,0.920117885641117,0.266794443130493
LightGBM,Baseline,1,"{'colsample_bytree': 0.6, 'learning_rate': 0.05, 'max_depth': 5, 'min_child_samples': 100, 'n_estimators': 500, 'num_leaves': 31, 'subsample': 0.8}",3.63615384620702,0.920112838516393,0.268827199935913
LightGBM,Baseline,1,"{'colsample_bytree': 0.6, 'learning_rate': 0.05, 'max_depth': 5, 'min_child_samples': 100, 'n_estimators': 500, 'num_leaves': 62, 'subsample': 0.6}",3.63615412269273,0.920112826367479,0.265357494354248
LightGBM,Baseline,1,"{'colsample_bytree': 0.6, 'learning_rate': 0.05, 'max_depth': 5, 'min_child_samples': 100, 'n_estimators': 500, 'num_leaves': 62, 'subsample': 0.8}",3.63603741811525,0.920117954340009,0.26594614982605
LightGBM,Baseline,1,"{'colsample_bytree': 0.6, 'learning_rate': 0.05, 'max_depth': 5, 'min_child_samples': 100, 'n_estimators': 750, 'num_leaves': 15, 'subsample': 0.6}",3.53672943126183,0.924421866337291,0.359622001647949
LightGBM,Baseline,1,"{'colsample_bytree': 0.6, 'learning_rate': 0.05, 'max_depth': 5, 'min_child_samples': 100, 'n_estimators': 750, 'num_leaves': 15, 'subsample': 0.8}",3.53673523743256,0.924421618187176,0.345337629318237
LightGBM,Baseline,1,"{'colsample_bytree': 0.6, 'learning_rate': 0.05, 'max_depth': 5, 'min_child_samples': 100, 'n_estimators': 750, 'num_leaves': 31, 'subsample': 0.6}",3.53673394235559,0.924421673537547,0.350786209106445
LightGBM,Baseline,1,"{'colsample_bytree': 0.6, 'learning_rate': 0.05, 'max_depth': 5, 'min_child_samples': 100, 'n_estimators': 750, 'num_leaves': 31, 'subsample': 0.8}",3.5366172328485,0.924426661508841,0.351741790771484
LightGBM,Baseline,1,"{'colsample_bytree': 0.6, 'learning_rate': 0.05, 'max_depth': 5, 'min_child_samples': 100, 'n_estimators': 750, 'num_leaves': 62, 'subsample': 0.6}",3.53662034387941,0.924426528550661,0.35964035987854
LightGBM,Baseline,1,"{'colsample_bytree': 0.6, 'learning_rate': 0.05, 'max_depth': 5, 'min_child_samples': 100, 'n_estimators': 750, 'num_leaves': 62, 'subsample': 0.8}",3.53668613206296,0.924423716890279,0.349166870117188
LightGBM,Baseline,1,"{'colsample_bytree': 0.6, 'learning_rate': 0.05, 'max_depth': 5, 'min_child_samples': 100, 'n_estimators': 1000, 'num_leaves': 15, 'subsample': 0.6}",3.47116793983336,0.927197927612283,0.42958402633667
LightGBM,Baseline,1,"{'colsample_bytree': 0.6, 'learning_rate': 0.05, 'max_depth': 5, 'min_child_samples': 100, 'n_estimators': 1000, 'num_leaves': 15, 'subsample': 0.8}",3.47117806265164,0.927197502992537,0.436144113540649
LightGBM,Baseline,1,"{'colsample_bytree': 0.6, 'learning_rate': 0.05, 'max_depth': 5, 'min_child_samples': 100, 'n_estimators': 1000, 'num_leaves': 31, 'subsample': 0.6}",3.47125025301104,0.927194474802695,0.443660020828247
LightGBM,Baseline,1,"{'colsample_bytree': 0.6, 'learning_rate': 0.05, 'max_depth': 5, 'min_child_samples': 100, 'n_estimators': 1000, 'num_leaves': 31, 'subsample': 0.8}",3.47119374062703,0.927196845349331,0.43895411491394
LightGBM,Baseline,1,"{'colsample_bytree': 0.6, 'learning_rate': 0.05, 'max_depth': 5, 'min_child_samples': 100, 'n_estimators': 1000, 'num_leaves': 62, 'subsample': 0.6}",3.47131940934002,0.92719157382314,0.439133405685425
LightGBM,Baseline,1,"{'colsample_bytree': 0.6, 'learning_rate': 0.05, 'max_depth': 5, 'min_child_samples': 100, 'n_estimators': 1000, 'num_leaves': 62, 'subsample': 0.8}",3.4712645892044,0.927193873430759,0.440115451812744
LightGBM,Baseline,1,"{'colsample_bytree': 0.6, 'learning_rate': 0.05, 'max_depth': 9, 'min_child_samples': 50, 'n_estimators': 500, 'num_leaves': 15, 'subsample': 0.6}",3.38202311973741,0.930889245462034,0.187691926956177
LightGBM,Baseline,1,"{'colsample_bytree': 0.6, 'learning_rate': 0.05, 'max_depth': 9, 'min_child_samples': 50, 'n_estimators': 500, 'num_leaves': 15, 'subsample': 0.8}",3.38150277335315,0.930910510109558,0.184855699539185
LightGBM,Baseline,1,"{'colsample_bytree': 0.6, 'learning_rate': 0.05, 'max_depth': 9, 'min_child_samples': 50, 'n_estimators': 500, 'num_leaves': 31, 'subsample': 0.6}",3.38202311921307,0.930889245483464,0.187548398971558
LightGBM,Baseline,1,"{'colsample_bytree': 0.6, 'learning_rate': 0.05, 'max_depth': 9, 'min_child_samples': 50, 'n_estimators': 500, 'num_leaves': 31, 'subsample': 0.8}",3.38150277337236,0.930910510108773,0.224277496337891
LightGBM,Baseline,1,"{'colsample_bytree': 0.6, 'learning_rate': 0.05, 'max_depth': 9, 'min_child_samples': 50, 'n_estimators': 500, 'num_leaves': 62, 'subsample': 0.6}",3.38150277364121,0.930910510097787,0.180803775787354
LightGBM,Baseline,1,"{'colsample_bytree': 0.6, 'learning_rate': 0.05, 'max_depth': 9, 'min_child_samples': 50, 'n_estimators': 500, 'num_leaves': 62, 'subsample': 0.8}",3.38202311896792,0.930889245493483,0.169697284698486
LightGBM,Baseline,1,"{'colsample_bytree': 0.6, 'learning_rate': 0.05, 'max_depth': 9, 'min_child_samples': 50, 'n_estimators': 750, 'num_leaves': 15, 'subsample': 0.6}",3.38150277228229,0.930910510153316,0.170435190200806
LightGBM,Baseline,1,"{'colsample_bytree': 0.6, 'learning_rate': 0.05, 'max_depth': 9, 'min_child_samples': 50, 'n_estimators': 750, 'num_leaves': 15, 'subsample': 0.8}",3.38150277294244,0.930910510126341,0.173551559448242
LightGBM,Baseline,1,"{'colsample_bytree': 0.6, 'learning_rate': 0.05, 'max_depth': 9, 'min_child_samples': 50, 'n_estimators': 750, 'num_leaves': 31, 'subsample': 0.6}",3.38150277356294,0.930910510100985,0.168091773986816
LightGBM,Baseline,1,"{'colsample_bytree': 0.6, 'learning_rate': 0.05, 'max_depth': 9, 'min_child_samples': 50, 'n_estimators': 750, 'num_leaves': 31, 'subsample': 0.8}",3.38150277380274,0.930910510091186,0.170951843261719
LightGBM,Baseline,1,"{'colsample_bytree': 0.6, 'learning_rate': 0.05, 'max_depth': 9, 'min_child_samples': 50, 'n_estimators': 750, 'num_leaves': 62, 'subsample': 0.6}",3.38150277361417,0.930910510098892,0.185811519622803
LightGBM,Baseline,1,"{'colsample_bytree': 0.6, 'learning_rate': 0.05, 'max_depth': 9, 'min_child_samples': 50, 'n_estimators': 750, 'num_leaves': 62, 'subsample': 0.8}",3.38150277216477,0.930910510158119,0.193195343017578
LightGBM,Baseline,1,"{'colsample_bytree': 0.6, 'learning_rate': 0.05, 'max_depth': 9, 'min_child_samples': 50, 'n_estimators': 1000, 'num_leaves': 15, 'subsample': 0.6}",3.38150277474887,0.930910510052524,0.18920111656189
LightGBM,Baseline,1,"{'colsample_bytree': 0.6, 'learning_rate': 0.05, 'max_depth': 9, 'min_child_samples': 50, 'n_estimators': 1000, 'num_leaves': 15, 'subsample': 0.8}",3.38150277140735,0.930910510189069,0.175608158111572
LightGBM,Baseline,1,"{'colsample_bytree': 0.6, 'learning_rate': 0.05, 'max_depth': 9, 'min_child_samples': 50, 'n_estimators': 1000, 'num_leaves': 31, 'subsample': 0.6}",3.38150277143911,0.930910510187772,0.188187837600708
LightGBM,Baseline,1,"{'colsample_bytree': 0.6, 'learning_rate': 0.05, 'max_depth': 9, 'min_child_samples': 50, 'n_estimators': 1000, 'num_leaves': 31, 'subsample': 0.8}",3.38150277156833,0.930910510182491,0.179945945739746
LightGBM,Baseline,1,"{'colsample_bytree': 0.6, 'learning_rate': 0.05, 'max_depth': 9, 'min_child_samples': 50, 'n_estimators': 1000, 'num_leaves': 62, 'subsample': 0.6}",3.38150277159118,0.930910510181558,0.183945655822754
LightGBM,Baseline,1,"{'colsample_bytree': 0.6, 'learning_rate': 0.05, 'max_depth': 9, 'min_child_samples': 50, 'n_estimators': 1000, 'num_leaves': 62, 'subsample': 0.8}",3.38150277133623,0.930910510191976,0.18018651008606
LightGBM,Baseline,1,"{'colsample_bytree': 0.6, 'learning_rate': 0.05, 'max_depth': 9, 'min_child_samples': 100, 'n_estimators': 500, 'num_leaves': 15, 'subsample': 0.6}",3.61990968579832,0.920825020259581,0.265838146209717
LightGBM,Baseline,1,"{'colsample_bytree': 0.6, 'learning_rate': 0.05, 'max_depth': 9, 'min_child_samples': 100, 'n_estimators': 500, 'num_leaves': 15, 'subsample': 0.8}",3.61991697191177,0.920824701534246,0.266364812850952
LightGBM,Baseline,1,"{'colsample_bytree': 0.6, 'learning_rate': 0.05, 'max_depth': 9, 'min_child_samples': 100, 'n_estimators': 500, 'num_leaves': 31, 'subsample': 0.6}",3.61991825399711,0.920824645450358,0.266642570495605
LightGBM,Baseline,1,"{'colsample_bytree': 0.6, 'learning_rate': 0.05, 'max_depth': 9, 'min_child_samples': 100, 'n_estimators': 500, 'num_leaves': 31, 'subsample': 0.8}",3.61991697184959,0.920824701536966,0.273589372634888
LightGBM,Baseline,1,"{'colsample_bytree': 0.6, 'learning_rate': 0.05, 'max_depth': 9, 'min_child_samples': 100, 'n_estimators': 500, 'num_leaves': 62, 'subsample': 0.6}",3.61990968446591,0.920825020317867,0.269710779190064
LightGBM,Baseline,1,"{'colsample_bytree': 0.6, 'learning_rate': 0.05, 'max_depth': 9, 'min_child_samples': 100, 'n_estimators': 500, 'num_leaves': 62, 'subsample': 0.8}",3.61991334345164,0.920824860258477,0.268164396286011
LightGBM,Baseline,1,"{'colsample_bytree': 0.6, 'learning_rate': 0.05, 'max_depth': 9, 'min_child_samples': 100, 'n_estimators': 750, 'num_leaves': 15, 'subsample': 0.6}",3.51668822870375,0.925275980392486,0.347391366958618
LightGBM,Baseline,1,"{'colsample_bytree': 0.6, 'learning_rate': 0.05, 'max_depth': 9, 'min_child_samples': 100, 'n_estimators': 750, 'num_leaves': 15, 'subsample': 0.8}",3.51668094669741,0.925276289854222,0.359757661819458
LightGBM,Baseline,1,"{'colsample_bytree': 0.6, 'learning_rate': 0.05, 'max_depth': 9, 'min_child_samples': 100, 'n_estimators': 750, 'num_leaves': 31, 'subsample': 0.6}",3.51667730372479,0.925276444668544,0.348973989486694
LightGBM,Baseline,1,"{'colsample_bytree': 0.6, 'learning_rate': 0.05, 'max_depth': 9, 'min_child_samples': 100, 'n_estimators': 750, 'num_leaves': 31, 'subsample': 0.8}",3.51669356830863,0.925275753476128,0.354385375976563
LightGBM,Baseline,1,"{'colsample_bytree': 0.6, 'learning_rate': 0.05, 'max_depth': 9, 'min_child_samples': 100, 'n_estimators': 750, 'num_leaves': 62, 'subsample': 0.6}",3.5166702204546,0.925276745683709,0.360474348068237
LightGBM,Baseline,1,"{'colsample_bytree': 0.6, 'learning_rate': 0.05, 'max_depth': 9, 'min_child_samples': 100, 'n_estimators': 750, 'num_leaves': 62, 'subsample': 0.8}",3.51654152610227,0.925282214655353,0.353399038314819
LightGBM,Baseline,1,"{'colsample_bytree': 0.6, 'learning_rate': 0.05, 'max_depth': 9, 'min_child_samples': 100, 'n_estimators': 1000, 'num_leaves': 15, 'subsample': 0.6}",3.45408886476458,0.927912576497127,0.442432165145874
LightGBM,Baseline,1,"{'colsample_bytree': 0.6, 'learning_rate': 0.05, 'max_depth': 9, 'min_child_samples': 100, 'n_estimators': 1000, 'num_leaves': 15, 'subsample': 0.8}",3.45416419796681,0.927909432029289,0.428897619247437
LightGBM,Baseline,1,"{'colsample_bytree': 0.6, 'learning_rate': 0.05, 'max_depth': 9, 'min_child_samples': 100, 'n_estimators': 1000, 'num_leaves': 31, 'subsample': 0.6}",3.45405832029271,0.927913851428161,0.438088655471802
LightGBM,Baseline,1,"{'colsample_bytree': 0.6, 'learning_rate': 0.05, 'max_depth': 9, 'min_child_samples': 100, 'n_estimators': 1000, 'num_leaves': 31, 'subsample': 0.8}",3.4540430939724,0.927914486972941,0.435490846633911
LightGBM,Baseline,1,"{'colsample_bytree': 0.6, 'learning_rate': 0.05, 'max_depth': 9, 'min_child_samples': 100, 'n_estimators': 1000, 'num_leaves': 62, 'subsample': 0.6}",3.45404797572555,0.927914283209457,0.442370176315308
LightGBM,Baseline,1,"{'colsample_bytree': 0.6, 'learning_rate': 0.05, 'max_depth': 9, 'min_child_samples': 100, 'n_estimators': 1000, 'num_leaves': 62, 'subsample': 0.8}",3.45416684872713,0.927909321383194,0.446043491363525
LightGBM,Baseline,1,"{'colsample_bytree': 0.8, 'learning_rate': 0.01, 'max_depth': 3, 'min_child_samples': 50, 'n_estimators': 500, 'num_leaves': 15, 'subsample': 0.6}",3.37096800173551,0.931340323883095,0.216281175613403
LightGBM,Baseline,1,"{'colsample_bytree': 0.8, 'learning_rate': 0.01, 'max_depth': 3, 'min_child_samples': 50, 'n_estimators': 500, 'num_leaves': 15, 'subsample': 0.8}",3.37096800140299,0.93134032389664,0.217645883560181
LightGBM,Baseline,1,"{'colsample_bytree': 0.8, 'learning_rate': 0.01, 'max_depth': 3, 'min_child_samples': 50, 'n_estimators': 500, 'num_leaves': 31, 'subsample': 0.6}",3.37068147015078,0.931351995503642,0.218690395355225
LightGBM,Baseline,1,"{'colsample_bytree': 0.8, 'learning_rate': 0.01, 'max_depth': 3, 'min_child_samples': 50, 'n_estimators': 500, 'num_leaves': 31, 'subsample': 0.8}",3.37082340211459,0.931346214149746,0.28511643409729
LightGBM,Baseline,1,"{'colsample_bytree': 0.8, 'learning_rate': 0.01, 'max_depth': 3, 'min_child_samples': 50, 'n_estimators': 500, 'num_leaves': 62, 'subsample': 0.6}",3.37068147077621,0.931351995478167,0.251053333282471
LightGBM,Baseline,1,"{'colsample_bytree': 0.8, 'learning_rate': 0.01, 'max_depth': 3, 'min_child_samples': 50, 'n_estimators': 500, 'num_leaves': 62, 'subsample': 0.8}",3.37082097311897,0.931346313092743,0.254299879074097
LightGBM,Baseline,1,"{'colsample_bytree': 0.8, 'learning_rate': 0.01, 'max_depth': 3, 'min_child_samples': 50, 'n_estimators': 750, 'num_leaves': 15, 'subsample': 0.6}",3.37096304598446,0.931340525759832,0.271662712097168
LightGBM,Baseline,1,"{'colsample_bytree': 0.8, 'learning_rate': 0.01, 'max_depth': 3, 'min_child_samples': 50, 'n_estimators': 750, 'num_leaves': 15, 'subsample': 0.8}",3.37068147043762,0.931351995491959,0.219821929931641
LightGBM,Baseline,1,"{'colsample_bytree': 0.8, 'learning_rate': 0.01, 'max_depth': 3, 'min_child_samples': 50, 'n_estimators': 750, 'num_leaves': 31, 'subsample': 0.6}",3.3708234015207,0.931346214173937,0.217576026916504
LightGBM,Baseline,1,"{'colsample_bytree': 0.8, 'learning_rate': 0.01, 'max_depth': 3, 'min_child_samples': 50, 'n_estimators': 750, 'num_leaves': 31, 'subsample': 0.8}",3.37068146959825,0.931351995526148,0.209244966506958
LightGBM,Baseline,1,"{'colsample_bytree': 0.8, 'learning_rate': 0.01, 'max_depth': 3, 'min_child_samples': 50, 'n_estimators': 750, 'num_leaves': 62, 'subsample': 0.6}",3.37068147053673,0.931351995487921,0.221723079681396
LightGBM,Baseline,1,"{'colsample_bytree': 0.8, 'learning_rate': 0.01, 'max_depth': 3, 'min_child_samples': 50, 'n_estimators': 750, 'num_leaves': 62, 'subsample': 0.8}",3.37068147018225,0.93135199550236,0.20966362953186
LightGBM,Baseline,1,"{'colsample_bytree': 0.8, 'learning_rate': 0.01, 'max_depth': 3, 'min_child_samples': 50, 'n_estimators': 1000, 'num_leaves': 15, 'subsample': 0.6}",3.37068146997129,0.931351995510953,0.209871768951416
LightGBM,Baseline,1,"{'colsample_bytree': 0.8, 'learning_rate': 0.01, 'max_depth': 3, 'min_child_samples': 50, 'n_estimators': 1000, 'num_leaves': 15, 'subsample': 0.8}",3.37068147034768,0.931351995495622,0.210352659225464
LightGBM,Baseline,1,"{'colsample_bytree': 0.8, 'learning_rate': 0.01, 'max_depth': 3, 'min_child_samples': 50, 'n_estimators': 1000, 'num_leaves': 31, 'subsample': 0.6}",3.37082340172229,0.931346214165726,0.223650217056274
LightGBM,Baseline,1,"{'colsample_bytree': 0.8, 'learning_rate': 0.01, 'max_depth': 3, 'min_child_samples': 50, 'n_estimators': 1000, 'num_leaves': 31, 'subsample': 0.8}",3.37068147055026,0.93135199548737,0.229158163070679
LightGBM,Baseline,1,"{'colsample_bytree': 0.8, 'learning_rate': 0.01, 'max_depth': 3, 'min_child_samples': 50, 'n_estimators': 1000, 'num_leaves': 62, 'subsample': 0.6}",3.37082340210149,0.93134621415028,0.229487419128418
LightGBM,Baseline,1,"{'colsample_bytree': 0.8, 'learning_rate': 0.01, 'max_depth': 3, 'min_child_samples': 50, 'n_estimators': 1000, 'num_leaves': 62, 'subsample': 0.8}",3.37082340206767,0.931346214151657,0.230048894882202
LightGBM,Baseline,1,"{'colsample_bytree': 0.8, 'learning_rate': 0.01, 'max_depth': 3, 'min_child_samples': 100, 'n_estimators': 500, 'num_leaves': 15, 'subsample': 0.6}",5.18908745287422,0.837304901080881,0.236975193023682
LightGBM,Baseline,1,"{'colsample_bytree': 0.8, 'learning_rate': 0.01, 'max_depth': 3, 'min_child_samples': 100, 'n_estimators': 500, 'num_leaves': 15, 'subsample': 0.8}",5.18908745396174,0.837304901012686,0.223815202713013
LightGBM,Baseline,1,"{'colsample_bytree': 0.8, 'learning_rate': 0.01, 'max_depth': 3, 'min_child_samples': 100, 'n_estimators': 500, 'num_leaves': 31, 'subsample': 0.6}",5.18908745501494,0.837304900946643,0.224395990371704
LightGBM,Baseline,1,"{'colsample_bytree': 0.8, 'learning_rate': 0.01, 'max_depth': 3, 'min_child_samples': 100, 'n_estimators': 500, 'num_leaves': 31, 'subsample': 0.8}",5.18908745438834,0.837304900985936,0.23152494430542
LightGBM,Baseline,1,"{'colsample_bytree': 0.8, 'learning_rate': 0.01, 'max_depth': 3, 'min_child_samples': 100, 'n_estimators': 500, 'num_leaves': 62, 'subsample': 0.6}",5.18908745391772,0.837304901015447,0.231996536254883
LightGBM,Baseline,1,"{'colsample_bytree': 0.8, 'learning_rate': 0.01, 'max_depth': 3, 'min_child_samples': 100, 'n_estimators': 500, 'num_leaves': 62, 'subsample': 0.8}",5.18908745456403,0.837304900974919,0.228548526763916
LightGBM,Baseline,1,"{'colsample_bytree': 0.8, 'learning_rate': 0.01, 'max_depth': 3, 'min_child_samples': 100, 'n_estimators': 750, 'num_leaves': 15, 'subsample': 0.6}",4.60569069150437,0.871831285973044,0.289416790008545
LightGBM,Baseline,1,"{'colsample_bytree': 0.8, 'learning_rate': 0.01, 'max_depth': 3, 'min_child_samples': 100, 'n_estimators': 750, 'num_leaves': 15, 'subsample': 0.8}",4.60569069152305,0.871831285972005,0.293236970901489
LightGBM,Baseline,1,"{'colsample_bytree': 0.8, 'learning_rate': 0.01, 'max_depth': 3, 'min_child_samples': 100, 'n_estimators': 750, 'num_leaves': 31, 'subsample': 0.6}",4.60569069145998,0.871831285975515,0.285719633102417
LightGBM,Baseline,1,"{'colsample_bytree': 0.8, 'learning_rate': 0.01, 'max_depth': 3, 'min_child_samples': 100, 'n_estimators': 750, 'num_leaves': 31, 'subsample': 0.8}",4.60569069136034,0.871831285981061,0.289994955062866
LightGBM,Baseline,1,"{'colsample_bytree': 0.8, 'learning_rate': 0.01, 'max_depth': 3, 'min_child_samples': 100, 'n_estimators': 750, 'num_leaves': 62, 'subsample': 0.6}",4.60569069036325,0.871831286036556,0.301140546798706
LightGBM,Baseline,1,"{'colsample_bytree': 0.8, 'learning_rate': 0.01, 'max_depth': 3, 'min_child_samples': 100, 'n_estimators': 750, 'num_leaves': 62, 'subsample': 0.8}",4.60569069109324,0.871831285995927,0.293307304382324
LightGBM,Baseline,1,"{'colsample_bytree': 0.8, 'learning_rate': 0.01, 'max_depth': 3, 'min_child_samples': 100, 'n_estimators': 1000, 'num_leaves': 15, 'subsample': 0.6}",4.29987728688056,0.888286768856636,0.347970008850098
LightGBM,Baseline,1,"{'colsample_bytree': 0.8, 'learning_rate': 0.01, 'max_depth': 3, 'min_child_samples': 100, 'n_estimators': 1000, 'num_leaves': 15, 'subsample': 0.8}",4.29987728685794,0.888286768857811,0.351296186447144
LightGBM,Baseline,1,"{'colsample_bytree': 0.8, 'learning_rate': 0.01, 'max_depth': 3, 'min_child_samples': 100, 'n_estimators': 1000, 'num_leaves': 31, 'subsample': 0.6}",4.29987728705843,0.888286768847394,0.35354471206665
LightGBM,Baseline,1,"{'colsample_bytree': 0.8, 'learning_rate': 0.01, 'max_depth': 3, 'min_child_samples': 100, 'n_estimators': 1000, 'num_leaves': 31, 'subsample': 0.8}",4.29987728635049,0.888286768884179,0.456434011459351
LightGBM,Baseline,1,"{'colsample_bytree': 0.8, 'learning_rate': 0.01, 'max_depth': 3, 'min_child_samples': 100, 'n_estimators': 1000, 'num_leaves': 62, 'subsample': 0.6}",4.29987728591465,0.888286768906826,0.391660690307617
LightGBM,Baseline,1,"{'colsample_bytree': 0.8, 'learning_rate': 0.01, 'max_depth': 3, 'min_child_samples': 100, 'n_estimators': 1000, 'num_leaves': 62, 'subsample': 0.8}",4.29987728726311,0.888286768836758,0.346232414245605
LightGBM,Baseline,1,"{'colsample_bytree': 0.8, 'learning_rate': 0.01, 'max_depth': 5, 'min_child_samples': 50, 'n_estimators': 500, 'num_leaves': 15, 'subsample': 0.6}",3.36309146941483,0.931660806514016,0.261580467224121
LightGBM,Baseline,1,"{'colsample_bytree': 0.8, 'learning_rate': 0.01, 'max_depth': 5, 'min_child_samples': 50, 'n_estimators': 500, 'num_leaves': 15, 'subsample': 0.8}",3.36326539743049,0.931653737775162,0.258206844329834
LightGBM,Baseline,1,"{'colsample_bytree': 0.8, 'learning_rate': 0.01, 'max_depth': 5, 'min_child_samples': 50, 'n_estimators': 500, 'num_leaves': 31, 'subsample': 0.6}",3.36308292043853,0.931661153949944,0.269385099411011
LightGBM,Baseline,1,"{'colsample_bytree': 0.8, 'learning_rate': 0.01, 'max_depth': 5, 'min_child_samples': 50, 'n_estimators': 500, 'num_leaves': 31, 'subsample': 0.8}",3.36309146956318,0.931660806507987,0.259642839431763
LightGBM,Baseline,1,"{'colsample_bytree': 0.8, 'learning_rate': 0.01, 'max_depth': 5, 'min_child_samples': 50, 'n_estimators': 500, 'num_leaves': 62, 'subsample': 0.6}",3.36326539802149,0.931653737751142,0.258469820022583
LightGBM,Baseline,1,"{'colsample_bytree': 0.8, 'learning_rate': 0.01, 'max_depth': 5, 'min_child_samples': 50, 'n_estimators': 500, 'num_leaves': 62, 'subsample': 0.8}",3.36309147034757,0.931660806476108,0.283456325531006
LightGBM,Baseline,1,"{'colsample_bytree': 0.8, 'learning_rate': 0.01, 'max_depth': 5, 'min_child_samples': 50, 'n_estimators': 750, 'num_leaves': 15, 'subsample': 0.6}",3.36322705864036,0.931655295962078,0.300952434539795
LightGBM,Baseline,1,"{'colsample_bytree': 0.8, 'learning_rate': 0.01, 'max_depth': 5, 'min_child_samples': 50, 'n_estimators': 750, 'num_leaves': 15, 'subsample': 0.8}",3.36309146952845,0.931660806509398,0.310738086700439
LightGBM,Baseline,1,"{'colsample_bytree': 0.8, 'learning_rate': 0.01, 'max_depth': 5, 'min_child_samples': 50, 'n_estimators': 750, 'num_leaves': 31, 'subsample': 0.6}",3.36286882799344,0.931669854517426,0.308484554290772
LightGBM,Baseline,1,"{'colsample_bytree': 0.8, 'learning_rate': 0.01, 'max_depth': 5, 'min_child_samples': 50, 'n_estimators': 750, 'num_leaves': 31, 'subsample': 0.8}",3.36322705866568,0.931655295961049,0.312341928482056
LightGBM,Baseline,1,"{'colsample_bytree': 0.8, 'learning_rate': 0.01, 'max_depth': 5, 'min_child_samples': 50, 'n_estimators': 750, 'num_leaves': 62, 'subsample': 0.6}",3.36306971292791,0.931661690709984,0.317311525344849
LightGBM,Baseline,1,"{'colsample_bytree': 0.8, 'learning_rate': 0.01, 'max_depth': 5, 'min_child_samples': 50, 'n_estimators': 750, 'num_leaves': 62, 'subsample': 0.8}",3.36305212663556,0.9316624054227,0.31031608581543
LightGBM,Baseline,1,"{'colsample_bytree': 0.8, 'learning_rate': 0.01, 'max_depth': 5, 'min_child_samples': 50, 'n_estimators': 1000, 'num_leaves': 15, 'subsample': 0.6}",3.36305212568894,0.931662405461171,0.311633586883545
LightGBM,Baseline,1,"{'colsample_bytree': 0.8, 'learning_rate': 0.01, 'max_depth': 5, 'min_child_samples': 50, 'n_estimators': 1000, 'num_leaves': 15, 'subsample': 0.8}",3.36322705855568,0.931655295965519,0.396767854690552
LightGBM,Baseline,1,"{'colsample_bytree': 0.8, 'learning_rate': 0.01, 'max_depth': 5, 'min_child_samples': 50, 'n_estimators': 1000, 'num_leaves': 31, 'subsample': 0.6}",3.36322705890463,0.931655295951337,0.283726930618286
LightGBM,Baseline,1,"{'colsample_bytree': 0.8, 'learning_rate': 0.01, 'max_depth': 5, 'min_child_samples': 50, 'n_estimators': 1000, 'num_leaves': 31, 'subsample': 0.8}",3.36304352775534,0.931662754882665,0.284466743469238
LightGBM,Baseline,1,"{'colsample_bytree': 0.8, 'learning_rate': 0.01, 'max_depth': 5, 'min_child_samples': 50, 'n_estimators': 1000, 'num_leaves': 62, 'subsample': 0.6}",3.36305212535781,0.931662405474628,0.279970407485962
LightGBM,Baseline,1,"{'colsample_bytree': 0.8, 'learning_rate': 0.01, 'max_depth': 5, 'min_child_samples': 50, 'n_estimators': 1000, 'num_leaves': 62, 'subsample': 0.8}",3.36322705922214,0.931655295938433,0.288209676742554
LightGBM,Baseline,1,"{'colsample_bytree': 0.8, 'learning_rate': 0.01, 'max_depth': 5, 'min_child_samples': 100, 'n_estimators': 500, 'num_leaves': 15, 'subsample': 0.6}",5.15977265822407,0.839137940747248,0.247451066970825
LightGBM,Baseline,1,"{'colsample_bytree': 0.8, 'learning_rate': 0.01, 'max_depth': 5, 'min_child_samples': 100, 'n_estimators': 500, 'num_leaves': 15, 'subsample': 0.8}",5.15977265719143,0.839137940811636,0.245104789733887
LightGBM,Baseline,1,"{'colsample_bytree': 0.8, 'learning_rate': 0.01, 'max_depth': 5, 'min_child_samples': 100, 'n_estimators': 500, 'num_leaves': 31, 'subsample': 0.6}",5.15977265763906,0.839137940783725,0.257864952087402
LightGBM,Baseline,1,"{'colsample_bytree': 0.8, 'learning_rate': 0.01, 'max_depth': 5, 'min_child_samples': 100, 'n_estimators': 500, 'num_leaves': 31, 'subsample': 0.8}",5.15977265770003,0.839137940779923,0.278768062591553
LightGBM,Baseline,1,"{'colsample_bytree': 0.8, 'learning_rate': 0.01, 'max_depth': 5, 'min_child_samples': 100, 'n_estimators': 500, 'num_leaves': 62, 'subsample': 0.6}",5.15977265736606,0.839137940800747,0.271247386932373
LightGBM,Baseline,1,"{'colsample_bytree': 0.8, 'learning_rate': 0.01, 'max_depth': 5, 'min_child_samples': 100, 'n_estimators': 500, 'num_leaves': 62, 'subsample': 0.8}",5.15977265769578,0.839137940780188,0.268799304962158
LightGBM,Baseline,1,"{'colsample_bytree': 0.8, 'learning_rate': 0.01, 'max_depth': 5, 'min_child_samples': 100, 'n_estimators': 750, 'num_leaves': 15, 'subsample': 0.6}",4.56409779453323,0.874135755548357,0.363111972808838
LightGBM,Baseline,1,"{'colsample_bytree': 0.8, 'learning_rate': 0.01, 'max_depth': 5, 'min_child_samples': 100, 'n_estimators': 750, 'num_leaves': 15, 'subsample': 0.8}",4.56409779664572,0.874135755431845,0.355722427368164
LightGBM,Baseline,1,"{'colsample_bytree': 0.8, 'learning_rate': 0.01, 'max_depth': 5, 'min_child_samples': 100, 'n_estimators': 750, 'num_leaves': 31, 'subsample': 0.6}",4.56409779654734,0.874135755437271,0.356434106826782
LightGBM,Baseline,1,"{'colsample_bytree': 0.8, 'learning_rate': 0.01, 'max_depth': 5, 'min_child_samples': 100, 'n_estimators': 750, 'num_leaves': 31, 'subsample': 0.8}",4.56409779638739,0.874135755446093,0.358314990997314
LightGBM,Baseline,1,"{'colsample_bytree': 0.8, 'learning_rate': 0.01, 'max_depth': 5, 'min_child_samples': 100, 'n_estimators': 750, 'num_leaves': 62, 'subsample': 0.6}",4.56409779677399,0.87413575542477,0.367779970169067
LightGBM,Baseline,1,"{'colsample_bytree': 0.8, 'learning_rate': 0.01, 'max_depth': 5, 'min_child_samples': 100, 'n_estimators': 750, 'num_leaves': 62, 'subsample': 0.8}",4.56409779652141,0.874135755438701,0.36160945892334
LightGBM,Baseline,1,"{'colsample_bytree': 0.8, 'learning_rate': 0.01, 'max_depth': 5, 'min_child_samples': 100, 'n_estimators': 1000, 'num_leaves': 15, 'subsample': 0.6}",4.24702657316704,0.891016074452434,0.46733546257019
LightGBM,Baseline,1,"{'colsample_bytree': 0.8, 'learning_rate': 0.01, 'max_depth': 5, 'min_child_samples': 100, 'n_estimators': 1000, 'num_leaves': 15, 'subsample': 0.8}",4.24702657294748,0.891016074463702,0.438134908676147
LightGBM,Baseline,1,"{'colsample_bytree': 0.8, 'learning_rate': 0.01, 'max_depth': 5, 'min_child_samples': 100, 'n_estimators': 1000, 'num_leaves': 31, 'subsample': 0.6}",4.24702657357043,0.891016074431731,0.452703237533569
LightGBM,Baseline,1,"{'colsample_bytree': 0.8, 'learning_rate': 0.01, 'max_depth': 5, 'min_child_samples': 100, 'n_estimators': 1000, 'num_leaves': 31, 'subsample': 0.8}",4.24702657387638,0.891016074416029,0.437613725662231
LightGBM,Baseline,1,"{'colsample_bytree': 0.8, 'learning_rate': 0.01, 'max_depth': 5, 'min_child_samples': 100, 'n_estimators': 1000, 'num_leaves': 62, 'subsample': 0.6}",4.24702657330048,0.891016074445585,0.454313516616821
LightGBM,Baseline,1,"{'colsample_bytree': 0.8, 'learning_rate': 0.01, 'max_depth': 5, 'min_child_samples': 100, 'n_estimators': 1000, 'num_leaves': 62, 'subsample': 0.8}",4.24702657394849,0.891016074412328,0.466927051544189
LightGBM,Baseline,1,"{'colsample_bytree': 0.8, 'learning_rate': 0.01, 'max_depth': 9, 'min_child_samples': 50, 'n_estimators': 500, 'num_leaves': 15, 'subsample': 0.6}",3.36266508811072,0.931678133849639,0.441879034042358
LightGBM,Baseline,1,"{'colsample_bytree': 0.8, 'learning_rate': 0.01, 'max_depth': 9, 'min_child_samples': 50, 'n_estimators': 500, 'num_leaves': 15, 'subsample': 0.8}",3.36233229828645,0.93169165627673,0.41637134552002
LightGBM,Baseline,1,"{'colsample_bytree': 0.8, 'learning_rate': 0.01, 'max_depth': 9, 'min_child_samples': 50, 'n_estimators': 500, 'num_leaves': 31, 'subsample': 0.6}",3.36284379654411,0.931670871741883,0.420016527175903
LightGBM,Baseline,1,"{'colsample_bytree': 0.8, 'learning_rate': 0.01, 'max_depth': 9, 'min_child_samples': 50, 'n_estimators': 500, 'num_leaves': 31, 'subsample': 0.8}",3.36250032349822,0.931684828985621,0.41051721572876
LightGBM,Baseline,1,"{'colsample_bytree': 0.8, 'learning_rate': 0.01, 'max_depth': 9, 'min_child_samples': 50, 'n_estimators': 500, 'num_leaves': 62, 'subsample': 0.6}",3.362502523079,0.931684739608805,0.418666839599609
LightGBM,Baseline,1,"{'colsample_bytree': 0.8, 'learning_rate': 0.01, 'max_depth': 9, 'min_child_samples': 50, 'n_estimators': 500, 'num_leaves': 62, 'subsample': 0.8}",3.36249367269575,0.931685099231102,0.413972139358521
LightGBM,Baseline,1,"{'colsample_bytree': 0.8, 'learning_rate': 0.01, 'max_depth': 9, 'min_child_samples': 50, 'n_estimators': 750, 'num_leaves': 15, 'subsample': 0.6}",3.36233620921959,0.931691497369461,0.451504945755005
LightGBM,Baseline,1,"{'colsample_bytree': 0.8, 'learning_rate': 0.01, 'max_depth': 9, 'min_child_samples': 50, 'n_estimators': 750, 'num_leaves': 15, 'subsample': 0.8}",3.36266566906209,0.93167811024236,0.445042610168457
LightGBM,Baseline,1,"{'colsample_bytree': 0.8, 'learning_rate': 0.01, 'max_depth': 9, 'min_child_samples': 50, 'n_estimators': 750, 'num_leaves': 31, 'subsample': 0.6}",3.36266736261172,0.931678041424017,0.453314065933228
LightGBM,Baseline,1,"{'colsample_bytree': 0.8, 'learning_rate': 0.01, 'max_depth': 9, 'min_child_samples': 50, 'n_estimators': 750, 'num_leaves': 31, 'subsample': 0.8}",3.36251519440014,0.931684224726673,0.440146446228027
LightGBM,Baseline,1,"{'colsample_bytree': 0.8, 'learning_rate': 0.01, 'max_depth': 9, 'min_child_samples': 50, 'n_estimators': 750, 'num_leaves': 62, 'subsample': 0.6}",3.36267549159016,0.931677711097916,0.445902109146118
LightGBM,Baseline,1,"{'colsample_bytree': 0.8, 'learning_rate': 0.01, 'max_depth': 9, 'min_child_samples': 50, 'n_estimators': 750, 'num_leaves': 62, 'subsample': 0.8}",3.36251519494025,0.931684224704726,0.44095516204834
LightGBM,Baseline,1,"{'colsample_bytree': 0.8, 'learning_rate': 0.01, 'max_depth': 9, 'min_child_samples': 50, 'n_estimators': 1000, 'num_leaves': 15, 'subsample': 0.6}",3.36266961849376,0.931677949754926,0.441822290420532
LightGBM,Baseline,1,"{'colsample_bytree': 0.8, 'learning_rate': 0.01, 'max_depth': 9, 'min_child_samples': 50, 'n_estimators': 1000, 'num_leaves': 15, 'subsample': 0.8}",3.36283740033567,0.931671131668872,0.441815376281738
LightGBM,Baseline,1,"{'colsample_bytree': 0.8, 'learning_rate': 0.01, 'max_depth': 9, 'min_child_samples': 50, 'n_estimators': 1000, 'num_leaves': 31, 'subsample': 0.6}",3.36245595841613,0.931686631684734,0.447370767593384
LightGBM,Baseline,1,"{'colsample_bytree': 0.8, 'learning_rate': 0.01, 'max_depth': 9, 'min_child_samples': 50, 'n_estimators': 1000, 'num_leaves': 31, 'subsample': 0.8}",3.36233721161341,0.931691456640618,0.452163457870483
LightGBM,Baseline,1,"{'colsample_bytree': 0.8, 'learning_rate': 0.01, 'max_depth': 9, 'min_child_samples': 50, 'n_estimators': 1000, 'num_leaves': 62, 'subsample': 0.6}",3.36266961747419,0.931677949796356,0.452403783798218
LightGBM,Baseline,1,"{'colsample_bytree': 0.8, 'learning_rate': 0.01, 'max_depth': 9, 'min_child_samples': 50, 'n_estimators': 1000, 'num_leaves': 62, 'subsample': 0.8}",3.36284159623905,0.931670961157203,0.4444260597229
LightGBM,Baseline,1,"{'colsample_bytree': 0.8, 'learning_rate': 0.01, 'max_depth': 9, 'min_child_samples': 100, 'n_estimators': 500, 'num_leaves': 15, 'subsample': 0.6}",5.15361778620199,0.839521482789971,0.27476978302002
LightGBM,Baseline,1,"{'colsample_bytree': 0.8, 'learning_rate': 0.01, 'max_depth': 9, 'min_child_samples': 100, 'n_estimators': 500, 'num_leaves': 15, 'subsample': 0.8}",5.15361778551853,0.839521482832536,0.272098779678345
LightGBM,Baseline,1,"{'colsample_bytree': 0.8, 'learning_rate': 0.01, 'max_depth': 9, 'min_child_samples': 100, 'n_estimators': 500, 'num_leaves': 31, 'subsample': 0.6}",5.15361778588068,0.839521482809982,0.27218508720398
LightGBM,Baseline,1,"{'colsample_bytree': 0.8, 'learning_rate': 0.01, 'max_depth': 9, 'min_child_samples': 100, 'n_estimators': 500, 'num_leaves': 31, 'subsample': 0.8}",5.15361778451521,0.839521482895021,0.270128965377808
LightGBM,Baseline,1,"{'colsample_bytree': 0.8, 'learning_rate': 0.01, 'max_depth': 9, 'min_child_samples': 100, 'n_estimators': 500, 'num_leaves': 62, 'subsample': 0.6}",5.153617785146,0.839521482855737,0.272032737731934
LightGBM,Baseline,1,"{'colsample_bytree': 0.8, 'learning_rate': 0.01, 'max_depth': 9, 'min_child_samples': 100, 'n_estimators': 500, 'num_leaves': 62, 'subsample': 0.8}",5.15362550884423,0.839521001838859,0.274081945419312
LightGBM,Baseline,1,"{'colsample_bytree': 0.8, 'learning_rate': 0.01, 'max_depth': 9, 'min_child_samples': 100, 'n_estimators': 750, 'num_leaves': 15, 'subsample': 0.6}",4.56133539343517,0.874288067056356,0.367312908172607
LightGBM,Baseline,1,"{'colsample_bytree': 0.8, 'learning_rate': 0.01, 'max_depth': 9, 'min_child_samples': 100, 'n_estimators': 750, 'num_leaves': 15, 'subsample': 0.8}",4.56134496651913,0.874287539380994,0.354291677474976
LightGBM,Baseline,1,"{'colsample_bytree': 0.8, 'learning_rate': 0.01, 'max_depth': 9, 'min_child_samples': 100, 'n_estimators': 750, 'num_leaves': 31, 'subsample': 0.6}",4.5613353935381,0.874288067050682,0.362564086914063
LightGBM,Baseline,1,"{'colsample_bytree': 0.8, 'learning_rate': 0.01, 'max_depth': 9, 'min_child_samples': 100, 'n_estimators': 750, 'num_leaves': 31, 'subsample': 0.8}",4.56133539366339,0.874288067043776,0.373408555984497
LightGBM,Baseline,1,"{'colsample_bytree': 0.8, 'learning_rate': 0.01, 'max_depth': 9, 'min_child_samples': 100, 'n_estimators': 750, 'num_leaves': 62, 'subsample': 0.6}",4.56133539179364,0.874288067146838,0.431670188903809
LightGBM,Baseline,1,"{'colsample_bytree': 0.8, 'learning_rate': 0.01, 'max_depth': 9, 'min_child_samples': 100, 'n_estimators': 750, 'num_leaves': 62, 'subsample': 0.8}",4.56133539321943,0.874288067068248,0.328138828277588
LightGBM,Baseline,1,"{'colsample_bytree': 0.8, 'learning_rate': 0.01, 'max_depth': 9, 'min_child_samples': 100, 'n_estimators': 1000, 'num_leaves': 15, 'subsample': 0.6}",4.24523369109813,0.891108070148474,0.395025253295898
LightGBM,Baseline,1,"{'colsample_bytree': 0.8, 'learning_rate': 0.01, 'max_depth': 9, 'min_child_samples': 100, 'n_estimators': 1000, 'num_leaves': 15, 'subsample': 0.8}",4.24522292974221,0.891108622213879,0.400053977966309
LightGBM,Baseline,1,"{'colsample_bytree': 0.8, 'learning_rate': 0.01, 'max_depth': 9, 'min_child_samples': 100, 'n_estimators': 1000, 'num_leaves': 31, 'subsample': 0.6}",4.2452229298192,0.89110862220993,0.411716222763062
LightGBM,Baseline,1,"{'colsample_bytree': 0.8, 'learning_rate': 0.01, 'max_depth': 9, 'min_child_samples': 100, 'n_estimators': 1000, 'num_leaves': 31, 'subsample': 0.8}",4.24522292987111,0.891108622207266,0.4228355884552
LightGBM,Baseline,1,"{'colsample_bytree': 0.8, 'learning_rate': 0.01, 'max_depth': 9, 'min_child_samples': 100, 'n_estimators': 1000, 'num_leaves': 62, 'subsample': 0.6}",4.24522293034924,0.891108622182738,0.423958301544189
LightGBM,Baseline,1,"{'colsample_bytree': 0.8, 'learning_rate': 0.01, 'max_depth': 9, 'min_child_samples': 100, 'n_estimators': 1000, 'num_leaves': 62, 'subsample': 0.8}",4.24522293019876,0.891108622190458,0.430819511413574
LightGBM,Baseline,1,"{'colsample_bytree': 0.8, 'learning_rate': 0.05, 'max_depth': 3, 'min_child_samples': 50, 'n_estimators': 500, 'num_leaves': 15, 'subsample': 0.6}",3.38070509183096,0.930943102074071,0.133383512496948
LightGBM,Baseline,1,"{'colsample_bytree': 0.8, 'learning_rate': 0.05, 'max_depth': 3, 'min_child_samples': 50, 'n_estimators': 500, 'num_leaves': 15, 'subsample': 0.8}",3.38070509255864,0.930943102044342,0.128154516220093
LightGBM,Baseline,1,"{'colsample_bytree': 0.8, 'learning_rate': 0.05, 'max_depth': 3, 'min_child_samples': 50, 'n_estimators': 500, 'num_leaves': 31, 'subsample': 0.6}",3.38070509206642,0.930943102064451,0.135963678359985
LightGBM,Baseline,1,"{'colsample_bytree': 0.8, 'learning_rate': 0.05, 'max_depth': 3, 'min_child_samples': 50, 'n_estimators': 500, 'num_leaves': 31, 'subsample': 0.8}",3.37989287542131,0.930976280009706,0.128577947616577
LightGBM,Baseline,1,"{'colsample_bytree': 0.8, 'learning_rate': 0.05, 'max_depth': 3, 'min_child_samples': 50, 'n_estimators': 500, 'num_leaves': 62, 'subsample': 0.6}",3.38070509309198,0.930943102022554,0.131677865982056
LightGBM,Baseline,1,"{'colsample_bytree': 0.8, 'learning_rate': 0.05, 'max_depth': 3, 'min_child_samples': 50, 'n_estimators': 500, 'num_leaves': 62, 'subsample': 0.8}",3.37989287659207,0.930976279961888,0.128296852111816
LightGBM,Baseline,1,"{'colsample_bytree': 0.8, 'learning_rate': 0.05, 'max_depth': 3, 'min_child_samples': 50, 'n_estimators': 750, 'num_leaves': 15, 'subsample': 0.6}",3.37989287619956,0.930976279977919,0.125203132629395
LightGBM,Baseline,1,"{'colsample_bytree': 0.8, 'learning_rate': 0.05, 'max_depth': 3, 'min_child_samples': 50, 'n_estimators': 750, 'num_leaves': 15, 'subsample': 0.8}",3.37989287521759,0.930976280018027,0.134418487548828
LightGBM,Baseline,1,"{'colsample_bytree': 0.8, 'learning_rate': 0.05, 'max_depth': 3, 'min_child_samples': 50, 'n_estimators': 750, 'num_leaves': 31, 'subsample': 0.6}",3.38070509134509,0.93094310209392,0.132597923278809
LightGBM,Baseline,1,"{'colsample_bytree': 0.8, 'learning_rate': 0.05, 'max_depth': 3, 'min_child_samples': 50, 'n_estimators': 750, 'num_leaves': 31, 'subsample': 0.8}",3.37989287686869,0.93097627995059,0.131938457489014
LightGBM,Baseline,1,"{'colsample_bytree': 0.8, 'learning_rate': 0.05, 'max_depth': 3, 'min_child_samples': 50, 'n_estimators': 750, 'num_leaves': 62, 'subsample': 0.6}",3.37989287670613,0.930976279957229,0.130109310150146
LightGBM,Baseline,1,"{'colsample_bytree': 0.8, 'learning_rate': 0.05, 'max_depth': 3, 'min_child_samples': 50, 'n_estimators': 750, 'num_leaves': 62, 'subsample': 0.8}",3.37989287453129,0.930976280046058,0.131632328033447
LightGBM,Baseline,1,"{'colsample_bytree': 0.8, 'learning_rate': 0.05, 'max_depth': 3, 'min_child_samples': 50, 'n_estimators': 1000, 'num_leaves': 15, 'subsample': 0.6}",3.37989287397757,0.930976280068674,0.124157905578613
LightGBM,Baseline,1,"{'colsample_bytree': 0.8, 'learning_rate': 0.05, 'max_depth': 3, 'min_child_samples': 50, 'n_estimators': 1000, 'num_leaves': 15, 'subsample': 0.8}",3.37989287547194,0.930976280007638,0.128272771835327
LightGBM,Baseline,1,"{'colsample_bytree': 0.8, 'learning_rate': 0.05, 'max_depth': 3, 'min_child_samples': 50, 'n_estimators': 1000, 'num_leaves': 31, 'subsample': 0.6}",3.37989287476248,0.930976280036615,0.129264354705811
LightGBM,Baseline,1,"{'colsample_bytree': 0.8, 'learning_rate': 0.05, 'max_depth': 3, 'min_child_samples': 50, 'n_estimators': 1000, 'num_leaves': 31, 'subsample': 0.8}",3.38070509310833,0.930943102021886,0.129050970077515
LightGBM,Baseline,1,"{'colsample_bytree': 0.8, 'learning_rate': 0.05, 'max_depth': 3, 'min_child_samples': 50, 'n_estimators': 1000, 'num_leaves': 62, 'subsample': 0.6}",3.37989287510198,0.930976280022749,0.132122039794922
LightGBM,Baseline,1,"{'colsample_bytree': 0.8, 'learning_rate': 0.05, 'max_depth': 3, 'min_child_samples': 50, 'n_estimators': 1000, 'num_leaves': 62, 'subsample': 0.8}",3.37989287353847,0.930976280086608,0.137765884399414
LightGBM,Baseline,1,"{'colsample_bytree': 0.8, 'learning_rate': 0.05, 'max_depth': 3, 'min_child_samples': 100, 'n_estimators': 500, 'num_leaves': 15, 'subsample': 0.6}",3.63818320531378,0.920023642632212,0.224032163619995
LightGBM,Baseline,1,"{'colsample_bytree': 0.8, 'learning_rate': 0.05, 'max_depth': 3, 'min_child_samples': 100, 'n_estimators': 500, 'num_leaves': 15, 'subsample': 0.8}",3.63818320399229,0.920023642690311,0.228468418121338
LightGBM,Baseline,1,"{'colsample_bytree': 0.8, 'learning_rate': 0.05, 'max_depth': 3, 'min_child_samples': 100, 'n_estimators': 500, 'num_leaves': 31, 'subsample': 0.6}",3.63818320499394,0.920023642646273,0.225836038589478
LightGBM,Baseline,1,"{'colsample_bytree': 0.8, 'learning_rate': 0.05, 'max_depth': 3, 'min_child_samples': 100, 'n_estimators': 500, 'num_leaves': 31, 'subsample': 0.8}",3.63818320531002,0.920023642632377,0.232328653335571
LightGBM,Baseline,1,"{'colsample_bytree': 0.8, 'learning_rate': 0.05, 'max_depth': 3, 'min_child_samples': 100, 'n_estimators': 500, 'num_leaves': 62, 'subsample': 0.6}",3.63818320558956,0.920023642620087,0.232936143875122
LightGBM,Baseline,1,"{'colsample_bytree': 0.8, 'learning_rate': 0.05, 'max_depth': 3, 'min_child_samples': 100, 'n_estimators': 500, 'num_leaves': 62, 'subsample': 0.8}",3.63818320572477,0.920023642614142,0.230685234069824
LightGBM,Baseline,1,"{'colsample_bytree': 0.8, 'learning_rate': 0.05, 'max_depth': 3, 'min_child_samples': 100, 'n_estimators': 750, 'num_leaves': 15, 'subsample': 0.6}",3.5086747274867,0.925616140643952,0.297860383987427
LightGBM,Baseline,1,"{'colsample_bytree': 0.8, 'learning_rate': 0.05, 'max_depth': 3, 'min_child_samples': 100, 'n_estimators': 750, 'num_leaves': 15, 'subsample': 0.8}",3.5086747282386,0.925616140612071,0.301354169845581
LightGBM,Baseline,1,"{'colsample_bytree': 0.8, 'learning_rate': 0.05, 'max_depth': 3, 'min_child_samples': 100, 'n_estimators': 750, 'num_leaves': 31, 'subsample': 0.6}",3.50867472737284,0.925616140648779,0.300646543502808
LightGBM,Baseline,1,"{'colsample_bytree': 0.8, 'learning_rate': 0.05, 'max_depth': 3, 'min_child_samples': 100, 'n_estimators': 750, 'num_leaves': 31, 'subsample': 0.8}",3.50867472697025,0.925616140665849,0.295048713684082
LightGBM,Baseline,1,"{'colsample_bytree': 0.8, 'learning_rate': 0.05, 'max_depth': 3, 'min_child_samples': 100, 'n_estimators': 750, 'num_leaves': 62, 'subsample': 0.6}",3.50867472760243,0.925616140639045,0.302826881408691
LightGBM,Baseline,1,"{'colsample_bytree': 0.8, 'learning_rate': 0.05, 'max_depth': 3, 'min_child_samples': 100, 'n_estimators': 750, 'num_leaves': 62, 'subsample': 0.8}",3.5086747274166,0.925616140646924,0.333717107772827
LightGBM,Baseline,1,"{'colsample_bytree': 0.8, 'learning_rate': 0.05, 'max_depth': 3, 'min_child_samples': 100, 'n_estimators': 1000, 'num_leaves': 15, 'subsample': 0.6}",3.4132374406524,0.92960764547167,0.426605463027954
LightGBM,Baseline,1,"{'colsample_bytree': 0.8, 'learning_rate': 0.05, 'max_depth': 3, 'min_child_samples': 100, 'n_estimators': 1000, 'num_leaves': 15, 'subsample': 0.8}",3.41323744087881,0.929607645462331,0.388373851776123
LightGBM,Baseline,1,"{'colsample_bytree': 0.8, 'learning_rate': 0.05, 'max_depth': 3, 'min_child_samples': 100, 'n_estimators': 1000, 'num_leaves': 31, 'subsample': 0.6}",3.41323744026234,0.929607645487758,0.32282543182373
LightGBM,Baseline,1,"{'colsample_bytree': 0.8, 'learning_rate': 0.05, 'max_depth': 3, 'min_child_samples': 100, 'n_estimators': 1000, 'num_leaves': 31, 'subsample': 0.8}",3.41323744102517,0.929607645456294,0.331534385681152
LightGBM,Baseline,1,"{'colsample_bytree': 0.8, 'learning_rate': 0.05, 'max_depth': 3, 'min_child_samples': 100, 'n_estimators': 1000, 'num_leaves': 62, 'subsample': 0.6}",3.41323744026841,0.929607645487508,0.335654258728027
LightGBM,Baseline,1,"{'colsample_bytree': 0.8, 'learning_rate': 0.05, 'max_depth': 3, 'min_child_samples': 100, 'n_estimators': 1000, 'num_leaves': 62, 'subsample': 0.8}",3.41323743949836,0.92960764551927,0.32889986038208
LightGBM,Baseline,1,"{'colsample_bytree': 0.8, 'learning_rate': 0.05, 'max_depth': 5, 'min_child_samples': 50, 'n_estimators': 500, 'num_leaves': 15, 'subsample': 0.6}",3.35728039437866,0.931896768628079,0.139284610748291
LightGBM,Baseline,1,"{'colsample_bytree': 0.8, 'learning_rate': 0.05, 'max_depth': 5, 'min_child_samples': 50, 'n_estimators': 500, 'num_leaves': 15, 'subsample': 0.8}",3.356762038269,0.931917796958555,0.141359329223633
LightGBM,Baseline,1,"{'colsample_bytree': 0.8, 'learning_rate': 0.05, 'max_depth': 5, 'min_child_samples': 50, 'n_estimators': 500, 'num_leaves': 31, 'subsample': 0.6}",3.35728039357518,0.931896768660676,0.152512550354004
LightGBM,Baseline,1,"{'colsample_bytree': 0.8, 'learning_rate': 0.05, 'max_depth': 5, 'min_child_samples': 50, 'n_estimators': 500, 'num_leaves': 31, 'subsample': 0.8}",3.35728039446014,0.931896768624773,0.146458864212036
LightGBM,Baseline,1,"{'colsample_bytree': 0.8, 'learning_rate': 0.05, 'max_depth': 5, 'min_child_samples': 50, 'n_estimators': 500, 'num_leaves': 62, 'subsample': 0.6}",3.35728039268738,0.931896768696694,0.151735067367554
LightGBM,Baseline,1,"{'colsample_bytree': 0.8, 'learning_rate': 0.05, 'max_depth': 5, 'min_child_samples': 50, 'n_estimators': 500, 'num_leaves': 62, 'subsample': 0.8}",3.35728039520669,0.931896768594485,0.148922681808472
LightGBM,Baseline,1,"{'colsample_bytree': 0.8, 'learning_rate': 0.05, 'max_depth': 5, 'min_child_samples': 50, 'n_estimators': 750, 'num_leaves': 15, 'subsample': 0.6}",3.35676203768019,0.93191779698244,0.149369239807129
LightGBM,Baseline,1,"{'colsample_bytree': 0.8, 'learning_rate': 0.05, 'max_depth': 5, 'min_child_samples': 50, 'n_estimators': 750, 'num_leaves': 15, 'subsample': 0.8}",3.35728039429273,0.931896768631565,0.149662971496582
LightGBM,Baseline,1,"{'colsample_bytree': 0.8, 'learning_rate': 0.05, 'max_depth': 5, 'min_child_samples': 50, 'n_estimators': 750, 'num_leaves': 31, 'subsample': 0.6}",3.35676203816625,0.931917796962723,0.187757968902588
LightGBM,Baseline,1,"{'colsample_bytree': 0.8, 'learning_rate': 0.05, 'max_depth': 5, 'min_child_samples': 50, 'n_estimators': 750, 'num_leaves': 31, 'subsample': 0.8}",3.35728039405042,0.931896768641395,0.168581247329712
LightGBM,Baseline,1,"{'colsample_bytree': 0.8, 'learning_rate': 0.05, 'max_depth': 5, 'min_child_samples': 50, 'n_estimators': 750, 'num_leaves': 62, 'subsample': 0.6}",3.35728039314842,0.93189676867799,0.15483570098877
LightGBM,Baseline,1,"{'colsample_bytree': 0.8, 'learning_rate': 0.05, 'max_depth': 5, 'min_child_samples': 50, 'n_estimators': 750, 'num_leaves': 62, 'subsample': 0.8}",3.35728039344878,0.931896768665804,0.158015489578247
LightGBM,Baseline,1,"{'colsample_bytree': 0.8, 'learning_rate': 0.05, 'max_depth': 5, 'min_child_samples': 50, 'n_estimators': 1000, 'num_leaves': 15, 'subsample': 0.6}",3.35728039426963,0.931896768632502,0.146580696105957
LightGBM,Baseline,1,"{'colsample_bytree': 0.8, 'learning_rate': 0.05, 'max_depth': 5, 'min_child_samples': 50, 'n_estimators': 1000, 'num_leaves': 15, 'subsample': 0.8}",3.35728039271811,0.931896768695448,0.176205396652222
LightGBM,Baseline,1,"{'colsample_bytree': 0.8, 'learning_rate': 0.05, 'max_depth': 5, 'min_child_samples': 50, 'n_estimators': 1000, 'num_leaves': 31, 'subsample': 0.6}",3.35728039300917,0.931896768683639,0.180848598480225
LightGBM,Baseline,1,"{'colsample_bytree': 0.8, 'learning_rate': 0.05, 'max_depth': 5, 'min_child_samples': 50, 'n_estimators': 1000, 'num_leaves': 31, 'subsample': 0.8}",3.35676203870086,0.931917796941037,0.184000015258789
LightGBM,Baseline,1,"{'colsample_bytree': 0.8, 'learning_rate': 0.05, 'max_depth': 5, 'min_child_samples': 50, 'n_estimators': 1000, 'num_leaves': 62, 'subsample': 0.6}",3.35676203891018,0.931917796932546,0.181085824966431
LightGBM,Baseline,1,"{'colsample_bytree': 0.8, 'learning_rate': 0.05, 'max_depth': 5, 'min_child_samples': 50, 'n_estimators': 1000, 'num_leaves': 62, 'subsample': 0.8}",3.35676203791873,0.931917796972763,0.166633605957031
LightGBM,Baseline,1,"{'colsample_bytree': 0.8, 'learning_rate': 0.05, 'max_depth': 5, 'min_child_samples': 100, 'n_estimators': 500, 'num_leaves': 15, 'subsample': 0.6}",3.57810482686752,0.922643179721721,0.32253909111023
LightGBM,Baseline,1,"{'colsample_bytree': 0.8, 'learning_rate': 0.05, 'max_depth': 5, 'min_child_samples': 100, 'n_estimators': 500, 'num_leaves': 15, 'subsample': 0.8}",3.57817944715997,0.922639953181962,0.322248935699463
LightGBM,Baseline,1,"{'colsample_bytree': 0.8, 'learning_rate': 0.05, 'max_depth': 5, 'min_child_samples': 100, 'n_estimators': 500, 'num_leaves': 31, 'subsample': 0.6}",3.57803217610568,0.922646321035429,0.29446816444397
LightGBM,Baseline,1,"{'colsample_bytree': 0.8, 'learning_rate': 0.05, 'max_depth': 5, 'min_child_samples': 100, 'n_estimators': 500, 'num_leaves': 31, 'subsample': 0.8}",3.57803137068332,0.922646355860368,0.291022777557373
LightGBM,Baseline,1,"{'colsample_bytree': 0.8, 'learning_rate': 0.05, 'max_depth': 5, 'min_child_samples': 100, 'n_estimators': 500, 'num_leaves': 62, 'subsample': 0.6}",3.57818040742089,0.922639911660378,0.294461965560913
LightGBM,Baseline,1,"{'colsample_bytree': 0.8, 'learning_rate': 0.05, 'max_depth': 5, 'min_child_samples': 100, 'n_estimators': 500, 'num_leaves': 62, 'subsample': 0.8}",3.57803398309912,0.922646242904424,0.319103240966797
LightGBM,Baseline,1,"{'colsample_bytree': 0.8, 'learning_rate': 0.05, 'max_depth': 5, 'min_child_samples': 100, 'n_estimators': 750, 'num_leaves': 15, 'subsample': 0.6}",3.48333950626022,0.926686475071622,0.403046369552612
LightGBM,Baseline,1,"{'colsample_bytree': 0.8, 'learning_rate': 0.05, 'max_depth': 5, 'min_child_samples': 100, 'n_estimators': 750, 'num_leaves': 15, 'subsample': 0.8}",3.48318302348373,0.926693061880762,0.364600896835327
LightGBM,Baseline,1,"{'colsample_bytree': 0.8, 'learning_rate': 0.05, 'max_depth': 5, 'min_child_samples': 100, 'n_estimators': 750, 'num_leaves': 31, 'subsample': 0.6}",3.48317386797484,0.926693447253243,0.321728467941284
LightGBM,Baseline,1,"{'colsample_bytree': 0.8, 'learning_rate': 0.05, 'max_depth': 5, 'min_child_samples': 100, 'n_estimators': 750, 'num_leaves': 31, 'subsample': 0.8}",3.48325965492752,0.926689836280347,0.320059299468994
LightGBM,Baseline,1,"{'colsample_bytree': 0.8, 'learning_rate': 0.05, 'max_depth': 5, 'min_child_samples': 100, 'n_estimators': 750, 'num_leaves': 62, 'subsample': 0.6}",3.48318302306822,0.926693061898251,0.315312147140503
LightGBM,Baseline,1,"{'colsample_bytree': 0.8, 'learning_rate': 0.05, 'max_depth': 5, 'min_child_samples': 100, 'n_estimators': 750, 'num_leaves': 62, 'subsample': 0.8}",3.48325856024725,0.926689882358552,0.316060304641724
LightGBM,Baseline,1,"{'colsample_bytree': 0.8, 'learning_rate': 0.05, 'max_depth': 5, 'min_child_samples': 100, 'n_estimators': 1000, 'num_leaves': 15, 'subsample': 0.6}",3.38957401677112,0.930580299764795,0.397849559783936
LightGBM,Baseline,1,"{'colsample_bytree': 0.8, 'learning_rate': 0.05, 'max_depth': 5, 'min_child_samples': 100, 'n_estimators': 1000, 'num_leaves': 15, 'subsample': 0.8}",3.38956081291381,0.930580840603276,0.405612230300903
LightGBM,Baseline,1,"{'colsample_bytree': 0.8, 'learning_rate': 0.05, 'max_depth': 5, 'min_child_samples': 100, 'n_estimators': 1000, 'num_leaves': 31, 'subsample': 0.6}",3.38962955832866,0.930578024723833,0.411717414855957
LightGBM,Baseline,1,"{'colsample_bytree': 0.8, 'learning_rate': 0.05, 'max_depth': 5, 'min_child_samples': 100, 'n_estimators': 1000, 'num_leaves': 31, 'subsample': 0.8}",3.38957736607361,0.930580162574877,0.428032875061035
LightGBM,Baseline,1,"{'colsample_bytree': 0.8, 'learning_rate': 0.05, 'max_depth': 5, 'min_child_samples': 100, 'n_estimators': 1000, 'num_leaves': 62, 'subsample': 0.6}",3.38956309683116,0.930580747052704,0.444472789764404
LightGBM,Baseline,1,"{'colsample_bytree': 0.8, 'learning_rate': 0.05, 'max_depth': 5, 'min_child_samples': 100, 'n_estimators': 1000, 'num_leaves': 62, 'subsample': 0.8}",3.38955472159001,0.930581090107103,0.4416823387146
LightGBM,Baseline,1,"{'colsample_bytree': 0.8, 'learning_rate': 0.05, 'max_depth': 9, 'min_child_samples': 50, 'n_estimators': 500, 'num_leaves': 15, 'subsample': 0.6}",3.35987403564206,0.931791502722677,0.183881521224976
LightGBM,Baseline,1,"{'colsample_bytree': 0.8, 'learning_rate': 0.05, 'max_depth': 9, 'min_child_samples': 50, 'n_estimators': 500, 'num_leaves': 15, 'subsample': 0.8}",3.35889656024926,0.931831184227773,0.185772895812988
LightGBM,Baseline,1,"{'colsample_bytree': 0.8, 'learning_rate': 0.05, 'max_depth': 9, 'min_child_samples': 50, 'n_estimators': 500, 'num_leaves': 31, 'subsample': 0.6}",3.35988799884778,0.931790935789959,0.192211389541626
LightGBM,Baseline,1,"{'colsample_bytree': 0.8, 'learning_rate': 0.05, 'max_depth': 9, 'min_child_samples': 50, 'n_estimators': 500, 'num_leaves': 31, 'subsample': 0.8}",3.3598740351134,0.931791502744141,0.188864231109619
LightGBM,Baseline,1,"{'colsample_bytree': 0.8, 'learning_rate': 0.05, 'max_depth': 9, 'min_child_samples': 50, 'n_estimators': 500, 'num_leaves': 62, 'subsample': 0.6}",3.35987403589564,0.93179150271238,0.187966346740723
LightGBM,Baseline,1,"{'colsample_bytree': 0.8, 'learning_rate': 0.05, 'max_depth': 9, 'min_child_samples': 50, 'n_estimators': 500, 'num_leaves': 62, 'subsample': 0.8}",3.35987403542001,0.931791502731692,0.187540531158447
LightGBM,Baseline,1,"{'colsample_bytree': 0.8, 'learning_rate': 0.05, 'max_depth': 9, 'min_child_samples': 50, 'n_estimators': 750, 'num_leaves': 15, 'subsample': 0.6}",3.35990239116972,0.931790351431841,0.195502281188965
LightGBM,Baseline,1,"{'colsample_bytree': 0.8, 'learning_rate': 0.05, 'max_depth': 9, 'min_child_samples': 50, 'n_estimators': 750, 'num_leaves': 15, 'subsample': 0.8}",3.35987403423428,0.931791502779835,0.186835527420044
LightGBM,Baseline,1,"{'colsample_bytree': 0.8, 'learning_rate': 0.05, 'max_depth': 9, 'min_child_samples': 50, 'n_estimators': 750, 'num_leaves': 31, 'subsample': 0.6}",3.35987403553216,0.931791502727138,0.179068803787231
LightGBM,Baseline,1,"{'colsample_bytree': 0.8, 'learning_rate': 0.05, 'max_depth': 9, 'min_child_samples': 50, 'n_estimators': 750, 'num_leaves': 31, 'subsample': 0.8}",3.35987403428849,0.931791502777634,0.182253122329712
LightGBM,Baseline,1,"{'colsample_bytree': 0.8, 'learning_rate': 0.05, 'max_depth': 9, 'min_child_samples': 50, 'n_estimators': 750, 'num_leaves': 62, 'subsample': 0.6}",3.35987403577481,0.931791502717287,0.187136888504028
LightGBM,Baseline,1,"{'colsample_bytree': 0.8, 'learning_rate': 0.05, 'max_depth': 9, 'min_child_samples': 50, 'n_estimators': 750, 'num_leaves': 62, 'subsample': 0.8}",3.35985964194483,0.931792087131702,0.18810772895813
LightGBM,Baseline,1,"{'colsample_bytree': 0.8, 'learning_rate': 0.05, 'max_depth': 9, 'min_child_samples': 50, 'n_estimators': 1000, 'num_leaves': 15, 'subsample': 0.6}",3.35985964109338,0.931792087166272,0.181646108627319
LightGBM,Baseline,1,"{'colsample_bytree': 0.8, 'learning_rate': 0.05, 'max_depth': 9, 'min_child_samples': 50, 'n_estimators': 1000, 'num_leaves': 15, 'subsample': 0.8}",3.3598740354034,0.931791502732367,0.18393611907959
LightGBM,Baseline,1,"{'colsample_bytree': 0.8, 'learning_rate': 0.05, 'max_depth': 9, 'min_child_samples': 50, 'n_estimators': 1000, 'num_leaves': 31, 'subsample': 0.6}",3.35987403470698,0.931791502760642,0.185763359069824
LightGBM,Baseline,1,"{'colsample_bytree': 0.8, 'learning_rate': 0.05, 'max_depth': 9, 'min_child_samples': 50, 'n_estimators': 1000, 'num_leaves': 31, 'subsample': 0.8}",3.35985964255158,0.931792087107067,0.176247596740723
LightGBM,Baseline,1,"{'colsample_bytree': 0.8, 'learning_rate': 0.05, 'max_depth': 9, 'min_child_samples': 50, 'n_estimators': 1000, 'num_leaves': 62, 'subsample': 0.6}",3.35990239091905,0.931790351442019,0.175907373428345
LightGBM,Baseline,1,"{'colsample_bytree': 0.8, 'learning_rate': 0.05, 'max_depth': 9, 'min_child_samples': 50, 'n_estimators': 1000, 'num_leaves': 62, 'subsample': 0.8}",3.35985964150351,0.93179208714962,0.188552618026733
LightGBM,Baseline,1,"{'colsample_bytree': 0.8, 'learning_rate': 0.05, 'max_depth': 9, 'min_child_samples': 100, 'n_estimators': 500, 'num_leaves': 15, 'subsample': 0.6}",3.58687521792384,0.922263492104523,0.250627756118774
LightGBM,Baseline,1,"{'colsample_bytree': 0.8, 'learning_rate': 0.05, 'max_depth': 9, 'min_child_samples': 100, 'n_estimators': 500, 'num_leaves': 15, 'subsample': 0.8}",3.58687842090424,0.922263353271356,0.262930154800415
LightGBM,Baseline,1,"{'colsample_bytree': 0.8, 'learning_rate': 0.05, 'max_depth': 9, 'min_child_samples': 100, 'n_estimators': 500, 'num_leaves': 31, 'subsample': 0.6}",3.5868832969492,0.922263141918978,0.264121294021606
LightGBM,Baseline,1,"{'colsample_bytree': 0.8, 'learning_rate': 0.05, 'max_depth': 9, 'min_child_samples': 100, 'n_estimators': 500, 'num_leaves': 31, 'subsample': 0.8}",3.58687958459576,0.922263302831123,0.259148836135864
LightGBM,Baseline,1,"{'colsample_bytree': 0.8, 'learning_rate': 0.05, 'max_depth': 9, 'min_child_samples': 100, 'n_estimators': 500, 'num_leaves': 62, 'subsample': 0.6}",3.58687330655446,0.922263574952758,0.259136438369751
LightGBM,Baseline,1,"{'colsample_bytree': 0.8, 'learning_rate': 0.05, 'max_depth': 9, 'min_child_samples': 100, 'n_estimators': 500, 'num_leaves': 62, 'subsample': 0.8}",3.58688329693576,0.922263141919561,0.262436866760254
LightGBM,Baseline,1,"{'colsample_bytree': 0.8, 'learning_rate': 0.05, 'max_depth': 9, 'min_child_samples': 100, 'n_estimators': 750, 'num_leaves': 15, 'subsample': 0.6}",3.49379643387293,0.926245642397424,0.351116418838501
LightGBM,Baseline,1,"{'colsample_bytree': 0.8, 'learning_rate': 0.05, 'max_depth': 9, 'min_child_samples': 100, 'n_estimators': 750, 'num_leaves': 15, 'subsample': 0.8}",3.49403501341893,0.926235569182067,0.339415311813355
LightGBM,Baseline,1,"{'colsample_bytree': 0.8, 'learning_rate': 0.05, 'max_depth': 9, 'min_child_samples': 100, 'n_estimators': 750, 'num_leaves': 31, 'subsample': 0.6}",3.49403799994799,0.926235443081607,0.342883825302124
LightGBM,Baseline,1,"{'colsample_bytree': 0.8, 'learning_rate': 0.05, 'max_depth': 9, 'min_child_samples': 100, 'n_estimators': 750, 'num_leaves': 31, 'subsample': 0.8}",3.4940409681436,0.926235317755135,0.349532604217529
LightGBM,Baseline,1,"{'colsample_bytree': 0.8, 'learning_rate': 0.05, 'max_depth': 9, 'min_child_samples': 100, 'n_estimators': 750, 'num_leaves': 62, 'subsample': 0.6}",3.49404096824187,0.926235317750986,0.342862606048584
LightGBM,Baseline,1,"{'colsample_bytree': 0.8, 'learning_rate': 0.05, 'max_depth': 9, 'min_child_samples': 100, 'n_estimators': 750, 'num_leaves': 62, 'subsample': 0.8}",3.49403322125162,0.926235644852841,0.340785503387451
LightGBM,Baseline,1,"{'colsample_bytree': 0.8, 'learning_rate': 0.05, 'max_depth': 9, 'min_child_samples': 100, 'n_estimators': 1000, 'num_leaves': 15, 'subsample': 0.6}",3.39895659178568,0.930195450805835,0.442363023757935
LightGBM,Baseline,1,"{'colsample_bytree': 0.8, 'learning_rate': 0.05, 'max_depth': 9, 'min_child_samples': 100, 'n_estimators': 1000, 'num_leaves': 15, 'subsample': 0.8}",3.39898904214618,0.930194117929973,0.428314208984375
LightGBM,Baseline,1,"{'colsample_bytree': 0.8, 'learning_rate': 0.05, 'max_depth': 9, 'min_child_samples': 100, 'n_estimators': 1000, 'num_leaves': 31, 'subsample': 0.6}",3.39898761175668,0.93019417668249,0.418780565261841
LightGBM,Baseline,1,"{'colsample_bytree': 0.8, 'learning_rate': 0.05, 'max_depth': 9, 'min_child_samples': 100, 'n_estimators': 1000, 'num_leaves': 31, 'subsample': 0.8}",3.39898921418195,0.93019411086369,0.428953886032105
LightGBM,Baseline,1,"{'colsample_bytree': 0.8, 'learning_rate': 0.05, 'max_depth': 9, 'min_child_samples': 100, 'n_estimators': 1000, 'num_leaves': 62, 'subsample': 0.6}",3.39895664545216,0.930195448601533,0.435158967971802
LightGBM,Baseline,1,"{'colsample_bytree': 0.8, 'learning_rate': 0.05, 'max_depth': 9, 'min_child_samples': 100, 'n_estimators': 1000, 'num_leaves': 62, 'subsample': 0.8}",3.39900723728586,0.930193370571768,0.431484699249268
LightGBM,Baseline,2,"{'colsample_bytree': 0.6, 'learning_rate': 0.01, 'max_depth': 3, 'min_child_samples': 50, 'n_estimators': 500, 'num_leaves': 15, 'subsample': 0.6}",3.16655844536475,0.902251644711372,0.211256265640259
LightGBM,Baseline,2,"{'colsample_bytree': 0.6, 'learning_rate': 0.01, 'max_depth': 3, 'min_child_samples': 50, 'n_estimators': 500, 'num_leaves': 15, 'subsample': 0.8}",3.16655844518519,0.902251644722457,0.219828605651855
LightGBM,Baseline,2,"{'colsample_bytree': 0.6, 'learning_rate': 0.01, 'max_depth': 3, 'min_child_samples': 50, 'n_estimators': 500, 'num_leaves': 31, 'subsample': 0.6}",3.16655844523521,0.902251644719369,0.2104651927948
LightGBM,Baseline,2,"{'colsample_bytree': 0.6, 'learning_rate': 0.01, 'max_depth': 3, 'min_child_samples': 50, 'n_estimators': 500, 'num_leaves': 31, 'subsample': 0.8}",3.16655844583431,0.902251644682382,0.216738224029541
LightGBM,Baseline,2,"{'colsample_bytree': 0.6, 'learning_rate': 0.01, 'max_depth': 3, 'min_child_samples': 50, 'n_estimators': 500, 'num_leaves': 62, 'subsample': 0.6}",3.16655844545347,0.902251644705894,0.214484930038452
LightGBM,Baseline,2,"{'colsample_bytree': 0.6, 'learning_rate': 0.01, 'max_depth': 3, 'min_child_samples': 50, 'n_estimators': 500, 'num_leaves': 62, 'subsample': 0.8}",3.16655844501281,0.9022516447331,0.211341381072998
LightGBM,Baseline,2,"{'colsample_bytree': 0.6, 'learning_rate': 0.01, 'max_depth': 3, 'min_child_samples': 50, 'n_estimators': 750, 'num_leaves': 15, 'subsample': 0.6}",3.03662505698054,0.910108881382907,0.266058206558228
LightGBM,Baseline,2,"{'colsample_bytree': 0.6, 'learning_rate': 0.01, 'max_depth': 3, 'min_child_samples': 50, 'n_estimators': 750, 'num_leaves': 15, 'subsample': 0.8}",3.03662505657876,0.910108881406695,0.278396844863892
LightGBM,Baseline,2,"{'colsample_bytree': 0.6, 'learning_rate': 0.01, 'max_depth': 3, 'min_child_samples': 50, 'n_estimators': 750, 'num_leaves': 31, 'subsample': 0.6}",3.03662505674419,0.9101088813969,0.266194105148315
LightGBM,Baseline,2,"{'colsample_bytree': 0.6, 'learning_rate': 0.01, 'max_depth': 3, 'min_child_samples': 50, 'n_estimators': 750, 'num_leaves': 31, 'subsample': 0.8}",3.03662505794016,0.910108881326094,0.26927638053894
LightGBM,Baseline,2,"{'colsample_bytree': 0.6, 'learning_rate': 0.01, 'max_depth': 3, 'min_child_samples': 50, 'n_estimators': 750, 'num_leaves': 62, 'subsample': 0.6}",3.03662505703718,0.910108881379554,0.270917892456055
LightGBM,Baseline,2,"{'colsample_bytree': 0.6, 'learning_rate': 0.01, 'max_depth': 3, 'min_child_samples': 50, 'n_estimators': 750, 'num_leaves': 62, 'subsample': 0.8}",3.03662505758366,0.9101088813472,0.277504444122314
LightGBM,Baseline,2,"{'colsample_bytree': 0.6, 'learning_rate': 0.01, 'max_depth': 3, 'min_child_samples': 50, 'n_estimators': 1000, 'num_leaves': 15, 'subsample': 0.6}",2.96284633500823,0.914423859095944,0.329072713851929
LightGBM,Baseline,2,"{'colsample_bytree': 0.6, 'learning_rate': 0.01, 'max_depth': 3, 'min_child_samples': 50, 'n_estimators': 1000, 'num_leaves': 15, 'subsample': 0.8}",2.96284633490223,0.914423859102067,0.334066390991211
LightGBM,Baseline,2,"{'colsample_bytree': 0.6, 'learning_rate': 0.01, 'max_depth': 3, 'min_child_samples': 50, 'n_estimators': 1000, 'num_leaves': 31, 'subsample': 0.6}",2.96284633464855,0.914423859116721,0.333135843276978
LightGBM,Baseline,2,"{'colsample_bytree': 0.6, 'learning_rate': 0.01, 'max_depth': 3, 'min_child_samples': 50, 'n_estimators': 1000, 'num_leaves': 31, 'subsample': 0.8}",2.96284633453089,0.914423859123518,0.3236403465271
LightGBM,Baseline,2,"{'colsample_bytree': 0.6, 'learning_rate': 0.01, 'max_depth': 3, 'min_child_samples': 50, 'n_estimators': 1000, 'num_leaves': 62, 'subsample': 0.6}",2.96284633484931,0.914423859105124,0.335885047912598
LightGBM,Baseline,2,"{'colsample_bytree': 0.6, 'learning_rate': 0.01, 'max_depth': 3, 'min_child_samples': 50, 'n_estimators': 1000, 'num_leaves': 62, 'subsample': 0.8}",2.96284633443512,0.91442385912905,0.335000038146973
LightGBM,Baseline,2,"{'colsample_bytree': 0.6, 'learning_rate': 0.01, 'max_depth': 3, 'min_child_samples': 100, 'n_estimators': 500, 'num_leaves': 15, 'subsample': 0.6}",5.34017727623262,0.721999363000209,0.222256898880005
LightGBM,Baseline,2,"{'colsample_bytree': 0.6, 'learning_rate': 0.01, 'max_depth': 3, 'min_child_samples': 100, 'n_estimators': 500, 'num_leaves': 15, 'subsample': 0.8}",5.34017727585887,0.721999363039122,0.236688852310181
LightGBM,Baseline,2,"{'colsample_bytree': 0.6, 'learning_rate': 0.01, 'max_depth': 3, 'min_child_samples': 100, 'n_estimators': 500, 'num_leaves': 31, 'subsample': 0.6}",5.34017727637443,0.721999362985444,0.217007398605347
LightGBM,Baseline,2,"{'colsample_bytree': 0.6, 'learning_rate': 0.01, 'max_depth': 3, 'min_child_samples': 100, 'n_estimators': 500, 'num_leaves': 31, 'subsample': 0.8}",5.34017727664945,0.72199936295681,0.223098754882813
LightGBM,Baseline,2,"{'colsample_bytree': 0.6, 'learning_rate': 0.01, 'max_depth': 3, 'min_child_samples': 100, 'n_estimators': 500, 'num_leaves': 62, 'subsample': 0.6}",5.34017727636223,0.721999362986714,0.222607135772705
LightGBM,Baseline,2,"{'colsample_bytree': 0.6, 'learning_rate': 0.01, 'max_depth': 3, 'min_child_samples': 100, 'n_estimators': 500, 'num_leaves': 62, 'subsample': 0.8}",5.34017727608573,0.721999363015503,0.222051620483398
LightGBM,Baseline,2,"{'colsample_bytree': 0.6, 'learning_rate': 0.01, 'max_depth': 3, 'min_child_samples': 100, 'n_estimators': 750, 'num_leaves': 15, 'subsample': 0.6}",4.8400376222384,0.771633751688191,0.285641193389893
LightGBM,Baseline,2,"{'colsample_bytree': 0.6, 'learning_rate': 0.01, 'max_depth': 3, 'min_child_samples': 100, 'n_estimators': 750, 'num_leaves': 15, 'subsample': 0.8}",4.84003762170785,0.771633751738256,0.289676666259766
LightGBM,Baseline,2,"{'colsample_bytree': 0.6, 'learning_rate': 0.01, 'max_depth': 3, 'min_child_samples': 100, 'n_estimators': 750, 'num_leaves': 31, 'subsample': 0.6}",4.84003762128759,0.771633751777914,0.27760124206543
LightGBM,Baseline,2,"{'colsample_bytree': 0.6, 'learning_rate': 0.01, 'max_depth': 3, 'min_child_samples': 100, 'n_estimators': 750, 'num_leaves': 31, 'subsample': 0.8}",4.84003762183098,0.771633751726637,0.28261661529541
LightGBM,Baseline,2,"{'colsample_bytree': 0.6, 'learning_rate': 0.01, 'max_depth': 3, 'min_child_samples': 100, 'n_estimators': 750, 'num_leaves': 62, 'subsample': 0.6}",4.84003762137398,0.771633751769762,0.2826828956604
LightGBM,Baseline,2,"{'colsample_bytree': 0.6, 'learning_rate': 0.01, 'max_depth': 3, 'min_child_samples': 100, 'n_estimators': 750, 'num_leaves': 62, 'subsample': 0.8}",4.84003762213588,0.771633751697865,0.277306079864502
LightGBM,Baseline,2,"{'colsample_bytree': 0.6, 'learning_rate': 0.01, 'max_depth': 3, 'min_child_samples': 100, 'n_estimators': 1000, 'num_leaves': 15, 'subsample': 0.6}",4.51942138951689,0.800886770856476,0.350842714309692
LightGBM,Baseline,2,"{'colsample_bytree': 0.6, 'learning_rate': 0.01, 'max_depth': 3, 'min_child_samples': 100, 'n_estimators': 1000, 'num_leaves': 15, 'subsample': 0.8}",4.51942138914163,0.800886770889543,0.346681356430054
LightGBM,Baseline,2,"{'colsample_bytree': 0.6, 'learning_rate': 0.01, 'max_depth': 3, 'min_child_samples': 100, 'n_estimators': 1000, 'num_leaves': 31, 'subsample': 0.6}",4.51942138941571,0.800886770865392,0.341383457183838
LightGBM,Baseline,2,"{'colsample_bytree': 0.6, 'learning_rate': 0.01, 'max_depth': 3, 'min_child_samples': 100, 'n_estimators': 1000, 'num_leaves': 31, 'subsample': 0.8}",4.51942138898478,0.800886770903363,0.350731372833252
LightGBM,Baseline,2,"{'colsample_bytree': 0.6, 'learning_rate': 0.01, 'max_depth': 3, 'min_child_samples': 100, 'n_estimators': 1000, 'num_leaves': 62, 'subsample': 0.6}",4.51942138889928,0.800886770910897,0.356818199157715
LightGBM,Baseline,2,"{'colsample_bytree': 0.6, 'learning_rate': 0.01, 'max_depth': 3, 'min_child_samples': 100, 'n_estimators': 1000, 'num_leaves': 62, 'subsample': 0.8}",4.5194213893211,0.800886770873729,0.349986553192139
LightGBM,Baseline,2,"{'colsample_bytree': 0.6, 'learning_rate': 0.01, 'max_depth': 5, 'min_child_samples': 50, 'n_estimators': 500, 'num_leaves': 15, 'subsample': 0.6}",3.16635345428726,0.902264300023087,0.293140888214111
LightGBM,Baseline,2,"{'colsample_bytree': 0.6, 'learning_rate': 0.01, 'max_depth': 5, 'min_child_samples': 50, 'n_estimators': 500, 'num_leaves': 15, 'subsample': 0.8}",3.16634902313402,0.90226457357534,0.287358999252319
LightGBM,Baseline,2,"{'colsample_bytree': 0.6, 'learning_rate': 0.01, 'max_depth': 5, 'min_child_samples': 50, 'n_estimators': 500, 'num_leaves': 31, 'subsample': 0.6}",3.16635345414099,0.902264300032117,0.287816047668457
LightGBM,Baseline,2,"{'colsample_bytree': 0.6, 'learning_rate': 0.01, 'max_depth': 5, 'min_child_samples': 50, 'n_estimators': 500, 'num_leaves': 31, 'subsample': 0.8}",3.16634902336967,0.902264573560792,0.28701376914978
LightGBM,Baseline,2,"{'colsample_bytree': 0.6, 'learning_rate': 0.01, 'max_depth': 5, 'min_child_samples': 50, 'n_estimators': 500, 'num_leaves': 62, 'subsample': 0.6}",3.16635345424776,0.902264300025526,0.291601657867432
LightGBM,Baseline,2,"{'colsample_bytree': 0.6, 'learning_rate': 0.01, 'max_depth': 5, 'min_child_samples': 50, 'n_estimators': 500, 'num_leaves': 62, 'subsample': 0.8}",3.16635345406351,0.9022643000369,0.289321660995483
LightGBM,Baseline,2,"{'colsample_bytree': 0.6, 'learning_rate': 0.01, 'max_depth': 5, 'min_child_samples': 50, 'n_estimators': 750, 'num_leaves': 15, 'subsample': 0.6}",3.01739135781536,0.911243998977361,0.376322746276855
LightGBM,Baseline,2,"{'colsample_bytree': 0.6, 'learning_rate': 0.01, 'max_depth': 5, 'min_child_samples': 50, 'n_estimators': 750, 'num_leaves': 15, 'subsample': 0.8}",3.01738622577162,0.911244300893313,0.390199661254883
LightGBM,Baseline,2,"{'colsample_bytree': 0.6, 'learning_rate': 0.01, 'max_depth': 5, 'min_child_samples': 50, 'n_estimators': 750, 'num_leaves': 31, 'subsample': 0.6}",3.01739135761541,0.911243998989124,0.378469944000244
LightGBM,Baseline,2,"{'colsample_bytree': 0.6, 'learning_rate': 0.01, 'max_depth': 5, 'min_child_samples': 50, 'n_estimators': 750, 'num_leaves': 31, 'subsample': 0.8}",3.01739135797245,0.911243998968119,0.394641637802124
LightGBM,Baseline,2,"{'colsample_bytree': 0.6, 'learning_rate': 0.01, 'max_depth': 5, 'min_child_samples': 50, 'n_estimators': 750, 'num_leaves': 62, 'subsample': 0.6}",3.01739135758457,0.911243998990939,0.375168561935425
LightGBM,Baseline,2,"{'colsample_bytree': 0.6, 'learning_rate': 0.01, 'max_depth': 5, 'min_child_samples': 50, 'n_estimators': 750, 'num_leaves': 62, 'subsample': 0.8}",3.01739135729235,0.91124399900813,0.383076190948486
LightGBM,Baseline,2,"{'colsample_bytree': 0.6, 'learning_rate': 0.01, 'max_depth': 5, 'min_child_samples': 50, 'n_estimators': 1000, 'num_leaves': 15, 'subsample': 0.6}",2.95687136526917,0.914768662185723,0.473624706268311
LightGBM,Baseline,2,"{'colsample_bytree': 0.6, 'learning_rate': 0.01, 'max_depth': 5, 'min_child_samples': 50, 'n_estimators': 1000, 'num_leaves': 15, 'subsample': 0.8}",2.95687136687916,0.914768662092908,0.467161417007446
LightGBM,Baseline,2,"{'colsample_bytree': 0.6, 'learning_rate': 0.01, 'max_depth': 5, 'min_child_samples': 50, 'n_estimators': 1000, 'num_leaves': 31, 'subsample': 0.6}",2.95687136637609,0.914768662121909,0.484455108642578
LightGBM,Baseline,2,"{'colsample_bytree': 0.6, 'learning_rate': 0.01, 'max_depth': 5, 'min_child_samples': 50, 'n_estimators': 1000, 'num_leaves': 31, 'subsample': 0.8}",2.95687717419342,0.914768327302794,0.469116687774658
LightGBM,Baseline,2,"{'colsample_bytree': 0.6, 'learning_rate': 0.01, 'max_depth': 5, 'min_child_samples': 50, 'n_estimators': 1000, 'num_leaves': 62, 'subsample': 0.6}",2.95687717407901,0.91476832730939,0.474741458892822
LightGBM,Baseline,2,"{'colsample_bytree': 0.6, 'learning_rate': 0.01, 'max_depth': 5, 'min_child_samples': 50, 'n_estimators': 1000, 'num_leaves': 62, 'subsample': 0.8}",2.9568771735319,0.914768327340931,0.471005201339722
LightGBM,Baseline,2,"{'colsample_bytree': 0.6, 'learning_rate': 0.01, 'max_depth': 5, 'min_child_samples': 100, 'n_estimators': 500, 'num_leaves': 15, 'subsample': 0.6}",5.33742972231675,0.72228535546968,0.261792898178101
LightGBM,Baseline,2,"{'colsample_bytree': 0.6, 'learning_rate': 0.01, 'max_depth': 5, 'min_child_samples': 100, 'n_estimators': 500, 'num_leaves': 15, 'subsample': 0.8}",5.33743805434574,0.72228448841254,0.271238803863525
LightGBM,Baseline,2,"{'colsample_bytree': 0.6, 'learning_rate': 0.01, 'max_depth': 5, 'min_child_samples': 100, 'n_estimators': 500, 'num_leaves': 31, 'subsample': 0.6}",5.33745448353906,0.72228277873505,0.269095897674561
LightGBM,Baseline,2,"{'colsample_bytree': 0.6, 'learning_rate': 0.01, 'max_depth': 5, 'min_child_samples': 100, 'n_estimators': 500, 'num_leaves': 31, 'subsample': 0.8}",5.33743272832155,0.722285042655523,0.264028310775757
LightGBM,Baseline,2,"{'colsample_bytree': 0.6, 'learning_rate': 0.01, 'max_depth': 5, 'min_child_samples': 100, 'n_estimators': 500, 'num_leaves': 62, 'subsample': 0.6}",5.33742165379668,0.722286195103963,0.272783279418945
LightGBM,Baseline,2,"{'colsample_bytree': 0.6, 'learning_rate': 0.01, 'max_depth': 5, 'min_child_samples': 100, 'n_estimators': 500, 'num_leaves': 62, 'subsample': 0.8}",5.33741640600584,0.722286741204062,0.271504402160645
LightGBM,Baseline,2,"{'colsample_bytree': 0.6, 'learning_rate': 0.01, 'max_depth': 5, 'min_child_samples': 100, 'n_estimators': 750, 'num_leaves': 15, 'subsample': 0.6}",4.81837260283374,0.773673606099296,0.344011068344116
LightGBM,Baseline,2,"{'colsample_bytree': 0.6, 'learning_rate': 0.01, 'max_depth': 5, 'min_child_samples': 100, 'n_estimators': 750, 'num_leaves': 15, 'subsample': 0.8}",4.81838047463821,0.773672866597094,0.348533868789673
LightGBM,Baseline,2,"{'colsample_bytree': 0.6, 'learning_rate': 0.01, 'max_depth': 5, 'min_child_samples': 100, 'n_estimators': 750, 'num_leaves': 31, 'subsample': 0.6}",4.81838860802183,0.773672102520051,0.361861705780029
LightGBM,Baseline,2,"{'colsample_bytree': 0.6, 'learning_rate': 0.01, 'max_depth': 5, 'min_child_samples': 100, 'n_estimators': 750, 'num_leaves': 31, 'subsample': 0.8}",4.81838047424898,0.77367286663366,0.347311735153198
LightGBM,Baseline,2,"{'colsample_bytree': 0.6, 'learning_rate': 0.01, 'max_depth': 5, 'min_child_samples': 100, 'n_estimators': 750, 'num_leaves': 62, 'subsample': 0.6}",4.81837260135317,0.773673606238385,0.365176439285278
LightGBM,Baseline,2,"{'colsample_bytree': 0.6, 'learning_rate': 0.01, 'max_depth': 5, 'min_child_samples': 100, 'n_estimators': 750, 'num_leaves': 62, 'subsample': 0.8}",4.81836455960337,0.773674361704541,0.356890201568604
LightGBM,Baseline,2,"{'colsample_bytree': 0.6, 'learning_rate': 0.01, 'max_depth': 5, 'min_child_samples': 100, 'n_estimators': 1000, 'num_leaves': 15, 'subsample': 0.6}",4.48825107704132,0.803623855224821,0.434082746505737
LightGBM,Baseline,2,"{'colsample_bytree': 0.6, 'learning_rate': 0.01, 'max_depth': 5, 'min_child_samples': 100, 'n_estimators': 1000, 'num_leaves': 15, 'subsample': 0.8}",4.48827454256158,0.803621801827909,0.43182635307312
LightGBM,Baseline,2,"{'colsample_bytree': 0.6, 'learning_rate': 0.01, 'max_depth': 5, 'min_child_samples': 100, 'n_estimators': 1000, 'num_leaves': 31, 'subsample': 0.6}",4.48827454263016,0.803621801821908,0.438095808029175
LightGBM,Baseline,2,"{'colsample_bytree': 0.6, 'learning_rate': 0.01, 'max_depth': 5, 'min_child_samples': 100, 'n_estimators': 1000, 'num_leaves': 31, 'subsample': 0.8}",4.48825107767552,0.803623855169324,0.430932760238647
LightGBM,Baseline,2,"{'colsample_bytree': 0.6, 'learning_rate': 0.01, 'max_depth': 5, 'min_child_samples': 100, 'n_estimators': 1000, 'num_leaves': 62, 'subsample': 0.6}",4.48825107678733,0.803623855247047,0.442708253860474
LightGBM,Baseline,2,"{'colsample_bytree': 0.6, 'learning_rate': 0.01, 'max_depth': 5, 'min_child_samples': 100, 'n_estimators': 1000, 'num_leaves': 62, 'subsample': 0.8}",4.48825896269813,0.803623165175972,0.472522735595703
LightGBM,Baseline,2,"{'colsample_bytree': 0.6, 'learning_rate': 0.01, 'max_depth': 9, 'min_child_samples': 50, 'n_estimators': 500, 'num_leaves': 15, 'subsample': 0.6}",3.17000693294314,0.902038626355523,0.415965557098389
LightGBM,Baseline,2,"{'colsample_bytree': 0.6, 'learning_rate': 0.01, 'max_depth': 9, 'min_child_samples': 50, 'n_estimators': 500, 'num_leaves': 15, 'subsample': 0.8}",3.17000757212607,0.902038586850724,0.392249345779419
LightGBM,Baseline,2,"{'colsample_bytree': 0.6, 'learning_rate': 0.01, 'max_depth': 9, 'min_child_samples': 50, 'n_estimators': 500, 'num_leaves': 31, 'subsample': 0.6}",3.17001795054098,0.902037945410076,0.388928174972534
LightGBM,Baseline,2,"{'colsample_bytree': 0.6, 'learning_rate': 0.01, 'max_depth': 9, 'min_child_samples': 50, 'n_estimators': 500, 'num_leaves': 31, 'subsample': 0.8}",3.17000744762806,0.902038594545343,0.383143186569214
LightGBM,Baseline,2,"{'colsample_bytree': 0.6, 'learning_rate': 0.01, 'max_depth': 9, 'min_child_samples': 50, 'n_estimators': 500, 'num_leaves': 62, 'subsample': 0.6}",3.17001299225156,0.902038251858712,0.387501955032349
LightGBM,Baseline,2,"{'colsample_bytree': 0.6, 'learning_rate': 0.01, 'max_depth': 9, 'min_child_samples': 50, 'n_estimators': 500, 'num_leaves': 62, 'subsample': 0.8}",3.17001239172551,0.902038288974381,0.400718450546265
LightGBM,Baseline,2,"{'colsample_bytree': 0.6, 'learning_rate': 0.01, 'max_depth': 9, 'min_child_samples': 50, 'n_estimators': 750, 'num_leaves': 15, 'subsample': 0.6}",3.02130520918904,0.911013599240122,0.541011333465576
LightGBM,Baseline,2,"{'colsample_bytree': 0.6, 'learning_rate': 0.01, 'max_depth': 9, 'min_child_samples': 50, 'n_estimators': 750, 'num_leaves': 15, 'subsample': 0.8}",3.02130528056939,0.911013595035396,0.543056488037109
LightGBM,Baseline,2,"{'colsample_bytree': 0.6, 'learning_rate': 0.01, 'max_depth': 9, 'min_child_samples': 50, 'n_estimators': 750, 'num_leaves': 31, 'subsample': 0.6}",3.02129916543919,0.911013955252489,0.540732145309448
LightGBM,Baseline,2,"{'colsample_bytree': 0.6, 'learning_rate': 0.01, 'max_depth': 9, 'min_child_samples': 50, 'n_estimators': 750, 'num_leaves': 31, 'subsample': 0.8}",3.02130699227652,0.91101349420566,0.545677900314331
LightGBM,Baseline,2,"{'colsample_bytree': 0.6, 'learning_rate': 0.01, 'max_depth': 9, 'min_child_samples': 50, 'n_estimators': 750, 'num_leaves': 62, 'subsample': 0.6}",3.02129995923448,0.911013908493324,0.548660039901733
LightGBM,Baseline,2,"{'colsample_bytree': 0.6, 'learning_rate': 0.01, 'max_depth': 9, 'min_child_samples': 50, 'n_estimators': 750, 'num_leaves': 62, 'subsample': 0.8}",3.02130681723723,0.911013504516518,0.547792911529541
LightGBM,Baseline,2,"{'colsample_bytree': 0.6, 'learning_rate': 0.01, 'max_depth': 9, 'min_child_samples': 50, 'n_estimators': 1000, 'num_leaves': 15, 'subsample': 0.6}",2.95947342415675,0.914618588330647,0.705460071563721
LightGBM,Baseline,2,"{'colsample_bytree': 0.6, 'learning_rate': 0.01, 'max_depth': 9, 'min_child_samples': 50, 'n_estimators': 1000, 'num_leaves': 15, 'subsample': 0.8}",2.95948987373328,0.914617639180736,0.714175701141357
LightGBM,Baseline,2,"{'colsample_bytree': 0.6, 'learning_rate': 0.01, 'max_depth': 9, 'min_child_samples': 50, 'n_estimators': 1000, 'num_leaves': 31, 'subsample': 0.6}",2.95947413663618,0.914618547220288,0.703261852264404
LightGBM,Baseline,2,"{'colsample_bytree': 0.6, 'learning_rate': 0.01, 'max_depth': 9, 'min_child_samples': 50, 'n_estimators': 1000, 'num_leaves': 31, 'subsample': 0.8}",2.95948320502676,0.914618023969526,0.696793794631958
LightGBM,Baseline,2,"{'colsample_bytree': 0.6, 'learning_rate': 0.01, 'max_depth': 9, 'min_child_samples': 50, 'n_estimators': 1000, 'num_leaves': 62, 'subsample': 0.6}",2.95948201605253,0.914618092574037,0.711932182312012
LightGBM,Baseline,2,"{'colsample_bytree': 0.6, 'learning_rate': 0.01, 'max_depth': 9, 'min_child_samples': 50, 'n_estimators': 1000, 'num_leaves': 62, 'subsample': 0.8}",2.95947413715411,0.914618547190403,0.708932876586914
LightGBM,Baseline,2,"{'colsample_bytree': 0.6, 'learning_rate': 0.01, 'max_depth': 9, 'min_child_samples': 100, 'n_estimators': 500, 'num_leaves': 15, 'subsample': 0.6}",5.33388462681274,0.722654146453554,0.27196192741394
LightGBM,Baseline,2,"{'colsample_bytree': 0.6, 'learning_rate': 0.01, 'max_depth': 9, 'min_child_samples': 100, 'n_estimators': 500, 'num_leaves': 15, 'subsample': 0.8}",5.33389547601169,0.722653018201402,0.276533126831055
LightGBM,Baseline,2,"{'colsample_bytree': 0.6, 'learning_rate': 0.01, 'max_depth': 9, 'min_child_samples': 100, 'n_estimators': 500, 'num_leaves': 31, 'subsample': 0.6}",5.33388462692728,0.722654146441643,0.274273157119751
LightGBM,Baseline,2,"{'colsample_bytree': 0.6, 'learning_rate': 0.01, 'max_depth': 9, 'min_child_samples': 100, 'n_estimators': 500, 'num_leaves': 31, 'subsample': 0.8}",5.33388462533318,0.722654146607419,0.27808403968811
LightGBM,Baseline,2,"{'colsample_bytree': 0.6, 'learning_rate': 0.01, 'max_depth': 9, 'min_child_samples': 100, 'n_estimators': 500, 'num_leaves': 62, 'subsample': 0.6}",5.33390188892509,0.722652351295478,0.273278713226318
LightGBM,Baseline,2,"{'colsample_bytree': 0.6, 'learning_rate': 0.01, 'max_depth': 9, 'min_child_samples': 100, 'n_estimators': 500, 'num_leaves': 62, 'subsample': 0.8}",5.33388462635343,0.72265414650132,0.281254529953003
LightGBM,Baseline,2,"{'colsample_bytree': 0.6, 'learning_rate': 0.01, 'max_depth': 9, 'min_child_samples': 100, 'n_estimators': 750, 'num_leaves': 15, 'subsample': 0.6}",4.80772849275551,0.774672442170868,0.350231885910034
LightGBM,Baseline,2,"{'colsample_bytree': 0.6, 'learning_rate': 0.01, 'max_depth': 9, 'min_child_samples': 100, 'n_estimators': 750, 'num_leaves': 15, 'subsample': 0.8}",4.80769606907951,0.774675481412,0.355928897857666
LightGBM,Baseline,2,"{'colsample_bytree': 0.6, 'learning_rate': 0.01, 'max_depth': 9, 'min_child_samples': 100, 'n_estimators': 750, 'num_leaves': 31, 'subsample': 0.6}",4.80771182433648,0.774674004591728,0.358365774154663
LightGBM,Baseline,2,"{'colsample_bytree': 0.6, 'learning_rate': 0.01, 'max_depth': 9, 'min_child_samples': 100, 'n_estimators': 750, 'num_leaves': 31, 'subsample': 0.8}",4.8076960687863,0.774675481439484,0.358009576797485
LightGBM,Baseline,2,"{'colsample_bytree': 0.6, 'learning_rate': 0.01, 'max_depth': 9, 'min_child_samples': 100, 'n_estimators': 750, 'num_leaves': 62, 'subsample': 0.6}",4.80769606959795,0.774675481363404,0.356292486190796
LightGBM,Baseline,2,"{'colsample_bytree': 0.6, 'learning_rate': 0.01, 'max_depth': 9, 'min_child_samples': 100, 'n_estimators': 750, 'num_leaves': 62, 'subsample': 0.8}",4.80769606880506,0.774675481437726,0.356374502182007
LightGBM,Baseline,2,"{'colsample_bytree': 0.6, 'learning_rate': 0.01, 'max_depth': 9, 'min_child_samples': 100, 'n_estimators': 1000, 'num_leaves': 15, 'subsample': 0.6}",4.47110645913806,0.805121259679837,0.436914443969727
LightGBM,Baseline,2,"{'colsample_bytree': 0.6, 'learning_rate': 0.01, 'max_depth': 9, 'min_child_samples': 100, 'n_estimators': 1000, 'num_leaves': 15, 'subsample': 0.8}",4.47110646022093,0.80512125958544,0.425649404525757
LightGBM,Baseline,2,"{'colsample_bytree': 0.6, 'learning_rate': 0.01, 'max_depth': 9, 'min_child_samples': 100, 'n_estimators': 1000, 'num_leaves': 31, 'subsample': 0.6}",4.47110645932694,0.805121259663371,0.426081895828247
LightGBM,Baseline,2,"{'colsample_bytree': 0.6, 'learning_rate': 0.01, 'max_depth': 9, 'min_child_samples': 100, 'n_estimators': 1000, 'num_leaves': 31, 'subsample': 0.8}",4.47110645997513,0.805121259606867,0.430288791656494
LightGBM,Baseline,2,"{'colsample_bytree': 0.6, 'learning_rate': 0.01, 'max_depth': 9, 'min_child_samples': 100, 'n_estimators': 1000, 'num_leaves': 62, 'subsample': 0.6}",4.47110646029865,0.805121259578665,0.436023712158203
LightGBM,Baseline,2,"{'colsample_bytree': 0.6, 'learning_rate': 0.01, 'max_depth': 9, 'min_child_samples': 100, 'n_estimators': 1000, 'num_leaves': 62, 'subsample': 0.8}",4.47112230674248,0.805119878202259,0.443243980407715
LightGBM,Baseline,2,"{'colsample_bytree': 0.6, 'learning_rate': 0.05, 'max_depth': 3, 'min_child_samples': 50, 'n_estimators': 500, 'num_leaves': 15, 'subsample': 0.6}",2.78917105069396,0.924162372150781,0.21736478805542
LightGBM,Baseline,2,"{'colsample_bytree': 0.6, 'learning_rate': 0.05, 'max_depth': 3, 'min_child_samples': 50, 'n_estimators': 500, 'num_leaves': 15, 'subsample': 0.8}",2.78917104925367,0.924162372229104,0.213035106658936
LightGBM,Baseline,2,"{'colsample_bytree': 0.6, 'learning_rate': 0.05, 'max_depth': 3, 'min_child_samples': 50, 'n_estimators': 500, 'num_leaves': 31, 'subsample': 0.6}",2.78917105175428,0.924162372093121,0.219007730484009
LightGBM,Baseline,2,"{'colsample_bytree': 0.6, 'learning_rate': 0.05, 'max_depth': 3, 'min_child_samples': 50, 'n_estimators': 500, 'num_leaves': 31, 'subsample': 0.8}",2.78917104982802,0.924162372197871,0.219959497451782
LightGBM,Baseline,2,"{'colsample_bytree': 0.6, 'learning_rate': 0.05, 'max_depth': 3, 'min_child_samples': 50, 'n_estimators': 500, 'num_leaves': 62, 'subsample': 0.6}",2.78917105069524,0.924162372150711,0.216274738311768
LightGBM,Baseline,2,"{'colsample_bytree': 0.6, 'learning_rate': 0.05, 'max_depth': 3, 'min_child_samples': 50, 'n_estimators': 500, 'num_leaves': 62, 'subsample': 0.8}",2.7891710520177,0.924162372078796,0.219636678695679
LightGBM,Baseline,2,"{'colsample_bytree': 0.6, 'learning_rate': 0.05, 'max_depth': 3, 'min_child_samples': 50, 'n_estimators': 750, 'num_leaves': 15, 'subsample': 0.6}",2.71805900709169,0.927980151466639,0.27436375617981
LightGBM,Baseline,2,"{'colsample_bytree': 0.6, 'learning_rate': 0.05, 'max_depth': 3, 'min_child_samples': 50, 'n_estimators': 750, 'num_leaves': 15, 'subsample': 0.8}",2.71805900726618,0.927980151457392,0.283950567245483
LightGBM,Baseline,2,"{'colsample_bytree': 0.6, 'learning_rate': 0.05, 'max_depth': 3, 'min_child_samples': 50, 'n_estimators': 750, 'num_leaves': 31, 'subsample': 0.6}",2.71805900573552,0.927980151538507,0.283153533935547
LightGBM,Baseline,2,"{'colsample_bytree': 0.6, 'learning_rate': 0.05, 'max_depth': 3, 'min_child_samples': 50, 'n_estimators': 750, 'num_leaves': 31, 'subsample': 0.8}",2.71805900692382,0.927980151475535,0.280369758605957
LightGBM,Baseline,2,"{'colsample_bytree': 0.6, 'learning_rate': 0.05, 'max_depth': 3, 'min_child_samples': 50, 'n_estimators': 750, 'num_leaves': 62, 'subsample': 0.6}",2.71805900678685,0.927980151482793,0.284378528594971
LightGBM,Baseline,2,"{'colsample_bytree': 0.6, 'learning_rate': 0.05, 'max_depth': 3, 'min_child_samples': 50, 'n_estimators': 750, 'num_leaves': 62, 'subsample': 0.8}",2.71805900605055,0.927980151521813,0.283441305160522
LightGBM,Baseline,2,"{'colsample_bytree': 0.6, 'learning_rate': 0.05, 'max_depth': 3, 'min_child_samples': 50, 'n_estimators': 1000, 'num_leaves': 15, 'subsample': 0.6}",2.67969856026714,0.929998664111537,0.331890106201172
LightGBM,Baseline,2,"{'colsample_bytree': 0.6, 'learning_rate': 0.05, 'max_depth': 3, 'min_child_samples': 50, 'n_estimators': 1000, 'num_leaves': 15, 'subsample': 0.8}",2.67969856026516,0.92999866411164,0.341716766357422
LightGBM,Baseline,2,"{'colsample_bytree': 0.6, 'learning_rate': 0.05, 'max_depth': 3, 'min_child_samples': 50, 'n_estimators': 1000, 'num_leaves': 31, 'subsample': 0.6}",2.6796985597861,0.929998664136669,0.337780952453613
LightGBM,Baseline,2,"{'colsample_bytree': 0.6, 'learning_rate': 0.05, 'max_depth': 3, 'min_child_samples': 50, 'n_estimators': 1000, 'num_leaves': 31, 'subsample': 0.8}",2.67969855887403,0.929998664184321,0.328797340393066
LightGBM,Baseline,2,"{'colsample_bytree': 0.6, 'learning_rate': 0.05, 'max_depth': 3, 'min_child_samples': 50, 'n_estimators': 1000, 'num_leaves': 62, 'subsample': 0.6}",2.67969855992763,0.929998664129275,0.33882999420166
LightGBM,Baseline,2,"{'colsample_bytree': 0.6, 'learning_rate': 0.05, 'max_depth': 3, 'min_child_samples': 50, 'n_estimators': 1000, 'num_leaves': 62, 'subsample': 0.8}",2.67969855848139,0.929998664204835,0.353157043457031
LightGBM,Baseline,2,"{'colsample_bytree': 0.6, 'learning_rate': 0.05, 'max_depth': 3, 'min_child_samples': 100, 'n_estimators': 500, 'num_leaves': 15, 'subsample': 0.6}",3.68141507752007,0.86788138401567,0.223102569580078
LightGBM,Baseline,2,"{'colsample_bytree': 0.6, 'learning_rate': 0.05, 'max_depth': 3, 'min_child_samples': 100, 'n_estimators': 500, 'num_leaves': 15, 'subsample': 0.8}",3.68141507766191,0.86788138400549,0.231201410293579
LightGBM,Baseline,2,"{'colsample_bytree': 0.6, 'learning_rate': 0.05, 'max_depth': 3, 'min_child_samples': 100, 'n_estimators': 500, 'num_leaves': 31, 'subsample': 0.6}",3.68141507733133,0.867881384029217,0.227607250213623
LightGBM,Baseline,2,"{'colsample_bytree': 0.6, 'learning_rate': 0.05, 'max_depth': 3, 'min_child_samples': 100, 'n_estimators': 500, 'num_leaves': 31, 'subsample': 0.8}",3.68141507728978,0.867881384032199,0.225925922393799
LightGBM,Baseline,2,"{'colsample_bytree': 0.6, 'learning_rate': 0.05, 'max_depth': 3, 'min_child_samples': 100, 'n_estimators': 500, 'num_leaves': 62, 'subsample': 0.6}",3.68141507552743,0.867881384158694,0.22911262512207
LightGBM,Baseline,2,"{'colsample_bytree': 0.6, 'learning_rate': 0.05, 'max_depth': 3, 'min_child_samples': 100, 'n_estimators': 500, 'num_leaves': 62, 'subsample': 0.8}",3.68141507687986,0.867881384061621,0.218952178955078
LightGBM,Baseline,2,"{'colsample_bytree': 0.6, 'learning_rate': 0.05, 'max_depth': 3, 'min_child_samples': 100, 'n_estimators': 750, 'num_leaves': 15, 'subsample': 0.6}",3.46650859446115,0.882856281761162,0.287810802459717
LightGBM,Baseline,2,"{'colsample_bytree': 0.6, 'learning_rate': 0.05, 'max_depth': 3, 'min_child_samples': 100, 'n_estimators': 750, 'num_leaves': 15, 'subsample': 0.8}",3.46650859395783,0.882856281795179,0.28575325012207
LightGBM,Baseline,2,"{'colsample_bytree': 0.6, 'learning_rate': 0.05, 'max_depth': 3, 'min_child_samples': 100, 'n_estimators': 750, 'num_leaves': 31, 'subsample': 0.6}",3.46650859387828,0.882856281800555,0.293028116226196
LightGBM,Baseline,2,"{'colsample_bytree': 0.6, 'learning_rate': 0.05, 'max_depth': 3, 'min_child_samples': 100, 'n_estimators': 750, 'num_leaves': 31, 'subsample': 0.8}",3.46650859465794,0.882856281747862,0.290541410446167
LightGBM,Baseline,2,"{'colsample_bytree': 0.6, 'learning_rate': 0.05, 'max_depth': 3, 'min_child_samples': 100, 'n_estimators': 750, 'num_leaves': 62, 'subsample': 0.6}",3.46650859408748,0.882856281786416,0.296186685562134
LightGBM,Baseline,2,"{'colsample_bytree': 0.6, 'learning_rate': 0.05, 'max_depth': 3, 'min_child_samples': 100, 'n_estimators': 750, 'num_leaves': 62, 'subsample': 0.8}",3.46650859498772,0.882856281725573,0.294112682342529
LightGBM,Baseline,2,"{'colsample_bytree': 0.6, 'learning_rate': 0.05, 'max_depth': 3, 'min_child_samples': 100, 'n_estimators': 1000, 'num_leaves': 15, 'subsample': 0.6}",3.33964708868526,0.891273453396861,0.35518217086792
LightGBM,Baseline,2,"{'colsample_bytree': 0.6, 'learning_rate': 0.05, 'max_depth': 3, 'min_child_samples': 100, 'n_estimators': 1000, 'num_leaves': 15, 'subsample': 0.8}",3.339647089824,0.891273453322715,0.341886758804321
LightGBM,Baseline,2,"{'colsample_bytree': 0.6, 'learning_rate': 0.05, 'max_depth': 3, 'min_child_samples': 100, 'n_estimators': 1000, 'num_leaves': 31, 'subsample': 0.6}",3.33964708723199,0.891273453491487,0.350013256072998
LightGBM,Baseline,2,"{'colsample_bytree': 0.6, 'learning_rate': 0.05, 'max_depth': 3, 'min_child_samples': 100, 'n_estimators': 1000, 'num_leaves': 31, 'subsample': 0.8}",3.33964708786169,0.891273453450486,0.346066474914551
LightGBM,Baseline,2,"{'colsample_bytree': 0.6, 'learning_rate': 0.05, 'max_depth': 3, 'min_child_samples': 100, 'n_estimators': 1000, 'num_leaves': 62, 'subsample': 0.6}",3.33964708845896,0.891273453411596,0.351542472839355
LightGBM,Baseline,2,"{'colsample_bytree': 0.6, 'learning_rate': 0.05, 'max_depth': 3, 'min_child_samples': 100, 'n_estimators': 1000, 'num_leaves': 62, 'subsample': 0.8}",3.33964708833589,0.89127345341961,0.351531982421875
LightGBM,Baseline,2,"{'colsample_bytree': 0.6, 'learning_rate': 0.05, 'max_depth': 5, 'min_child_samples': 50, 'n_estimators': 500, 'num_leaves': 15, 'subsample': 0.6}",2.77517703187736,0.924921458507155,0.281115293502808
LightGBM,Baseline,2,"{'colsample_bytree': 0.6, 'learning_rate': 0.05, 'max_depth': 5, 'min_child_samples': 50, 'n_estimators': 500, 'num_leaves': 15, 'subsample': 0.8}",2.77511990302674,0.924924549557985,0.284249305725098
LightGBM,Baseline,2,"{'colsample_bytree': 0.6, 'learning_rate': 0.05, 'max_depth': 5, 'min_child_samples': 50, 'n_estimators': 500, 'num_leaves': 31, 'subsample': 0.6}",2.77511990240964,0.924924549591374,0.287201166152954
LightGBM,Baseline,2,"{'colsample_bytree': 0.6, 'learning_rate': 0.05, 'max_depth': 5, 'min_child_samples': 50, 'n_estimators': 500, 'num_leaves': 31, 'subsample': 0.8}",2.77515853265786,0.92492245944495,0.284442663192749
LightGBM,Baseline,2,"{'colsample_bytree': 0.6, 'learning_rate': 0.05, 'max_depth': 5, 'min_child_samples': 50, 'n_estimators': 500, 'num_leaves': 62, 'subsample': 0.6}",2.77519212983571,0.924920641596549,0.281356811523438
LightGBM,Baseline,2,"{'colsample_bytree': 0.6, 'learning_rate': 0.05, 'max_depth': 5, 'min_child_samples': 50, 'n_estimators': 500, 'num_leaves': 62, 'subsample': 0.8}",2.77515853262875,0.924922459446526,0.283047199249268
LightGBM,Baseline,2,"{'colsample_bytree': 0.6, 'learning_rate': 0.05, 'max_depth': 5, 'min_child_samples': 50, 'n_estimators': 750, 'num_leaves': 15, 'subsample': 0.6}",2.71476767616924,0.928154465295641,0.380215644836426
LightGBM,Baseline,2,"{'colsample_bytree': 0.6, 'learning_rate': 0.05, 'max_depth': 5, 'min_child_samples': 50, 'n_estimators': 750, 'num_leaves': 15, 'subsample': 0.8}",2.70940657663694,0.928437944983168,0.380200147628784
LightGBM,Baseline,2,"{'colsample_bytree': 0.6, 'learning_rate': 0.05, 'max_depth': 5, 'min_child_samples': 50, 'n_estimators': 750, 'num_leaves': 31, 'subsample': 0.6}",2.71470446363792,0.928157811059095,0.381258964538574
LightGBM,Baseline,2,"{'colsample_bytree': 0.6, 'learning_rate': 0.05, 'max_depth': 5, 'min_child_samples': 50, 'n_estimators': 750, 'num_leaves': 31, 'subsample': 0.8}",2.71470446410404,0.928157811034424,0.385812759399414
LightGBM,Baseline,2,"{'colsample_bytree': 0.6, 'learning_rate': 0.05, 'max_depth': 5, 'min_child_samples': 50, 'n_estimators': 750, 'num_leaves': 62, 'subsample': 0.6}",2.7147434105628,0.928155749654294,0.378783941268921
LightGBM,Baseline,2,"{'colsample_bytree': 0.6, 'learning_rate': 0.05, 'max_depth': 5, 'min_child_samples': 50, 'n_estimators': 750, 'num_leaves': 62, 'subsample': 0.8}",2.71474341056116,0.928155749654381,0.39037036895752
LightGBM,Baseline,2,"{'colsample_bytree': 0.6, 'learning_rate': 0.05, 'max_depth': 5, 'min_child_samples': 50, 'n_estimators': 1000, 'num_leaves': 15, 'subsample': 0.6}",2.68955470964541,0.929482775893481,0.469412803649902
LightGBM,Baseline,2,"{'colsample_bytree': 0.6, 'learning_rate': 0.05, 'max_depth': 5, 'min_child_samples': 50, 'n_estimators': 1000, 'num_leaves': 15, 'subsample': 0.8}",2.68954401273087,0.929483336815493,0.46657919883728
LightGBM,Baseline,2,"{'colsample_bytree': 0.6, 'learning_rate': 0.05, 'max_depth': 5, 'min_child_samples': 50, 'n_estimators': 1000, 'num_leaves': 31, 'subsample': 0.6}",2.68951209093973,0.929485010708781,0.470891237258911
LightGBM,Baseline,2,"{'colsample_bytree': 0.6, 'learning_rate': 0.05, 'max_depth': 5, 'min_child_samples': 50, 'n_estimators': 1000, 'num_leaves': 31, 'subsample': 0.8}",2.68954401300728,0.929483336800999,0.474812030792236
LightGBM,Baseline,2,"{'colsample_bytree': 0.6, 'learning_rate': 0.05, 'max_depth': 5, 'min_child_samples': 50, 'n_estimators': 1000, 'num_leaves': 62, 'subsample': 0.6}",2.68954951104684,0.929483048496515,0.483253002166748
LightGBM,Baseline,2,"{'colsample_bytree': 0.6, 'learning_rate': 0.05, 'max_depth': 5, 'min_child_samples': 50, 'n_estimators': 1000, 'num_leaves': 62, 'subsample': 0.8}",2.68951209191493,0.929485010657645,0.477574110031128
LightGBM,Baseline,2,"{'colsample_bytree': 0.6, 'learning_rate': 0.05, 'max_depth': 5, 'min_child_samples': 100, 'n_estimators': 500, 'num_leaves': 15, 'subsample': 0.6}",3.65487597359314,0.869779388569351,0.25680685043335
LightGBM,Baseline,2,"{'colsample_bytree': 0.6, 'learning_rate': 0.05, 'max_depth': 5, 'min_child_samples': 100, 'n_estimators': 500, 'num_leaves': 15, 'subsample': 0.8}",3.65487522860757,0.86977944165595,0.264315843582153
LightGBM,Baseline,2,"{'colsample_bytree': 0.6, 'learning_rate': 0.05, 'max_depth': 5, 'min_child_samples': 100, 'n_estimators': 500, 'num_leaves': 31, 'subsample': 0.6}",3.65487597363417,0.869779388566428,0.266906976699829
LightGBM,Baseline,2,"{'colsample_bytree': 0.6, 'learning_rate': 0.05, 'max_depth': 5, 'min_child_samples': 100, 'n_estimators': 500, 'num_leaves': 31, 'subsample': 0.8}",3.65487643344764,0.869779355800776,0.266995906829834
LightGBM,Baseline,2,"{'colsample_bytree': 0.6, 'learning_rate': 0.05, 'max_depth': 5, 'min_child_samples': 100, 'n_estimators': 500, 'num_leaves': 62, 'subsample': 0.6}",3.65487568842738,0.869779408889853,0.261991500854492
LightGBM,Baseline,2,"{'colsample_bytree': 0.6, 'learning_rate': 0.05, 'max_depth': 5, 'min_child_samples': 100, 'n_estimators': 500, 'num_leaves': 62, 'subsample': 0.8}",3.65487522877885,0.869779441643744,0.26974081993103
LightGBM,Baseline,2,"{'colsample_bytree': 0.6, 'learning_rate': 0.05, 'max_depth': 5, 'min_child_samples': 100, 'n_estimators': 750, 'num_leaves': 15, 'subsample': 0.6}",3.45175525904578,0.883851278780612,0.353740930557251
LightGBM,Baseline,2,"{'colsample_bytree': 0.6, 'learning_rate': 0.05, 'max_depth': 5, 'min_child_samples': 100, 'n_estimators': 750, 'num_leaves': 15, 'subsample': 0.8}",3.45176660840067,0.88385051498647,0.340305805206299
LightGBM,Baseline,2,"{'colsample_bytree': 0.6, 'learning_rate': 0.05, 'max_depth': 5, 'min_child_samples': 100, 'n_estimators': 750, 'num_leaves': 31, 'subsample': 0.6}",3.45174644793134,0.883851871753342,0.34277868270874
LightGBM,Baseline,2,"{'colsample_bytree': 0.6, 'learning_rate': 0.05, 'max_depth': 5, 'min_child_samples': 100, 'n_estimators': 750, 'num_leaves': 31, 'subsample': 0.8}",3.45175561938429,0.883851254530423,0.348911046981812
LightGBM,Baseline,2,"{'colsample_bytree': 0.6, 'learning_rate': 0.05, 'max_depth': 5, 'min_child_samples': 100, 'n_estimators': 750, 'num_leaves': 62, 'subsample': 0.6}",3.45176566239589,0.883850578651234,0.343977689743042
LightGBM,Baseline,2,"{'colsample_bytree': 0.6, 'learning_rate': 0.05, 'max_depth': 5, 'min_child_samples': 100, 'n_estimators': 750, 'num_leaves': 62, 'subsample': 0.8}",3.45174703285091,0.883851832389316,0.341294050216675
LightGBM,Baseline,2,"{'colsample_bytree': 0.6, 'learning_rate': 0.05, 'max_depth': 5, 'min_child_samples': 100, 'n_estimators': 1000, 'num_leaves': 15, 'subsample': 0.6}",3.33980174236559,0.891263383261022,0.422563552856445
LightGBM,Baseline,2,"{'colsample_bytree': 0.6, 'learning_rate': 0.05, 'max_depth': 5, 'min_child_samples': 100, 'n_estimators': 1000, 'num_leaves': 15, 'subsample': 0.8}",3.3398017435628,0.891263383183065,0.425844430923462
LightGBM,Baseline,2,"{'colsample_bytree': 0.6, 'learning_rate': 0.05, 'max_depth': 5, 'min_child_samples': 100, 'n_estimators': 1000, 'num_leaves': 31, 'subsample': 0.6}",3.33980990485277,0.891262851755027,0.42639946937561
LightGBM,Baseline,2,"{'colsample_bytree': 0.6, 'learning_rate': 0.05, 'max_depth': 5, 'min_child_samples': 100, 'n_estimators': 1000, 'num_leaves': 31, 'subsample': 0.8}",3.3398018796851,0.891263374319378,0.415966033935547
LightGBM,Baseline,2,"{'colsample_bytree': 0.6, 'learning_rate': 0.05, 'max_depth': 5, 'min_child_samples': 100, 'n_estimators': 1000, 'num_leaves': 62, 'subsample': 0.6}",3.33980152459155,0.891263397441511,0.424115657806397
LightGBM,Baseline,2,"{'colsample_bytree': 0.6, 'learning_rate': 0.05, 'max_depth': 5, 'min_child_samples': 100, 'n_estimators': 1000, 'num_leaves': 62, 'subsample': 0.8}",3.33980152424883,0.891263397463828,0.431427240371704
LightGBM,Baseline,2,"{'colsample_bytree': 0.6, 'learning_rate': 0.05, 'max_depth': 9, 'min_child_samples': 50, 'n_estimators': 500, 'num_leaves': 15, 'subsample': 0.6}",2.8040611698186,0.923350485379324,0.397249221801758
LightGBM,Baseline,2,"{'colsample_bytree': 0.6, 'learning_rate': 0.05, 'max_depth': 9, 'min_child_samples': 50, 'n_estimators': 500, 'num_leaves': 15, 'subsample': 0.8}",2.80394969523497,0.923356579613628,0.397985696792603
LightGBM,Baseline,2,"{'colsample_bytree': 0.6, 'learning_rate': 0.05, 'max_depth': 9, 'min_child_samples': 50, 'n_estimators': 500, 'num_leaves': 31, 'subsample': 0.6}",2.80406076738723,0.923350507380389,0.409330606460571
LightGBM,Baseline,2,"{'colsample_bytree': 0.6, 'learning_rate': 0.05, 'max_depth': 9, 'min_child_samples': 50, 'n_estimators': 500, 'num_leaves': 31, 'subsample': 0.8}",2.8041106597401,0.923347779723699,0.396563053131104
LightGBM,Baseline,2,"{'colsample_bytree': 0.6, 'learning_rate': 0.05, 'max_depth': 9, 'min_child_samples': 50, 'n_estimators': 500, 'num_leaves': 62, 'subsample': 0.6}",2.80411602059209,0.923347486638547,0.403401613235474
LightGBM,Baseline,2,"{'colsample_bytree': 0.6, 'learning_rate': 0.05, 'max_depth': 9, 'min_child_samples': 50, 'n_estimators': 500, 'num_leaves': 62, 'subsample': 0.8}",2.80398304679063,0.923354756333769,0.407047986984253
LightGBM,Baseline,2,"{'colsample_bytree': 0.6, 'learning_rate': 0.05, 'max_depth': 9, 'min_child_samples': 50, 'n_estimators': 750, 'num_leaves': 15, 'subsample': 0.6}",2.74359673612883,0.926620457910676,0.562398195266724
LightGBM,Baseline,2,"{'colsample_bytree': 0.6, 'learning_rate': 0.05, 'max_depth': 9, 'min_child_samples': 50, 'n_estimators': 750, 'num_leaves': 15, 'subsample': 0.8}",2.74364892528943,0.926617666208033,0.557990789413452
LightGBM,Baseline,2,"{'colsample_bytree': 0.6, 'learning_rate': 0.05, 'max_depth': 9, 'min_child_samples': 50, 'n_estimators': 750, 'num_leaves': 31, 'subsample': 0.6}",2.7435786330052,0.926621426270583,0.551330804824829
LightGBM,Baseline,2,"{'colsample_bytree': 0.6, 'learning_rate': 0.05, 'max_depth': 9, 'min_child_samples': 50, 'n_estimators': 750, 'num_leaves': 31, 'subsample': 0.8}",2.74358302091303,0.926621191556205,0.548386335372925
LightGBM,Baseline,2,"{'colsample_bytree': 0.6, 'learning_rate': 0.05, 'max_depth': 9, 'min_child_samples': 50, 'n_estimators': 750, 'num_leaves': 62, 'subsample': 0.6}",2.74361730664071,0.92661935755917,0.563361883163452
LightGBM,Baseline,2,"{'colsample_bytree': 0.6, 'learning_rate': 0.05, 'max_depth': 9, 'min_child_samples': 50, 'n_estimators': 750, 'num_leaves': 62, 'subsample': 0.8}",2.74361608325561,0.926619423000341,0.559855461120606
LightGBM,Baseline,2,"{'colsample_bytree': 0.6, 'learning_rate': 0.05, 'max_depth': 9, 'min_child_samples': 50, 'n_estimators': 1000, 'num_leaves': 15, 'subsample': 0.6}",2.71184949092094,0.928308840122791,0.719318866729736
LightGBM,Baseline,2,"{'colsample_bytree': 0.6, 'learning_rate': 0.05, 'max_depth': 9, 'min_child_samples': 50, 'n_estimators': 1000, 'num_leaves': 15, 'subsample': 0.8}",2.71168644978093,0.92831746025979,0.704554080963135
LightGBM,Baseline,2,"{'colsample_bytree': 0.6, 'learning_rate': 0.05, 'max_depth': 9, 'min_child_samples': 50, 'n_estimators': 1000, 'num_leaves': 31, 'subsample': 0.6}",2.71160584818504,0.928321721549831,0.692094564437866
LightGBM,Baseline,2,"{'colsample_bytree': 0.6, 'learning_rate': 0.05, 'max_depth': 9, 'min_child_samples': 50, 'n_estimators': 1000, 'num_leaves': 31, 'subsample': 0.8}",2.71170627717442,0.928316411994701,0.707394361495972
LightGBM,Baseline,2,"{'colsample_bytree': 0.6, 'learning_rate': 0.05, 'max_depth': 9, 'min_child_samples': 50, 'n_estimators': 1000, 'num_leaves': 62, 'subsample': 0.6}",2.71179381535632,0.928311783800045,0.70056676864624
LightGBM,Baseline,2,"{'colsample_bytree': 0.6, 'learning_rate': 0.05, 'max_depth': 9, 'min_child_samples': 50, 'n_estimators': 1000, 'num_leaves': 62, 'subsample': 0.8}",2.71185523341598,0.928308536502279,0.699989080429077
LightGBM,Baseline,2,"{'colsample_bytree': 0.6, 'learning_rate': 0.05, 'max_depth': 9, 'min_child_samples': 100, 'n_estimators': 500, 'num_leaves': 15, 'subsample': 0.6}",3.6539764213936,0.869843481481275,0.258878231048584
LightGBM,Baseline,2,"{'colsample_bytree': 0.6, 'learning_rate': 0.05, 'max_depth': 9, 'min_child_samples': 100, 'n_estimators': 500, 'num_leaves': 15, 'subsample': 0.8}",3.65397642268632,0.86984348138918,0.265570163726807
LightGBM,Baseline,2,"{'colsample_bytree': 0.6, 'learning_rate': 0.05, 'max_depth': 9, 'min_child_samples': 100, 'n_estimators': 500, 'num_leaves': 31, 'subsample': 0.6}",3.65397642333867,0.869843481342706,0.259957790374756
LightGBM,Baseline,2,"{'colsample_bytree': 0.6, 'learning_rate': 0.05, 'max_depth': 9, 'min_child_samples': 100, 'n_estimators': 500, 'num_leaves': 31, 'subsample': 0.8}",3.65397642234605,0.869843481413421,0.25799036026001
LightGBM,Baseline,2,"{'colsample_bytree': 0.6, 'learning_rate': 0.05, 'max_depth': 9, 'min_child_samples': 100, 'n_estimators': 500, 'num_leaves': 62, 'subsample': 0.6}",3.65397642255348,0.869843481398643,0.262468814849854
LightGBM,Baseline,2,"{'colsample_bytree': 0.6, 'learning_rate': 0.05, 'max_depth': 9, 'min_child_samples': 100, 'n_estimators': 500, 'num_leaves': 62, 'subsample': 0.8}",3.65397642406357,0.869843481291063,0.277955770492554
LightGBM,Baseline,2,"{'colsample_bytree': 0.6, 'learning_rate': 0.05, 'max_depth': 9, 'min_child_samples': 100, 'n_estimators': 750, 'num_leaves': 15, 'subsample': 0.6}",3.455317802763,0.883611401733199,0.350131750106812
LightGBM,Baseline,2,"{'colsample_bytree': 0.6, 'learning_rate': 0.05, 'max_depth': 9, 'min_child_samples': 100, 'n_estimators': 750, 'num_leaves': 15, 'subsample': 0.8}",3.45531780164091,0.883611401808792,0.342164754867554
LightGBM,Baseline,2,"{'colsample_bytree': 0.6, 'learning_rate': 0.05, 'max_depth': 9, 'min_child_samples': 100, 'n_estimators': 750, 'num_leaves': 31, 'subsample': 0.6}",3.45526890510954,0.883614695837765,0.3495774269104
LightGBM,Baseline,2,"{'colsample_bytree': 0.6, 'learning_rate': 0.05, 'max_depth': 9, 'min_child_samples': 100, 'n_estimators': 750, 'num_leaves': 31, 'subsample': 0.8}",3.45531780055972,0.883611401881629,0.353938579559326
LightGBM,Baseline,2,"{'colsample_bytree': 0.6, 'learning_rate': 0.05, 'max_depth': 9, 'min_child_samples': 100, 'n_estimators': 750, 'num_leaves': 62, 'subsample': 0.6}",3.45531780177635,0.883611401799668,0.347703695297241
LightGBM,Baseline,2,"{'colsample_bytree': 0.6, 'learning_rate': 0.05, 'max_depth': 9, 'min_child_samples': 100, 'n_estimators': 750, 'num_leaves': 62, 'subsample': 0.8}",3.45531780187679,0.883611401792901,0.353882551193237
LightGBM,Baseline,2,"{'colsample_bytree': 0.6, 'learning_rate': 0.05, 'max_depth': 9, 'min_child_samples': 100, 'n_estimators': 1000, 'num_leaves': 15, 'subsample': 0.6}",3.33887765052235,0.891323547742055,0.431241273880005
LightGBM,Baseline,2,"{'colsample_bytree': 0.6, 'learning_rate': 0.05, 'max_depth': 9, 'min_child_samples': 100, 'n_estimators': 1000, 'num_leaves': 15, 'subsample': 0.8}",3.33887765163299,0.891323547669755,0.443029642105103
LightGBM,Baseline,2,"{'colsample_bytree': 0.6, 'learning_rate': 0.05, 'max_depth': 9, 'min_child_samples': 100, 'n_estimators': 1000, 'num_leaves': 31, 'subsample': 0.6}",3.33887764958688,0.891323547802951,0.428165435791016
LightGBM,Baseline,2,"{'colsample_bytree': 0.6, 'learning_rate': 0.05, 'max_depth': 9, 'min_child_samples': 100, 'n_estimators': 1000, 'num_leaves': 31, 'subsample': 0.8}",3.33887765110249,0.891323547704289,0.432043552398682
LightGBM,Baseline,2,"{'colsample_bytree': 0.6, 'learning_rate': 0.05, 'max_depth': 9, 'min_child_samples': 100, 'n_estimators': 1000, 'num_leaves': 62, 'subsample': 0.6}",3.33887765079724,0.89132354772416,0.443833827972412
LightGBM,Baseline,2,"{'colsample_bytree': 0.6, 'learning_rate': 0.05, 'max_depth': 9, 'min_child_samples': 100, 'n_estimators': 1000, 'num_leaves': 62, 'subsample': 0.8}",3.3388776495261,0.891323547806908,0.439833879470825
LightGBM,Baseline,2,"{'colsample_bytree': 0.8, 'learning_rate': 0.01, 'max_depth': 3, 'min_child_samples': 50, 'n_estimators': 500, 'num_leaves': 15, 'subsample': 0.6}",3.15451047129629,0.902994046469444,0.212934017181396
LightGBM,Baseline,2,"{'colsample_bytree': 0.8, 'learning_rate': 0.01, 'max_depth': 3, 'min_child_samples': 50, 'n_estimators': 500, 'num_leaves': 15, 'subsample': 0.8}",3.1545104712399,0.902994046472912,0.218385219573975
LightGBM,Baseline,2,"{'colsample_bytree': 0.8, 'learning_rate': 0.01, 'max_depth': 3, 'min_child_samples': 50, 'n_estimators': 500, 'num_leaves': 31, 'subsample': 0.6}",3.15451047115421,0.902994046478183,0.214447259902954
LightGBM,Baseline,2,"{'colsample_bytree': 0.8, 'learning_rate': 0.01, 'max_depth': 3, 'min_child_samples': 50, 'n_estimators': 500, 'num_leaves': 31, 'subsample': 0.8}",3.15451047161081,0.9029940464501,0.212800741195679
LightGBM,Baseline,2,"{'colsample_bytree': 0.8, 'learning_rate': 0.01, 'max_depth': 3, 'min_child_samples': 50, 'n_estimators': 500, 'num_leaves': 62, 'subsample': 0.6}",3.15451047041712,0.902994046523515,0.221859216690063
LightGBM,Baseline,2,"{'colsample_bytree': 0.8, 'learning_rate': 0.01, 'max_depth': 3, 'min_child_samples': 50, 'n_estimators': 500, 'num_leaves': 62, 'subsample': 0.8}",3.15451047086603,0.902994046495906,0.214416980743408
LightGBM,Baseline,2,"{'colsample_bytree': 0.8, 'learning_rate': 0.01, 'max_depth': 3, 'min_child_samples': 50, 'n_estimators': 750, 'num_leaves': 15, 'subsample': 0.6}",3.03043756950378,0.910474836018753,0.270051956176758
LightGBM,Baseline,2,"{'colsample_bytree': 0.8, 'learning_rate': 0.01, 'max_depth': 3, 'min_child_samples': 50, 'n_estimators': 750, 'num_leaves': 15, 'subsample': 0.8}",3.03043757004728,0.91047483598664,0.267383813858032
LightGBM,Baseline,2,"{'colsample_bytree': 0.8, 'learning_rate': 0.01, 'max_depth': 3, 'min_child_samples': 50, 'n_estimators': 750, 'num_leaves': 31, 'subsample': 0.6}",3.03043757009309,0.910474835983933,0.275950193405151
LightGBM,Baseline,2,"{'colsample_bytree': 0.8, 'learning_rate': 0.01, 'max_depth': 3, 'min_child_samples': 50, 'n_estimators': 750, 'num_leaves': 31, 'subsample': 0.8}",3.03043756969413,0.910474836007506,0.280905485153198
LightGBM,Baseline,2,"{'colsample_bytree': 0.8, 'learning_rate': 0.01, 'max_depth': 3, 'min_child_samples': 50, 'n_estimators': 750, 'num_leaves': 62, 'subsample': 0.6}",3.0304375701085,0.910474835983023,0.282456636428833
LightGBM,Baseline,2,"{'colsample_bytree': 0.8, 'learning_rate': 0.01, 'max_depth': 3, 'min_child_samples': 50, 'n_estimators': 750, 'num_leaves': 62, 'subsample': 0.8}",3.0304375707918,0.910474835942651,0.287112712860107
LightGBM,Baseline,2,"{'colsample_bytree': 0.8, 'learning_rate': 0.01, 'max_depth': 3, 'min_child_samples': 50, 'n_estimators': 1000, 'num_leaves': 15, 'subsample': 0.6}",2.95910156631474,0.914640043331766,0.330180644989014
LightGBM,Baseline,2,"{'colsample_bytree': 0.8, 'learning_rate': 0.01, 'max_depth': 3, 'min_child_samples': 50, 'n_estimators': 1000, 'num_leaves': 15, 'subsample': 0.8}",2.9591015656298,0.914640043371282,0.343058586120605
LightGBM,Baseline,2,"{'colsample_bytree': 0.8, 'learning_rate': 0.01, 'max_depth': 3, 'min_child_samples': 50, 'n_estimators': 1000, 'num_leaves': 31, 'subsample': 0.6}",2.95910156552647,0.914640043377243,0.33248233795166
LightGBM,Baseline,2,"{'colsample_bytree': 0.8, 'learning_rate': 0.01, 'max_depth': 3, 'min_child_samples': 50, 'n_estimators': 1000, 'num_leaves': 31, 'subsample': 0.8}",2.95910156599553,0.914640043350182,0.337363243103027
LightGBM,Baseline,2,"{'colsample_bytree': 0.8, 'learning_rate': 0.01, 'max_depth': 3, 'min_child_samples': 50, 'n_estimators': 1000, 'num_leaves': 62, 'subsample': 0.6}",2.95910156620972,0.914640043337824,0.328264951705933
LightGBM,Baseline,2,"{'colsample_bytree': 0.8, 'learning_rate': 0.01, 'max_depth': 3, 'min_child_samples': 50, 'n_estimators': 1000, 'num_leaves': 62, 'subsample': 0.8}",2.95910156530697,0.914640043389907,0.334704399108887
LightGBM,Baseline,2,"{'colsample_bytree': 0.8, 'learning_rate': 0.01, 'max_depth': 3, 'min_child_samples': 100, 'n_estimators': 500, 'num_leaves': 15, 'subsample': 0.6}",5.24947296901318,0.73136298706955,0.276774883270264
LightGBM,Baseline,2,"{'colsample_bytree': 0.8, 'learning_rate': 0.01, 'max_depth': 3, 'min_child_samples': 100, 'n_estimators': 500, 'num_leaves': 15, 'subsample': 0.8}",5.24947296998861,0.731362986969716,0.244161605834961
LightGBM,Baseline,2,"{'colsample_bytree': 0.8, 'learning_rate': 0.01, 'max_depth': 3, 'min_child_samples': 100, 'n_estimators': 500, 'num_leaves': 31, 'subsample': 0.6}",5.24947296918846,0.73136298705161,0.250857353210449
LightGBM,Baseline,2,"{'colsample_bytree': 0.8, 'learning_rate': 0.01, 'max_depth': 3, 'min_child_samples': 100, 'n_estimators': 500, 'num_leaves': 31, 'subsample': 0.8}",5.24947297067677,0.731362986899284,0.28170657157898
LightGBM,Baseline,2,"{'colsample_bytree': 0.8, 'learning_rate': 0.01, 'max_depth': 3, 'min_child_samples': 100, 'n_estimators': 500, 'num_leaves': 62, 'subsample': 0.6}",5.24947296965597,0.731362987003761,0.260525703430176
LightGBM,Baseline,2,"{'colsample_bytree': 0.8, 'learning_rate': 0.01, 'max_depth': 3, 'min_child_samples': 100, 'n_estimators': 500, 'num_leaves': 62, 'subsample': 0.8}",5.24947296920433,0.731362987049986,0.250578165054321
LightGBM,Baseline,2,"{'colsample_bytree': 0.8, 'learning_rate': 0.01, 'max_depth': 3, 'min_child_samples': 100, 'n_estimators': 750, 'num_leaves': 15, 'subsample': 0.6}",4.7442763976622,0.780580910946768,0.329220771789551
LightGBM,Baseline,2,"{'colsample_bytree': 0.8, 'learning_rate': 0.01, 'max_depth': 3, 'min_child_samples': 100, 'n_estimators': 750, 'num_leaves': 15, 'subsample': 0.8}",4.74427639736084,0.780580910974644,0.336215972900391
LightGBM,Baseline,2,"{'colsample_bytree': 0.8, 'learning_rate': 0.01, 'max_depth': 3, 'min_child_samples': 100, 'n_estimators': 750, 'num_leaves': 31, 'subsample': 0.6}",4.74427639762531,0.780580910950181,0.316178321838379
LightGBM,Baseline,2,"{'colsample_bytree': 0.8, 'learning_rate': 0.01, 'max_depth': 3, 'min_child_samples': 100, 'n_estimators': 750, 'num_leaves': 31, 'subsample': 0.8}",4.7442763981669,0.780580910900084,0.315593242645264
LightGBM,Baseline,2,"{'colsample_bytree': 0.8, 'learning_rate': 0.01, 'max_depth': 3, 'min_child_samples': 100, 'n_estimators': 750, 'num_leaves': 62, 'subsample': 0.6}",4.74427639759683,0.780580910952815,0.31078028678894
LightGBM,Baseline,2,"{'colsample_bytree': 0.8, 'learning_rate': 0.01, 'max_depth': 3, 'min_child_samples': 100, 'n_estimators': 750, 'num_leaves': 62, 'subsample': 0.8}",4.74427639743033,0.780580910968216,0.317938566207886
LightGBM,Baseline,2,"{'colsample_bytree': 0.8, 'learning_rate': 0.01, 'max_depth': 3, 'min_child_samples': 100, 'n_estimators': 1000, 'num_leaves': 15, 'subsample': 0.6}",4.43487556726079,0.808266800181738,0.392579793930054
LightGBM,Baseline,2,"{'colsample_bytree': 0.8, 'learning_rate': 0.01, 'max_depth': 3, 'min_child_samples': 100, 'n_estimators': 1000, 'num_leaves': 15, 'subsample': 0.8}",4.43487556707648,0.808266800197675,0.388826131820679
LightGBM,Baseline,2,"{'colsample_bytree': 0.8, 'learning_rate': 0.01, 'max_depth': 3, 'min_child_samples': 100, 'n_estimators': 1000, 'num_leaves': 31, 'subsample': 0.6}",4.43487556684669,0.808266800217544,0.394542217254639
LightGBM,Baseline,2,"{'colsample_bytree': 0.8, 'learning_rate': 0.01, 'max_depth': 3, 'min_child_samples': 100, 'n_estimators': 1000, 'num_leaves': 31, 'subsample': 0.8}",4.43487556743799,0.808266800166416,0.405511856079102
LightGBM,Baseline,2,"{'colsample_bytree': 0.8, 'learning_rate': 0.01, 'max_depth': 3, 'min_child_samples': 100, 'n_estimators': 1000, 'num_leaves': 62, 'subsample': 0.6}",4.43487556741285,0.808266800168591,0.412307977676392
LightGBM,Baseline,2,"{'colsample_bytree': 0.8, 'learning_rate': 0.01, 'max_depth': 3, 'min_child_samples': 100, 'n_estimators': 1000, 'num_leaves': 62, 'subsample': 0.8}",4.43487556690248,0.80826680021272,0.32864236831665
LightGBM,Baseline,2,"{'colsample_bytree': 0.8, 'learning_rate': 0.01, 'max_depth': 5, 'min_child_samples': 50, 'n_estimators': 500, 'num_leaves': 15, 'subsample': 0.6}",3.15743324912831,0.902814203541348,0.258614301681519
LightGBM,Baseline,2,"{'colsample_bytree': 0.8, 'learning_rate': 0.01, 'max_depth': 5, 'min_child_samples': 50, 'n_estimators': 500, 'num_leaves': 15, 'subsample': 0.8}",3.1574292543558,0.902814449459391,0.257620334625244
LightGBM,Baseline,2,"{'colsample_bytree': 0.8, 'learning_rate': 0.01, 'max_depth': 5, 'min_child_samples': 50, 'n_estimators': 500, 'num_leaves': 31, 'subsample': 0.6}",3.1574329173715,0.902814223964296,0.253549098968506
LightGBM,Baseline,2,"{'colsample_bytree': 0.8, 'learning_rate': 0.01, 'max_depth': 5, 'min_child_samples': 50, 'n_estimators': 500, 'num_leaves': 31, 'subsample': 0.8}",3.15744345470416,0.902813575285077,0.255348920822144
LightGBM,Baseline,2,"{'colsample_bytree': 0.8, 'learning_rate': 0.01, 'max_depth': 5, 'min_child_samples': 50, 'n_estimators': 500, 'num_leaves': 62, 'subsample': 0.6}",3.15742925453749,0.902814449448206,0.259027481079102
LightGBM,Baseline,2,"{'colsample_bytree': 0.8, 'learning_rate': 0.01, 'max_depth': 5, 'min_child_samples': 50, 'n_estimators': 500, 'num_leaves': 62, 'subsample': 0.8}",3.15743944157524,0.902813822333937,0.271065950393677
LightGBM,Baseline,2,"{'colsample_bytree': 0.8, 'learning_rate': 0.01, 'max_depth': 5, 'min_child_samples': 50, 'n_estimators': 750, 'num_leaves': 15, 'subsample': 0.6}",3.01234441494125,0.911540660425729,0.371410608291626
LightGBM,Baseline,2,"{'colsample_bytree': 0.8, 'learning_rate': 0.01, 'max_depth': 5, 'min_child_samples': 50, 'n_estimators': 750, 'num_leaves': 15, 'subsample': 0.8}",3.01233141695727,0.91154142381161,0.37179970741272
LightGBM,Baseline,2,"{'colsample_bytree': 0.8, 'learning_rate': 0.01, 'max_depth': 5, 'min_child_samples': 50, 'n_estimators': 750, 'num_leaves': 31, 'subsample': 0.6}",3.01233552667336,0.911541182443824,0.371323108673096
LightGBM,Baseline,2,"{'colsample_bytree': 0.8, 'learning_rate': 0.01, 'max_depth': 5, 'min_child_samples': 50, 'n_estimators': 750, 'num_leaves': 31, 'subsample': 0.8}",3.01233104520885,0.911541445644755,0.374867916107178
LightGBM,Baseline,2,"{'colsample_bytree': 0.8, 'learning_rate': 0.01, 'max_depth': 5, 'min_child_samples': 50, 'n_estimators': 750, 'num_leaves': 62, 'subsample': 0.6}",3.01233104620431,0.911541445586291,0.371918201446533
LightGBM,Baseline,2,"{'colsample_bytree': 0.8, 'learning_rate': 0.01, 'max_depth': 5, 'min_child_samples': 50, 'n_estimators': 750, 'num_leaves': 62, 'subsample': 0.8}",3.01233367754655,0.911541291044954,0.367844343185425
LightGBM,Baseline,2,"{'colsample_bytree': 0.8, 'learning_rate': 0.01, 'max_depth': 5, 'min_child_samples': 50, 'n_estimators': 1000, 'num_leaves': 15, 'subsample': 0.6}",2.95679453009419,0.914773091651101,0.465474843978882
LightGBM,Baseline,2,"{'colsample_bytree': 0.8, 'learning_rate': 0.01, 'max_depth': 5, 'min_child_samples': 50, 'n_estimators': 1000, 'num_leaves': 15, 'subsample': 0.8}",2.95679497796291,0.914773065832283,0.462223529815674
LightGBM,Baseline,2,"{'colsample_bytree': 0.8, 'learning_rate': 0.01, 'max_depth': 5, 'min_child_samples': 50, 'n_estimators': 1000, 'num_leaves': 31, 'subsample': 0.6}",2.95680694078106,0.914772376196116,0.461124181747437
LightGBM,Baseline,2,"{'colsample_bytree': 0.8, 'learning_rate': 0.01, 'max_depth': 5, 'min_child_samples': 50, 'n_estimators': 1000, 'num_leaves': 31, 'subsample': 0.8}",2.95679995510894,0.914772778908599,0.460552215576172
LightGBM,Baseline,2,"{'colsample_bytree': 0.8, 'learning_rate': 0.01, 'max_depth': 5, 'min_child_samples': 50, 'n_estimators': 1000, 'num_leaves': 62, 'subsample': 0.6}",2.95680080845285,0.91477272971478,0.464843988418579
LightGBM,Baseline,2,"{'colsample_bytree': 0.8, 'learning_rate': 0.01, 'max_depth': 5, 'min_child_samples': 50, 'n_estimators': 1000, 'num_leaves': 62, 'subsample': 0.8}",2.95679453050566,0.91477309162738,0.461735725402832
LightGBM,Baseline,2,"{'colsample_bytree': 0.8, 'learning_rate': 0.01, 'max_depth': 5, 'min_child_samples': 100, 'n_estimators': 500, 'num_leaves': 15, 'subsample': 0.6}",5.23898973774594,0.732434855419529,0.257917642593384
LightGBM,Baseline,2,"{'colsample_bytree': 0.8, 'learning_rate': 0.01, 'max_depth': 5, 'min_child_samples': 100, 'n_estimators': 500, 'num_leaves': 15, 'subsample': 0.8}",5.23898755892658,0.732435077972359,0.259889364242554
LightGBM,Baseline,2,"{'colsample_bytree': 0.8, 'learning_rate': 0.01, 'max_depth': 5, 'min_child_samples': 100, 'n_estimators': 500, 'num_leaves': 31, 'subsample': 0.6}",5.23898755832483,0.732435078033824,0.26814341545105
LightGBM,Baseline,2,"{'colsample_bytree': 0.8, 'learning_rate': 0.01, 'max_depth': 5, 'min_child_samples': 100, 'n_estimators': 500, 'num_leaves': 31, 'subsample': 0.8}",5.23898755830136,0.732435078036222,0.267308235168457
LightGBM,Baseline,2,"{'colsample_bytree': 0.8, 'learning_rate': 0.01, 'max_depth': 5, 'min_child_samples': 100, 'n_estimators': 500, 'num_leaves': 62, 'subsample': 0.6}",5.23897860775733,0.732435992277587,0.266900062561035
LightGBM,Baseline,2,"{'colsample_bytree': 0.8, 'learning_rate': 0.01, 'max_depth': 5, 'min_child_samples': 100, 'n_estimators': 500, 'num_leaves': 62, 'subsample': 0.8}",5.23898755823884,0.732435078042607,0.275773048400879
LightGBM,Baseline,2,"{'colsample_bytree': 0.8, 'learning_rate': 0.01, 'max_depth': 5, 'min_child_samples': 100, 'n_estimators': 750, 'num_leaves': 15, 'subsample': 0.6}",4.71125265520943,0.783624924377069,0.363057851791382
LightGBM,Baseline,2,"{'colsample_bytree': 0.8, 'learning_rate': 0.01, 'max_depth': 5, 'min_child_samples': 100, 'n_estimators': 750, 'num_leaves': 15, 'subsample': 0.8}",4.71124752762485,0.783625395368959,0.452770948410034
LightGBM,Baseline,2,"{'colsample_bytree': 0.8, 'learning_rate': 0.01, 'max_depth': 5, 'min_child_samples': 100, 'n_estimators': 750, 'num_leaves': 31, 'subsample': 0.6}",4.71125265521472,0.783624924376583,0.397987127304077
LightGBM,Baseline,2,"{'colsample_bytree': 0.8, 'learning_rate': 0.01, 'max_depth': 5, 'min_child_samples': 100, 'n_estimators': 750, 'num_leaves': 31, 'subsample': 0.8}",4.71124752865148,0.783625395274659,0.352693557739258
LightGBM,Baseline,2,"{'colsample_bytree': 0.8, 'learning_rate': 0.01, 'max_depth': 5, 'min_child_samples': 100, 'n_estimators': 750, 'num_leaves': 62, 'subsample': 0.6}",4.71124424150076,0.783625697214085,0.349415063858032
LightGBM,Baseline,2,"{'colsample_bytree': 0.8, 'learning_rate': 0.01, 'max_depth': 5, 'min_child_samples': 100, 'n_estimators': 750, 'num_leaves': 62, 'subsample': 0.8}",4.7112527374524,0.783624916822675,0.323125123977661
LightGBM,Baseline,2,"{'colsample_bytree': 0.8, 'learning_rate': 0.01, 'max_depth': 5, 'min_child_samples': 100, 'n_estimators': 1000, 'num_leaves': 15, 'subsample': 0.6}",4.4101893685649,0.810395378764609,0.389600276947022
LightGBM,Baseline,2,"{'colsample_bytree': 0.8, 'learning_rate': 0.01, 'max_depth': 5, 'min_child_samples': 100, 'n_estimators': 1000, 'num_leaves': 15, 'subsample': 0.8}",4.410186147647,0.810395655714483,0.387316226959229
LightGBM,Baseline,2,"{'colsample_bytree': 0.8, 'learning_rate': 0.01, 'max_depth': 5, 'min_child_samples': 100, 'n_estimators': 1000, 'num_leaves': 31, 'subsample': 0.6}",4.41019807526245,0.810394630120239,0.408086776733398
LightGBM,Baseline,2,"{'colsample_bytree': 0.8, 'learning_rate': 0.01, 'max_depth': 5, 'min_child_samples': 100, 'n_estimators': 1000, 'num_leaves': 31, 'subsample': 0.8}",4.41019807504747,0.810394630138724,0.419128894805908
LightGBM,Baseline,2,"{'colsample_bytree': 0.8, 'learning_rate': 0.01, 'max_depth': 5, 'min_child_samples': 100, 'n_estimators': 1000, 'num_leaves': 62, 'subsample': 0.6}",4.41018936826162,0.810395378790687,0.419086694717407
LightGBM,Baseline,2,"{'colsample_bytree': 0.8, 'learning_rate': 0.01, 'max_depth': 5, 'min_child_samples': 100, 'n_estimators': 1000, 'num_leaves': 62, 'subsample': 0.8}",4.41019807450914,0.810394630185012,0.423686981201172
LightGBM,Baseline,2,"{'colsample_bytree': 0.8, 'learning_rate': 0.01, 'max_depth': 9, 'min_child_samples': 50, 'n_estimators': 500, 'num_leaves': 15, 'subsample': 0.6}",3.16094471978953,0.902597917202875,0.412132740020752
LightGBM,Baseline,2,"{'colsample_bytree': 0.8, 'learning_rate': 0.01, 'max_depth': 9, 'min_child_samples': 50, 'n_estimators': 500, 'num_leaves': 15, 'subsample': 0.8}",3.16093076791522,0.902598777033551,0.396188735961914
LightGBM,Baseline,2,"{'colsample_bytree': 0.8, 'learning_rate': 0.01, 'max_depth': 9, 'min_child_samples': 50, 'n_estimators': 500, 'num_leaves': 31, 'subsample': 0.6}",3.16095027654115,0.902597574748511,0.401776075363159
LightGBM,Baseline,2,"{'colsample_bytree': 0.8, 'learning_rate': 0.01, 'max_depth': 9, 'min_child_samples': 50, 'n_estimators': 500, 'num_leaves': 31, 'subsample': 0.8}",3.16095466231414,0.902597304459399,0.398616552352905
LightGBM,Baseline,2,"{'colsample_bytree': 0.8, 'learning_rate': 0.01, 'max_depth': 9, 'min_child_samples': 50, 'n_estimators': 500, 'num_leaves': 62, 'subsample': 0.6}",3.16094960112322,0.902597616373549,0.397656917572022
LightGBM,Baseline,2,"{'colsample_bytree': 0.8, 'learning_rate': 0.01, 'max_depth': 9, 'min_child_samples': 50, 'n_estimators': 500, 'num_leaves': 62, 'subsample': 0.8}",3.16093652737607,0.902598422088073,0.398369073867798
LightGBM,Baseline,2,"{'colsample_bytree': 0.8, 'learning_rate': 0.01, 'max_depth': 9, 'min_child_samples': 50, 'n_estimators': 750, 'num_leaves': 15, 'subsample': 0.6}",3.01902943035594,0.911147605626314,0.5464026927948
LightGBM,Baseline,2,"{'colsample_bytree': 0.8, 'learning_rate': 0.01, 'max_depth': 9, 'min_child_samples': 50, 'n_estimators': 750, 'num_leaves': 15, 'subsample': 0.8}",3.01901448164046,0.911148485528883,0.539319038391113
LightGBM,Baseline,2,"{'colsample_bytree': 0.8, 'learning_rate': 0.01, 'max_depth': 9, 'min_child_samples': 50, 'n_estimators': 750, 'num_leaves': 31, 'subsample': 0.6}",3.01899969339667,0.911149355981573,0.551610708236694
LightGBM,Baseline,2,"{'colsample_bytree': 0.8, 'learning_rate': 0.01, 'max_depth': 9, 'min_child_samples': 50, 'n_estimators': 750, 'num_leaves': 31, 'subsample': 0.8}",3.01900486167951,0.911149051771107,0.557155609130859
LightGBM,Baseline,2,"{'colsample_bytree': 0.8, 'learning_rate': 0.01, 'max_depth': 9, 'min_child_samples': 50, 'n_estimators': 750, 'num_leaves': 62, 'subsample': 0.6}",3.01899829346041,0.911149438383177,0.560790538787842
LightGBM,Baseline,2,"{'colsample_bytree': 0.8, 'learning_rate': 0.01, 'max_depth': 9, 'min_child_samples': 50, 'n_estimators': 750, 'num_leaves': 62, 'subsample': 0.8}",3.0189890241032,0.91114998398556,0.56084418296814
LightGBM,Baseline,2,"{'colsample_bytree': 0.8, 'learning_rate': 0.01, 'max_depth': 9, 'min_child_samples': 50, 'n_estimators': 1000, 'num_leaves': 15, 'subsample': 0.6}",2.95865580587935,0.914665758721829,0.708669424057007
LightGBM,Baseline,2,"{'colsample_bytree': 0.8, 'learning_rate': 0.01, 'max_depth': 9, 'min_child_samples': 50, 'n_estimators': 1000, 'num_leaves': 15, 'subsample': 0.8}",2.95866159292863,0.91466542489865,0.706032514572144
LightGBM,Baseline,2,"{'colsample_bytree': 0.8, 'learning_rate': 0.01, 'max_depth': 9, 'min_child_samples': 50, 'n_estimators': 1000, 'num_leaves': 31, 'subsample': 0.6}",2.95867610816029,0.91466458759156,0.695878267288208
LightGBM,Baseline,2,"{'colsample_bytree': 0.8, 'learning_rate': 0.01, 'max_depth': 9, 'min_child_samples': 50, 'n_estimators': 1000, 'num_leaves': 31, 'subsample': 0.8}",2.95862902368667,0.91466730363134,0.694540739059448
LightGBM,Baseline,2,"{'colsample_bytree': 0.8, 'learning_rate': 0.01, 'max_depth': 9, 'min_child_samples': 50, 'n_estimators': 1000, 'num_leaves': 62, 'subsample': 0.6}",2.95863893625927,0.914666731834094,0.703063011169434
LightGBM,Baseline,2,"{'colsample_bytree': 0.8, 'learning_rate': 0.01, 'max_depth': 9, 'min_child_samples': 50, 'n_estimators': 1000, 'num_leaves': 62, 'subsample': 0.8}",2.95863709082654,0.914666838286257,0.704747200012207
LightGBM,Baseline,2,"{'colsample_bytree': 0.8, 'learning_rate': 0.01, 'max_depth': 9, 'min_child_samples': 100, 'n_estimators': 500, 'num_leaves': 15, 'subsample': 0.6}",5.23421324300894,0.732922522305199,0.270618915557861
LightGBM,Baseline,2,"{'colsample_bytree': 0.8, 'learning_rate': 0.01, 'max_depth': 9, 'min_child_samples': 100, 'n_estimators': 500, 'num_leaves': 15, 'subsample': 0.8}",5.23421387756444,0.732922457548382,0.276931047439575
LightGBM,Baseline,2,"{'colsample_bytree': 0.8, 'learning_rate': 0.01, 'max_depth': 9, 'min_child_samples': 100, 'n_estimators': 500, 'num_leaves': 31, 'subsample': 0.6}",5.23421387756258,0.732922457548573,0.271093606948853
LightGBM,Baseline,2,"{'colsample_bytree': 0.8, 'learning_rate': 0.01, 'max_depth': 9, 'min_child_samples': 100, 'n_estimators': 500, 'num_leaves': 31, 'subsample': 0.8}",5.23422927726161,0.732920885996505,0.270864486694336
LightGBM,Baseline,2,"{'colsample_bytree': 0.8, 'learning_rate': 0.01, 'max_depth': 9, 'min_child_samples': 100, 'n_estimators': 500, 'num_leaves': 62, 'subsample': 0.6}",5.23421387746314,0.73292245755872,0.277936458587647
LightGBM,Baseline,2,"{'colsample_bytree': 0.8, 'learning_rate': 0.01, 'max_depth': 9, 'min_child_samples': 100, 'n_estimators': 500, 'num_leaves': 62, 'subsample': 0.8}",5.23421324334517,0.732922522270886,0.288324356079102
LightGBM,Baseline,2,"{'colsample_bytree': 0.8, 'learning_rate': 0.01, 'max_depth': 9, 'min_child_samples': 100, 'n_estimators': 750, 'num_leaves': 15, 'subsample': 0.6}",4.70686396886164,0.784027857574243,0.360501289367676
LightGBM,Baseline,2,"{'colsample_bytree': 0.8, 'learning_rate': 0.01, 'max_depth': 9, 'min_child_samples': 100, 'n_estimators': 750, 'num_leaves': 15, 'subsample': 0.8}",4.70687246355158,0.784027078024184,0.372289896011353
LightGBM,Baseline,2,"{'colsample_bytree': 0.8, 'learning_rate': 0.01, 'max_depth': 9, 'min_child_samples': 100, 'n_estimators': 750, 'num_leaves': 31, 'subsample': 0.6}",4.7068724628583,0.784027078087806,0.345962524414063
LightGBM,Baseline,2,"{'colsample_bytree': 0.8, 'learning_rate': 0.01, 'max_depth': 9, 'min_child_samples': 100, 'n_estimators': 750, 'num_leaves': 31, 'subsample': 0.8}",4.70687246314791,0.784027078061228,0.351037502288818
LightGBM,Baseline,2,"{'colsample_bytree': 0.8, 'learning_rate': 0.01, 'max_depth': 9, 'min_child_samples': 100, 'n_estimators': 750, 'num_leaves': 62, 'subsample': 0.6}",4.70687246378046,0.784027078003179,0.363517284393311
LightGBM,Baseline,2,"{'colsample_bytree': 0.8, 'learning_rate': 0.01, 'max_depth': 9, 'min_child_samples': 100, 'n_estimators': 750, 'num_leaves': 62, 'subsample': 0.8}",4.70687246356439,0.784027078023008,0.359323978424072
LightGBM,Baseline,2,"{'colsample_bytree': 0.8, 'learning_rate': 0.01, 'max_depth': 9, 'min_child_samples': 100, 'n_estimators': 1000, 'num_leaves': 15, 'subsample': 0.6}",4.40722145555722,0.810650488296301,0.450832605361939
LightGBM,Baseline,2,"{'colsample_bytree': 0.8, 'learning_rate': 0.01, 'max_depth': 9, 'min_child_samples': 100, 'n_estimators': 1000, 'num_leaves': 15, 'subsample': 0.8}",4.40722145515797,0.810650488330607,0.434758424758911
LightGBM,Baseline,2,"{'colsample_bytree': 0.8, 'learning_rate': 0.01, 'max_depth': 9, 'min_child_samples': 100, 'n_estimators': 1000, 'num_leaves': 31, 'subsample': 0.6}",4.40722145508418,0.810650488336948,0.438849925994873
LightGBM,Baseline,2,"{'colsample_bytree': 0.8, 'learning_rate': 0.01, 'max_depth': 9, 'min_child_samples': 100, 'n_estimators': 1000, 'num_leaves': 31, 'subsample': 0.8}",4.40722145443367,0.810650488392844,0.431512832641602
LightGBM,Baseline,2,"{'colsample_bytree': 0.8, 'learning_rate': 0.01, 'max_depth': 9, 'min_child_samples': 100, 'n_estimators': 1000, 'num_leaves': 62, 'subsample': 0.6}",4.4072129581535,0.810651218451438,0.443776369094849
LightGBM,Baseline,2,"{'colsample_bytree': 0.8, 'learning_rate': 0.01, 'max_depth': 9, 'min_child_samples': 100, 'n_estimators': 1000, 'num_leaves': 62, 'subsample': 0.8}",4.40722145510124,0.810650488335482,0.440377473831177
LightGBM,Baseline,2,"{'colsample_bytree': 0.8, 'learning_rate': 0.05, 'max_depth': 3, 'min_child_samples': 50, 'n_estimators': 500, 'num_leaves': 15, 'subsample': 0.6}",2.75754288072577,0.925872561802475,0.243571281433105
LightGBM,Baseline,2,"{'colsample_bytree': 0.8, 'learning_rate': 0.05, 'max_depth': 3, 'min_child_samples': 50, 'n_estimators': 500, 'num_leaves': 15, 'subsample': 0.8}",2.75754288143296,0.925872561764454,0.235871553421021
LightGBM,Baseline,2,"{'colsample_bytree': 0.8, 'learning_rate': 0.05, 'max_depth': 3, 'min_child_samples': 50, 'n_estimators': 500, 'num_leaves': 31, 'subsample': 0.6}",2.75754288025527,0.925872561827771,0.238274097442627
LightGBM,Baseline,2,"{'colsample_bytree': 0.8, 'learning_rate': 0.05, 'max_depth': 3, 'min_child_samples': 50, 'n_estimators': 500, 'num_leaves': 31, 'subsample': 0.8}",2.75760892516945,0.925869010986218,0.251574754714966
LightGBM,Baseline,2,"{'colsample_bytree': 0.8, 'learning_rate': 0.05, 'max_depth': 3, 'min_child_samples': 50, 'n_estimators': 500, 'num_leaves': 62, 'subsample': 0.6}",2.7575428811862,0.925872561777721,0.249386310577393
LightGBM,Baseline,2,"{'colsample_bytree': 0.8, 'learning_rate': 0.05, 'max_depth': 3, 'min_child_samples': 50, 'n_estimators': 500, 'num_leaves': 62, 'subsample': 0.8}",2.75754288016656,0.92587256183254,0.229762077331543
LightGBM,Baseline,2,"{'colsample_bytree': 0.8, 'learning_rate': 0.05, 'max_depth': 3, 'min_child_samples': 50, 'n_estimators': 750, 'num_leaves': 15, 'subsample': 0.6}",2.69044221712382,0.929436229236929,0.307627439498901
LightGBM,Baseline,2,"{'colsample_bytree': 0.8, 'learning_rate': 0.05, 'max_depth': 3, 'min_child_samples': 50, 'n_estimators': 750, 'num_leaves': 15, 'subsample': 0.8}",2.69052108388112,0.929432092208961,0.287783145904541
LightGBM,Baseline,2,"{'colsample_bytree': 0.8, 'learning_rate': 0.05, 'max_depth': 3, 'min_child_samples': 50, 'n_estimators': 750, 'num_leaves': 31, 'subsample': 0.6}",2.69052108427434,0.929432092188333,0.307843446731567
LightGBM,Baseline,2,"{'colsample_bytree': 0.8, 'learning_rate': 0.05, 'max_depth': 3, 'min_child_samples': 50, 'n_estimators': 750, 'num_leaves': 31, 'subsample': 0.8}",2.69044221714614,0.929436229235758,0.296822786331177
LightGBM,Baseline,2,"{'colsample_bytree': 0.8, 'learning_rate': 0.05, 'max_depth': 3, 'min_child_samples': 50, 'n_estimators': 750, 'num_leaves': 62, 'subsample': 0.6}",2.69044221749846,0.929436229217277,0.297462701797485
LightGBM,Baseline,2,"{'colsample_bytree': 0.8, 'learning_rate': 0.05, 'max_depth': 3, 'min_child_samples': 50, 'n_estimators': 750, 'num_leaves': 62, 'subsample': 0.8}",2.69044221659853,0.929436229264483,0.297250270843506
LightGBM,Baseline,2,"{'colsample_bytree': 0.8, 'learning_rate': 0.05, 'max_depth': 3, 'min_child_samples': 50, 'n_estimators': 1000, 'num_leaves': 15, 'subsample': 0.6}",2.65915631040452,0.93106779423177,0.402292490005493
LightGBM,Baseline,2,"{'colsample_bytree': 0.8, 'learning_rate': 0.05, 'max_depth': 3, 'min_child_samples': 50, 'n_estimators': 1000, 'num_leaves': 15, 'subsample': 0.8}",2.6590667166173,0.931072439158667,0.366940021514893
LightGBM,Baseline,2,"{'colsample_bytree': 0.8, 'learning_rate': 0.05, 'max_depth': 3, 'min_child_samples': 50, 'n_estimators': 1000, 'num_leaves': 31, 'subsample': 0.6}",2.65906671377812,0.931072439305861,0.403351068496704
LightGBM,Baseline,2,"{'colsample_bytree': 0.8, 'learning_rate': 0.05, 'max_depth': 3, 'min_child_samples': 50, 'n_estimators': 1000, 'num_leaves': 31, 'subsample': 0.8}",2.65906671597348,0.931072439192045,0.464874744415283
LightGBM,Baseline,2,"{'colsample_bytree': 0.8, 'learning_rate': 0.05, 'max_depth': 3, 'min_child_samples': 50, 'n_estimators': 1000, 'num_leaves': 62, 'subsample': 0.6}",2.6590667150689,0.931072439238942,0.367864847183228
LightGBM,Baseline,2,"{'colsample_bytree': 0.8, 'learning_rate': 0.05, 'max_depth': 3, 'min_child_samples': 50, 'n_estimators': 1000, 'num_leaves': 62, 'subsample': 0.8}",2.659066715446,0.931072439219392,0.37408971786499
LightGBM,Baseline,2,"{'colsample_bytree': 0.8, 'learning_rate': 0.05, 'max_depth': 3, 'min_child_samples': 100, 'n_estimators': 500, 'num_leaves': 15, 'subsample': 0.6}",3.63974863262862,0.870855110407611,0.265527248382568
LightGBM,Baseline,2,"{'colsample_bytree': 0.8, 'learning_rate': 0.05, 'max_depth': 3, 'min_child_samples': 100, 'n_estimators': 500, 'num_leaves': 15, 'subsample': 0.8}",3.63974863130612,0.870855110501461,0.238437652587891
LightGBM,Baseline,2,"{'colsample_bytree': 0.8, 'learning_rate': 0.05, 'max_depth': 3, 'min_child_samples': 100, 'n_estimators': 500, 'num_leaves': 31, 'subsample': 0.6}",3.63974863208777,0.870855110445992,0.237158536911011
LightGBM,Baseline,2,"{'colsample_bytree': 0.8, 'learning_rate': 0.05, 'max_depth': 3, 'min_child_samples': 100, 'n_estimators': 500, 'num_leaves': 31, 'subsample': 0.8}",3.63974863156715,0.870855110482937,0.218040704727173
LightGBM,Baseline,2,"{'colsample_bytree': 0.8, 'learning_rate': 0.05, 'max_depth': 3, 'min_child_samples': 100, 'n_estimators': 500, 'num_leaves': 62, 'subsample': 0.6}",3.63974863188566,0.870855110460335,0.22521710395813
LightGBM,Baseline,2,"{'colsample_bytree': 0.8, 'learning_rate': 0.05, 'max_depth': 3, 'min_child_samples': 100, 'n_estimators': 500, 'num_leaves': 62, 'subsample': 0.8}",3.63974863195576,0.87085511045536,0.230154752731323
LightGBM,Baseline,2,"{'colsample_bytree': 0.8, 'learning_rate': 0.05, 'max_depth': 3, 'min_child_samples': 100, 'n_estimators': 750, 'num_leaves': 15, 'subsample': 0.6}",3.44158118416116,0.884534968182373,0.28901195526123
LightGBM,Baseline,2,"{'colsample_bytree': 0.8, 'learning_rate': 0.05, 'max_depth': 3, 'min_child_samples': 100, 'n_estimators': 750, 'num_leaves': 15, 'subsample': 0.8}",3.44158118406984,0.8845349681885,0.285882234573364
LightGBM,Baseline,2,"{'colsample_bytree': 0.8, 'learning_rate': 0.05, 'max_depth': 3, 'min_child_samples': 100, 'n_estimators': 750, 'num_leaves': 31, 'subsample': 0.6}",3.44158118563989,0.88453496808315,0.291893005371094
LightGBM,Baseline,2,"{'colsample_bytree': 0.8, 'learning_rate': 0.05, 'max_depth': 3, 'min_child_samples': 100, 'n_estimators': 750, 'num_leaves': 31, 'subsample': 0.8}",3.44158118541508,0.884534968098235,0.304673433303833
LightGBM,Baseline,2,"{'colsample_bytree': 0.8, 'learning_rate': 0.05, 'max_depth': 3, 'min_child_samples': 100, 'n_estimators': 750, 'num_leaves': 62, 'subsample': 0.6}",3.44158118424427,0.884534968176796,0.301489114761353
LightGBM,Baseline,2,"{'colsample_bytree': 0.8, 'learning_rate': 0.05, 'max_depth': 3, 'min_child_samples': 100, 'n_estimators': 750, 'num_leaves': 62, 'subsample': 0.8}",3.44158118407305,0.884534968188285,0.306595802307129
LightGBM,Baseline,2,"{'colsample_bytree': 0.8, 'learning_rate': 0.05, 'max_depth': 3, 'min_child_samples': 100, 'n_estimators': 1000, 'num_leaves': 15, 'subsample': 0.6}",3.34219079783872,0.891107762812483,0.354389667510986
LightGBM,Baseline,2,"{'colsample_bytree': 0.8, 'learning_rate': 0.05, 'max_depth': 3, 'min_child_samples': 100, 'n_estimators': 1000, 'num_leaves': 15, 'subsample': 0.8}",3.34219079617354,0.89110776292099,0.372930288314819
LightGBM,Baseline,2,"{'colsample_bytree': 0.8, 'learning_rate': 0.05, 'max_depth': 3, 'min_child_samples': 100, 'n_estimators': 1000, 'num_leaves': 31, 'subsample': 0.6}",3.34219079594374,0.891107762935964,0.347755908966064
LightGBM,Baseline,2,"{'colsample_bytree': 0.8, 'learning_rate': 0.05, 'max_depth': 3, 'min_child_samples': 100, 'n_estimators': 1000, 'num_leaves': 31, 'subsample': 0.8}",3.34219079645572,0.891107762902602,0.386852741241455
LightGBM,Baseline,2,"{'colsample_bytree': 0.8, 'learning_rate': 0.05, 'max_depth': 3, 'min_child_samples': 100, 'n_estimators': 1000, 'num_leaves': 62, 'subsample': 0.6}",3.34219079705353,0.891107762863648,0.355138778686523
LightGBM,Baseline,2,"{'colsample_bytree': 0.8, 'learning_rate': 0.05, 'max_depth': 3, 'min_child_samples': 100, 'n_estimators': 1000, 'num_leaves': 62, 'subsample': 0.8}",3.34219079784798,0.89110776281188,0.373035669326782
LightGBM,Baseline,2,"{'colsample_bytree': 0.8, 'learning_rate': 0.05, 'max_depth': 5, 'min_child_samples': 50, 'n_estimators': 500, 'num_leaves': 15, 'subsample': 0.6}",2.75958530875879,0.925762713264838,0.279096603393555
LightGBM,Baseline,2,"{'colsample_bytree': 0.8, 'learning_rate': 0.05, 'max_depth': 5, 'min_child_samples': 50, 'n_estimators': 500, 'num_leaves': 15, 'subsample': 0.8}",2.75964415323802,0.925759547208664,0.288871049880981
LightGBM,Baseline,2,"{'colsample_bytree': 0.8, 'learning_rate': 0.05, 'max_depth': 5, 'min_child_samples': 50, 'n_estimators': 500, 'num_leaves': 31, 'subsample': 0.6}",2.75964415339023,0.925759547200474,0.281104326248169
LightGBM,Baseline,2,"{'colsample_bytree': 0.8, 'learning_rate': 0.05, 'max_depth': 5, 'min_child_samples': 50, 'n_estimators': 500, 'num_leaves': 31, 'subsample': 0.8}",2.7595804504803,0.925762974655631,0.295041561126709
LightGBM,Baseline,2,"{'colsample_bytree': 0.8, 'learning_rate': 0.05, 'max_depth': 5, 'min_child_samples': 50, 'n_estimators': 500, 'num_leaves': 62, 'subsample': 0.6}",2.75958530857738,0.925762713274599,0.316509962081909
LightGBM,Baseline,2,"{'colsample_bytree': 0.8, 'learning_rate': 0.05, 'max_depth': 5, 'min_child_samples': 50, 'n_estimators': 500, 'num_leaves': 62, 'subsample': 0.8}",2.75964415353909,0.925759547192465,0.297379732131958
LightGBM,Baseline,2,"{'colsample_bytree': 0.8, 'learning_rate': 0.05, 'max_depth': 5, 'min_child_samples': 50, 'n_estimators': 750, 'num_leaves': 15, 'subsample': 0.6}",2.69472647912915,0.929211318713028,0.399876117706299
LightGBM,Baseline,2,"{'colsample_bytree': 0.8, 'learning_rate': 0.05, 'max_depth': 5, 'min_child_samples': 50, 'n_estimators': 750, 'num_leaves': 15, 'subsample': 0.8}",2.69472137719528,0.929211586761627,0.401461839675903
LightGBM,Baseline,2,"{'colsample_bytree': 0.8, 'learning_rate': 0.05, 'max_depth': 5, 'min_child_samples': 50, 'n_estimators': 750, 'num_leaves': 31, 'subsample': 0.6}",2.69472647919022,0.92921131870982,0.374792098999023
LightGBM,Baseline,2,"{'colsample_bytree': 0.8, 'learning_rate': 0.05, 'max_depth': 5, 'min_child_samples': 50, 'n_estimators': 750, 'num_leaves': 31, 'subsample': 0.8}",2.69478653439927,0.929208163453464,0.403351306915283
LightGBM,Baseline,2,"{'colsample_bytree': 0.8, 'learning_rate': 0.05, 'max_depth': 5, 'min_child_samples': 50, 'n_estimators': 750, 'num_leaves': 62, 'subsample': 0.6}",2.69469320294874,0.92921306698871,0.405411958694458
LightGBM,Baseline,2,"{'colsample_bytree': 0.8, 'learning_rate': 0.05, 'max_depth': 5, 'min_child_samples': 50, 'n_estimators': 750, 'num_leaves': 62, 'subsample': 0.8}",2.69469320364279,0.929213066952246,0.420853853225708
LightGBM,Baseline,2,"{'colsample_bytree': 0.8, 'learning_rate': 0.05, 'max_depth': 5, 'min_child_samples': 50, 'n_estimators': 1000, 'num_leaves': 15, 'subsample': 0.6}",2.6537802618969,0.93134623463375,0.506766319274902
LightGBM,Baseline,2,"{'colsample_bytree': 0.8, 'learning_rate': 0.05, 'max_depth': 5, 'min_child_samples': 50, 'n_estimators': 1000, 'num_leaves': 15, 'subsample': 0.8}",2.65384620992156,0.931342822417198,0.511950731277466
LightGBM,Baseline,2,"{'colsample_bytree': 0.8, 'learning_rate': 0.05, 'max_depth': 5, 'min_child_samples': 50, 'n_estimators': 1000, 'num_leaves': 31, 'subsample': 0.6}",2.65384741638141,0.931342759992972,0.508016109466553
LightGBM,Baseline,2,"{'colsample_bytree': 0.8, 'learning_rate': 0.05, 'max_depth': 5, 'min_child_samples': 50, 'n_estimators': 1000, 'num_leaves': 31, 'subsample': 0.8}",2.65388331915791,0.931340902311026,0.506059646606445
LightGBM,Baseline,2,"{'colsample_bytree': 0.8, 'learning_rate': 0.05, 'max_depth': 5, 'min_child_samples': 50, 'n_estimators': 1000, 'num_leaves': 62, 'subsample': 0.6}",2.65389580592134,0.931340256214853,0.472509860992432
LightGBM,Baseline,2,"{'colsample_bytree': 0.8, 'learning_rate': 0.05, 'max_depth': 5, 'min_child_samples': 50, 'n_estimators': 1000, 'num_leaves': 62, 'subsample': 0.8}",2.65382865430027,0.93134373077083,0.481884717941284
LightGBM,Baseline,2,"{'colsample_bytree': 0.8, 'learning_rate': 0.05, 'max_depth': 5, 'min_child_samples': 100, 'n_estimators': 500, 'num_leaves': 15, 'subsample': 0.6}",3.63453722716639,0.871224665907235,0.279783964157105
LightGBM,Baseline,2,"{'colsample_bytree': 0.8, 'learning_rate': 0.05, 'max_depth': 5, 'min_child_samples': 100, 'n_estimators': 500, 'num_leaves': 15, 'subsample': 0.8}",3.63468238131068,0.871214379785223,0.266503572463989
LightGBM,Baseline,2,"{'colsample_bytree': 0.8, 'learning_rate': 0.05, 'max_depth': 5, 'min_child_samples': 100, 'n_estimators': 500, 'num_leaves': 31, 'subsample': 0.6}",3.63461195152439,0.871219370733471,0.283486366271973
LightGBM,Baseline,2,"{'colsample_bytree': 0.8, 'learning_rate': 0.05, 'max_depth': 5, 'min_child_samples': 100, 'n_estimators': 500, 'num_leaves': 31, 'subsample': 0.8}",3.63466869168584,0.871215349896678,0.277509212493897
LightGBM,Baseline,2,"{'colsample_bytree': 0.8, 'learning_rate': 0.05, 'max_depth': 5, 'min_child_samples': 100, 'n_estimators': 500, 'num_leaves': 62, 'subsample': 0.6}",3.63472170416564,0.871211593161729,0.265850782394409
LightGBM,Baseline,2,"{'colsample_bytree': 0.8, 'learning_rate': 0.05, 'max_depth': 5, 'min_child_samples': 100, 'n_estimators': 500, 'num_leaves': 62, 'subsample': 0.8}",3.63466869301758,0.871215349802305,0.261271238327026
LightGBM,Baseline,2,"{'colsample_bytree': 0.8, 'learning_rate': 0.05, 'max_depth': 5, 'min_child_samples': 100, 'n_estimators': 750, 'num_leaves': 15, 'subsample': 0.6}",3.43298713406637,0.885110908863076,0.344456672668457
LightGBM,Baseline,2,"{'colsample_bytree': 0.8, 'learning_rate': 0.05, 'max_depth': 5, 'min_child_samples': 100, 'n_estimators': 750, 'num_leaves': 15, 'subsample': 0.8}",3.43286962662539,0.885118773787422,0.344422340393066
LightGBM,Baseline,2,"{'colsample_bytree': 0.8, 'learning_rate': 0.05, 'max_depth': 5, 'min_child_samples': 100, 'n_estimators': 750, 'num_leaves': 31, 'subsample': 0.6}",3.43295546386909,0.885113028616665,0.344205379486084
LightGBM,Baseline,2,"{'colsample_bytree': 0.8, 'learning_rate': 0.05, 'max_depth': 5, 'min_child_samples': 100, 'n_estimators': 750, 'num_leaves': 31, 'subsample': 0.8}",3.43300970375226,0.885109398214116,0.339867830276489
LightGBM,Baseline,2,"{'colsample_bytree': 0.8, 'learning_rate': 0.05, 'max_depth': 5, 'min_child_samples': 100, 'n_estimators': 750, 'num_leaves': 62, 'subsample': 0.6}",3.43297406869052,0.88511178335881,0.35389232635498
LightGBM,Baseline,2,"{'colsample_bytree': 0.8, 'learning_rate': 0.05, 'max_depth': 5, 'min_child_samples': 100, 'n_estimators': 750, 'num_leaves': 62, 'subsample': 0.8}",3.43291818625836,0.885115523661293,0.349424123764038
LightGBM,Baseline,2,"{'colsample_bytree': 0.8, 'learning_rate': 0.05, 'max_depth': 5, 'min_child_samples': 100, 'n_estimators': 1000, 'num_leaves': 15, 'subsample': 0.6}",3.33496625177069,0.891578021251708,0.424762725830078
LightGBM,Baseline,2,"{'colsample_bytree': 0.8, 'learning_rate': 0.05, 'max_depth': 5, 'min_child_samples': 100, 'n_estimators': 1000, 'num_leaves': 15, 'subsample': 0.8}",3.33474275767257,0.891592552649378,0.433736324310303
LightGBM,Baseline,2,"{'colsample_bytree': 0.8, 'learning_rate': 0.05, 'max_depth': 5, 'min_child_samples': 100, 'n_estimators': 1000, 'num_leaves': 31, 'subsample': 0.6}",3.33485991920803,0.891584935026653,0.476325035095215
LightGBM,Baseline,2,"{'colsample_bytree': 0.8, 'learning_rate': 0.05, 'max_depth': 5, 'min_child_samples': 100, 'n_estimators': 1000, 'num_leaves': 31, 'subsample': 0.8}",3.33495293708391,0.891578886988688,0.478701591491699
LightGBM,Baseline,2,"{'colsample_bytree': 0.8, 'learning_rate': 0.05, 'max_depth': 5, 'min_child_samples': 100, 'n_estimators': 1000, 'num_leaves': 62, 'subsample': 0.6}",3.33493767271676,0.891579879491982,0.463265419006348
LightGBM,Baseline,2,"{'colsample_bytree': 0.8, 'learning_rate': 0.05, 'max_depth': 5, 'min_child_samples': 100, 'n_estimators': 1000, 'num_leaves': 62, 'subsample': 0.8}",3.33483307208123,0.891586680599991,0.455942153930664
LightGBM,Baseline,2,"{'colsample_bytree': 0.8, 'learning_rate': 0.05, 'max_depth': 9, 'min_child_samples': 50, 'n_estimators': 500, 'num_leaves': 15, 'subsample': 0.6}",2.76037643986085,0.925720141763254,0.408154964447022
LightGBM,Baseline,2,"{'colsample_bytree': 0.8, 'learning_rate': 0.05, 'max_depth': 9, 'min_child_samples': 50, 'n_estimators': 500, 'num_leaves': 15, 'subsample': 0.8}",2.76014023906827,0.925732853225711,0.414515018463135
LightGBM,Baseline,2,"{'colsample_bytree': 0.8, 'learning_rate': 0.05, 'max_depth': 9, 'min_child_samples': 50, 'n_estimators': 500, 'num_leaves': 31, 'subsample': 0.6}",2.76051243864756,0.925712822312686,0.449941158294678
LightGBM,Baseline,2,"{'colsample_bytree': 0.8, 'learning_rate': 0.05, 'max_depth': 9, 'min_child_samples': 50, 'n_estimators': 500, 'num_leaves': 31, 'subsample': 0.8}",2.76038596290272,0.925719629245171,0.419330358505249
LightGBM,Baseline,2,"{'colsample_bytree': 0.8, 'learning_rate': 0.05, 'max_depth': 9, 'min_child_samples': 50, 'n_estimators': 500, 'num_leaves': 62, 'subsample': 0.6}",2.76037101163987,0.925720433902458,0.409761428833008
LightGBM,Baseline,2,"{'colsample_bytree': 0.8, 'learning_rate': 0.05, 'max_depth': 9, 'min_child_samples': 50, 'n_estimators': 500, 'num_leaves': 62, 'subsample': 0.8}",2.76036905897605,0.925720538991933,0.411178112030029
LightGBM,Baseline,2,"{'colsample_bytree': 0.8, 'learning_rate': 0.05, 'max_depth': 9, 'min_child_samples': 50, 'n_estimators': 750, 'num_leaves': 15, 'subsample': 0.6}",2.70492676142197,0.928674395099829,0.570654153823853
LightGBM,Baseline,2,"{'colsample_bytree': 0.8, 'learning_rate': 0.05, 'max_depth': 9, 'min_child_samples': 50, 'n_estimators': 750, 'num_leaves': 15, 'subsample': 0.8}",2.70488268940629,0.928676719331016,0.548214197158814
LightGBM,Baseline,2,"{'colsample_bytree': 0.8, 'learning_rate': 0.05, 'max_depth': 9, 'min_child_samples': 50, 'n_estimators': 750, 'num_leaves': 31, 'subsample': 0.6}",2.70486587927354,0.928677605839031,0.562988758087158
LightGBM,Baseline,2,"{'colsample_bytree': 0.8, 'learning_rate': 0.05, 'max_depth': 9, 'min_child_samples': 50, 'n_estimators': 750, 'num_leaves': 31, 'subsample': 0.8}",2.70510095008436,0.928665208520787,0.568262577056885
LightGBM,Baseline,2,"{'colsample_bytree': 0.8, 'learning_rate': 0.05, 'max_depth': 9, 'min_child_samples': 50, 'n_estimators': 750, 'num_leaves': 62, 'subsample': 0.6}",2.70510482315882,0.92866500425103,0.570344209671021
LightGBM,Baseline,2,"{'colsample_bytree': 0.8, 'learning_rate': 0.05, 'max_depth': 9, 'min_child_samples': 50, 'n_estimators': 750, 'num_leaves': 62, 'subsample': 0.8}",2.7049488793941,0.928673228647404,0.568130016326904
LightGBM,Baseline,2,"{'colsample_bytree': 0.8, 'learning_rate': 0.05, 'max_depth': 9, 'min_child_samples': 50, 'n_estimators': 1000, 'num_leaves': 15, 'subsample': 0.6}",2.65961564211646,0.931043978044203,0.777069807052612
LightGBM,Baseline,2,"{'colsample_bytree': 0.8, 'learning_rate': 0.05, 'max_depth': 9, 'min_child_samples': 50, 'n_estimators': 1000, 'num_leaves': 15, 'subsample': 0.8}",2.65955507927977,0.931047118441396,0.792266607284546
LightGBM,Baseline,2,"{'colsample_bytree': 0.8, 'learning_rate': 0.05, 'max_depth': 9, 'min_child_samples': 50, 'n_estimators': 1000, 'num_leaves': 31, 'subsample': 0.6}",2.6596462958812,0.931042388510872,0.65872597694397
LightGBM,Baseline,2,"{'colsample_bytree': 0.8, 'learning_rate': 0.05, 'max_depth': 9, 'min_child_samples': 50, 'n_estimators': 1000, 'num_leaves': 31, 'subsample': 0.8}",2.65977419707113,0.931035756070576,0.655471801757813
LightGBM,Baseline,2,"{'colsample_bytree': 0.8, 'learning_rate': 0.05, 'max_depth': 9, 'min_child_samples': 50, 'n_estimators': 1000, 'num_leaves': 62, 'subsample': 0.6}",2.65958146278769,0.931045750372026,0.638457536697388
LightGBM,Baseline,2,"{'colsample_bytree': 0.8, 'learning_rate': 0.05, 'max_depth': 9, 'min_child_samples': 50, 'n_estimators': 1000, 'num_leaves': 62, 'subsample': 0.8}",2.65955307105996,0.931047222573468,0.669974088668823
LightGBM,Baseline,2,"{'colsample_bytree': 0.8, 'learning_rate': 0.05, 'max_depth': 9, 'min_child_samples': 100, 'n_estimators': 500, 'num_leaves': 15, 'subsample': 0.6}",3.61824614093871,0.872376498041307,0.274400472640991
LightGBM,Baseline,2,"{'colsample_bytree': 0.8, 'learning_rate': 0.05, 'max_depth': 9, 'min_child_samples': 100, 'n_estimators': 500, 'num_leaves': 15, 'subsample': 0.8}",3.61817840523866,0.872381276370914,0.275184392929077
LightGBM,Baseline,2,"{'colsample_bytree': 0.8, 'learning_rate': 0.05, 'max_depth': 9, 'min_child_samples': 100, 'n_estimators': 500, 'num_leaves': 31, 'subsample': 0.6}",3.6182461403893,0.872376498080064,0.263050079345703
LightGBM,Baseline,2,"{'colsample_bytree': 0.8, 'learning_rate': 0.05, 'max_depth': 9, 'min_child_samples': 100, 'n_estimators': 500, 'num_leaves': 31, 'subsample': 0.8}",3.61819035155905,0.872380433639293,0.275305986404419
LightGBM,Baseline,2,"{'colsample_bytree': 0.8, 'learning_rate': 0.05, 'max_depth': 9, 'min_child_samples': 100, 'n_estimators': 500, 'num_leaves': 62, 'subsample': 0.6}",3.61818299683744,0.87238095246519,0.340346813201904
LightGBM,Baseline,2,"{'colsample_bytree': 0.8, 'learning_rate': 0.05, 'max_depth': 9, 'min_child_samples': 100, 'n_estimators': 500, 'num_leaves': 62, 'subsample': 0.8}",3.61824614143707,0.87237649800615,0.298094034194946
LightGBM,Baseline,2,"{'colsample_bytree': 0.8, 'learning_rate': 0.05, 'max_depth': 9, 'min_child_samples': 100, 'n_estimators': 750, 'num_leaves': 15, 'subsample': 0.6}",3.42983150819241,0.885322025506749,0.408036231994629
LightGBM,Baseline,2,"{'colsample_bytree': 0.8, 'learning_rate': 0.05, 'max_depth': 9, 'min_child_samples': 100, 'n_estimators': 750, 'num_leaves': 15, 'subsample': 0.8}",3.42999895169127,0.885310828134537,0.407283306121826
LightGBM,Baseline,2,"{'colsample_bytree': 0.8, 'learning_rate': 0.05, 'max_depth': 9, 'min_child_samples': 100, 'n_estimators': 750, 'num_leaves': 31, 'subsample': 0.6}",3.42994088670892,0.885314711149352,0.312651634216309
LightGBM,Baseline,2,"{'colsample_bytree': 0.8, 'learning_rate': 0.05, 'max_depth': 9, 'min_child_samples': 100, 'n_estimators': 750, 'num_leaves': 31, 'subsample': 0.8}",3.42999895180322,0.885310828127051,0.372987747192383
LightGBM,Baseline,2,"{'colsample_bytree': 0.8, 'learning_rate': 0.05, 'max_depth': 9, 'min_child_samples': 100, 'n_estimators': 750, 'num_leaves': 62, 'subsample': 0.6}",3.42988835434849,0.885318224121145,0.359257698059082
LightGBM,Baseline,2,"{'colsample_bytree': 0.8, 'learning_rate': 0.05, 'max_depth': 9, 'min_child_samples': 100, 'n_estimators': 750, 'num_leaves': 62, 'subsample': 0.8}",3.42998530835759,0.885311740519381,0.316328048706055
LightGBM,Baseline,2,"{'colsample_bytree': 0.8, 'learning_rate': 0.05, 'max_depth': 9, 'min_child_samples': 100, 'n_estimators': 1000, 'num_leaves': 15, 'subsample': 0.6}",3.3319300974685,0.891775346194113,0.414974927902222
LightGBM,Baseline,2,"{'colsample_bytree': 0.8, 'learning_rate': 0.05, 'max_depth': 9, 'min_child_samples': 100, 'n_estimators': 1000, 'num_leaves': 15, 'subsample': 0.8}",3.33207424778647,0.89176598167849,0.414408206939697
LightGBM,Baseline,2,"{'colsample_bytree': 0.8, 'learning_rate': 0.05, 'max_depth': 9, 'min_child_samples': 100, 'n_estimators': 1000, 'num_leaves': 31, 'subsample': 0.6}",3.3320742481462,0.89176598165512,0.39882493019104
LightGBM,Baseline,2,"{'colsample_bytree': 0.8, 'learning_rate': 0.05, 'max_depth': 9, 'min_child_samples': 100, 'n_estimators': 1000, 'num_leaves': 31, 'subsample': 0.8}",3.33207424844589,0.891765981635651,0.427434921264648
LightGBM,Baseline,2,"{'colsample_bytree': 0.8, 'learning_rate': 0.05, 'max_depth': 9, 'min_child_samples': 100, 'n_estimators': 1000, 'num_leaves': 62, 'subsample': 0.6}",3.33207424946656,0.891765981569343,0.443475008010864
LightGBM,Baseline,2,"{'colsample_bytree': 0.8, 'learning_rate': 0.05, 'max_depth': 9, 'min_child_samples': 100, 'n_estimators': 1000, 'num_leaves': 62, 'subsample': 0.8}",3.33195978521009,0.891773417606312,0.459444522857666
LightGBM,Baseline,3,"{'colsample_bytree': 0.6, 'learning_rate': 0.01, 'max_depth': 3, 'min_child_samples': 50, 'n_estimators': 500, 'num_leaves': 15, 'subsample': 0.6}",3.85386812612169,0.900378487215102,0.232291698455811
LightGBM,Baseline,3,"{'colsample_bytree': 0.6, 'learning_rate': 0.01, 'max_depth': 3, 'min_child_samples': 50, 'n_estimators': 500, 'num_leaves': 15, 'subsample': 0.8}",3.85386812567552,0.900378487238169,0.243738412857056
LightGBM,Baseline,3,"{'colsample_bytree': 0.6, 'learning_rate': 0.01, 'max_depth': 3, 'min_child_samples': 50, 'n_estimators': 500, 'num_leaves': 31, 'subsample': 0.6}",3.85386812392503,0.900378487328668,0.23826789855957
LightGBM,Baseline,3,"{'colsample_bytree': 0.6, 'learning_rate': 0.01, 'max_depth': 3, 'min_child_samples': 50, 'n_estimators': 500, 'num_leaves': 31, 'subsample': 0.8}",3.85386812456379,0.900378487295644,0.232328176498413
LightGBM,Baseline,3,"{'colsample_bytree': 0.6, 'learning_rate': 0.01, 'max_depth': 3, 'min_child_samples': 50, 'n_estimators': 500, 'num_leaves': 62, 'subsample': 0.6}",3.85386812520109,0.900378487262696,0.217699766159058
LightGBM,Baseline,3,"{'colsample_bytree': 0.6, 'learning_rate': 0.01, 'max_depth': 3, 'min_child_samples': 50, 'n_estimators': 500, 'num_leaves': 62, 'subsample': 0.8}",3.85386812476487,0.900378487285249,0.228589773178101
LightGBM,Baseline,3,"{'colsample_bytree': 0.6, 'learning_rate': 0.01, 'max_depth': 3, 'min_child_samples': 50, 'n_estimators': 750, 'num_leaves': 15, 'subsample': 0.6}",3.61519534895369,0.912335659033569,0.438128471374512
LightGBM,Baseline,3,"{'colsample_bytree': 0.6, 'learning_rate': 0.01, 'max_depth': 3, 'min_child_samples': 50, 'n_estimators': 750, 'num_leaves': 15, 'subsample': 0.8}",3.61519534980558,0.912335658992254,0.289248466491699
LightGBM,Baseline,3,"{'colsample_bytree': 0.6, 'learning_rate': 0.01, 'max_depth': 3, 'min_child_samples': 50, 'n_estimators': 750, 'num_leaves': 31, 'subsample': 0.6}",3.61519534939284,0.912335659012272,0.277708530426025
LightGBM,Baseline,3,"{'colsample_bytree': 0.6, 'learning_rate': 0.01, 'max_depth': 3, 'min_child_samples': 50, 'n_estimators': 750, 'num_leaves': 31, 'subsample': 0.8}",3.61519535074943,0.91233565894648,0.276572465896606
LightGBM,Baseline,3,"{'colsample_bytree': 0.6, 'learning_rate': 0.01, 'max_depth': 3, 'min_child_samples': 50, 'n_estimators': 750, 'num_leaves': 62, 'subsample': 0.6}",3.61519534909833,0.912335659026554,0.29849123954773
LightGBM,Baseline,3,"{'colsample_bytree': 0.6, 'learning_rate': 0.01, 'max_depth': 3, 'min_child_samples': 50, 'n_estimators': 750, 'num_leaves': 62, 'subsample': 0.8}",3.61519534884197,0.912335659038987,0.322875499725342
LightGBM,Baseline,3,"{'colsample_bytree': 0.6, 'learning_rate': 0.01, 'max_depth': 3, 'min_child_samples': 50, 'n_estimators': 1000, 'num_leaves': 15, 'subsample': 0.6}",3.47782166061632,0.918871387386514,0.364920616149902
LightGBM,Baseline,3,"{'colsample_bytree': 0.6, 'learning_rate': 0.01, 'max_depth': 3, 'min_child_samples': 50, 'n_estimators': 1000, 'num_leaves': 15, 'subsample': 0.8}",3.47782166190752,0.918871387326273,0.336115598678589
LightGBM,Baseline,3,"{'colsample_bytree': 0.6, 'learning_rate': 0.01, 'max_depth': 3, 'min_child_samples': 50, 'n_estimators': 1000, 'num_leaves': 31, 'subsample': 0.6}",3.47782166142769,0.91887138734866,0.342350244522095
LightGBM,Baseline,3,"{'colsample_bytree': 0.6, 'learning_rate': 0.01, 'max_depth': 3, 'min_child_samples': 50, 'n_estimators': 1000, 'num_leaves': 31, 'subsample': 0.8}",3.47782166135417,0.91887138735209,0.344770669937134
LightGBM,Baseline,3,"{'colsample_bytree': 0.6, 'learning_rate': 0.01, 'max_depth': 3, 'min_child_samples': 50, 'n_estimators': 1000, 'num_leaves': 62, 'subsample': 0.6}",3.47782166131009,0.918871387354146,0.332890272140503
LightGBM,Baseline,3,"{'colsample_bytree': 0.6, 'learning_rate': 0.01, 'max_depth': 3, 'min_child_samples': 50, 'n_estimators': 1000, 'num_leaves': 62, 'subsample': 0.8}",3.47782166182932,0.918871387329922,0.343939542770386
LightGBM,Baseline,3,"{'colsample_bytree': 0.6, 'learning_rate': 0.01, 'max_depth': 3, 'min_child_samples': 100, 'n_estimators': 500, 'num_leaves': 15, 'subsample': 0.6}",5.11063804046253,0.82480985196979,0.223270177841187
LightGBM,Baseline,3,"{'colsample_bytree': 0.6, 'learning_rate': 0.01, 'max_depth': 3, 'min_child_samples': 100, 'n_estimators': 500, 'num_leaves': 15, 'subsample': 0.8}",5.11063804046033,0.824809851969941,0.22006106376648
LightGBM,Baseline,3,"{'colsample_bytree': 0.6, 'learning_rate': 0.01, 'max_depth': 3, 'min_child_samples': 100, 'n_estimators': 500, 'num_leaves': 31, 'subsample': 0.6}",5.110638038552,0.824809852100774,0.216089010238647
LightGBM,Baseline,3,"{'colsample_bytree': 0.6, 'learning_rate': 0.01, 'max_depth': 3, 'min_child_samples': 100, 'n_estimators': 500, 'num_leaves': 31, 'subsample': 0.8}",5.11063804000429,0.824809852001206,0.222580194473267
LightGBM,Baseline,3,"{'colsample_bytree': 0.6, 'learning_rate': 0.01, 'max_depth': 3, 'min_child_samples': 100, 'n_estimators': 500, 'num_leaves': 62, 'subsample': 0.6}",5.11063803955237,0.82480985203219,0.213468074798584
LightGBM,Baseline,3,"{'colsample_bytree': 0.6, 'learning_rate': 0.01, 'max_depth': 3, 'min_child_samples': 100, 'n_estimators': 500, 'num_leaves': 62, 'subsample': 0.8}",5.11063804001759,0.824809852000294,0.222128391265869
LightGBM,Baseline,3,"{'colsample_bytree': 0.6, 'learning_rate': 0.01, 'max_depth': 3, 'min_child_samples': 100, 'n_estimators': 750, 'num_leaves': 15, 'subsample': 0.6}",4.70878078490765,0.85127760242239,0.28603458404541
LightGBM,Baseline,3,"{'colsample_bytree': 0.6, 'learning_rate': 0.01, 'max_depth': 3, 'min_child_samples': 100, 'n_estimators': 750, 'num_leaves': 15, 'subsample': 0.8}",4.70878078581159,0.85127760236529,0.286383867263794
LightGBM,Baseline,3,"{'colsample_bytree': 0.6, 'learning_rate': 0.01, 'max_depth': 3, 'min_child_samples': 100, 'n_estimators': 750, 'num_leaves': 31, 'subsample': 0.6}",4.70878078574881,0.851277602369256,0.284122467041016
LightGBM,Baseline,3,"{'colsample_bytree': 0.6, 'learning_rate': 0.01, 'max_depth': 3, 'min_child_samples': 100, 'n_estimators': 750, 'num_leaves': 31, 'subsample': 0.8}",4.70878078510178,0.851277602410127,0.291207075119019
LightGBM,Baseline,3,"{'colsample_bytree': 0.6, 'learning_rate': 0.01, 'max_depth': 3, 'min_child_samples': 100, 'n_estimators': 750, 'num_leaves': 62, 'subsample': 0.6}",4.70878078645394,0.851277602324714,0.283597707748413
LightGBM,Baseline,3,"{'colsample_bytree': 0.6, 'learning_rate': 0.01, 'max_depth': 3, 'min_child_samples': 100, 'n_estimators': 750, 'num_leaves': 62, 'subsample': 0.8}",4.70878078590929,0.851277602359118,0.283484220504761
LightGBM,Baseline,3,"{'colsample_bytree': 0.6, 'learning_rate': 0.01, 'max_depth': 3, 'min_child_samples': 100, 'n_estimators': 1000, 'num_leaves': 15, 'subsample': 0.6}",4.50349392611469,0.863962514537937,0.348014116287231
LightGBM,Baseline,3,"{'colsample_bytree': 0.6, 'learning_rate': 0.01, 'max_depth': 3, 'min_child_samples': 100, 'n_estimators': 1000, 'num_leaves': 15, 'subsample': 0.8}",4.50349392765013,0.863962514445175,0.353103637695313
LightGBM,Baseline,3,"{'colsample_bytree': 0.6, 'learning_rate': 0.01, 'max_depth': 3, 'min_child_samples': 100, 'n_estimators': 1000, 'num_leaves': 31, 'subsample': 0.6}",4.50349392807763,0.863962514419348,0.357287168502808
LightGBM,Baseline,3,"{'colsample_bytree': 0.6, 'learning_rate': 0.01, 'max_depth': 3, 'min_child_samples': 100, 'n_estimators': 1000, 'num_leaves': 31, 'subsample': 0.8}",4.50349392694838,0.86396251448757,0.352786064147949
LightGBM,Baseline,3,"{'colsample_bytree': 0.6, 'learning_rate': 0.01, 'max_depth': 3, 'min_child_samples': 100, 'n_estimators': 1000, 'num_leaves': 62, 'subsample': 0.6}",4.50349392694855,0.86396251448756,0.358762979507446
LightGBM,Baseline,3,"{'colsample_bytree': 0.6, 'learning_rate': 0.01, 'max_depth': 3, 'min_child_samples': 100, 'n_estimators': 1000, 'num_leaves': 62, 'subsample': 0.8}",4.50349392542113,0.863962514579838,0.352015018463135
LightGBM,Baseline,3,"{'colsample_bytree': 0.6, 'learning_rate': 0.01, 'max_depth': 5, 'min_child_samples': 50, 'n_estimators': 500, 'num_leaves': 15, 'subsample': 0.6}",3.8420142592955,0.900990383615976,0.291968584060669
LightGBM,Baseline,3,"{'colsample_bytree': 0.6, 'learning_rate': 0.01, 'max_depth': 5, 'min_child_samples': 50, 'n_estimators': 500, 'num_leaves': 15, 'subsample': 0.8}",3.84202708456835,0.900989722594242,0.288284778594971
LightGBM,Baseline,3,"{'colsample_bytree': 0.6, 'learning_rate': 0.01, 'max_depth': 5, 'min_child_samples': 50, 'n_estimators': 500, 'num_leaves': 31, 'subsample': 0.6}",3.84201426020336,0.900990383569184,0.295575380325317
LightGBM,Baseline,3,"{'colsample_bytree': 0.6, 'learning_rate': 0.01, 'max_depth': 5, 'min_child_samples': 50, 'n_estimators': 500, 'num_leaves': 31, 'subsample': 0.8}",3.84200131672993,0.900991050680805,0.290140628814697
LightGBM,Baseline,3,"{'colsample_bytree': 0.6, 'learning_rate': 0.01, 'max_depth': 5, 'min_child_samples': 50, 'n_estimators': 500, 'num_leaves': 62, 'subsample': 0.6}",3.84201425955221,0.900990383602745,0.291298389434814
LightGBM,Baseline,3,"{'colsample_bytree': 0.6, 'learning_rate': 0.01, 'max_depth': 5, 'min_child_samples': 50, 'n_estimators': 500, 'num_leaves': 62, 'subsample': 0.8}",3.84201425940322,0.900990383610424,0.292149066925049
LightGBM,Baseline,3,"{'colsample_bytree': 0.6, 'learning_rate': 0.01, 'max_depth': 5, 'min_child_samples': 50, 'n_estimators': 750, 'num_leaves': 15, 'subsample': 0.6}",3.58501992738458,0.91379299022639,0.375442266464233
LightGBM,Baseline,3,"{'colsample_bytree': 0.6, 'learning_rate': 0.01, 'max_depth': 5, 'min_child_samples': 50, 'n_estimators': 750, 'num_leaves': 15, 'subsample': 0.8}",3.58500302641523,0.913793803041172,0.391506433486939
LightGBM,Baseline,3,"{'colsample_bytree': 0.6, 'learning_rate': 0.01, 'max_depth': 5, 'min_child_samples': 50, 'n_estimators': 750, 'num_leaves': 31, 'subsample': 0.6}",3.58502895286909,0.913792556164082,0.3807532787323
LightGBM,Baseline,3,"{'colsample_bytree': 0.6, 'learning_rate': 0.01, 'max_depth': 5, 'min_child_samples': 50, 'n_estimators': 750, 'num_leaves': 31, 'subsample': 0.8}",3.58498534543426,0.913794653364788,0.378902435302734
LightGBM,Baseline,3,"{'colsample_bytree': 0.6, 'learning_rate': 0.01, 'max_depth': 5, 'min_child_samples': 50, 'n_estimators': 750, 'num_leaves': 62, 'subsample': 0.6}",3.58500266400122,0.913793820470631,0.386595487594605
LightGBM,Baseline,3,"{'colsample_bytree': 0.6, 'learning_rate': 0.01, 'max_depth': 5, 'min_child_samples': 50, 'n_estimators': 750, 'num_leaves': 62, 'subsample': 0.8}",3.58500310751599,0.913793799140819,0.376882314682007
LightGBM,Baseline,3,"{'colsample_bytree': 0.6, 'learning_rate': 0.01, 'max_depth': 5, 'min_child_samples': 50, 'n_estimators': 1000, 'num_leaves': 15, 'subsample': 0.6}",3.43937121805157,0.920655370181559,0.465377330780029
LightGBM,Baseline,3,"{'colsample_bytree': 0.6, 'learning_rate': 0.01, 'max_depth': 5, 'min_child_samples': 50, 'n_estimators': 1000, 'num_leaves': 15, 'subsample': 0.8}",3.43937093411443,0.920655383282143,0.485451459884644
LightGBM,Baseline,3,"{'colsample_bytree': 0.6, 'learning_rate': 0.01, 'max_depth': 5, 'min_child_samples': 50, 'n_estimators': 1000, 'num_leaves': 31, 'subsample': 0.6}",3.43937125751293,0.92065536836085,0.488115549087524
LightGBM,Baseline,3,"{'colsample_bytree': 0.6, 'learning_rate': 0.01, 'max_depth': 5, 'min_child_samples': 50, 'n_estimators': 1000, 'num_leaves': 31, 'subsample': 0.8}",3.4393647167492,0.920655670145076,0.481045484542847
LightGBM,Baseline,3,"{'colsample_bytree': 0.6, 'learning_rate': 0.01, 'max_depth': 5, 'min_child_samples': 50, 'n_estimators': 1000, 'num_leaves': 62, 'subsample': 0.6}",3.43936493018985,0.920655660297149,0.48643970489502
LightGBM,Baseline,3,"{'colsample_bytree': 0.6, 'learning_rate': 0.01, 'max_depth': 5, 'min_child_samples': 50, 'n_estimators': 1000, 'num_leaves': 62, 'subsample': 0.8}",3.43937067536522,0.92065539522058,0.491647005081177
LightGBM,Baseline,3,"{'colsample_bytree': 0.6, 'learning_rate': 0.01, 'max_depth': 5, 'min_child_samples': 100, 'n_estimators': 500, 'num_leaves': 15, 'subsample': 0.6}",5.09861156497428,0.825633405106268,0.264514207839966
LightGBM,Baseline,3,"{'colsample_bytree': 0.6, 'learning_rate': 0.01, 'max_depth': 5, 'min_child_samples': 100, 'n_estimators': 500, 'num_leaves': 15, 'subsample': 0.8}",5.09860614914051,0.825633775536523,0.263885974884033
LightGBM,Baseline,3,"{'colsample_bytree': 0.6, 'learning_rate': 0.01, 'max_depth': 5, 'min_child_samples': 100, 'n_estimators': 500, 'num_leaves': 31, 'subsample': 0.6}",5.09859371800411,0.825634625795442,0.270321846008301
LightGBM,Baseline,3,"{'colsample_bytree': 0.6, 'learning_rate': 0.01, 'max_depth': 5, 'min_child_samples': 100, 'n_estimators': 500, 'num_leaves': 31, 'subsample': 0.8}",5.09860510435687,0.825633846997214,0.270269870758057
LightGBM,Baseline,3,"{'colsample_bytree': 0.6, 'learning_rate': 0.01, 'max_depth': 5, 'min_child_samples': 100, 'n_estimators': 500, 'num_leaves': 62, 'subsample': 0.6}",5.09860235514722,0.82563403503648,0.278743028640747
LightGBM,Baseline,3,"{'colsample_bytree': 0.6, 'learning_rate': 0.01, 'max_depth': 5, 'min_child_samples': 100, 'n_estimators': 500, 'num_leaves': 62, 'subsample': 0.8}",5.0986034671513,0.825633958978113,0.271487474441528
LightGBM,Baseline,3,"{'colsample_bytree': 0.6, 'learning_rate': 0.01, 'max_depth': 5, 'min_child_samples': 100, 'n_estimators': 750, 'num_leaves': 15, 'subsample': 0.6}",4.67190105307623,0.853598102535332,0.365231513977051
LightGBM,Baseline,3,"{'colsample_bytree': 0.6, 'learning_rate': 0.01, 'max_depth': 5, 'min_child_samples': 100, 'n_estimators': 750, 'num_leaves': 15, 'subsample': 0.8}",4.67190958120755,0.853597568048094,0.367691278457642
LightGBM,Baseline,3,"{'colsample_bytree': 0.6, 'learning_rate': 0.01, 'max_depth': 5, 'min_child_samples': 100, 'n_estimators': 750, 'num_leaves': 31, 'subsample': 0.6}",4.67191249907247,0.853597385175268,0.34644079208374
LightGBM,Baseline,3,"{'colsample_bytree': 0.6, 'learning_rate': 0.01, 'max_depth': 5, 'min_child_samples': 100, 'n_estimators': 750, 'num_leaves': 31, 'subsample': 0.8}",4.67190361291807,0.853597942101367,0.348409175872803
LightGBM,Baseline,3,"{'colsample_bytree': 0.6, 'learning_rate': 0.01, 'max_depth': 5, 'min_child_samples': 100, 'n_estimators': 750, 'num_leaves': 62, 'subsample': 0.6}",4.67190349385256,0.853597949563608,0.354206562042236
LightGBM,Baseline,3,"{'colsample_bytree': 0.6, 'learning_rate': 0.01, 'max_depth': 5, 'min_child_samples': 100, 'n_estimators': 750, 'num_leaves': 62, 'subsample': 0.8}",4.67191189528741,0.853597423016604,0.35774302482605
LightGBM,Baseline,3,"{'colsample_bytree': 0.6, 'learning_rate': 0.01, 'max_depth': 5, 'min_child_samples': 100, 'n_estimators': 1000, 'num_leaves': 15, 'subsample': 0.6}",4.44019684393332,0.867759683294262,0.436281204223633
LightGBM,Baseline,3,"{'colsample_bytree': 0.6, 'learning_rate': 0.01, 'max_depth': 5, 'min_child_samples': 100, 'n_estimators': 1000, 'num_leaves': 15, 'subsample': 0.8}",4.43996078804708,0.867773743605765,0.437824249267578
LightGBM,Baseline,3,"{'colsample_bytree': 0.6, 'learning_rate': 0.01, 'max_depth': 5, 'min_child_samples': 100, 'n_estimators': 1000, 'num_leaves': 31, 'subsample': 0.6}",4.44022653359323,0.867757914821695,0.443611145019531
LightGBM,Baseline,3,"{'colsample_bytree': 0.6, 'learning_rate': 0.01, 'max_depth': 5, 'min_child_samples': 100, 'n_estimators': 1000, 'num_leaves': 31, 'subsample': 0.8}",4.43995117175257,0.867774316369943,0.435558795928955
LightGBM,Baseline,3,"{'colsample_bytree': 0.6, 'learning_rate': 0.01, 'max_depth': 5, 'min_child_samples': 100, 'n_estimators': 1000, 'num_leaves': 62, 'subsample': 0.6}",4.44017704700518,0.867760862497032,0.454465389251709
LightGBM,Baseline,3,"{'colsample_bytree': 0.6, 'learning_rate': 0.01, 'max_depth': 5, 'min_child_samples': 100, 'n_estimators': 1000, 'num_leaves': 62, 'subsample': 0.8}",4.43999226481813,0.867771868782742,0.43510365486145
LightGBM,Baseline,3,"{'colsample_bytree': 0.6, 'learning_rate': 0.01, 'max_depth': 9, 'min_child_samples': 50, 'n_estimators': 500, 'num_leaves': 15, 'subsample': 0.6}",3.84095390605732,0.901045027182027,0.386770963668823
LightGBM,Baseline,3,"{'colsample_bytree': 0.6, 'learning_rate': 0.01, 'max_depth': 9, 'min_child_samples': 50, 'n_estimators': 500, 'num_leaves': 15, 'subsample': 0.8}",3.84096105972441,0.901044658580055,0.403228282928467
LightGBM,Baseline,3,"{'colsample_bytree': 0.6, 'learning_rate': 0.01, 'max_depth': 9, 'min_child_samples': 50, 'n_estimators': 500, 'num_leaves': 31, 'subsample': 0.6}",3.84095776761803,0.90104482821019,0.397310018539429
LightGBM,Baseline,3,"{'colsample_bytree': 0.6, 'learning_rate': 0.01, 'max_depth': 9, 'min_child_samples': 50, 'n_estimators': 500, 'num_leaves': 31, 'subsample': 0.8}",3.84096106005781,0.901044658562876,0.400512456893921
LightGBM,Baseline,3,"{'colsample_bytree': 0.6, 'learning_rate': 0.01, 'max_depth': 9, 'min_child_samples': 50, 'n_estimators': 500, 'num_leaves': 62, 'subsample': 0.6}",3.84095390660256,0.901045027153933,0.397269248962402
LightGBM,Baseline,3,"{'colsample_bytree': 0.6, 'learning_rate': 0.01, 'max_depth': 9, 'min_child_samples': 50, 'n_estimators': 500, 'num_leaves': 62, 'subsample': 0.8}",3.8409539047861,0.901045027247528,0.41277289390564
LightGBM,Baseline,3,"{'colsample_bytree': 0.6, 'learning_rate': 0.01, 'max_depth': 9, 'min_child_samples': 50, 'n_estimators': 750, 'num_leaves': 15, 'subsample': 0.6}",3.58409874230257,0.913837287000346,0.540493965148926
LightGBM,Baseline,3,"{'colsample_bytree': 0.6, 'learning_rate': 0.01, 'max_depth': 9, 'min_child_samples': 50, 'n_estimators': 750, 'num_leaves': 15, 'subsample': 0.8}",3.58410005063765,0.913837224094869,0.560376167297363
LightGBM,Baseline,3,"{'colsample_bytree': 0.6, 'learning_rate': 0.01, 'max_depth': 9, 'min_child_samples': 50, 'n_estimators': 750, 'num_leaves': 31, 'subsample': 0.6}",3.58410049608512,0.913837202677502,0.553349494934082
LightGBM,Baseline,3,"{'colsample_bytree': 0.6, 'learning_rate': 0.01, 'max_depth': 9, 'min_child_samples': 50, 'n_estimators': 750, 'num_leaves': 31, 'subsample': 0.8}",3.58410469119004,0.913837000974348,0.666738748550415
LightGBM,Baseline,3,"{'colsample_bytree': 0.6, 'learning_rate': 0.01, 'max_depth': 9, 'min_child_samples': 50, 'n_estimators': 750, 'num_leaves': 62, 'subsample': 0.6}",3.58410049743121,0.913837202612781,0.662065267562866
LightGBM,Baseline,3,"{'colsample_bytree': 0.6, 'learning_rate': 0.01, 'max_depth': 9, 'min_child_samples': 50, 'n_estimators': 750, 'num_leaves': 62, 'subsample': 0.8}",3.58410841649569,0.913836821859227,0.664610624313355
LightGBM,Baseline,3,"{'colsample_bytree': 0.6, 'learning_rate': 0.01, 'max_depth': 9, 'min_child_samples': 50, 'n_estimators': 1000, 'num_leaves': 15, 'subsample': 0.6}",3.43694305483627,0.92076736373537,0.818248987197876
LightGBM,Baseline,3,"{'colsample_bytree': 0.6, 'learning_rate': 0.01, 'max_depth': 9, 'min_child_samples': 50, 'n_estimators': 1000, 'num_leaves': 15, 'subsample': 0.8}",3.43693226640478,0.920767861150959,0.781604766845703
LightGBM,Baseline,3,"{'colsample_bytree': 0.6, 'learning_rate': 0.01, 'max_depth': 9, 'min_child_samples': 50, 'n_estimators': 1000, 'num_leaves': 31, 'subsample': 0.6}",3.43692923627071,0.92076800085921,0.805604457855225
LightGBM,Baseline,3,"{'colsample_bytree': 0.6, 'learning_rate': 0.01, 'max_depth': 9, 'min_child_samples': 50, 'n_estimators': 1000, 'num_leaves': 31, 'subsample': 0.8}",3.43694305622938,0.920767363671139,0.801749229431152
LightGBM,Baseline,3,"{'colsample_bytree': 0.6, 'learning_rate': 0.01, 'max_depth': 9, 'min_child_samples': 50, 'n_estimators': 1000, 'num_leaves': 62, 'subsample': 0.6}",3.4369409994114,0.920767458503704,0.752146244049072
LightGBM,Baseline,3,"{'colsample_bytree': 0.6, 'learning_rate': 0.01, 'max_depth': 9, 'min_child_samples': 50, 'n_estimators': 1000, 'num_leaves': 62, 'subsample': 0.8}",3.43693430812197,0.920767767014878,0.610195875167847
LightGBM,Baseline,3,"{'colsample_bytree': 0.6, 'learning_rate': 0.01, 'max_depth': 9, 'min_child_samples': 100, 'n_estimators': 500, 'num_leaves': 15, 'subsample': 0.6}",5.09139087238984,0.826126933992043,0.246755361557007
LightGBM,Baseline,3,"{'colsample_bytree': 0.6, 'learning_rate': 0.01, 'max_depth': 9, 'min_child_samples': 100, 'n_estimators': 500, 'num_leaves': 15, 'subsample': 0.8}",5.09139087283973,0.826126933961315,0.241201877593994
LightGBM,Baseline,3,"{'colsample_bytree': 0.6, 'learning_rate': 0.01, 'max_depth': 9, 'min_child_samples': 100, 'n_estimators': 500, 'num_leaves': 31, 'subsample': 0.6}",5.09139078531626,0.826126939939239,0.246786832809448
LightGBM,Baseline,3,"{'colsample_bytree': 0.6, 'learning_rate': 0.01, 'max_depth': 9, 'min_child_samples': 100, 'n_estimators': 500, 'num_leaves': 31, 'subsample': 0.8}",5.0913907855276,0.826126939924805,0.244764804840088
LightGBM,Baseline,3,"{'colsample_bytree': 0.6, 'learning_rate': 0.01, 'max_depth': 9, 'min_child_samples': 100, 'n_estimators': 500, 'num_leaves': 62, 'subsample': 0.6}",5.0913937782548,0.82612673551905,0.263866186141968
LightGBM,Baseline,3,"{'colsample_bytree': 0.6, 'learning_rate': 0.01, 'max_depth': 9, 'min_child_samples': 100, 'n_estimators': 500, 'num_leaves': 62, 'subsample': 0.8}",5.09139087335777,0.826126933925933,0.265250444412231
LightGBM,Baseline,3,"{'colsample_bytree': 0.6, 'learning_rate': 0.01, 'max_depth': 9, 'min_child_samples': 100, 'n_estimators': 750, 'num_leaves': 15, 'subsample': 0.6}",4.6764266047323,0.853314333577326,0.358629941940308
LightGBM,Baseline,3,"{'colsample_bytree': 0.6, 'learning_rate': 0.01, 'max_depth': 9, 'min_child_samples': 100, 'n_estimators': 750, 'num_leaves': 15, 'subsample': 0.8}",4.6764300044569,0.853314120298645,0.348944187164307
LightGBM,Baseline,3,"{'colsample_bytree': 0.6, 'learning_rate': 0.01, 'max_depth': 9, 'min_child_samples': 100, 'n_estimators': 750, 'num_leaves': 31, 'subsample': 0.6}",4.6764300040018,0.853314120327195,0.347513914108276
LightGBM,Baseline,3,"{'colsample_bytree': 0.6, 'learning_rate': 0.01, 'max_depth': 9, 'min_child_samples': 100, 'n_estimators': 750, 'num_leaves': 31, 'subsample': 0.8}",4.67642983231465,0.853314131097839,0.361746072769165
LightGBM,Baseline,3,"{'colsample_bytree': 0.6, 'learning_rate': 0.01, 'max_depth': 9, 'min_child_samples': 100, 'n_estimators': 750, 'num_leaves': 62, 'subsample': 0.6}",4.67643000361723,0.853314120351321,0.356836795806885
LightGBM,Baseline,3,"{'colsample_bytree': 0.6, 'learning_rate': 0.01, 'max_depth': 9, 'min_child_samples': 100, 'n_estimators': 750, 'num_leaves': 62, 'subsample': 0.8}",4.67642983236288,0.853314131094813,0.359579086303711
LightGBM,Baseline,3,"{'colsample_bytree': 0.6, 'learning_rate': 0.01, 'max_depth': 9, 'min_child_samples': 100, 'n_estimators': 1000, 'num_leaves': 15, 'subsample': 0.6}",4.44163166207192,0.867674204443467,0.428277969360352
LightGBM,Baseline,3,"{'colsample_bytree': 0.6, 'learning_rate': 0.01, 'max_depth': 9, 'min_child_samples': 100, 'n_estimators': 1000, 'num_leaves': 15, 'subsample': 0.8}",4.44162346632314,0.867674692781113,0.45723032951355
LightGBM,Baseline,3,"{'colsample_bytree': 0.6, 'learning_rate': 0.01, 'max_depth': 9, 'min_child_samples': 100, 'n_estimators': 1000, 'num_leaves': 31, 'subsample': 0.6}",4.44186842772593,0.86766009654756,0.605319499969482
LightGBM,Baseline,3,"{'colsample_bytree': 0.6, 'learning_rate': 0.01, 'max_depth': 9, 'min_child_samples': 100, 'n_estimators': 1000, 'num_leaves': 31, 'subsample': 0.8}",4.44218199307584,0.86764141131475,0.581230878829956
LightGBM,Baseline,3,"{'colsample_bytree': 0.6, 'learning_rate': 0.01, 'max_depth': 9, 'min_child_samples': 100, 'n_estimators': 1000, 'num_leaves': 62, 'subsample': 0.6}",4.44218198208549,0.867641411969684,0.532160043716431
LightGBM,Baseline,3,"{'colsample_bytree': 0.6, 'learning_rate': 0.01, 'max_depth': 9, 'min_child_samples': 100, 'n_estimators': 1000, 'num_leaves': 62, 'subsample': 0.8}",4.4421736778766,0.867641906831146,0.557558536529541
LightGBM,Baseline,3,"{'colsample_bytree': 0.6, 'learning_rate': 0.05, 'max_depth': 3, 'min_child_samples': 50, 'n_estimators': 500, 'num_leaves': 15, 'subsample': 0.6}",3.30230680163977,0.926853378593026,0.250450611114502
LightGBM,Baseline,3,"{'colsample_bytree': 0.6, 'learning_rate': 0.05, 'max_depth': 3, 'min_child_samples': 50, 'n_estimators': 500, 'num_leaves': 15, 'subsample': 0.8}",3.30230680162587,0.926853378593642,0.270792245864868
LightGBM,Baseline,3,"{'colsample_bytree': 0.6, 'learning_rate': 0.05, 'max_depth': 3, 'min_child_samples': 50, 'n_estimators': 500, 'num_leaves': 31, 'subsample': 0.6}",3.30230679994041,0.926853378668308,0.260942935943604
LightGBM,Baseline,3,"{'colsample_bytree': 0.6, 'learning_rate': 0.05, 'max_depth': 3, 'min_child_samples': 50, 'n_estimators': 500, 'num_leaves': 31, 'subsample': 0.8}",3.30236880362157,0.926850631859705,0.248053550720215
LightGBM,Baseline,3,"{'colsample_bytree': 0.6, 'learning_rate': 0.05, 'max_depth': 3, 'min_child_samples': 50, 'n_estimators': 500, 'num_leaves': 62, 'subsample': 0.6}",3.30230680129769,0.92685337860818,0.234159708023071
LightGBM,Baseline,3,"{'colsample_bytree': 0.6, 'learning_rate': 0.05, 'max_depth': 3, 'min_child_samples': 50, 'n_estimators': 500, 'num_leaves': 62, 'subsample': 0.8}",3.30230679955411,0.926853378685421,0.202294826507568
LightGBM,Baseline,3,"{'colsample_bytree': 0.6, 'learning_rate': 0.05, 'max_depth': 3, 'min_child_samples': 50, 'n_estimators': 750, 'num_leaves': 15, 'subsample': 0.6}",3.26568130648475,0.928466902095431,0.234732866287231
LightGBM,Baseline,3,"{'colsample_bytree': 0.6, 'learning_rate': 0.05, 'max_depth': 3, 'min_child_samples': 50, 'n_estimators': 750, 'num_leaves': 15, 'subsample': 0.8}",3.26568130542454,0.928466902141878,0.235050439834595
LightGBM,Baseline,3,"{'colsample_bytree': 0.6, 'learning_rate': 0.05, 'max_depth': 3, 'min_child_samples': 50, 'n_estimators': 750, 'num_leaves': 31, 'subsample': 0.6}",3.26568130506684,0.928466902157548,0.259129762649536
LightGBM,Baseline,3,"{'colsample_bytree': 0.6, 'learning_rate': 0.05, 'max_depth': 3, 'min_child_samples': 50, 'n_estimators': 750, 'num_leaves': 31, 'subsample': 0.8}",3.26575149011711,0.928463827388427,0.242144107818604
LightGBM,Baseline,3,"{'colsample_bytree': 0.6, 'learning_rate': 0.05, 'max_depth': 3, 'min_child_samples': 50, 'n_estimators': 750, 'num_leaves': 62, 'subsample': 0.6}",3.26568130554821,0.92846690213646,0.234591484069824
LightGBM,Baseline,3,"{'colsample_bytree': 0.6, 'learning_rate': 0.05, 'max_depth': 3, 'min_child_samples': 50, 'n_estimators': 750, 'num_leaves': 62, 'subsample': 0.8}",3.26568130640577,0.928466902098891,0.245974063873291
LightGBM,Baseline,3,"{'colsample_bytree': 0.6, 'learning_rate': 0.05, 'max_depth': 3, 'min_child_samples': 50, 'n_estimators': 1000, 'num_leaves': 15, 'subsample': 0.6}",3.26568130358218,0.92846690222259,0.254043579101563
LightGBM,Baseline,3,"{'colsample_bytree': 0.6, 'learning_rate': 0.05, 'max_depth': 3, 'min_child_samples': 50, 'n_estimators': 1000, 'num_leaves': 15, 'subsample': 0.8}",3.26575148718335,0.928463827516955,0.257786750793457
LightGBM,Baseline,3,"{'colsample_bytree': 0.6, 'learning_rate': 0.05, 'max_depth': 3, 'min_child_samples': 50, 'n_estimators': 1000, 'num_leaves': 31, 'subsample': 0.6}",3.26568130611354,0.928466902111694,0.255912065505981
LightGBM,Baseline,3,"{'colsample_bytree': 0.6, 'learning_rate': 0.05, 'max_depth': 3, 'min_child_samples': 50, 'n_estimators': 1000, 'num_leaves': 31, 'subsample': 0.8}",3.26568130611086,0.928466902111811,0.260932683944702
LightGBM,Baseline,3,"{'colsample_bytree': 0.6, 'learning_rate': 0.05, 'max_depth': 3, 'min_child_samples': 50, 'n_estimators': 1000, 'num_leaves': 62, 'subsample': 0.6}",3.26568130579862,0.92846690212549,0.258037090301514
LightGBM,Baseline,3,"{'colsample_bytree': 0.6, 'learning_rate': 0.05, 'max_depth': 3, 'min_child_samples': 50, 'n_estimators': 1000, 'num_leaves': 62, 'subsample': 0.8}",3.26568130553449,0.928466902137061,0.261497974395752
LightGBM,Baseline,3,"{'colsample_bytree': 0.6, 'learning_rate': 0.05, 'max_depth': 3, 'min_child_samples': 100, 'n_estimators': 500, 'num_leaves': 15, 'subsample': 0.6}",3.9810038238258,0.893697219920421,0.221230506896973
LightGBM,Baseline,3,"{'colsample_bytree': 0.6, 'learning_rate': 0.05, 'max_depth': 3, 'min_child_samples': 100, 'n_estimators': 500, 'num_leaves': 15, 'subsample': 0.8}",3.98008706957505,0.893746173555691,0.259208679199219
LightGBM,Baseline,3,"{'colsample_bytree': 0.6, 'learning_rate': 0.05, 'max_depth': 3, 'min_child_samples': 100, 'n_estimators': 500, 'num_leaves': 31, 'subsample': 0.6}",3.97994652701707,0.893753677371887,0.24001669883728
LightGBM,Baseline,3,"{'colsample_bytree': 0.6, 'learning_rate': 0.05, 'max_depth': 3, 'min_child_samples': 100, 'n_estimators': 500, 'num_leaves': 31, 'subsample': 0.8}",3.98100382553106,0.893697219829352,0.218733787536621
LightGBM,Baseline,3,"{'colsample_bytree': 0.6, 'learning_rate': 0.05, 'max_depth': 3, 'min_child_samples': 100, 'n_estimators': 500, 'num_leaves': 62, 'subsample': 0.6}",3.97741828011574,0.893888619695942,0.215111255645752
LightGBM,Baseline,3,"{'colsample_bytree': 0.6, 'learning_rate': 0.05, 'max_depth': 3, 'min_child_samples': 100, 'n_estimators': 500, 'num_leaves': 62, 'subsample': 0.8}",3.97741827773736,0.893888619822845,0.222280025482178
LightGBM,Baseline,3,"{'colsample_bytree': 0.6, 'learning_rate': 0.05, 'max_depth': 3, 'min_child_samples': 100, 'n_estimators': 750, 'num_leaves': 15, 'subsample': 0.6}",3.82289697849248,0.901973245928048,0.297765731811523
LightGBM,Baseline,3,"{'colsample_bytree': 0.6, 'learning_rate': 0.05, 'max_depth': 3, 'min_child_samples': 100, 'n_estimators': 750, 'num_leaves': 15, 'subsample': 0.8}",3.82382132514011,0.901925835989201,0.297962427139282
LightGBM,Baseline,3,"{'colsample_bytree': 0.6, 'learning_rate': 0.05, 'max_depth': 3, 'min_child_samples': 100, 'n_estimators': 750, 'num_leaves': 31, 'subsample': 0.6}",3.82087278303136,0.902077027316568,0.297653913497925
LightGBM,Baseline,3,"{'colsample_bytree': 0.6, 'learning_rate': 0.05, 'max_depth': 3, 'min_child_samples': 100, 'n_estimators': 750, 'num_leaves': 31, 'subsample': 0.8}",3.82758285183875,0.90173278824753,0.307183980941772
LightGBM,Baseline,3,"{'colsample_bytree': 0.6, 'learning_rate': 0.05, 'max_depth': 3, 'min_child_samples': 100, 'n_estimators': 750, 'num_leaves': 62, 'subsample': 0.6}",3.82447838224954,0.901892128418836,0.384961366653442
LightGBM,Baseline,3,"{'colsample_bytree': 0.6, 'learning_rate': 0.05, 'max_depth': 3, 'min_child_samples': 100, 'n_estimators': 750, 'num_leaves': 62, 'subsample': 0.8}",3.82697069125665,0.901764218267695,0.341179847717285
LightGBM,Baseline,3,"{'colsample_bytree': 0.6, 'learning_rate': 0.05, 'max_depth': 3, 'min_child_samples': 100, 'n_estimators': 1000, 'num_leaves': 15, 'subsample': 0.6}",3.71435769971686,0.907460556668622,0.411314249038696
LightGBM,Baseline,3,"{'colsample_bytree': 0.6, 'learning_rate': 0.05, 'max_depth': 3, 'min_child_samples': 100, 'n_estimators': 1000, 'num_leaves': 15, 'subsample': 0.8}",3.71285870449683,0.907535233478847,0.404521226882935
LightGBM,Baseline,3,"{'colsample_bytree': 0.6, 'learning_rate': 0.05, 'max_depth': 3, 'min_child_samples': 100, 'n_estimators': 1000, 'num_leaves': 31, 'subsample': 0.6}",3.70801947018779,0.907776108289159,0.397154331207275
LightGBM,Baseline,3,"{'colsample_bytree': 0.6, 'learning_rate': 0.05, 'max_depth': 3, 'min_child_samples': 100, 'n_estimators': 1000, 'num_leaves': 31, 'subsample': 0.8}",3.7123798297725,0.907559083664165,0.329516649246216
LightGBM,Baseline,3,"{'colsample_bytree': 0.6, 'learning_rate': 0.05, 'max_depth': 3, 'min_child_samples': 100, 'n_estimators': 1000, 'num_leaves': 62, 'subsample': 0.6}",3.70692475028842,0.907830554835158,0.342827558517456
LightGBM,Baseline,3,"{'colsample_bytree': 0.6, 'learning_rate': 0.05, 'max_depth': 3, 'min_child_samples': 100, 'n_estimators': 1000, 'num_leaves': 62, 'subsample': 0.8}",3.71318249451594,0.907519105488872,0.33227276802063
LightGBM,Baseline,3,"{'colsample_bytree': 0.6, 'learning_rate': 0.05, 'max_depth': 5, 'min_child_samples': 50, 'n_estimators': 500, 'num_leaves': 15, 'subsample': 0.6}",3.33775805310322,0.925274446962066,0.260863304138184
LightGBM,Baseline,3,"{'colsample_bytree': 0.6, 'learning_rate': 0.05, 'max_depth': 5, 'min_child_samples': 50, 'n_estimators': 500, 'num_leaves': 15, 'subsample': 0.8}",3.33777266571057,0.925273792668053,0.261870861053467
LightGBM,Baseline,3,"{'colsample_bytree': 0.6, 'learning_rate': 0.05, 'max_depth': 5, 'min_child_samples': 50, 'n_estimators': 500, 'num_leaves': 31, 'subsample': 0.6}",3.33779199254259,0.925272927285547,0.271257877349854
LightGBM,Baseline,3,"{'colsample_bytree': 0.6, 'learning_rate': 0.05, 'max_depth': 5, 'min_child_samples': 50, 'n_estimators': 500, 'num_leaves': 31, 'subsample': 0.8}",3.33775805346185,0.925274446946008,0.280417203903198
LightGBM,Baseline,3,"{'colsample_bytree': 0.6, 'learning_rate': 0.05, 'max_depth': 5, 'min_child_samples': 50, 'n_estimators': 500, 'num_leaves': 62, 'subsample': 0.6}",3.33775883086841,0.925274412136929,0.285107851028442
LightGBM,Baseline,3,"{'colsample_bytree': 0.6, 'learning_rate': 0.05, 'max_depth': 5, 'min_child_samples': 50, 'n_estimators': 500, 'num_leaves': 62, 'subsample': 0.8}",3.33779199066625,0.925272927369562,0.293314695358276
LightGBM,Baseline,3,"{'colsample_bytree': 0.6, 'learning_rate': 0.05, 'max_depth': 5, 'min_child_samples': 50, 'n_estimators': 750, 'num_leaves': 15, 'subsample': 0.6}",3.3377919929816,0.925272927265889,0.307854890823364
LightGBM,Baseline,3,"{'colsample_bytree': 0.6, 'learning_rate': 0.05, 'max_depth': 5, 'min_child_samples': 50, 'n_estimators': 750, 'num_leaves': 15, 'subsample': 0.8}",3.33775805442565,0.925274446902853,0.303806304931641
LightGBM,Baseline,3,"{'colsample_bytree': 0.6, 'learning_rate': 0.05, 'max_depth': 5, 'min_child_samples': 50, 'n_estimators': 750, 'num_leaves': 31, 'subsample': 0.6}",3.33778081410271,0.925273427814455,0.301144123077393
LightGBM,Baseline,3,"{'colsample_bytree': 0.6, 'learning_rate': 0.05, 'max_depth': 5, 'min_child_samples': 50, 'n_estimators': 750, 'num_leaves': 31, 'subsample': 0.8}",3.33778081386568,0.925273427825068,0.314725160598755
LightGBM,Baseline,3,"{'colsample_bytree': 0.6, 'learning_rate': 0.05, 'max_depth': 5, 'min_child_samples': 50, 'n_estimators': 750, 'num_leaves': 62, 'subsample': 0.6}",3.33779199071456,0.925272927367399,0.300744295120239
LightGBM,Baseline,3,"{'colsample_bytree': 0.6, 'learning_rate': 0.05, 'max_depth': 5, 'min_child_samples': 50, 'n_estimators': 750, 'num_leaves': 62, 'subsample': 0.8}",3.33777266675308,0.925273792621374,0.31006908416748
LightGBM,Baseline,3,"{'colsample_bytree': 0.6, 'learning_rate': 0.05, 'max_depth': 5, 'min_child_samples': 50, 'n_estimators': 1000, 'num_leaves': 15, 'subsample': 0.6}",3.3377661528385,0.925274084288725,0.344361782073975
LightGBM,Baseline,3,"{'colsample_bytree': 0.6, 'learning_rate': 0.05, 'max_depth': 5, 'min_child_samples': 50, 'n_estimators': 1000, 'num_leaves': 15, 'subsample': 0.8}",3.33776143128564,0.925274295700847,0.316051959991455
LightGBM,Baseline,3,"{'colsample_bytree': 0.6, 'learning_rate': 0.05, 'max_depth': 5, 'min_child_samples': 50, 'n_estimators': 1000, 'num_leaves': 31, 'subsample': 0.6}",3.33777266957491,0.925273792495023,0.342142581939697
LightGBM,Baseline,3,"{'colsample_bytree': 0.6, 'learning_rate': 0.05, 'max_depth': 5, 'min_child_samples': 50, 'n_estimators': 1000, 'num_leaves': 31, 'subsample': 0.8}",3.33776143230356,0.925274295655268,0.284603595733643
LightGBM,Baseline,3,"{'colsample_bytree': 0.6, 'learning_rate': 0.05, 'max_depth': 5, 'min_child_samples': 50, 'n_estimators': 1000, 'num_leaves': 62, 'subsample': 0.6}",3.33777261323582,0.925273795017667,0.317187547683716
LightGBM,Baseline,3,"{'colsample_bytree': 0.6, 'learning_rate': 0.05, 'max_depth': 5, 'min_child_samples': 50, 'n_estimators': 1000, 'num_leaves': 62, 'subsample': 0.8}",3.33775328770417,0.925274660336924,0.34280800819397
LightGBM,Baseline,3,"{'colsample_bytree': 0.6, 'learning_rate': 0.05, 'max_depth': 5, 'min_child_samples': 100, 'n_estimators': 500, 'num_leaves': 15, 'subsample': 0.6}",3.91426484766106,0.897231540067499,0.288782119750977
LightGBM,Baseline,3,"{'colsample_bytree': 0.6, 'learning_rate': 0.05, 'max_depth': 5, 'min_child_samples': 100, 'n_estimators': 500, 'num_leaves': 15, 'subsample': 0.8}",3.91007499995786,0.8974514300151,0.300475358963013
LightGBM,Baseline,3,"{'colsample_bytree': 0.6, 'learning_rate': 0.05, 'max_depth': 5, 'min_child_samples': 100, 'n_estimators': 500, 'num_leaves': 31, 'subsample': 0.6}",3.91424718265315,0.897232467649883,0.307474136352539
LightGBM,Baseline,3,"{'colsample_bytree': 0.6, 'learning_rate': 0.05, 'max_depth': 5, 'min_child_samples': 100, 'n_estimators': 500, 'num_leaves': 31, 'subsample': 0.8}",3.91412162179685,0.897239060678785,0.297111749649048
LightGBM,Baseline,3,"{'colsample_bytree': 0.6, 'learning_rate': 0.05, 'max_depth': 5, 'min_child_samples': 100, 'n_estimators': 500, 'num_leaves': 62, 'subsample': 0.6}",3.91426975721361,0.897231282268147,0.299771070480347
LightGBM,Baseline,3,"{'colsample_bytree': 0.6, 'learning_rate': 0.05, 'max_depth': 5, 'min_child_samples': 100, 'n_estimators': 500, 'num_leaves': 62, 'subsample': 0.8}",3.91409904556198,0.89724024610358,0.248293161392212
LightGBM,Baseline,3,"{'colsample_bytree': 0.6, 'learning_rate': 0.05, 'max_depth': 5, 'min_child_samples': 100, 'n_estimators': 750, 'num_leaves': 15, 'subsample': 0.6}",3.79114777286989,0.903594711461892,0.33253812789917
LightGBM,Baseline,3,"{'colsample_bytree': 0.6, 'learning_rate': 0.05, 'max_depth': 5, 'min_child_samples': 100, 'n_estimators': 750, 'num_leaves': 15, 'subsample': 0.8}",3.79096101548164,0.903604209354097,0.397770404815674
LightGBM,Baseline,3,"{'colsample_bytree': 0.6, 'learning_rate': 0.05, 'max_depth': 5, 'min_child_samples': 100, 'n_estimators': 750, 'num_leaves': 31, 'subsample': 0.6}",3.79107990490986,0.903598163066576,0.323373794555664
LightGBM,Baseline,3,"{'colsample_bytree': 0.6, 'learning_rate': 0.05, 'max_depth': 5, 'min_child_samples': 100, 'n_estimators': 750, 'num_leaves': 31, 'subsample': 0.8}",3.78999248527999,0.903653458242645,0.332544565200806
LightGBM,Baseline,3,"{'colsample_bytree': 0.6, 'learning_rate': 0.05, 'max_depth': 5, 'min_child_samples': 100, 'n_estimators': 750, 'num_leaves': 62, 'subsample': 0.6}",3.79017472726206,0.903644192363121,0.322135925292969
LightGBM,Baseline,3,"{'colsample_bytree': 0.6, 'learning_rate': 0.05, 'max_depth': 5, 'min_child_samples': 100, 'n_estimators': 750, 'num_leaves': 62, 'subsample': 0.8}",3.78882799442399,0.903712654893394,0.327278614044189
LightGBM,Baseline,3,"{'colsample_bytree': 0.6, 'learning_rate': 0.05, 'max_depth': 5, 'min_child_samples': 100, 'n_estimators': 1000, 'num_leaves': 15, 'subsample': 0.6}",3.68884369421928,0.908727501318158,0.40371561050415
LightGBM,Baseline,3,"{'colsample_bytree': 0.6, 'learning_rate': 0.05, 'max_depth': 5, 'min_child_samples': 100, 'n_estimators': 1000, 'num_leaves': 15, 'subsample': 0.8}",3.68244414852015,0.90904391259127,0.424957513809204
LightGBM,Baseline,3,"{'colsample_bytree': 0.6, 'learning_rate': 0.05, 'max_depth': 5, 'min_child_samples': 100, 'n_estimators': 1000, 'num_leaves': 31, 'subsample': 0.6}",3.68047982462839,0.909140924008265,0.428863763809204
LightGBM,Baseline,3,"{'colsample_bytree': 0.6, 'learning_rate': 0.05, 'max_depth': 5, 'min_child_samples': 100, 'n_estimators': 1000, 'num_leaves': 31, 'subsample': 0.8}",3.68890433806097,0.90872450029078,0.440457582473755
LightGBM,Baseline,3,"{'colsample_bytree': 0.6, 'learning_rate': 0.05, 'max_depth': 5, 'min_child_samples': 100, 'n_estimators': 1000, 'num_leaves': 62, 'subsample': 0.6}",3.68949817972453,0.9086951107743,0.491090059280396
LightGBM,Baseline,3,"{'colsample_bytree': 0.6, 'learning_rate': 0.05, 'max_depth': 5, 'min_child_samples': 100, 'n_estimators': 1000, 'num_leaves': 62, 'subsample': 0.8}",3.69067569761226,0.90863682084343,0.412530183792114
LightGBM,Baseline,3,"{'colsample_bytree': 0.6, 'learning_rate': 0.05, 'max_depth': 9, 'min_child_samples': 50, 'n_estimators': 500, 'num_leaves': 15, 'subsample': 0.6}",3.33430497050616,0.92542898184936,0.371995687484741
LightGBM,Baseline,3,"{'colsample_bytree': 0.6, 'learning_rate': 0.05, 'max_depth': 9, 'min_child_samples': 50, 'n_estimators': 500, 'num_leaves': 15, 'subsample': 0.8}",3.33430932570467,0.925428787043065,0.388889312744141
LightGBM,Baseline,3,"{'colsample_bytree': 0.6, 'learning_rate': 0.05, 'max_depth': 9, 'min_child_samples': 50, 'n_estimators': 500, 'num_leaves': 31, 'subsample': 0.6}",3.33430325846609,0.925429058428161,0.382516622543335
LightGBM,Baseline,3,"{'colsample_bytree': 0.6, 'learning_rate': 0.05, 'max_depth': 9, 'min_child_samples': 50, 'n_estimators': 500, 'num_leaves': 31, 'subsample': 0.8}",3.33436137611029,0.925426458829454,0.384311437606812
LightGBM,Baseline,3,"{'colsample_bytree': 0.6, 'learning_rate': 0.05, 'max_depth': 9, 'min_child_samples': 50, 'n_estimators': 500, 'num_leaves': 62, 'subsample': 0.6}",3.33435806447067,0.925426606960111,0.398371934890747
LightGBM,Baseline,3,"{'colsample_bytree': 0.6, 'learning_rate': 0.05, 'max_depth': 9, 'min_child_samples': 50, 'n_estimators': 500, 'num_leaves': 62, 'subsample': 0.8}",3.3343314475865,0.92542779753617,0.409620761871338
LightGBM,Baseline,3,"{'colsample_bytree': 0.6, 'learning_rate': 0.05, 'max_depth': 9, 'min_child_samples': 50, 'n_estimators': 750, 'num_leaves': 15, 'subsample': 0.6}",3.24373959628466,0.929424916991594,0.56294584274292
LightGBM,Baseline,3,"{'colsample_bytree': 0.6, 'learning_rate': 0.05, 'max_depth': 9, 'min_child_samples': 50, 'n_estimators': 750, 'num_leaves': 15, 'subsample': 0.8}",3.24379976241223,0.929422298859835,0.562085151672363
LightGBM,Baseline,3,"{'colsample_bytree': 0.6, 'learning_rate': 0.05, 'max_depth': 9, 'min_child_samples': 50, 'n_estimators': 750, 'num_leaves': 31, 'subsample': 0.6}",3.24375044860486,0.92942444475598,0.570163011550903
LightGBM,Baseline,3,"{'colsample_bytree': 0.6, 'learning_rate': 0.05, 'max_depth': 9, 'min_child_samples': 50, 'n_estimators': 750, 'num_leaves': 31, 'subsample': 0.8}",3.24374739825054,0.929424577491437,0.565566301345825
LightGBM,Baseline,3,"{'colsample_bytree': 0.6, 'learning_rate': 0.05, 'max_depth': 9, 'min_child_samples': 50, 'n_estimators': 750, 'num_leaves': 62, 'subsample': 0.6}",3.2438046399356,0.929422086612057,0.567413568496704
LightGBM,Baseline,3,"{'colsample_bytree': 0.6, 'learning_rate': 0.05, 'max_depth': 9, 'min_child_samples': 50, 'n_estimators': 750, 'num_leaves': 62, 'subsample': 0.8}",3.24384629018379,0.929420274168456,0.567802906036377
LightGBM,Baseline,3,"{'colsample_bytree': 0.6, 'learning_rate': 0.05, 'max_depth': 9, 'min_child_samples': 50, 'n_estimators': 1000, 'num_leaves': 15, 'subsample': 0.6}",3.14228304612686,0.93377071941715,0.742430925369263
LightGBM,Baseline,3,"{'colsample_bytree': 0.6, 'learning_rate': 0.05, 'max_depth': 9, 'min_child_samples': 50, 'n_estimators': 1000, 'num_leaves': 15, 'subsample': 0.8}",3.1421653640185,0.933775680049475,0.707715272903442
LightGBM,Baseline,3,"{'colsample_bytree': 0.6, 'learning_rate': 0.05, 'max_depth': 9, 'min_child_samples': 50, 'n_estimators': 1000, 'num_leaves': 31, 'subsample': 0.6}",3.14222417087097,0.933773201198234,0.645787477493286
LightGBM,Baseline,3,"{'colsample_bytree': 0.6, 'learning_rate': 0.05, 'max_depth': 9, 'min_child_samples': 50, 'n_estimators': 1000, 'num_leaves': 31, 'subsample': 0.8}",3.14222657213195,0.933773099978282,0.654615163803101
LightGBM,Baseline,3,"{'colsample_bytree': 0.6, 'learning_rate': 0.05, 'max_depth': 9, 'min_child_samples': 50, 'n_estimators': 1000, 'num_leaves': 62, 'subsample': 0.6}",3.14208234341259,0.933779179490083,0.665755271911621
LightGBM,Baseline,3,"{'colsample_bytree': 0.6, 'learning_rate': 0.05, 'max_depth': 9, 'min_child_samples': 50, 'n_estimators': 1000, 'num_leaves': 62, 'subsample': 0.8}",3.14224035686484,0.933772518911253,0.671890020370483
LightGBM,Baseline,3,"{'colsample_bytree': 0.6, 'learning_rate': 0.05, 'max_depth': 9, 'min_child_samples': 100, 'n_estimators': 500, 'num_leaves': 15, 'subsample': 0.6}",3.9462573540914,0.895544757524694,0.26512336730957
LightGBM,Baseline,3,"{'colsample_bytree': 0.6, 'learning_rate': 0.05, 'max_depth': 9, 'min_child_samples': 100, 'n_estimators': 500, 'num_leaves': 15, 'subsample': 0.8}",3.94437375808658,0.895644449209163,0.258233547210693
LightGBM,Baseline,3,"{'colsample_bytree': 0.6, 'learning_rate': 0.05, 'max_depth': 9, 'min_child_samples': 100, 'n_estimators': 500, 'num_leaves': 31, 'subsample': 0.6}",3.94597401054489,0.895559756879104,0.271653413772583
LightGBM,Baseline,3,"{'colsample_bytree': 0.6, 'learning_rate': 0.05, 'max_depth': 9, 'min_child_samples': 100, 'n_estimators': 500, 'num_leaves': 31, 'subsample': 0.8}",3.94561863520846,0.89557856785714,0.272100448608398
LightGBM,Baseline,3,"{'colsample_bytree': 0.6, 'learning_rate': 0.05, 'max_depth': 9, 'min_child_samples': 100, 'n_estimators': 500, 'num_leaves': 62, 'subsample': 0.6}",3.94580895029441,0.895568494175442,0.267010450363159
LightGBM,Baseline,3,"{'colsample_bytree': 0.6, 'learning_rate': 0.05, 'max_depth': 9, 'min_child_samples': 100, 'n_estimators': 500, 'num_leaves': 62, 'subsample': 0.8}",3.94108220144022,0.895818544721778,0.272659778594971
LightGBM,Baseline,3,"{'colsample_bytree': 0.6, 'learning_rate': 0.05, 'max_depth': 9, 'min_child_samples': 100, 'n_estimators': 750, 'num_leaves': 15, 'subsample': 0.6}",3.81812145008861,0.902218001232435,0.367745161056519
LightGBM,Baseline,3,"{'colsample_bytree': 0.6, 'learning_rate': 0.05, 'max_depth': 9, 'min_child_samples': 100, 'n_estimators': 750, 'num_leaves': 15, 'subsample': 0.8}",3.82114577928142,0.902063033885821,0.362147331237793
LightGBM,Baseline,3,"{'colsample_bytree': 0.6, 'learning_rate': 0.05, 'max_depth': 9, 'min_child_samples': 100, 'n_estimators': 750, 'num_leaves': 31, 'subsample': 0.6}",3.81941335915433,0.902151818517076,0.36302661895752
LightGBM,Baseline,3,"{'colsample_bytree': 0.6, 'learning_rate': 0.05, 'max_depth': 9, 'min_child_samples': 100, 'n_estimators': 750, 'num_leaves': 31, 'subsample': 0.8}",3.81430252172352,0.902413508736784,0.430696964263916
LightGBM,Baseline,3,"{'colsample_bytree': 0.6, 'learning_rate': 0.05, 'max_depth': 9, 'min_child_samples': 100, 'n_estimators': 750, 'num_leaves': 62, 'subsample': 0.6}",3.820828170766,0.902079313987906,0.330312013626099
LightGBM,Baseline,3,"{'colsample_bytree': 0.6, 'learning_rate': 0.05, 'max_depth': 9, 'min_child_samples': 100, 'n_estimators': 750, 'num_leaves': 62, 'subsample': 0.8}",3.81808789165393,0.902219720086296,0.326389789581299
LightGBM,Baseline,3,"{'colsample_bytree': 0.6, 'learning_rate': 0.05, 'max_depth': 9, 'min_child_samples': 100, 'n_estimators': 1000, 'num_leaves': 15, 'subsample': 0.6}",3.7267791216041,0.9068405875808,0.399430513381958
LightGBM,Baseline,3,"{'colsample_bytree': 0.6, 'learning_rate': 0.05, 'max_depth': 9, 'min_child_samples': 100, 'n_estimators': 1000, 'num_leaves': 15, 'subsample': 0.8}",3.71910467196116,0.907223873555575,0.408199787139893
LightGBM,Baseline,3,"{'colsample_bytree': 0.6, 'learning_rate': 0.05, 'max_depth': 9, 'min_child_samples': 100, 'n_estimators': 1000, 'num_leaves': 31, 'subsample': 0.6}",3.71490021846787,0.907433522088919,0.409777402877808
LightGBM,Baseline,3,"{'colsample_bytree': 0.6, 'learning_rate': 0.05, 'max_depth': 9, 'min_child_samples': 100, 'n_estimators': 1000, 'num_leaves': 31, 'subsample': 0.8}",3.72411347424144,0.906973807888508,0.429316282272339
LightGBM,Baseline,3,"{'colsample_bytree': 0.6, 'learning_rate': 0.05, 'max_depth': 9, 'min_child_samples': 100, 'n_estimators': 1000, 'num_leaves': 62, 'subsample': 0.6}",3.72459520408533,0.906949739668395,0.431221961975098
LightGBM,Baseline,3,"{'colsample_bytree': 0.6, 'learning_rate': 0.05, 'max_depth': 9, 'min_child_samples': 100, 'n_estimators': 1000, 'num_leaves': 62, 'subsample': 0.8}",3.72000317606327,0.907179040292173,0.443071365356445
LightGBM,Baseline,3,"{'colsample_bytree': 0.8, 'learning_rate': 0.01, 'max_depth': 3, 'min_child_samples': 50, 'n_estimators': 500, 'num_leaves': 15, 'subsample': 0.6}",3.82492062451488,0.901869437765845,0.219983100891113
LightGBM,Baseline,3,"{'colsample_bytree': 0.8, 'learning_rate': 0.01, 'max_depth': 3, 'min_child_samples': 50, 'n_estimators': 500, 'num_leaves': 15, 'subsample': 0.8}",3.82492062479174,0.901869437751639,0.21962833404541
LightGBM,Baseline,3,"{'colsample_bytree': 0.8, 'learning_rate': 0.01, 'max_depth': 3, 'min_child_samples': 50, 'n_estimators': 500, 'num_leaves': 31, 'subsample': 0.6}",3.82492062355853,0.901869437814917,0.222479343414307
LightGBM,Baseline,3,"{'colsample_bytree': 0.8, 'learning_rate': 0.01, 'max_depth': 3, 'min_child_samples': 50, 'n_estimators': 500, 'num_leaves': 31, 'subsample': 0.8}",3.82492062416515,0.90186943778379,0.224530220031738
LightGBM,Baseline,3,"{'colsample_bytree': 0.8, 'learning_rate': 0.01, 'max_depth': 3, 'min_child_samples': 50, 'n_estimators': 500, 'num_leaves': 62, 'subsample': 0.6}",3.82492062548767,0.90186943771593,0.220540285110474
LightGBM,Baseline,3,"{'colsample_bytree': 0.8, 'learning_rate': 0.01, 'max_depth': 3, 'min_child_samples': 50, 'n_estimators': 500, 'num_leaves': 62, 'subsample': 0.8}",3.82492062247963,0.901869437870276,0.217187643051147
LightGBM,Baseline,3,"{'colsample_bytree': 0.8, 'learning_rate': 0.01, 'max_depth': 3, 'min_child_samples': 50, 'n_estimators': 750, 'num_leaves': 15, 'subsample': 0.6}",3.59485427611809,0.913319379125836,0.285554885864258
LightGBM,Baseline,3,"{'colsample_bytree': 0.8, 'learning_rate': 0.01, 'max_depth': 3, 'min_child_samples': 50, 'n_estimators': 750, 'num_leaves': 15, 'subsample': 0.8}",3.59485427436348,0.913319379210452,0.329633951187134
LightGBM,Baseline,3,"{'colsample_bytree': 0.8, 'learning_rate': 0.01, 'max_depth': 3, 'min_child_samples': 50, 'n_estimators': 750, 'num_leaves': 31, 'subsample': 0.6}",3.59485427583093,0.913319379139684,0.285863637924194
LightGBM,Baseline,3,"{'colsample_bytree': 0.8, 'learning_rate': 0.01, 'max_depth': 3, 'min_child_samples': 50, 'n_estimators': 750, 'num_leaves': 31, 'subsample': 0.8}",3.59485427568975,0.913319379146492,0.26366925239563
LightGBM,Baseline,3,"{'colsample_bytree': 0.8, 'learning_rate': 0.01, 'max_depth': 3, 'min_child_samples': 50, 'n_estimators': 750, 'num_leaves': 62, 'subsample': 0.6}",3.59485427448087,0.913319379204791,0.275870084762573
LightGBM,Baseline,3,"{'colsample_bytree': 0.8, 'learning_rate': 0.01, 'max_depth': 3, 'min_child_samples': 50, 'n_estimators': 750, 'num_leaves': 62, 'subsample': 0.8}",3.59485427430111,0.913319379213459,0.26683521270752
LightGBM,Baseline,3,"{'colsample_bytree': 0.8, 'learning_rate': 0.01, 'max_depth': 3, 'min_child_samples': 50, 'n_estimators': 1000, 'num_leaves': 15, 'subsample': 0.6}",3.45362854291754,0.919996187570998,0.317733287811279
LightGBM,Baseline,3,"{'colsample_bytree': 0.8, 'learning_rate': 0.01, 'max_depth': 3, 'min_child_samples': 50, 'n_estimators': 1000, 'num_leaves': 15, 'subsample': 0.8}",3.4536285441008,0.919996187516178,0.316349506378174
LightGBM,Baseline,3,"{'colsample_bytree': 0.8, 'learning_rate': 0.01, 'max_depth': 3, 'min_child_samples': 50, 'n_estimators': 1000, 'num_leaves': 31, 'subsample': 0.6}",3.45362854269646,0.919996187581241,0.346607685089111
LightGBM,Baseline,3,"{'colsample_bytree': 0.8, 'learning_rate': 0.01, 'max_depth': 3, 'min_child_samples': 50, 'n_estimators': 1000, 'num_leaves': 31, 'subsample': 0.8}",3.45362854266022,0.91999618758292,0.338274717330933
LightGBM,Baseline,3,"{'colsample_bytree': 0.8, 'learning_rate': 0.01, 'max_depth': 3, 'min_child_samples': 50, 'n_estimators': 1000, 'num_leaves': 62, 'subsample': 0.6}",3.45362854318745,0.919996187558493,0.353308200836182
LightGBM,Baseline,3,"{'colsample_bytree': 0.8, 'learning_rate': 0.01, 'max_depth': 3, 'min_child_samples': 50, 'n_estimators': 1000, 'num_leaves': 62, 'subsample': 0.8}",3.45362854221561,0.919996187603519,0.347342491149902
LightGBM,Baseline,3,"{'colsample_bytree': 0.8, 'learning_rate': 0.01, 'max_depth': 3, 'min_child_samples': 100, 'n_estimators': 500, 'num_leaves': 15, 'subsample': 0.6}",5.02866771430912,0.830384588101057,0.223387002944946
LightGBM,Baseline,3,"{'colsample_bytree': 0.8, 'learning_rate': 0.01, 'max_depth': 3, 'min_child_samples': 100, 'n_estimators': 500, 'num_leaves': 15, 'subsample': 0.8}",5.02866771404873,0.830384588118623,0.225148439407349
LightGBM,Baseline,3,"{'colsample_bytree': 0.8, 'learning_rate': 0.01, 'max_depth': 3, 'min_child_samples': 100, 'n_estimators': 500, 'num_leaves': 31, 'subsample': 0.6}",5.02866771389368,0.830384588129083,0.227122783660889
LightGBM,Baseline,3,"{'colsample_bytree': 0.8, 'learning_rate': 0.01, 'max_depth': 3, 'min_child_samples': 100, 'n_estimators': 500, 'num_leaves': 31, 'subsample': 0.8}",5.02866771472005,0.830384588073336,0.22118878364563
LightGBM,Baseline,3,"{'colsample_bytree': 0.8, 'learning_rate': 0.01, 'max_depth': 3, 'min_child_samples': 100, 'n_estimators': 500, 'num_leaves': 62, 'subsample': 0.6}",5.02866771381727,0.830384588134237,0.231111288070679
LightGBM,Baseline,3,"{'colsample_bytree': 0.8, 'learning_rate': 0.01, 'max_depth': 3, 'min_child_samples': 100, 'n_estimators': 500, 'num_leaves': 62, 'subsample': 0.8}",5.02866771098595,0.830384588325236,0.284479379653931
LightGBM,Baseline,3,"{'colsample_bytree': 0.8, 'learning_rate': 0.01, 'max_depth': 3, 'min_child_samples': 100, 'n_estimators': 750, 'num_leaves': 15, 'subsample': 0.6}",4.6214050248205,0.856745755861264,0.286221027374268
LightGBM,Baseline,3,"{'colsample_bytree': 0.8, 'learning_rate': 0.01, 'max_depth': 3, 'min_child_samples': 100, 'n_estimators': 750, 'num_leaves': 15, 'subsample': 0.8}",4.62140502333744,0.856745755953208,0.267431974411011
LightGBM,Baseline,3,"{'colsample_bytree': 0.8, 'learning_rate': 0.01, 'max_depth': 3, 'min_child_samples': 100, 'n_estimators': 750, 'num_leaves': 31, 'subsample': 0.6}",4.62140502246422,0.856745756007344,0.26928448677063
LightGBM,Baseline,3,"{'colsample_bytree': 0.8, 'learning_rate': 0.01, 'max_depth': 3, 'min_child_samples': 100, 'n_estimators': 750, 'num_leaves': 31, 'subsample': 0.8}",4.62140502429849,0.856745755893626,0.273469686508179
LightGBM,Baseline,3,"{'colsample_bytree': 0.8, 'learning_rate': 0.01, 'max_depth': 3, 'min_child_samples': 100, 'n_estimators': 750, 'num_leaves': 62, 'subsample': 0.6}",4.62140502375755,0.856745755927163,0.271494626998901
LightGBM,Baseline,3,"{'colsample_bytree': 0.8, 'learning_rate': 0.01, 'max_depth': 3, 'min_child_samples': 100, 'n_estimators': 750, 'num_leaves': 62, 'subsample': 0.8}",4.62140502319585,0.856745755961986,0.267627000808716
LightGBM,Baseline,3,"{'colsample_bytree': 0.8, 'learning_rate': 0.01, 'max_depth': 3, 'min_child_samples': 100, 'n_estimators': 1000, 'num_leaves': 15, 'subsample': 0.6}",4.44009149321942,0.867765958442408,0.337809085845947
LightGBM,Baseline,3,"{'colsample_bytree': 0.8, 'learning_rate': 0.01, 'max_depth': 3, 'min_child_samples': 100, 'n_estimators': 1000, 'num_leaves': 15, 'subsample': 0.8}",4.44009149229914,0.867765958497223,0.353902816772461
LightGBM,Baseline,3,"{'colsample_bytree': 0.8, 'learning_rate': 0.01, 'max_depth': 3, 'min_child_samples': 100, 'n_estimators': 1000, 'num_leaves': 31, 'subsample': 0.6}",4.4403913706055,0.867748096045707,0.357454299926758
LightGBM,Baseline,3,"{'colsample_bytree': 0.8, 'learning_rate': 0.01, 'max_depth': 3, 'min_child_samples': 100, 'n_estimators': 1000, 'num_leaves': 31, 'subsample': 0.8}",4.44009149189852,0.867765958521085,0.351207494735718
LightGBM,Baseline,3,"{'colsample_bytree': 0.8, 'learning_rate': 0.01, 'max_depth': 3, 'min_child_samples': 100, 'n_estimators': 1000, 'num_leaves': 62, 'subsample': 0.6}",4.44009149224348,0.867765958500538,0.374129772186279
LightGBM,Baseline,3,"{'colsample_bytree': 0.8, 'learning_rate': 0.01, 'max_depth': 3, 'min_child_samples': 100, 'n_estimators': 1000, 'num_leaves': 62, 'subsample': 0.8}",4.44009149120493,0.867765958562398,0.362959623336792
LightGBM,Baseline,3,"{'colsample_bytree': 0.8, 'learning_rate': 0.01, 'max_depth': 5, 'min_child_samples': 50, 'n_estimators': 500, 'num_leaves': 15, 'subsample': 0.6}",3.80546347904639,0.902865267201131,0.30577564239502
LightGBM,Baseline,3,"{'colsample_bytree': 0.8, 'learning_rate': 0.01, 'max_depth': 5, 'min_child_samples': 50, 'n_estimators': 500, 'num_leaves': 15, 'subsample': 0.8}",3.80542919993552,0.902867017146858,0.296669483184814
LightGBM,Baseline,3,"{'colsample_bytree': 0.8, 'learning_rate': 0.01, 'max_depth': 5, 'min_child_samples': 50, 'n_estimators': 500, 'num_leaves': 31, 'subsample': 0.6}",3.80536872098983,0.902870104553511,0.296003818511963
LightGBM,Baseline,3,"{'colsample_bytree': 0.8, 'learning_rate': 0.01, 'max_depth': 5, 'min_child_samples': 50, 'n_estimators': 500, 'num_leaves': 31, 'subsample': 0.8}",3.80546347841289,0.902865267233471,0.297531366348267
LightGBM,Baseline,3,"{'colsample_bytree': 0.8, 'learning_rate': 0.01, 'max_depth': 5, 'min_child_samples': 50, 'n_estimators': 500, 'num_leaves': 62, 'subsample': 0.6}",3.80546347899129,0.902865267203944,0.308402538299561
LightGBM,Baseline,3,"{'colsample_bytree': 0.8, 'learning_rate': 0.01, 'max_depth': 5, 'min_child_samples': 50, 'n_estimators': 500, 'num_leaves': 62, 'subsample': 0.8}",3.80542709547042,0.902867124579111,0.303699254989624
LightGBM,Baseline,3,"{'colsample_bytree': 0.8, 'learning_rate': 0.01, 'max_depth': 5, 'min_child_samples': 50, 'n_estimators': 750, 'num_leaves': 15, 'subsample': 0.6}",3.55657957095894,0.915155344188639,0.389689207077026
LightGBM,Baseline,3,"{'colsample_bytree': 0.8, 'learning_rate': 0.01, 'max_depth': 5, 'min_child_samples': 50, 'n_estimators': 750, 'num_leaves': 15, 'subsample': 0.8}",3.55656540075149,0.915156020267414,0.409710168838501
LightGBM,Baseline,3,"{'colsample_bytree': 0.8, 'learning_rate': 0.01, 'max_depth': 5, 'min_child_samples': 50, 'n_estimators': 750, 'num_leaves': 31, 'subsample': 0.6}",3.55657688886503,0.915155472154987,0.394819021224976
LightGBM,Baseline,3,"{'colsample_bytree': 0.8, 'learning_rate': 0.01, 'max_depth': 5, 'min_child_samples': 50, 'n_estimators': 750, 'num_leaves': 31, 'subsample': 0.8}",3.55659054921056,0.91515482040032,0.396967887878418
LightGBM,Baseline,3,"{'colsample_bytree': 0.8, 'learning_rate': 0.01, 'max_depth': 5, 'min_child_samples': 50, 'n_estimators': 750, 'num_leaves': 62, 'subsample': 0.6}",3.55660308989392,0.915154222064136,0.39314603805542
LightGBM,Baseline,3,"{'colsample_bytree': 0.8, 'learning_rate': 0.01, 'max_depth': 5, 'min_child_samples': 50, 'n_estimators': 750, 'num_leaves': 62, 'subsample': 0.8}",3.55660308919241,0.915154222097606,0.385756015777588
LightGBM,Baseline,3,"{'colsample_bytree': 0.8, 'learning_rate': 0.01, 'max_depth': 5, 'min_child_samples': 50, 'n_estimators': 1000, 'num_leaves': 15, 'subsample': 0.6}",3.41672376975363,0.921696861216294,0.487158060073853
LightGBM,Baseline,3,"{'colsample_bytree': 0.8, 'learning_rate': 0.01, 'max_depth': 5, 'min_child_samples': 50, 'n_estimators': 1000, 'num_leaves': 15, 'subsample': 0.8}",3.41672328396563,0.921696883482491,0.489516496658325
LightGBM,Baseline,3,"{'colsample_bytree': 0.8, 'learning_rate': 0.01, 'max_depth': 5, 'min_child_samples': 50, 'n_estimators': 1000, 'num_leaves': 31, 'subsample': 0.6}",3.41672376931357,0.921696861236464,0.482418298721314
LightGBM,Baseline,3,"{'colsample_bytree': 0.8, 'learning_rate': 0.01, 'max_depth': 5, 'min_child_samples': 50, 'n_estimators': 1000, 'num_leaves': 31, 'subsample': 0.8}",3.41672376998786,0.921696861205558,0.496843576431274
LightGBM,Baseline,3,"{'colsample_bytree': 0.8, 'learning_rate': 0.01, 'max_depth': 5, 'min_child_samples': 50, 'n_estimators': 1000, 'num_leaves': 62, 'subsample': 0.6}",3.41669552669877,0.92169815573751,0.488287925720215
LightGBM,Baseline,3,"{'colsample_bytree': 0.8, 'learning_rate': 0.01, 'max_depth': 5, 'min_child_samples': 50, 'n_estimators': 1000, 'num_leaves': 62, 'subsample': 0.8}",3.41669424444051,0.921698214509599,0.497042179107666
LightGBM,Baseline,3,"{'colsample_bytree': 0.8, 'learning_rate': 0.01, 'max_depth': 5, 'min_child_samples': 100, 'n_estimators': 500, 'num_leaves': 15, 'subsample': 0.6}",4.99135311038114,0.832892468917552,0.324762105941772
LightGBM,Baseline,3,"{'colsample_bytree': 0.8, 'learning_rate': 0.01, 'max_depth': 5, 'min_child_samples': 100, 'n_estimators': 500, 'num_leaves': 15, 'subsample': 0.8}",4.99135311017752,0.832892468931186,0.33584451675415
LightGBM,Baseline,3,"{'colsample_bytree': 0.8, 'learning_rate': 0.01, 'max_depth': 5, 'min_child_samples': 100, 'n_estimators': 500, 'num_leaves': 31, 'subsample': 0.6}",4.99135311062914,0.832892468900946,0.29984188079834
LightGBM,Baseline,3,"{'colsample_bytree': 0.8, 'learning_rate': 0.01, 'max_depth': 5, 'min_child_samples': 100, 'n_estimators': 500, 'num_leaves': 31, 'subsample': 0.8}",4.99135311019536,0.832892468929992,0.269436836242676
LightGBM,Baseline,3,"{'colsample_bytree': 0.8, 'learning_rate': 0.01, 'max_depth': 5, 'min_child_samples': 100, 'n_estimators': 500, 'num_leaves': 62, 'subsample': 0.6}",4.99135311018458,0.832892468930713,0.246565818786621
LightGBM,Baseline,3,"{'colsample_bytree': 0.8, 'learning_rate': 0.01, 'max_depth': 5, 'min_child_samples': 100, 'n_estimators': 500, 'num_leaves': 62, 'subsample': 0.8}",4.9913531122145,0.832892468794792,0.259820222854614
LightGBM,Baseline,3,"{'colsample_bytree': 0.8, 'learning_rate': 0.01, 'max_depth': 5, 'min_child_samples': 100, 'n_estimators': 750, 'num_leaves': 15, 'subsample': 0.6}",4.56774850936109,0.860052932613389,0.365373611450195
LightGBM,Baseline,3,"{'colsample_bytree': 0.8, 'learning_rate': 0.01, 'max_depth': 5, 'min_child_samples': 100, 'n_estimators': 750, 'num_leaves': 15, 'subsample': 0.8}",4.56755230874526,0.860064954777502,0.331947088241577
LightGBM,Baseline,3,"{'colsample_bytree': 0.8, 'learning_rate': 0.01, 'max_depth': 5, 'min_child_samples': 100, 'n_estimators': 750, 'num_leaves': 31, 'subsample': 0.6}",4.56755230942957,0.860064954735572,0.365327835083008
LightGBM,Baseline,3,"{'colsample_bytree': 0.8, 'learning_rate': 0.01, 'max_depth': 5, 'min_child_samples': 100, 'n_estimators': 750, 'num_leaves': 31, 'subsample': 0.8}",4.56755230874179,0.860064954777715,0.382922172546387
LightGBM,Baseline,3,"{'colsample_bytree': 0.8, 'learning_rate': 0.01, 'max_depth': 5, 'min_child_samples': 100, 'n_estimators': 750, 'num_leaves': 62, 'subsample': 0.6}",4.56774851126418,0.860052932496775,0.366935968399048
LightGBM,Baseline,3,"{'colsample_bytree': 0.8, 'learning_rate': 0.01, 'max_depth': 5, 'min_child_samples': 100, 'n_estimators': 750, 'num_leaves': 62, 'subsample': 0.8}",4.56774851127294,0.860052932496238,0.419306755065918
LightGBM,Baseline,3,"{'colsample_bytree': 0.8, 'learning_rate': 0.01, 'max_depth': 5, 'min_child_samples': 100, 'n_estimators': 1000, 'num_leaves': 15, 'subsample': 0.6}",4.3754498508256,0.871588223515494,0.426373243331909
LightGBM,Baseline,3,"{'colsample_bytree': 0.8, 'learning_rate': 0.01, 'max_depth': 5, 'min_child_samples': 100, 'n_estimators': 1000, 'num_leaves': 15, 'subsample': 0.8}",4.37544985052996,0.871588223532847,0.405083656311035
LightGBM,Baseline,3,"{'colsample_bytree': 0.8, 'learning_rate': 0.01, 'max_depth': 5, 'min_child_samples': 100, 'n_estimators': 1000, 'num_leaves': 31, 'subsample': 0.6}",4.3754498514416,0.871588223479337,0.407767057418823
LightGBM,Baseline,3,"{'colsample_bytree': 0.8, 'learning_rate': 0.01, 'max_depth': 5, 'min_child_samples': 100, 'n_estimators': 1000, 'num_leaves': 31, 'subsample': 0.8}",4.37544979879511,0.871588226569501,0.413984298706055
LightGBM,Baseline,3,"{'colsample_bytree': 0.8, 'learning_rate': 0.01, 'max_depth': 5, 'min_child_samples': 100, 'n_estimators': 1000, 'num_leaves': 62, 'subsample': 0.6}",4.37544979930796,0.871588226539399,0.435459613800049
LightGBM,Baseline,3,"{'colsample_bytree': 0.8, 'learning_rate': 0.01, 'max_depth': 5, 'min_child_samples': 100, 'n_estimators': 1000, 'num_leaves': 62, 'subsample': 0.8}",4.37544985143671,0.871588223479624,0.447074413299561
LightGBM,Baseline,3,"{'colsample_bytree': 0.8, 'learning_rate': 0.01, 'max_depth': 9, 'min_child_samples': 50, 'n_estimators': 500, 'num_leaves': 15, 'subsample': 0.6}",3.80797791958841,0.902736862237301,0.499409914016724
LightGBM,Baseline,3,"{'colsample_bytree': 0.8, 'learning_rate': 0.01, 'max_depth': 9, 'min_child_samples': 50, 'n_estimators': 500, 'num_leaves': 15, 'subsample': 0.8}",3.80791533056446,0.902740059501024,0.368362426757813
LightGBM,Baseline,3,"{'colsample_bytree': 0.8, 'learning_rate': 0.01, 'max_depth': 9, 'min_child_samples': 50, 'n_estimators': 500, 'num_leaves': 31, 'subsample': 0.6}",3.80791766977946,0.90273994000678,0.366439342498779
LightGBM,Baseline,3,"{'colsample_bytree': 0.8, 'learning_rate': 0.01, 'max_depth': 9, 'min_child_samples': 50, 'n_estimators': 500, 'num_leaves': 31, 'subsample': 0.8}",3.80797017864893,0.902737257674099,0.362613916397095
LightGBM,Baseline,3,"{'colsample_bytree': 0.8, 'learning_rate': 0.01, 'max_depth': 9, 'min_child_samples': 50, 'n_estimators': 500, 'num_leaves': 62, 'subsample': 0.6}",3.80796716515756,0.902737411614547,0.373329162597656
LightGBM,Baseline,3,"{'colsample_bytree': 0.8, 'learning_rate': 0.01, 'max_depth': 9, 'min_child_samples': 50, 'n_estimators': 500, 'num_leaves': 62, 'subsample': 0.8}",3.80784760403271,0.902743519147207,0.368586778640747
LightGBM,Baseline,3,"{'colsample_bytree': 0.8, 'learning_rate': 0.01, 'max_depth': 9, 'min_child_samples': 50, 'n_estimators': 750, 'num_leaves': 15, 'subsample': 0.6}",3.55799116057745,0.91508798193781,0.506351709365845
LightGBM,Baseline,3,"{'colsample_bytree': 0.8, 'learning_rate': 0.01, 'max_depth': 9, 'min_child_samples': 50, 'n_estimators': 750, 'num_leaves': 15, 'subsample': 0.8}",3.55801430426973,0.915086877278512,0.515623331069946
LightGBM,Baseline,3,"{'colsample_bytree': 0.8, 'learning_rate': 0.01, 'max_depth': 9, 'min_child_samples': 50, 'n_estimators': 750, 'num_leaves': 31, 'subsample': 0.6}",3.55803906284577,0.915085695532099,0.525498390197754
LightGBM,Baseline,3,"{'colsample_bytree': 0.8, 'learning_rate': 0.01, 'max_depth': 9, 'min_child_samples': 50, 'n_estimators': 750, 'num_leaves': 31, 'subsample': 0.8}",3.55801961620301,0.915086623736429,0.5029137134552
LightGBM,Baseline,3,"{'colsample_bytree': 0.8, 'learning_rate': 0.01, 'max_depth': 9, 'min_child_samples': 50, 'n_estimators': 750, 'num_leaves': 62, 'subsample': 0.6}",3.5580401811748,0.915085642153176,0.508313655853272
LightGBM,Baseline,3,"{'colsample_bytree': 0.8, 'learning_rate': 0.01, 'max_depth': 9, 'min_child_samples': 50, 'n_estimators': 750, 'num_leaves': 62, 'subsample': 0.8}",3.55801045257672,0.915087061122126,0.513133764266968
LightGBM,Baseline,3,"{'colsample_bytree': 0.8, 'learning_rate': 0.01, 'max_depth': 9, 'min_child_samples': 50, 'n_estimators': 1000, 'num_leaves': 15, 'subsample': 0.6}",3.41814128078519,0.921631875812077,0.698668003082275
LightGBM,Baseline,3,"{'colsample_bytree': 0.8, 'learning_rate': 0.01, 'max_depth': 9, 'min_child_samples': 50, 'n_estimators': 1000, 'num_leaves': 15, 'subsample': 0.8}",3.41815816376271,0.921631101654172,0.702268600463867
LightGBM,Baseline,3,"{'colsample_bytree': 0.8, 'learning_rate': 0.01, 'max_depth': 9, 'min_child_samples': 50, 'n_estimators': 1000, 'num_leaves': 31, 'subsample': 0.6}",3.41816125955609,0.921630959698174,0.707573652267456
LightGBM,Baseline,3,"{'colsample_bytree': 0.8, 'learning_rate': 0.01, 'max_depth': 9, 'min_child_samples': 50, 'n_estimators': 1000, 'num_leaves': 31, 'subsample': 0.8}",3.41813682408679,0.921632080170433,0.705649614334106
LightGBM,Baseline,3,"{'colsample_bytree': 0.8, 'learning_rate': 0.01, 'max_depth': 9, 'min_child_samples': 50, 'n_estimators': 1000, 'num_leaves': 62, 'subsample': 0.6}",3.41809864683636,0.921633830746929,0.717485427856445
LightGBM,Baseline,3,"{'colsample_bytree': 0.8, 'learning_rate': 0.01, 'max_depth': 9, 'min_child_samples': 50, 'n_estimators': 1000, 'num_leaves': 62, 'subsample': 0.8}",3.41818623769342,0.921629814333954,0.711761236190796
LightGBM,Baseline,3,"{'colsample_bytree': 0.8, 'learning_rate': 0.01, 'max_depth': 9, 'min_child_samples': 100, 'n_estimators': 500, 'num_leaves': 15, 'subsample': 0.6}",4.99206161621617,0.832845024843276,0.277084589004517
LightGBM,Baseline,3,"{'colsample_bytree': 0.8, 'learning_rate': 0.01, 'max_depth': 9, 'min_child_samples': 100, 'n_estimators': 500, 'num_leaves': 15, 'subsample': 0.8}",4.99206161775338,0.832845024740331,0.280631065368652
LightGBM,Baseline,3,"{'colsample_bytree': 0.8, 'learning_rate': 0.01, 'max_depth': 9, 'min_child_samples': 100, 'n_estimators': 500, 'num_leaves': 31, 'subsample': 0.6}",4.99206161725206,0.832845024773903,0.274863958358765
LightGBM,Baseline,3,"{'colsample_bytree': 0.8, 'learning_rate': 0.01, 'max_depth': 9, 'min_child_samples': 100, 'n_estimators': 500, 'num_leaves': 31, 'subsample': 0.8}",4.99206161569267,0.832845024878334,0.274213790893555
LightGBM,Baseline,3,"{'colsample_bytree': 0.8, 'learning_rate': 0.01, 'max_depth': 9, 'min_child_samples': 100, 'n_estimators': 500, 'num_leaves': 62, 'subsample': 0.6}",4.99206161606681,0.832845024853278,0.279939413070679
LightGBM,Baseline,3,"{'colsample_bytree': 0.8, 'learning_rate': 0.01, 'max_depth': 9, 'min_child_samples': 100, 'n_estimators': 500, 'num_leaves': 62, 'subsample': 0.8}",4.99206161780945,0.832845024736576,0.285038709640503
LightGBM,Baseline,3,"{'colsample_bytree': 0.8, 'learning_rate': 0.01, 'max_depth': 9, 'min_child_samples': 100, 'n_estimators': 750, 'num_leaves': 15, 'subsample': 0.6}",4.5710399291161,0.859851174351393,0.374032974243164
LightGBM,Baseline,3,"{'colsample_bytree': 0.8, 'learning_rate': 0.01, 'max_depth': 9, 'min_child_samples': 100, 'n_estimators': 750, 'num_leaves': 15, 'subsample': 0.8}",4.57103990724045,0.859851175692815,0.365633487701416
LightGBM,Baseline,3,"{'colsample_bytree': 0.8, 'learning_rate': 0.01, 'max_depth': 9, 'min_child_samples': 100, 'n_estimators': 750, 'num_leaves': 31, 'subsample': 0.6}",4.57103990815215,0.85985117563691,0.371916055679321
LightGBM,Baseline,3,"{'colsample_bytree': 0.8, 'learning_rate': 0.01, 'max_depth': 9, 'min_child_samples': 100, 'n_estimators': 750, 'num_leaves': 31, 'subsample': 0.8}",4.57103990639563,0.85985117574462,0.374110221862793
LightGBM,Baseline,3,"{'colsample_bytree': 0.8, 'learning_rate': 0.01, 'max_depth': 9, 'min_child_samples': 100, 'n_estimators': 750, 'num_leaves': 62, 'subsample': 0.6}",4.57103990788757,0.859851175653134,0.373973846435547
LightGBM,Baseline,3,"{'colsample_bytree': 0.8, 'learning_rate': 0.01, 'max_depth': 9, 'min_child_samples': 100, 'n_estimators': 750, 'num_leaves': 62, 'subsample': 0.8}",4.57103990779533,0.85985117565879,0.381161689758301
LightGBM,Baseline,3,"{'colsample_bytree': 0.8, 'learning_rate': 0.01, 'max_depth': 9, 'min_child_samples': 100, 'n_estimators': 1000, 'num_leaves': 15, 'subsample': 0.6}",4.37814924411735,0.871429729725768,0.454734086990356
LightGBM,Baseline,3,"{'colsample_bytree': 0.8, 'learning_rate': 0.01, 'max_depth': 9, 'min_child_samples': 100, 'n_estimators': 1000, 'num_leaves': 15, 'subsample': 0.8}",4.37844770835405,0.8714121995168,0.469048261642456
LightGBM,Baseline,3,"{'colsample_bytree': 0.8, 'learning_rate': 0.01, 'max_depth': 9, 'min_child_samples': 100, 'n_estimators': 1000, 'num_leaves': 31, 'subsample': 0.6}",4.37848088702372,0.871410250703611,0.475235223770142
LightGBM,Baseline,3,"{'colsample_bytree': 0.8, 'learning_rate': 0.01, 'max_depth': 9, 'min_child_samples': 100, 'n_estimators': 1000, 'num_leaves': 31, 'subsample': 0.8}",4.37814924526213,0.871429729658531,0.460504293441772
LightGBM,Baseline,3,"{'colsample_bytree': 0.8, 'learning_rate': 0.01, 'max_depth': 9, 'min_child_samples': 100, 'n_estimators': 1000, 'num_leaves': 62, 'subsample': 0.6}",4.37814924445596,0.87142972970588,0.462692737579346
LightGBM,Baseline,3,"{'colsample_bytree': 0.8, 'learning_rate': 0.01, 'max_depth': 9, 'min_child_samples': 100, 'n_estimators': 1000, 'num_leaves': 62, 'subsample': 0.8}",4.37814924522836,0.871429729660515,0.458634614944458
LightGBM,Baseline,3,"{'colsample_bytree': 0.8, 'learning_rate': 0.05, 'max_depth': 3, 'min_child_samples': 50, 'n_estimators': 500, 'num_leaves': 15, 'subsample': 0.6}",3.25470608766188,0.928946907381555,0.267615795135498
LightGBM,Baseline,3,"{'colsample_bytree': 0.8, 'learning_rate': 0.05, 'max_depth': 3, 'min_child_samples': 50, 'n_estimators': 500, 'num_leaves': 15, 'subsample': 0.8}",3.25470608988462,0.928946907284506,0.224551677703857
LightGBM,Baseline,3,"{'colsample_bytree': 0.8, 'learning_rate': 0.05, 'max_depth': 3, 'min_child_samples': 50, 'n_estimators': 500, 'num_leaves': 31, 'subsample': 0.6}",3.25470608995513,0.928946907281428,0.199790000915527
LightGBM,Baseline,3,"{'colsample_bytree': 0.8, 'learning_rate': 0.05, 'max_depth': 3, 'min_child_samples': 50, 'n_estimators': 500, 'num_leaves': 31, 'subsample': 0.8}",3.25470608959496,0.928946907297153,0.204402446746826
LightGBM,Baseline,3,"{'colsample_bytree': 0.8, 'learning_rate': 0.05, 'max_depth': 3, 'min_child_samples': 50, 'n_estimators': 500, 'num_leaves': 62, 'subsample': 0.6}",3.25470608859885,0.928946907340645,0.208075046539307
LightGBM,Baseline,3,"{'colsample_bytree': 0.8, 'learning_rate': 0.05, 'max_depth': 3, 'min_child_samples': 50, 'n_estimators': 500, 'num_leaves': 62, 'subsample': 0.8}",3.25470608700591,0.928946907410196,0.217562437057495
LightGBM,Baseline,3,"{'colsample_bytree': 0.8, 'learning_rate': 0.05, 'max_depth': 3, 'min_child_samples': 50, 'n_estimators': 750, 'num_leaves': 15, 'subsample': 0.6}",3.23374125854985,0.929859320549748,0.233187913894653
LightGBM,Baseline,3,"{'colsample_bytree': 0.8, 'learning_rate': 0.05, 'max_depth': 3, 'min_child_samples': 50, 'n_estimators': 750, 'num_leaves': 15, 'subsample': 0.8}",3.23374125899821,0.929859320530298,0.235003471374512
LightGBM,Baseline,3,"{'colsample_bytree': 0.8, 'learning_rate': 0.05, 'max_depth': 3, 'min_child_samples': 50, 'n_estimators': 750, 'num_leaves': 31, 'subsample': 0.6}",3.23374126103573,0.929859320441909,0.241291284561157
LightGBM,Baseline,3,"{'colsample_bytree': 0.8, 'learning_rate': 0.05, 'max_depth': 3, 'min_child_samples': 50, 'n_estimators': 750, 'num_leaves': 31, 'subsample': 0.8}",3.23374126019632,0.929859320478323,0.246442556381226
LightGBM,Baseline,3,"{'colsample_bytree': 0.8, 'learning_rate': 0.05, 'max_depth': 3, 'min_child_samples': 50, 'n_estimators': 750, 'num_leaves': 62, 'subsample': 0.6}",3.23374125579009,0.929859320669468,0.256119966506958
LightGBM,Baseline,3,"{'colsample_bytree': 0.8, 'learning_rate': 0.05, 'max_depth': 3, 'min_child_samples': 50, 'n_estimators': 750, 'num_leaves': 62, 'subsample': 0.8}",3.23374126331517,0.929859320343026,0.248519897460938
LightGBM,Baseline,3,"{'colsample_bytree': 0.8, 'learning_rate': 0.05, 'max_depth': 3, 'min_child_samples': 50, 'n_estimators': 1000, 'num_leaves': 15, 'subsample': 0.6}",3.23374126085486,0.929859320449755,0.255367040634155
LightGBM,Baseline,3,"{'colsample_bytree': 0.8, 'learning_rate': 0.05, 'max_depth': 3, 'min_child_samples': 50, 'n_estimators': 1000, 'num_leaves': 15, 'subsample': 0.8}",3.2337412596242,0.929859320503142,0.251533508300781
LightGBM,Baseline,3,"{'colsample_bytree': 0.8, 'learning_rate': 0.05, 'max_depth': 3, 'min_child_samples': 50, 'n_estimators': 1000, 'num_leaves': 31, 'subsample': 0.6}",3.23374126016731,0.929859320479581,0.248769998550415
LightGBM,Baseline,3,"{'colsample_bytree': 0.8, 'learning_rate': 0.05, 'max_depth': 3, 'min_child_samples': 50, 'n_estimators': 1000, 'num_leaves': 31, 'subsample': 0.8}",3.23374126025097,0.929859320475952,0.248193502426147
LightGBM,Baseline,3,"{'colsample_bytree': 0.8, 'learning_rate': 0.05, 'max_depth': 3, 'min_child_samples': 50, 'n_estimators': 1000, 'num_leaves': 62, 'subsample': 0.6}",3.23374125987398,0.929859320492307,0.255495309829712
LightGBM,Baseline,3,"{'colsample_bytree': 0.8, 'learning_rate': 0.05, 'max_depth': 3, 'min_child_samples': 50, 'n_estimators': 1000, 'num_leaves': 62, 'subsample': 0.8}",3.23374125835248,0.92985932055831,0.314527273178101
LightGBM,Baseline,3,"{'colsample_bytree': 0.8, 'learning_rate': 0.05, 'max_depth': 3, 'min_child_samples': 100, 'n_estimators': 500, 'num_leaves': 15, 'subsample': 0.6}",3.98843922367924,0.893299761471874,0.214726448059082
LightGBM,Baseline,3,"{'colsample_bytree': 0.8, 'learning_rate': 0.05, 'max_depth': 3, 'min_child_samples': 100, 'n_estimators': 500, 'num_leaves': 15, 'subsample': 0.8}",3.99435532907123,0.892982986918348,0.214117050170898
LightGBM,Baseline,3,"{'colsample_bytree': 0.8, 'learning_rate': 0.05, 'max_depth': 3, 'min_child_samples': 100, 'n_estimators': 500, 'num_leaves': 31, 'subsample': 0.6}",3.99047146764252,0.893190999047609,0.207406044006348
LightGBM,Baseline,3,"{'colsample_bytree': 0.8, 'learning_rate': 0.05, 'max_depth': 3, 'min_child_samples': 100, 'n_estimators': 500, 'num_leaves': 31, 'subsample': 0.8}",3.99651178074168,0.892867404155698,0.209564208984375
LightGBM,Baseline,3,"{'colsample_bytree': 0.8, 'learning_rate': 0.05, 'max_depth': 3, 'min_child_samples': 100, 'n_estimators': 500, 'num_leaves': 62, 'subsample': 0.6}",3.99492192021148,0.892952624475881,0.212838649749756
LightGBM,Baseline,3,"{'colsample_bytree': 0.8, 'learning_rate': 0.05, 'max_depth': 3, 'min_child_samples': 100, 'n_estimators': 500, 'num_leaves': 62, 'subsample': 0.8}",3.99047146499202,0.893190999189496,0.214708566665649
LightGBM,Baseline,3,"{'colsample_bytree': 0.8, 'learning_rate': 0.05, 'max_depth': 3, 'min_child_samples': 100, 'n_estimators': 750, 'num_leaves': 15, 'subsample': 0.6}",3.83325996276088,0.901441070155506,0.282845258712769
LightGBM,Baseline,3,"{'colsample_bytree': 0.8, 'learning_rate': 0.05, 'max_depth': 3, 'min_child_samples': 100, 'n_estimators': 750, 'num_leaves': 15, 'subsample': 0.8}",3.83312425671543,0.901448048448651,0.275705099105835
LightGBM,Baseline,3,"{'colsample_bytree': 0.8, 'learning_rate': 0.05, 'max_depth': 3, 'min_child_samples': 100, 'n_estimators': 750, 'num_leaves': 31, 'subsample': 0.6}",3.83298666081411,0.901455123669963,0.301952600479126
LightGBM,Baseline,3,"{'colsample_bytree': 0.8, 'learning_rate': 0.05, 'max_depth': 3, 'min_child_samples': 100, 'n_estimators': 750, 'num_leaves': 31, 'subsample': 0.8}",3.83055181116785,0.901580282335338,0.304061651229858
LightGBM,Baseline,3,"{'colsample_bytree': 0.8, 'learning_rate': 0.05, 'max_depth': 3, 'min_child_samples': 100, 'n_estimators': 750, 'num_leaves': 62, 'subsample': 0.6}",3.83089452066607,0.901562670835711,0.299235105514526
LightGBM,Baseline,3,"{'colsample_bytree': 0.8, 'learning_rate': 0.05, 'max_depth': 3, 'min_child_samples': 100, 'n_estimators': 750, 'num_leaves': 62, 'subsample': 0.8}",3.83075691385,0.901569742502182,0.294859409332275
LightGBM,Baseline,3,"{'colsample_bytree': 0.8, 'learning_rate': 0.05, 'max_depth': 3, 'min_child_samples': 100, 'n_estimators': 1000, 'num_leaves': 15, 'subsample': 0.6}",3.67958192259136,0.909185251162184,0.398084163665772
LightGBM,Baseline,3,"{'colsample_bytree': 0.8, 'learning_rate': 0.05, 'max_depth': 3, 'min_child_samples': 100, 'n_estimators': 1000, 'num_leaves': 15, 'subsample': 0.8}",3.67868061992235,0.90922973531967,0.460153341293335
LightGBM,Baseline,3,"{'colsample_bytree': 0.8, 'learning_rate': 0.05, 'max_depth': 3, 'min_child_samples': 100, 'n_estimators': 1000, 'num_leaves': 31, 'subsample': 0.6}",3.67594015416761,0.909364925172931,0.436380386352539
LightGBM,Baseline,3,"{'colsample_bytree': 0.8, 'learning_rate': 0.05, 'max_depth': 3, 'min_child_samples': 100, 'n_estimators': 1000, 'num_leaves': 31, 'subsample': 0.8}",3.68279290895093,0.909026683063749,0.330851078033447
LightGBM,Baseline,3,"{'colsample_bytree': 0.8, 'learning_rate': 0.05, 'max_depth': 3, 'min_child_samples': 100, 'n_estimators': 1000, 'num_leaves': 62, 'subsample': 0.6}",3.67758733787257,0.909283680070455,0.341973781585693
LightGBM,Baseline,3,"{'colsample_bytree': 0.8, 'learning_rate': 0.05, 'max_depth': 3, 'min_child_samples': 100, 'n_estimators': 1000, 'num_leaves': 62, 'subsample': 0.8}",3.67102036461436,0.909607370414709,0.333875894546509
LightGBM,Baseline,3,"{'colsample_bytree': 0.8, 'learning_rate': 0.05, 'max_depth': 5, 'min_child_samples': 50, 'n_estimators': 500, 'num_leaves': 15, 'subsample': 0.6}",3.24204725347396,0.929498539472101,0.265548706054688
LightGBM,Baseline,3,"{'colsample_bytree': 0.8, 'learning_rate': 0.05, 'max_depth': 5, 'min_child_samples': 50, 'n_estimators': 500, 'num_leaves': 15, 'subsample': 0.8}",3.24208974114399,0.929496691588843,0.261677265167236
LightGBM,Baseline,3,"{'colsample_bytree': 0.8, 'learning_rate': 0.05, 'max_depth': 5, 'min_child_samples': 50, 'n_estimators': 500, 'num_leaves': 31, 'subsample': 0.6}",3.242117243184,0.929495495451051,0.275341749191284
LightGBM,Baseline,3,"{'colsample_bytree': 0.8, 'learning_rate': 0.05, 'max_depth': 5, 'min_child_samples': 50, 'n_estimators': 500, 'num_leaves': 31, 'subsample': 0.8}",3.24211691102401,0.929495509897644,0.281704664230347
LightGBM,Baseline,3,"{'colsample_bytree': 0.8, 'learning_rate': 0.05, 'max_depth': 5, 'min_child_samples': 50, 'n_estimators': 500, 'num_leaves': 62, 'subsample': 0.6}",3.24215579837323,0.929493818564947,0.279789686203003
LightGBM,Baseline,3,"{'colsample_bytree': 0.8, 'learning_rate': 0.05, 'max_depth': 5, 'min_child_samples': 50, 'n_estimators': 500, 'num_leaves': 62, 'subsample': 0.8}",3.24211467929469,0.929495606961932,0.285001993179321
LightGBM,Baseline,3,"{'colsample_bytree': 0.8, 'learning_rate': 0.05, 'max_depth': 5, 'min_child_samples': 50, 'n_estimators': 750, 'num_leaves': 15, 'subsample': 0.6}",3.22400057799298,0.930281239870387,0.332648515701294
LightGBM,Baseline,3,"{'colsample_bytree': 0.8, 'learning_rate': 0.05, 'max_depth': 5, 'min_child_samples': 50, 'n_estimators': 750, 'num_leaves': 15, 'subsample': 0.8}",3.22400057876747,0.930281239836891,0.324182033538818
LightGBM,Baseline,3,"{'colsample_bytree': 0.8, 'learning_rate': 0.05, 'max_depth': 5, 'min_child_samples': 50, 'n_estimators': 750, 'num_leaves': 31, 'subsample': 0.6}",3.22400193764409,0.930281181065677,0.326133251190186
LightGBM,Baseline,3,"{'colsample_bytree': 0.8, 'learning_rate': 0.05, 'max_depth': 5, 'min_child_samples': 50, 'n_estimators': 750, 'num_leaves': 31, 'subsample': 0.8}",3.22400193621444,0.930281181127509,0.329524755477905
LightGBM,Baseline,3,"{'colsample_bytree': 0.8, 'learning_rate': 0.05, 'max_depth': 5, 'min_child_samples': 50, 'n_estimators': 750, 'num_leaves': 62, 'subsample': 0.6}",3.22399946244201,0.930281288117784,0.335464000701904
LightGBM,Baseline,3,"{'colsample_bytree': 0.8, 'learning_rate': 0.05, 'max_depth': 5, 'min_child_samples': 50, 'n_estimators': 750, 'num_leaves': 62, 'subsample': 0.8}",3.22395976519818,0.9302830050062,0.334191799163818
LightGBM,Baseline,3,"{'colsample_bytree': 0.8, 'learning_rate': 0.05, 'max_depth': 5, 'min_child_samples': 50, 'n_estimators': 1000, 'num_leaves': 15, 'subsample': 0.6}",3.22400193347862,0.930281181245833,0.33062481880188
LightGBM,Baseline,3,"{'colsample_bytree': 0.8, 'learning_rate': 0.05, 'max_depth': 5, 'min_child_samples': 50, 'n_estimators': 1000, 'num_leaves': 15, 'subsample': 0.8}",3.22404293518318,0.930279407916508,0.336506843566895
LightGBM,Baseline,3,"{'colsample_bytree': 0.8, 'learning_rate': 0.05, 'max_depth': 5, 'min_child_samples': 50, 'n_estimators': 1000, 'num_leaves': 31, 'subsample': 0.6}",3.22404293592836,0.930279407884279,0.338938474655151
LightGBM,Baseline,3,"{'colsample_bytree': 0.8, 'learning_rate': 0.05, 'max_depth': 5, 'min_child_samples': 50, 'n_estimators': 1000, 'num_leaves': 31, 'subsample': 0.8}",3.2240388475034,0.930279584710229,0.324701070785522
LightGBM,Baseline,3,"{'colsample_bytree': 0.8, 'learning_rate': 0.05, 'max_depth': 5, 'min_child_samples': 50, 'n_estimators': 1000, 'num_leaves': 62, 'subsample': 0.6}",3.2239580854673,0.930283077653359,0.330867528915405
LightGBM,Baseline,3,"{'colsample_bytree': 0.8, 'learning_rate': 0.05, 'max_depth': 5, 'min_child_samples': 50, 'n_estimators': 1000, 'num_leaves': 62, 'subsample': 0.8}",3.22400193921088,0.930281180997914,0.343457221984863
LightGBM,Baseline,3,"{'colsample_bytree': 0.8, 'learning_rate': 0.05, 'max_depth': 5, 'min_child_samples': 100, 'n_estimators': 500, 'num_leaves': 15, 'subsample': 0.6}",3.95869874178011,0.894885086028952,0.273036479949951
LightGBM,Baseline,3,"{'colsample_bytree': 0.8, 'learning_rate': 0.05, 'max_depth': 5, 'min_child_samples': 100, 'n_estimators': 500, 'num_leaves': 15, 'subsample': 0.8}",3.95611406918843,0.895022302301821,0.273039817810059
LightGBM,Baseline,3,"{'colsample_bytree': 0.8, 'learning_rate': 0.05, 'max_depth': 5, 'min_child_samples': 100, 'n_estimators': 500, 'num_leaves': 31, 'subsample': 0.6}",3.96072185609305,0.894777619489454,0.267840147018433
LightGBM,Baseline,3,"{'colsample_bytree': 0.8, 'learning_rate': 0.05, 'max_depth': 5, 'min_child_samples': 100, 'n_estimators': 500, 'num_leaves': 31, 'subsample': 0.8}",3.95865732749806,0.894887285355654,0.275546073913574
LightGBM,Baseline,3,"{'colsample_bytree': 0.8, 'learning_rate': 0.05, 'max_depth': 5, 'min_child_samples': 100, 'n_estimators': 500, 'num_leaves': 62, 'subsample': 0.6}",3.95894231972119,0.894872150231769,0.279984474182129
LightGBM,Baseline,3,"{'colsample_bytree': 0.8, 'learning_rate': 0.05, 'max_depth': 5, 'min_child_samples': 100, 'n_estimators': 500, 'num_leaves': 62, 'subsample': 0.8}",3.95896270614727,0.894871067525084,0.274954557418823
LightGBM,Baseline,3,"{'colsample_bytree': 0.8, 'learning_rate': 0.05, 'max_depth': 5, 'min_child_samples': 100, 'n_estimators': 750, 'num_leaves': 15, 'subsample': 0.6}",3.82862113781983,0.901679468274701,0.358909606933594
LightGBM,Baseline,3,"{'colsample_bytree': 0.8, 'learning_rate': 0.05, 'max_depth': 5, 'min_child_samples': 100, 'n_estimators': 750, 'num_leaves': 15, 'subsample': 0.8}",3.8249389512361,0.901868497398218,0.363848686218262
LightGBM,Baseline,3,"{'colsample_bytree': 0.8, 'learning_rate': 0.05, 'max_depth': 5, 'min_child_samples': 100, 'n_estimators': 750, 'num_leaves': 31, 'subsample': 0.6}",3.83453012774284,0.901375743596387,0.354515314102173
LightGBM,Baseline,3,"{'colsample_bytree': 0.8, 'learning_rate': 0.05, 'max_depth': 5, 'min_child_samples': 100, 'n_estimators': 750, 'num_leaves': 31, 'subsample': 0.8}",3.83041510309294,0.901587307187477,0.363060474395752
LightGBM,Baseline,3,"{'colsample_bytree': 0.8, 'learning_rate': 0.05, 'max_depth': 5, 'min_child_samples': 100, 'n_estimators': 750, 'num_leaves': 62, 'subsample': 0.6}",3.82961348261941,0.901628494041836,0.359439134597778
LightGBM,Baseline,3,"{'colsample_bytree': 0.8, 'learning_rate': 0.05, 'max_depth': 5, 'min_child_samples': 100, 'n_estimators': 750, 'num_leaves': 62, 'subsample': 0.8}",3.82882218726931,0.90166914194202,0.368197202682495
LightGBM,Baseline,3,"{'colsample_bytree': 0.8, 'learning_rate': 0.05, 'max_depth': 5, 'min_child_samples': 100, 'n_estimators': 1000, 'num_leaves': 15, 'subsample': 0.6}",3.70596020144094,0.907878513923551,0.441625833511353
LightGBM,Baseline,3,"{'colsample_bytree': 0.8, 'learning_rate': 0.05, 'max_depth': 5, 'min_child_samples': 100, 'n_estimators': 1000, 'num_leaves': 15, 'subsample': 0.8}",3.69980939939725,0.908184049213772,0.444631099700928
LightGBM,Baseline,3,"{'colsample_bytree': 0.8, 'learning_rate': 0.05, 'max_depth': 5, 'min_child_samples': 100, 'n_estimators': 1000, 'num_leaves': 31, 'subsample': 0.6}",3.70852226027351,0.907751096337351,0.43732213973999
LightGBM,Baseline,3,"{'colsample_bytree': 0.8, 'learning_rate': 0.05, 'max_depth': 5, 'min_child_samples': 100, 'n_estimators': 1000, 'num_leaves': 31, 'subsample': 0.8}",3.69789695742829,0.908278944532193,0.438378572463989
LightGBM,Baseline,3,"{'colsample_bytree': 0.8, 'learning_rate': 0.05, 'max_depth': 5, 'min_child_samples': 100, 'n_estimators': 1000, 'num_leaves': 62, 'subsample': 0.6}",3.70504272121306,0.907924121094286,0.44827127456665
LightGBM,Baseline,3,"{'colsample_bytree': 0.8, 'learning_rate': 0.05, 'max_depth': 5, 'min_child_samples': 100, 'n_estimators': 1000, 'num_leaves': 62, 'subsample': 0.8}",3.70752847837595,0.90780053004753,0.454357385635376
LightGBM,Baseline,3,"{'colsample_bytree': 0.8, 'learning_rate': 0.05, 'max_depth': 9, 'min_child_samples': 50, 'n_estimators': 500, 'num_leaves': 15, 'subsample': 0.6}",3.24603959339976,0.929324797958937,0.408322095870972
LightGBM,Baseline,3,"{'colsample_bytree': 0.8, 'learning_rate': 0.05, 'max_depth': 9, 'min_child_samples': 50, 'n_estimators': 500, 'num_leaves': 15, 'subsample': 0.8}",3.2461445990265,0.929320225362881,0.410346508026123
LightGBM,Baseline,3,"{'colsample_bytree': 0.8, 'learning_rate': 0.05, 'max_depth': 9, 'min_child_samples': 50, 'n_estimators': 500, 'num_leaves': 31, 'subsample': 0.6}",3.2461041972599,0.92932198472381,0.403274536132813
LightGBM,Baseline,3,"{'colsample_bytree': 0.8, 'learning_rate': 0.05, 'max_depth': 9, 'min_child_samples': 50, 'n_estimators': 500, 'num_leaves': 31, 'subsample': 0.8}",3.24606447560791,0.929323714446689,0.404369354248047
LightGBM,Baseline,3,"{'colsample_bytree': 0.8, 'learning_rate': 0.05, 'max_depth': 9, 'min_child_samples': 50, 'n_estimators': 500, 'num_leaves': 62, 'subsample': 0.6}",3.2461711692908,0.929319068305381,0.410619735717773
LightGBM,Baseline,3,"{'colsample_bytree': 0.8, 'learning_rate': 0.05, 'max_depth': 9, 'min_child_samples': 50, 'n_estimators': 500, 'num_leaves': 62, 'subsample': 0.8}",3.24613455489432,0.929320662753071,0.408848762512207
LightGBM,Baseline,3,"{'colsample_bytree': 0.8, 'learning_rate': 0.05, 'max_depth': 9, 'min_child_samples': 50, 'n_estimators': 750, 'num_leaves': 15, 'subsample': 0.6}",3.2269319431999,0.930154401147389,0.457512378692627
LightGBM,Baseline,3,"{'colsample_bytree': 0.8, 'learning_rate': 0.05, 'max_depth': 9, 'min_child_samples': 50, 'n_estimators': 750, 'num_leaves': 15, 'subsample': 0.8}",3.22694301037549,0.930153922057748,0.451026916503906
LightGBM,Baseline,3,"{'colsample_bytree': 0.8, 'learning_rate': 0.05, 'max_depth': 9, 'min_child_samples': 50, 'n_estimators': 750, 'num_leaves': 31, 'subsample': 0.6}",3.22697606137984,0.930152491295048,0.463448524475098
LightGBM,Baseline,3,"{'colsample_bytree': 0.8, 'learning_rate': 0.05, 'max_depth': 9, 'min_child_samples': 50, 'n_estimators': 750, 'num_leaves': 31, 'subsample': 0.8}",3.22697606261391,0.930152491241625,0.448963403701782
LightGBM,Baseline,3,"{'colsample_bytree': 0.8, 'learning_rate': 0.05, 'max_depth': 9, 'min_child_samples': 50, 'n_estimators': 750, 'num_leaves': 62, 'subsample': 0.6}",3.22699126458072,0.930151833150589,0.453541278839111
LightGBM,Baseline,3,"{'colsample_bytree': 0.8, 'learning_rate': 0.05, 'max_depth': 9, 'min_child_samples': 50, 'n_estimators': 750, 'num_leaves': 62, 'subsample': 0.8}",3.22691673955413,0.930155059299008,0.463536739349365
LightGBM,Baseline,3,"{'colsample_bytree': 0.8, 'learning_rate': 0.05, 'max_depth': 9, 'min_child_samples': 50, 'n_estimators': 1000, 'num_leaves': 15, 'subsample': 0.6}",3.22694979143184,0.930153628510148,0.466917753219605
LightGBM,Baseline,3,"{'colsample_bytree': 0.8, 'learning_rate': 0.05, 'max_depth': 9, 'min_child_samples': 50, 'n_estimators': 1000, 'num_leaves': 15, 'subsample': 0.8}",3.22697751439557,0.930152428394332,0.46209979057312
LightGBM,Baseline,3,"{'colsample_bytree': 0.8, 'learning_rate': 0.05, 'max_depth': 9, 'min_child_samples': 50, 'n_estimators': 1000, 'num_leaves': 31, 'subsample': 0.6}",3.22696499627134,0.930152970300112,0.458129644393921
LightGBM,Baseline,3,"{'colsample_bytree': 0.8, 'learning_rate': 0.05, 'max_depth': 9, 'min_child_samples': 50, 'n_estimators': 1000, 'num_leaves': 31, 'subsample': 0.8}",3.22691892674197,0.930154964617881,0.460204839706421
LightGBM,Baseline,3,"{'colsample_bytree': 0.8, 'learning_rate': 0.05, 'max_depth': 9, 'min_child_samples': 50, 'n_estimators': 1000, 'num_leaves': 62, 'subsample': 0.6}",3.22695821761202,0.930153263745328,0.452088117599487
LightGBM,Baseline,3,"{'colsample_bytree': 0.8, 'learning_rate': 0.05, 'max_depth': 9, 'min_child_samples': 50, 'n_estimators': 1000, 'num_leaves': 62, 'subsample': 0.8}",3.22693413377359,0.930154306319245,0.463551759719849
LightGBM,Baseline,3,"{'colsample_bytree': 0.8, 'learning_rate': 0.05, 'max_depth': 9, 'min_child_samples': 100, 'n_estimators': 500, 'num_leaves': 15, 'subsample': 0.6}",3.98168849827059,0.893660651728608,0.273241519927979
LightGBM,Baseline,3,"{'colsample_bytree': 0.8, 'learning_rate': 0.05, 'max_depth': 9, 'min_child_samples': 100, 'n_estimators': 500, 'num_leaves': 15, 'subsample': 0.8}",3.98322222127259,0.893578713366946,0.339312314987183
LightGBM,Baseline,3,"{'colsample_bytree': 0.8, 'learning_rate': 0.05, 'max_depth': 9, 'min_child_samples': 100, 'n_estimators': 500, 'num_leaves': 31, 'subsample': 0.6}",3.98498086790464,0.893484719739079,0.311894178390503
LightGBM,Baseline,3,"{'colsample_bytree': 0.8, 'learning_rate': 0.05, 'max_depth': 9, 'min_child_samples': 100, 'n_estimators': 500, 'num_leaves': 31, 'subsample': 0.8}",3.98771846335454,0.893338322094405,0.30913257598877
LightGBM,Baseline,3,"{'colsample_bytree': 0.8, 'learning_rate': 0.05, 'max_depth': 9, 'min_child_samples': 100, 'n_estimators': 500, 'num_leaves': 62, 'subsample': 0.6}",3.98716403463792,0.893367979246362,0.285538673400879
LightGBM,Baseline,3,"{'colsample_bytree': 0.8, 'learning_rate': 0.05, 'max_depth': 9, 'min_child_samples': 100, 'n_estimators': 500, 'num_leaves': 62, 'subsample': 0.8}",3.97638892154126,0.893943535984603,0.246143341064453
LightGBM,Baseline,3,"{'colsample_bytree': 0.8, 'learning_rate': 0.05, 'max_depth': 9, 'min_child_samples': 100, 'n_estimators': 750, 'num_leaves': 15, 'subsample': 0.6}",3.84816901824632,0.90067291034107,0.323927640914917
LightGBM,Baseline,3,"{'colsample_bytree': 0.8, 'learning_rate': 0.05, 'max_depth': 9, 'min_child_samples': 100, 'n_estimators': 750, 'num_leaves': 15, 'subsample': 0.8}",3.8477774799789,0.900693121708048,0.329633235931397
LightGBM,Baseline,3,"{'colsample_bytree': 0.8, 'learning_rate': 0.05, 'max_depth': 9, 'min_child_samples': 100, 'n_estimators': 750, 'num_leaves': 31, 'subsample': 0.6}",3.84455596665248,0.900859339484013,0.322174549102783
LightGBM,Baseline,3,"{'colsample_bytree': 0.8, 'learning_rate': 0.05, 'max_depth': 9, 'min_child_samples': 100, 'n_estimators': 750, 'num_leaves': 31, 'subsample': 0.8}",3.85672402420856,0.900230784026662,0.324836730957031
LightGBM,Baseline,3,"{'colsample_bytree': 0.8, 'learning_rate': 0.05, 'max_depth': 9, 'min_child_samples': 100, 'n_estimators': 750, 'num_leaves': 62, 'subsample': 0.6}",3.84559092616576,0.900805954707433,0.344693660736084
LightGBM,Baseline,3,"{'colsample_bytree': 0.8, 'learning_rate': 0.05, 'max_depth': 9, 'min_child_samples': 100, 'n_estimators': 750, 'num_leaves': 62, 'subsample': 0.8}",3.84154069655964,0.901014789759217,0.362837076187134
LightGBM,Baseline,3,"{'colsample_bytree': 0.8, 'learning_rate': 0.05, 'max_depth': 9, 'min_child_samples': 100, 'n_estimators': 1000, 'num_leaves': 15, 'subsample': 0.6}",3.7325132948599,0.906553689345805,0.443390846252441
LightGBM,Baseline,3,"{'colsample_bytree': 0.8, 'learning_rate': 0.05, 'max_depth': 9, 'min_child_samples': 100, 'n_estimators': 1000, 'num_leaves': 15, 'subsample': 0.8}",3.7257490073102,0.906892080613498,0.43440842628479
LightGBM,Baseline,3,"{'colsample_bytree': 0.8, 'learning_rate': 0.05, 'max_depth': 9, 'min_child_samples': 100, 'n_estimators': 1000, 'num_leaves': 31, 'subsample': 0.6}",3.73374593218752,0.906491959127508,0.450405836105347
LightGBM,Baseline,3,"{'colsample_bytree': 0.8, 'learning_rate': 0.05, 'max_depth': 9, 'min_child_samples': 100, 'n_estimators': 1000, 'num_leaves': 31, 'subsample': 0.8}",3.72113558493705,0.907122520299059,0.445340633392334
LightGBM,Baseline,3,"{'colsample_bytree': 0.8, 'learning_rate': 0.05, 'max_depth': 9, 'min_child_samples': 100, 'n_estimators': 1000, 'num_leaves': 62, 'subsample': 0.6}",3.72478562508071,0.906940224982821,0.449669599533081
LightGBM,Baseline,3,"{'colsample_bytree': 0.8, 'learning_rate': 0.05, 'max_depth': 9, 'min_child_samples': 100, 'n_estimators': 1000, 'num_leaves': 62, 'subsample': 0.8}",3.72744526555926,0.906807281004975,0.460846662521362
LightGBM,Baseline,4,"{'colsample_bytree': 0.6, 'learning_rate': 0.01, 'max_depth': 3, 'min_child_samples': 50, 'n_estimators': 500, 'num_leaves': 15, 'subsample': 0.6}",7.24150971047819,0.794055556941302,0.219340801239014
LightGBM,Baseline,4,"{'colsample_bytree': 0.6, 'learning_rate': 0.01, 'max_depth': 3, 'min_child_samples': 50, 'n_estimators': 500, 'num_leaves': 15, 'subsample': 0.8}",7.24150971119883,0.794055556900313,0.215390920639038
LightGBM,Baseline,4,"{'colsample_bytree': 0.6, 'learning_rate': 0.01, 'max_depth': 3, 'min_child_samples': 50, 'n_estimators': 500, 'num_leaves': 31, 'subsample': 0.6}",7.24150971038735,0.794055556946469,0.218282222747803
LightGBM,Baseline,4,"{'colsample_bytree': 0.6, 'learning_rate': 0.01, 'max_depth': 3, 'min_child_samples': 50, 'n_estimators': 500, 'num_leaves': 31, 'subsample': 0.8}",7.2415097100086,0.794055556968012,0.219609022140503
LightGBM,Baseline,4,"{'colsample_bytree': 0.6, 'learning_rate': 0.01, 'max_depth': 3, 'min_child_samples': 50, 'n_estimators': 500, 'num_leaves': 62, 'subsample': 0.6}",7.24150971063894,0.794055556932159,0.218946218490601
LightGBM,Baseline,4,"{'colsample_bytree': 0.6, 'learning_rate': 0.01, 'max_depth': 3, 'min_child_samples': 50, 'n_estimators': 500, 'num_leaves': 62, 'subsample': 0.8}",7.24150971103193,0.794055556909806,0.221826314926147
LightGBM,Baseline,4,"{'colsample_bytree': 0.6, 'learning_rate': 0.01, 'max_depth': 3, 'min_child_samples': 50, 'n_estimators': 750, 'num_leaves': 15, 'subsample': 0.6}",7.02239670016297,0.806329906559282,0.281323432922363
LightGBM,Baseline,4,"{'colsample_bytree': 0.6, 'learning_rate': 0.01, 'max_depth': 3, 'min_child_samples': 50, 'n_estimators': 750, 'num_leaves': 15, 'subsample': 0.8}",7.02239669966334,0.80632990658684,0.280768156051636
LightGBM,Baseline,4,"{'colsample_bytree': 0.6, 'learning_rate': 0.01, 'max_depth': 3, 'min_child_samples': 50, 'n_estimators': 750, 'num_leaves': 31, 'subsample': 0.6}",7.02239669996557,0.80632990657017,0.289363622665405
LightGBM,Baseline,4,"{'colsample_bytree': 0.6, 'learning_rate': 0.01, 'max_depth': 3, 'min_child_samples': 50, 'n_estimators': 750, 'num_leaves': 31, 'subsample': 0.8}",7.02239670026869,0.80632990655345,0.28352165222168
LightGBM,Baseline,4,"{'colsample_bytree': 0.6, 'learning_rate': 0.01, 'max_depth': 3, 'min_child_samples': 50, 'n_estimators': 750, 'num_leaves': 62, 'subsample': 0.6}",7.02239670048186,0.806329906541692,0.294732570648193
LightGBM,Baseline,4,"{'colsample_bytree': 0.6, 'learning_rate': 0.01, 'max_depth': 3, 'min_child_samples': 50, 'n_estimators': 750, 'num_leaves': 62, 'subsample': 0.8}",7.02239670020299,0.806329906557074,0.297430753707886
LightGBM,Baseline,4,"{'colsample_bytree': 0.6, 'learning_rate': 0.01, 'max_depth': 3, 'min_child_samples': 50, 'n_estimators': 1000, 'num_leaves': 15, 'subsample': 0.6}",6.99832610158767,0.807655313182818,0.328668117523193
LightGBM,Baseline,4,"{'colsample_bytree': 0.6, 'learning_rate': 0.01, 'max_depth': 3, 'min_child_samples': 50, 'n_estimators': 1000, 'num_leaves': 15, 'subsample': 0.8}",6.99832610072973,0.807655313229978,0.324333906173706
LightGBM,Baseline,4,"{'colsample_bytree': 0.6, 'learning_rate': 0.01, 'max_depth': 3, 'min_child_samples': 50, 'n_estimators': 1000, 'num_leaves': 31, 'subsample': 0.6}",6.99832711002687,0.807655257750152,0.325929164886475
LightGBM,Baseline,4,"{'colsample_bytree': 0.6, 'learning_rate': 0.01, 'max_depth': 3, 'min_child_samples': 50, 'n_estimators': 1000, 'num_leaves': 31, 'subsample': 0.8}",6.99832610095461,0.807655313217616,0.333192825317383
LightGBM,Baseline,4,"{'colsample_bytree': 0.6, 'learning_rate': 0.01, 'max_depth': 3, 'min_child_samples': 50, 'n_estimators': 1000, 'num_leaves': 62, 'subsample': 0.6}",6.99832509430233,0.807655368552049,0.329233884811401
LightGBM,Baseline,4,"{'colsample_bytree': 0.6, 'learning_rate': 0.01, 'max_depth': 3, 'min_child_samples': 50, 'n_estimators': 1000, 'num_leaves': 62, 'subsample': 0.8}",6.99832609098846,0.807655313765443,0.330938577651978
LightGBM,Baseline,4,"{'colsample_bytree': 0.6, 'learning_rate': 0.01, 'max_depth': 3, 'min_child_samples': 100, 'n_estimators': 500, 'num_leaves': 15, 'subsample': 0.6}",9.04736254463669,0.678533419523233,0.229854822158813
LightGBM,Baseline,4,"{'colsample_bytree': 0.6, 'learning_rate': 0.01, 'max_depth': 3, 'min_child_samples': 100, 'n_estimators': 500, 'num_leaves': 15, 'subsample': 0.8}",9.04736254455568,0.67853341952899,0.230573415756226
LightGBM,Baseline,4,"{'colsample_bytree': 0.6, 'learning_rate': 0.01, 'max_depth': 3, 'min_child_samples': 100, 'n_estimators': 500, 'num_leaves': 31, 'subsample': 0.6}",9.04736254452549,0.678533419531135,0.225278854370117
LightGBM,Baseline,4,"{'colsample_bytree': 0.6, 'learning_rate': 0.01, 'max_depth': 3, 'min_child_samples': 100, 'n_estimators': 500, 'num_leaves': 31, 'subsample': 0.8}",9.04736254396963,0.678533419570637,0.227041006088257
LightGBM,Baseline,4,"{'colsample_bytree': 0.6, 'learning_rate': 0.01, 'max_depth': 3, 'min_child_samples': 100, 'n_estimators': 500, 'num_leaves': 62, 'subsample': 0.6}",9.04736254421351,0.678533419553305,0.240044593811035
LightGBM,Baseline,4,"{'colsample_bytree': 0.6, 'learning_rate': 0.01, 'max_depth': 3, 'min_child_samples': 100, 'n_estimators': 500, 'num_leaves': 62, 'subsample': 0.8}",9.04736254438532,0.678533419541096,0.223836898803711
LightGBM,Baseline,4,"{'colsample_bytree': 0.6, 'learning_rate': 0.01, 'max_depth': 3, 'min_child_samples': 100, 'n_estimators': 750, 'num_leaves': 15, 'subsample': 0.6}",8.43979587557169,0.720259253743543,0.2951979637146
LightGBM,Baseline,4,"{'colsample_bytree': 0.6, 'learning_rate': 0.01, 'max_depth': 3, 'min_child_samples': 100, 'n_estimators': 750, 'num_leaves': 15, 'subsample': 0.8}",8.43979587478039,0.720259253795999,0.300695419311523
LightGBM,Baseline,4,"{'colsample_bytree': 0.6, 'learning_rate': 0.01, 'max_depth': 3, 'min_child_samples': 100, 'n_estimators': 750, 'num_leaves': 31, 'subsample': 0.6}",8.43979587411538,0.720259253840083,0.292090892791748
LightGBM,Baseline,4,"{'colsample_bytree': 0.6, 'learning_rate': 0.01, 'max_depth': 3, 'min_child_samples': 100, 'n_estimators': 750, 'num_leaves': 31, 'subsample': 0.8}",8.43979587542869,0.720259253753022,0.297185182571411
LightGBM,Baseline,4,"{'colsample_bytree': 0.6, 'learning_rate': 0.01, 'max_depth': 3, 'min_child_samples': 100, 'n_estimators': 750, 'num_leaves': 62, 'subsample': 0.6}",8.43979587526664,0.720259253763765,0.300368547439575
LightGBM,Baseline,4,"{'colsample_bytree': 0.6, 'learning_rate': 0.01, 'max_depth': 3, 'min_child_samples': 100, 'n_estimators': 750, 'num_leaves': 62, 'subsample': 0.8}",8.43979587405253,0.72025925384425,0.298331260681152
LightGBM,Baseline,4,"{'colsample_bytree': 0.6, 'learning_rate': 0.01, 'max_depth': 3, 'min_child_samples': 100, 'n_estimators': 1000, 'num_leaves': 15, 'subsample': 0.6}",8.13635687786669,0.740012886644247,0.365929365158081
LightGBM,Baseline,4,"{'colsample_bytree': 0.6, 'learning_rate': 0.01, 'max_depth': 3, 'min_child_samples': 100, 'n_estimators': 1000, 'num_leaves': 15, 'subsample': 0.8}",8.13635687811906,0.740012886628119,0.369306802749634
LightGBM,Baseline,4,"{'colsample_bytree': 0.6, 'learning_rate': 0.01, 'max_depth': 3, 'min_child_samples': 100, 'n_estimators': 1000, 'num_leaves': 31, 'subsample': 0.6}",8.13635687816949,0.740012886624896,0.364023923873901
LightGBM,Baseline,4,"{'colsample_bytree': 0.6, 'learning_rate': 0.01, 'max_depth': 3, 'min_child_samples': 100, 'n_estimators': 1000, 'num_leaves': 31, 'subsample': 0.8}",8.13635687863714,0.740012886595009,0.364518642425537
LightGBM,Baseline,4,"{'colsample_bytree': 0.6, 'learning_rate': 0.01, 'max_depth': 3, 'min_child_samples': 100, 'n_estimators': 1000, 'num_leaves': 62, 'subsample': 0.6}",8.13635687828827,0.740012886617305,0.361868858337402
LightGBM,Baseline,4,"{'colsample_bytree': 0.6, 'learning_rate': 0.01, 'max_depth': 3, 'min_child_samples': 100, 'n_estimators': 1000, 'num_leaves': 62, 'subsample': 0.8}",8.13635687790128,0.740012886642036,0.365207433700562
LightGBM,Baseline,4,"{'colsample_bytree': 0.6, 'learning_rate': 0.01, 'max_depth': 5, 'min_child_samples': 50, 'n_estimators': 500, 'num_leaves': 15, 'subsample': 0.6}",7.23235273802221,0.794576065880057,0.298696279525757
LightGBM,Baseline,4,"{'colsample_bytree': 0.6, 'learning_rate': 0.01, 'max_depth': 5, 'min_child_samples': 50, 'n_estimators': 500, 'num_leaves': 15, 'subsample': 0.8}",7.23235273779769,0.794576065892811,0.306955575942993
LightGBM,Baseline,4,"{'colsample_bytree': 0.6, 'learning_rate': 0.01, 'max_depth': 5, 'min_child_samples': 50, 'n_estimators': 500, 'num_leaves': 31, 'subsample': 0.6}",7.23235273853979,0.794576065850655,0.301058053970337
LightGBM,Baseline,4,"{'colsample_bytree': 0.6, 'learning_rate': 0.01, 'max_depth': 5, 'min_child_samples': 50, 'n_estimators': 500, 'num_leaves': 31, 'subsample': 0.8}",7.2323527378042,0.794576065892442,0.301972150802612
LightGBM,Baseline,4,"{'colsample_bytree': 0.6, 'learning_rate': 0.01, 'max_depth': 5, 'min_child_samples': 50, 'n_estimators': 500, 'num_leaves': 62, 'subsample': 0.6}",7.23235273742908,0.794576065913751,0.297921180725098
LightGBM,Baseline,4,"{'colsample_bytree': 0.6, 'learning_rate': 0.01, 'max_depth': 5, 'min_child_samples': 50, 'n_estimators': 500, 'num_leaves': 62, 'subsample': 0.8}",7.23235273781223,0.794576065891985,0.299028158187866
LightGBM,Baseline,4,"{'colsample_bytree': 0.6, 'learning_rate': 0.01, 'max_depth': 5, 'min_child_samples': 50, 'n_estimators': 750, 'num_leaves': 15, 'subsample': 0.6}",7.00652548221508,0.807204339289519,0.382309913635254
LightGBM,Baseline,4,"{'colsample_bytree': 0.6, 'learning_rate': 0.01, 'max_depth': 5, 'min_child_samples': 50, 'n_estimators': 750, 'num_leaves': 15, 'subsample': 0.8}",7.00652548187866,0.807204339308033,0.396415948867798
LightGBM,Baseline,4,"{'colsample_bytree': 0.6, 'learning_rate': 0.01, 'max_depth': 5, 'min_child_samples': 50, 'n_estimators': 750, 'num_leaves': 31, 'subsample': 0.6}",7.00652548175278,0.807204339314961,0.386022329330444
LightGBM,Baseline,4,"{'colsample_bytree': 0.6, 'learning_rate': 0.01, 'max_depth': 5, 'min_child_samples': 50, 'n_estimators': 750, 'num_leaves': 31, 'subsample': 0.8}",7.00652548187808,0.807204339308066,0.386383533477783
LightGBM,Baseline,4,"{'colsample_bytree': 0.6, 'learning_rate': 0.01, 'max_depth': 5, 'min_child_samples': 50, 'n_estimators': 750, 'num_leaves': 62, 'subsample': 0.6}",7.00652548181916,0.807204339311308,0.382317066192627
LightGBM,Baseline,4,"{'colsample_bytree': 0.6, 'learning_rate': 0.01, 'max_depth': 5, 'min_child_samples': 50, 'n_estimators': 750, 'num_leaves': 62, 'subsample': 0.8}",7.00652548184603,0.807204339309829,0.394122838973999
LightGBM,Baseline,4,"{'colsample_bytree': 0.6, 'learning_rate': 0.01, 'max_depth': 5, 'min_child_samples': 50, 'n_estimators': 1000, 'num_leaves': 15, 'subsample': 0.6}",6.98509140706751,0.808382120162826,0.44823956489563
LightGBM,Baseline,4,"{'colsample_bytree': 0.6, 'learning_rate': 0.01, 'max_depth': 5, 'min_child_samples': 50, 'n_estimators': 1000, 'num_leaves': 15, 'subsample': 0.8}",6.98509140675773,0.808382120179823,0.452196836471558
LightGBM,Baseline,4,"{'colsample_bytree': 0.6, 'learning_rate': 0.01, 'max_depth': 5, 'min_child_samples': 50, 'n_estimators': 1000, 'num_leaves': 31, 'subsample': 0.6}",6.98509140661724,0.808382120187531,0.458555459976196
LightGBM,Baseline,4,"{'colsample_bytree': 0.6, 'learning_rate': 0.01, 'max_depth': 5, 'min_child_samples': 50, 'n_estimators': 1000, 'num_leaves': 31, 'subsample': 0.8}",6.98509140669628,0.808382120183194,0.452153444290161
LightGBM,Baseline,4,"{'colsample_bytree': 0.6, 'learning_rate': 0.01, 'max_depth': 5, 'min_child_samples': 50, 'n_estimators': 1000, 'num_leaves': 62, 'subsample': 0.6}",6.9850914066531,0.808382120185563,0.456956624984741
LightGBM,Baseline,4,"{'colsample_bytree': 0.6, 'learning_rate': 0.01, 'max_depth': 5, 'min_child_samples': 50, 'n_estimators': 1000, 'num_leaves': 62, 'subsample': 0.8}",6.98509140702449,0.808382120165187,0.455222606658936
LightGBM,Baseline,4,"{'colsample_bytree': 0.6, 'learning_rate': 0.01, 'max_depth': 5, 'min_child_samples': 100, 'n_estimators': 500, 'num_leaves': 15, 'subsample': 0.6}",9.03140384524557,0.679666493147953,0.276966094970703
LightGBM,Baseline,4,"{'colsample_bytree': 0.6, 'learning_rate': 0.01, 'max_depth': 5, 'min_child_samples': 100, 'n_estimators': 500, 'num_leaves': 15, 'subsample': 0.8}",9.0314098430624,0.679666067676483,0.274301290512085
LightGBM,Baseline,4,"{'colsample_bytree': 0.6, 'learning_rate': 0.01, 'max_depth': 5, 'min_child_samples': 100, 'n_estimators': 500, 'num_leaves': 31, 'subsample': 0.6}",9.03140384619238,0.679666493080789,0.274494886398315
LightGBM,Baseline,4,"{'colsample_bytree': 0.6, 'learning_rate': 0.01, 'max_depth': 5, 'min_child_samples': 100, 'n_estimators': 500, 'num_leaves': 31, 'subsample': 0.8}",9.03140384571925,0.679666493114352,0.282898902893066
LightGBM,Baseline,4,"{'colsample_bytree': 0.6, 'learning_rate': 0.01, 'max_depth': 5, 'min_child_samples': 100, 'n_estimators': 500, 'num_leaves': 62, 'subsample': 0.6}",9.03140984315733,0.679666067669749,0.276379585266113
LightGBM,Baseline,4,"{'colsample_bytree': 0.6, 'learning_rate': 0.01, 'max_depth': 5, 'min_child_samples': 100, 'n_estimators': 500, 'num_leaves': 62, 'subsample': 0.8}",9.03140384635158,0.679666493069495,0.2743821144104
LightGBM,Baseline,4,"{'colsample_bytree': 0.6, 'learning_rate': 0.01, 'max_depth': 5, 'min_child_samples': 100, 'n_estimators': 750, 'num_leaves': 15, 'subsample': 0.6}",8.44357893431476,0.720008415246366,0.467834234237671
LightGBM,Baseline,4,"{'colsample_bytree': 0.6, 'learning_rate': 0.01, 'max_depth': 5, 'min_child_samples': 100, 'n_estimators': 750, 'num_leaves': 15, 'subsample': 0.8}",8.44357893337423,0.720008415308742,0.332530736923218
LightGBM,Baseline,4,"{'colsample_bytree': 0.6, 'learning_rate': 0.01, 'max_depth': 5, 'min_child_samples': 100, 'n_estimators': 750, 'num_leaves': 31, 'subsample': 0.6}",8.44357893366645,0.720008415289362,0.335881233215332
LightGBM,Baseline,4,"{'colsample_bytree': 0.6, 'learning_rate': 0.01, 'max_depth': 5, 'min_child_samples': 100, 'n_estimators': 750, 'num_leaves': 31, 'subsample': 0.8}",8.44358003234582,0.720008342424289,0.329660892486572
LightGBM,Baseline,4,"{'colsample_bytree': 0.6, 'learning_rate': 0.01, 'max_depth': 5, 'min_child_samples': 100, 'n_estimators': 750, 'num_leaves': 62, 'subsample': 0.6}",8.44357893359478,0.720008415294116,0.321899890899658
LightGBM,Baseline,4,"{'colsample_bytree': 0.6, 'learning_rate': 0.01, 'max_depth': 5, 'min_child_samples': 100, 'n_estimators': 750, 'num_leaves': 62, 'subsample': 0.8}",8.44357893427493,0.720008415249008,0.335975170135498
LightGBM,Baseline,4,"{'colsample_bytree': 0.6, 'learning_rate': 0.01, 'max_depth': 5, 'min_child_samples': 100, 'n_estimators': 1000, 'num_leaves': 15, 'subsample': 0.6}",8.1334017098647,0.740201709746162,0.428114175796509
LightGBM,Baseline,4,"{'colsample_bytree': 0.6, 'learning_rate': 0.01, 'max_depth': 5, 'min_child_samples': 100, 'n_estimators': 1000, 'num_leaves': 15, 'subsample': 0.8}",8.13340086703509,0.740201763589729,0.433872938156128
LightGBM,Baseline,4,"{'colsample_bytree': 0.6, 'learning_rate': 0.01, 'max_depth': 5, 'min_child_samples': 100, 'n_estimators': 1000, 'num_leaves': 31, 'subsample': 0.6}",8.13340312347647,0.740201619438572,0.438815355300903
LightGBM,Baseline,4,"{'colsample_bytree': 0.6, 'learning_rate': 0.01, 'max_depth': 5, 'min_child_samples': 100, 'n_estimators': 1000, 'num_leaves': 31, 'subsample': 0.8}",8.13340086846439,0.740201763498419,0.454551458358765
LightGBM,Baseline,4,"{'colsample_bytree': 0.6, 'learning_rate': 0.01, 'max_depth': 5, 'min_child_samples': 100, 'n_estimators': 1000, 'num_leaves': 62, 'subsample': 0.6}",8.13340086737399,0.740201763568078,0.453276634216309
LightGBM,Baseline,4,"{'colsample_bytree': 0.6, 'learning_rate': 0.01, 'max_depth': 5, 'min_child_samples': 100, 'n_estimators': 1000, 'num_leaves': 62, 'subsample': 0.8}",8.13340086833287,0.740201763506821,0.445167064666748
LightGBM,Baseline,4,"{'colsample_bytree': 0.6, 'learning_rate': 0.01, 'max_depth': 9, 'min_child_samples': 50, 'n_estimators': 500, 'num_leaves': 15, 'subsample': 0.6}",7.23376145295391,0.794496033294027,0.409028768539429
LightGBM,Baseline,4,"{'colsample_bytree': 0.6, 'learning_rate': 0.01, 'max_depth': 9, 'min_child_samples': 50, 'n_estimators': 500, 'num_leaves': 15, 'subsample': 0.8}",7.23376145187279,0.794496033355454,0.415907859802246
LightGBM,Baseline,4,"{'colsample_bytree': 0.6, 'learning_rate': 0.01, 'max_depth': 9, 'min_child_samples': 50, 'n_estimators': 500, 'num_leaves': 31, 'subsample': 0.6}",7.23376383366086,0.794495898026973,0.411591529846191
LightGBM,Baseline,4,"{'colsample_bytree': 0.6, 'learning_rate': 0.01, 'max_depth': 9, 'min_child_samples': 50, 'n_estimators': 500, 'num_leaves': 31, 'subsample': 0.8}",7.23376383304475,0.794495898061978,0.411787509918213
LightGBM,Baseline,4,"{'colsample_bytree': 0.6, 'learning_rate': 0.01, 'max_depth': 9, 'min_child_samples': 50, 'n_estimators': 500, 'num_leaves': 62, 'subsample': 0.6}",7.23376383332399,0.794495898046113,0.403089046478272
LightGBM,Baseline,4,"{'colsample_bytree': 0.6, 'learning_rate': 0.01, 'max_depth': 9, 'min_child_samples': 50, 'n_estimators': 500, 'num_leaves': 62, 'subsample': 0.8}",7.2337638331708,0.794495898054817,0.407693862915039
LightGBM,Baseline,4,"{'colsample_bytree': 0.6, 'learning_rate': 0.01, 'max_depth': 9, 'min_child_samples': 50, 'n_estimators': 750, 'num_leaves': 15, 'subsample': 0.6}",7.0093797067671,0.807047230265082,0.558926820755005
LightGBM,Baseline,4,"{'colsample_bytree': 0.6, 'learning_rate': 0.01, 'max_depth': 9, 'min_child_samples': 50, 'n_estimators': 750, 'num_leaves': 15, 'subsample': 0.8}",7.00937970674957,0.807047230266047,0.559415102005005
LightGBM,Baseline,4,"{'colsample_bytree': 0.6, 'learning_rate': 0.01, 'max_depth': 9, 'min_child_samples': 50, 'n_estimators': 750, 'num_leaves': 31, 'subsample': 0.6}",7.00937970666725,0.807047230270579,0.552023649215698
LightGBM,Baseline,4,"{'colsample_bytree': 0.6, 'learning_rate': 0.01, 'max_depth': 9, 'min_child_samples': 50, 'n_estimators': 750, 'num_leaves': 31, 'subsample': 0.8}",7.00937719972377,0.807047368291809,0.555434465408325
LightGBM,Baseline,4,"{'colsample_bytree': 0.6, 'learning_rate': 0.01, 'max_depth': 9, 'min_child_samples': 50, 'n_estimators': 750, 'num_leaves': 62, 'subsample': 0.6}",7.00938049958232,0.80704718661617,0.556124925613403
LightGBM,Baseline,4,"{'colsample_bytree': 0.6, 'learning_rate': 0.01, 'max_depth': 9, 'min_child_samples': 50, 'n_estimators': 750, 'num_leaves': 62, 'subsample': 0.8}",7.00937730092603,0.80704736272006,0.564139604568481
LightGBM,Baseline,4,"{'colsample_bytree': 0.6, 'learning_rate': 0.01, 'max_depth': 9, 'min_child_samples': 50, 'n_estimators': 1000, 'num_leaves': 15, 'subsample': 0.6}",6.98694135983292,0.808280609403022,0.659951448440552
LightGBM,Baseline,4,"{'colsample_bytree': 0.6, 'learning_rate': 0.01, 'max_depth': 9, 'min_child_samples': 50, 'n_estimators': 1000, 'num_leaves': 15, 'subsample': 0.8}",6.98693890161016,0.808280744308659,0.65831470489502
LightGBM,Baseline,4,"{'colsample_bytree': 0.6, 'learning_rate': 0.01, 'max_depth': 9, 'min_child_samples': 50, 'n_estimators': 1000, 'num_leaves': 31, 'subsample': 0.6}",6.98694387702359,0.808280471261216,0.672349452972412
LightGBM,Baseline,4,"{'colsample_bytree': 0.6, 'learning_rate': 0.01, 'max_depth': 9, 'min_child_samples': 50, 'n_estimators': 1000, 'num_leaves': 31, 'subsample': 0.8}",6.98694135964784,0.808280609413179,0.755497455596924
LightGBM,Baseline,4,"{'colsample_bytree': 0.6, 'learning_rate': 0.01, 'max_depth': 9, 'min_child_samples': 50, 'n_estimators': 1000, 'num_leaves': 62, 'subsample': 0.6}",6.98694387692263,0.808280471266757,0.736182928085327
LightGBM,Baseline,4,"{'colsample_bytree': 0.6, 'learning_rate': 0.01, 'max_depth': 9, 'min_child_samples': 50, 'n_estimators': 1000, 'num_leaves': 62, 'subsample': 0.8}",6.98694135903302,0.80828060944692,0.586582660675049
LightGBM,Baseline,4,"{'colsample_bytree': 0.6, 'learning_rate': 0.01, 'max_depth': 9, 'min_child_samples': 100, 'n_estimators': 500, 'num_leaves': 15, 'subsample': 0.6}",9.03317985896811,0.679540494432345,0.25489616394043
LightGBM,Baseline,4,"{'colsample_bytree': 0.6, 'learning_rate': 0.01, 'max_depth': 9, 'min_child_samples': 100, 'n_estimators': 500, 'num_leaves': 15, 'subsample': 0.8}",9.03317985934272,0.679540494405766,0.251954793930054
LightGBM,Baseline,4,"{'colsample_bytree': 0.6, 'learning_rate': 0.01, 'max_depth': 9, 'min_child_samples': 100, 'n_estimators': 500, 'num_leaves': 31, 'subsample': 0.6}",9.03317986008627,0.67954049435301,0.25134539604187
LightGBM,Baseline,4,"{'colsample_bytree': 0.6, 'learning_rate': 0.01, 'max_depth': 9, 'min_child_samples': 100, 'n_estimators': 500, 'num_leaves': 31, 'subsample': 0.8}",9.03317985994632,0.67954049436294,0.261098146438599
LightGBM,Baseline,4,"{'colsample_bytree': 0.6, 'learning_rate': 0.01, 'max_depth': 9, 'min_child_samples': 100, 'n_estimators': 500, 'num_leaves': 62, 'subsample': 0.6}",9.0331798598579,0.679540494369213,0.256322622299194
LightGBM,Baseline,4,"{'colsample_bytree': 0.6, 'learning_rate': 0.01, 'max_depth': 9, 'min_child_samples': 100, 'n_estimators': 500, 'num_leaves': 62, 'subsample': 0.8}",9.03317986039261,0.679540494331275,0.275209188461304
LightGBM,Baseline,4,"{'colsample_bytree': 0.6, 'learning_rate': 0.01, 'max_depth': 9, 'min_child_samples': 100, 'n_estimators': 750, 'num_leaves': 15, 'subsample': 0.6}",8.44231931784708,0.720091947527426,0.365618467330933
LightGBM,Baseline,4,"{'colsample_bytree': 0.6, 'learning_rate': 0.01, 'max_depth': 9, 'min_child_samples': 100, 'n_estimators': 750, 'num_leaves': 15, 'subsample': 0.8}",8.44231931958495,0.720091947412187,0.365436553955078
LightGBM,Baseline,4,"{'colsample_bytree': 0.6, 'learning_rate': 0.01, 'max_depth': 9, 'min_child_samples': 100, 'n_estimators': 750, 'num_leaves': 31, 'subsample': 0.6}",8.44231817300532,0.72009202344268,0.372868299484253
LightGBM,Baseline,4,"{'colsample_bytree': 0.6, 'learning_rate': 0.01, 'max_depth': 9, 'min_child_samples': 100, 'n_estimators': 750, 'num_leaves': 31, 'subsample': 0.8}",8.44231817402326,0.720092023375179,0.368749618530273
LightGBM,Baseline,4,"{'colsample_bytree': 0.6, 'learning_rate': 0.01, 'max_depth': 9, 'min_child_samples': 100, 'n_estimators': 750, 'num_leaves': 62, 'subsample': 0.6}",8.44231931797653,0.720091947518842,0.378053903579712
LightGBM,Baseline,4,"{'colsample_bytree': 0.6, 'learning_rate': 0.01, 'max_depth': 9, 'min_child_samples': 100, 'n_estimators': 750, 'num_leaves': 62, 'subsample': 0.8}",8.44231817444757,0.720092023347043,0.364849090576172
LightGBM,Baseline,4,"{'colsample_bytree': 0.6, 'learning_rate': 0.01, 'max_depth': 9, 'min_child_samples': 100, 'n_estimators': 1000, 'num_leaves': 15, 'subsample': 0.6}",8.13570456410363,0.740054572714913,0.448710680007935
LightGBM,Baseline,4,"{'colsample_bytree': 0.6, 'learning_rate': 0.01, 'max_depth': 9, 'min_child_samples': 100, 'n_estimators': 1000, 'num_leaves': 15, 'subsample': 0.8}",8.13570701249335,0.740054416256968,0.447545051574707
LightGBM,Baseline,4,"{'colsample_bytree': 0.6, 'learning_rate': 0.01, 'max_depth': 9, 'min_child_samples': 100, 'n_estimators': 1000, 'num_leaves': 31, 'subsample': 0.6}",8.1357070120802,0.740054416283369,0.456276893615723
LightGBM,Baseline,4,"{'colsample_bytree': 0.6, 'learning_rate': 0.01, 'max_depth': 9, 'min_child_samples': 100, 'n_estimators': 1000, 'num_leaves': 31, 'subsample': 0.8}",8.13570701137882,0.74005441632819,0.451786279678345
LightGBM,Baseline,4,"{'colsample_bytree': 0.6, 'learning_rate': 0.01, 'max_depth': 9, 'min_child_samples': 100, 'n_estimators': 1000, 'num_leaves': 62, 'subsample': 0.6}",8.13570587342733,0.740054489046011,0.451345443725586
LightGBM,Baseline,4,"{'colsample_bytree': 0.6, 'learning_rate': 0.01, 'max_depth': 9, 'min_child_samples': 100, 'n_estimators': 1000, 'num_leaves': 62, 'subsample': 0.8}",8.13570701312985,0.740054416216294,0.465463638305664
LightGBM,Baseline,4,"{'colsample_bytree': 0.6, 'learning_rate': 0.05, 'max_depth': 3, 'min_child_samples': 50, 'n_estimators': 500, 'num_leaves': 15, 'subsample': 0.6}",6.98797319522082,0.808223978769138,0.151395559310913
LightGBM,Baseline,4,"{'colsample_bytree': 0.6, 'learning_rate': 0.05, 'max_depth': 3, 'min_child_samples': 50, 'n_estimators': 500, 'num_leaves': 15, 'subsample': 0.8}",6.9879731946464,0.808223978800666,0.150692224502563
LightGBM,Baseline,4,"{'colsample_bytree': 0.6, 'learning_rate': 0.05, 'max_depth': 3, 'min_child_samples': 50, 'n_estimators': 500, 'num_leaves': 31, 'subsample': 0.6}",6.98797319460858,0.808223978802742,0.154960155487061
LightGBM,Baseline,4,"{'colsample_bytree': 0.6, 'learning_rate': 0.05, 'max_depth': 3, 'min_child_samples': 50, 'n_estimators': 500, 'num_leaves': 31, 'subsample': 0.8}",6.98797319468743,0.808223978798414,0.149699449539185
LightGBM,Baseline,4,"{'colsample_bytree': 0.6, 'learning_rate': 0.05, 'max_depth': 3, 'min_child_samples': 50, 'n_estimators': 500, 'num_leaves': 62, 'subsample': 0.6}",6.98797319583793,0.808223978735266,0.150481700897217
LightGBM,Baseline,4,"{'colsample_bytree': 0.6, 'learning_rate': 0.05, 'max_depth': 3, 'min_child_samples': 50, 'n_estimators': 500, 'num_leaves': 62, 'subsample': 0.8}",6.98797319427242,0.808223978821193,0.158684253692627
LightGBM,Baseline,4,"{'colsample_bytree': 0.6, 'learning_rate': 0.05, 'max_depth': 3, 'min_child_samples': 50, 'n_estimators': 750, 'num_leaves': 15, 'subsample': 0.6}",6.98797319354523,0.808223978861106,0.148538589477539
LightGBM,Baseline,4,"{'colsample_bytree': 0.6, 'learning_rate': 0.05, 'max_depth': 3, 'min_child_samples': 50, 'n_estimators': 750, 'num_leaves': 15, 'subsample': 0.8}",6.98797319491165,0.808223978786107,0.152880430221558
LightGBM,Baseline,4,"{'colsample_bytree': 0.6, 'learning_rate': 0.05, 'max_depth': 3, 'min_child_samples': 50, 'n_estimators': 750, 'num_leaves': 31, 'subsample': 0.6}",6.98797319517481,0.808223978771663,0.151541948318481
LightGBM,Baseline,4,"{'colsample_bytree': 0.6, 'learning_rate': 0.05, 'max_depth': 3, 'min_child_samples': 50, 'n_estimators': 750, 'num_leaves': 31, 'subsample': 0.8}",6.98797319698102,0.808223978672525,0.151226282119751
LightGBM,Baseline,4,"{'colsample_bytree': 0.6, 'learning_rate': 0.05, 'max_depth': 3, 'min_child_samples': 50, 'n_estimators': 750, 'num_leaves': 62, 'subsample': 0.6}",6.98797319597623,0.808223978727675,0.153435230255127
LightGBM,Baseline,4,"{'colsample_bytree': 0.6, 'learning_rate': 0.05, 'max_depth': 3, 'min_child_samples': 50, 'n_estimators': 750, 'num_leaves': 62, 'subsample': 0.8}",6.9879731955204,0.808223978752695,0.156920194625855
LightGBM,Baseline,4,"{'colsample_bytree': 0.6, 'learning_rate': 0.05, 'max_depth': 3, 'min_child_samples': 50, 'n_estimators': 1000, 'num_leaves': 15, 'subsample': 0.6}",6.98797319504566,0.808223978778752,0.149084329605103
LightGBM,Baseline,4,"{'colsample_bytree': 0.6, 'learning_rate': 0.05, 'max_depth': 3, 'min_child_samples': 50, 'n_estimators': 1000, 'num_leaves': 15, 'subsample': 0.8}",6.98797319534448,0.80822397876235,0.153873682022095
LightGBM,Baseline,4,"{'colsample_bytree': 0.6, 'learning_rate': 0.05, 'max_depth': 3, 'min_child_samples': 50, 'n_estimators': 1000, 'num_leaves': 31, 'subsample': 0.6}",6.98797319441847,0.808223978813177,0.154469728469849
LightGBM,Baseline,4,"{'colsample_bytree': 0.6, 'learning_rate': 0.05, 'max_depth': 3, 'min_child_samples': 50, 'n_estimators': 1000, 'num_leaves': 31, 'subsample': 0.8}",6.98797319507048,0.808223978777389,0.151138067245483
LightGBM,Baseline,4,"{'colsample_bytree': 0.6, 'learning_rate': 0.05, 'max_depth': 3, 'min_child_samples': 50, 'n_estimators': 1000, 'num_leaves': 62, 'subsample': 0.6}",6.98797319710472,0.808223978665735,0.150809288024902
LightGBM,Baseline,4,"{'colsample_bytree': 0.6, 'learning_rate': 0.05, 'max_depth': 3, 'min_child_samples': 50, 'n_estimators': 1000, 'num_leaves': 62, 'subsample': 0.8}",6.98797319477852,0.808223978793415,0.153227090835571
LightGBM,Baseline,4,"{'colsample_bytree': 0.6, 'learning_rate': 0.05, 'max_depth': 3, 'min_child_samples': 100, 'n_estimators': 500, 'num_leaves': 15, 'subsample': 0.6}",7.33041207340206,0.788967851271551,0.229088068008423
LightGBM,Baseline,4,"{'colsample_bytree': 0.6, 'learning_rate': 0.05, 'max_depth': 3, 'min_child_samples': 100, 'n_estimators': 500, 'num_leaves': 15, 'subsample': 0.8}",7.33052141915171,0.788961555407041,0.230628490447998
LightGBM,Baseline,4,"{'colsample_bytree': 0.6, 'learning_rate': 0.05, 'max_depth': 3, 'min_child_samples': 100, 'n_estimators': 500, 'num_leaves': 31, 'subsample': 0.6}",7.33041207333256,0.788967851275553,0.227771520614624
LightGBM,Baseline,4,"{'colsample_bytree': 0.6, 'learning_rate': 0.05, 'max_depth': 3, 'min_child_samples': 100, 'n_estimators': 500, 'num_leaves': 31, 'subsample': 0.8}",7.33052141757637,0.788961555497746,0.233638286590576
LightGBM,Baseline,4,"{'colsample_bytree': 0.6, 'learning_rate': 0.05, 'max_depth': 3, 'min_child_samples': 100, 'n_estimators': 500, 'num_leaves': 62, 'subsample': 0.6}",7.33063029266182,0.788955286639639,0.230180740356445
LightGBM,Baseline,4,"{'colsample_bytree': 0.6, 'learning_rate': 0.05, 'max_depth': 3, 'min_child_samples': 100, 'n_estimators': 500, 'num_leaves': 62, 'subsample': 0.8}",7.33052141900546,0.788961555415462,0.230286836624146
LightGBM,Baseline,4,"{'colsample_bytree': 0.6, 'learning_rate': 0.05, 'max_depth': 3, 'min_child_samples': 100, 'n_estimators': 750, 'num_leaves': 15, 'subsample': 0.6}",7.16591052326798,0.798333107912983,0.295263767242432
LightGBM,Baseline,4,"{'colsample_bytree': 0.6, 'learning_rate': 0.05, 'max_depth': 3, 'min_child_samples': 100, 'n_estimators': 750, 'num_leaves': 15, 'subsample': 0.8}",7.16584311348861,0.79833690205937,0.298977136611939
LightGBM,Baseline,4,"{'colsample_bytree': 0.6, 'learning_rate': 0.05, 'max_depth': 3, 'min_child_samples': 100, 'n_estimators': 750, 'num_leaves': 31, 'subsample': 0.6}",7.1658373691863,0.798337225374663,0.301916360855103
LightGBM,Baseline,4,"{'colsample_bytree': 0.6, 'learning_rate': 0.05, 'max_depth': 3, 'min_child_samples': 100, 'n_estimators': 750, 'num_leaves': 31, 'subsample': 0.8}",7.16583736770546,0.798337225458011,0.304586410522461
LightGBM,Baseline,4,"{'colsample_bytree': 0.6, 'learning_rate': 0.05, 'max_depth': 3, 'min_child_samples': 100, 'n_estimators': 750, 'num_leaves': 62, 'subsample': 0.6}",7.16583736810177,0.798337225435706,0.293399810791016
LightGBM,Baseline,4,"{'colsample_bytree': 0.6, 'learning_rate': 0.05, 'max_depth': 3, 'min_child_samples': 100, 'n_estimators': 750, 'num_leaves': 62, 'subsample': 0.8}",7.16591052394778,0.79833310787472,0.297646760940552
LightGBM,Baseline,4,"{'colsample_bytree': 0.6, 'learning_rate': 0.05, 'max_depth': 3, 'min_child_samples': 100, 'n_estimators': 1000, 'num_leaves': 15, 'subsample': 0.6}",7.10089200953969,0.801976077378344,0.357471942901611
LightGBM,Baseline,4,"{'colsample_bytree': 0.6, 'learning_rate': 0.05, 'max_depth': 3, 'min_child_samples': 100, 'n_estimators': 1000, 'num_leaves': 15, 'subsample': 0.8}",7.10093707375165,0.801973563941912,0.364715099334717
LightGBM,Baseline,4,"{'colsample_bytree': 0.6, 'learning_rate': 0.05, 'max_depth': 3, 'min_child_samples': 100, 'n_estimators': 1000, 'num_leaves': 31, 'subsample': 0.6}",7.10089200967293,0.801976077370913,0.359780788421631
LightGBM,Baseline,4,"{'colsample_bytree': 0.6, 'learning_rate': 0.05, 'max_depth': 3, 'min_child_samples': 100, 'n_estimators': 1000, 'num_leaves': 31, 'subsample': 0.8}",7.10089672296043,0.80197581449014,0.359498977661133
LightGBM,Baseline,4,"{'colsample_bytree': 0.6, 'learning_rate': 0.05, 'max_depth': 3, 'min_child_samples': 100, 'n_estimators': 1000, 'num_leaves': 62, 'subsample': 0.6}",7.10094069673333,0.801973361871023,0.411580324172974
LightGBM,Baseline,4,"{'colsample_bytree': 0.6, 'learning_rate': 0.05, 'max_depth': 3, 'min_child_samples': 100, 'n_estimators': 1000, 'num_leaves': 62, 'subsample': 0.8}",7.10094069736443,0.801973361835823,0.424036502838135
LightGBM,Baseline,4,"{'colsample_bytree': 0.6, 'learning_rate': 0.05, 'max_depth': 5, 'min_child_samples': 50, 'n_estimators': 500, 'num_leaves': 15, 'subsample': 0.6}",6.96430150285631,0.80952105699723,0.192751407623291
LightGBM,Baseline,4,"{'colsample_bytree': 0.6, 'learning_rate': 0.05, 'max_depth': 5, 'min_child_samples': 50, 'n_estimators': 500, 'num_leaves': 15, 'subsample': 0.8}",6.96430150317657,0.809521056979712,0.189682006835938
LightGBM,Baseline,4,"{'colsample_bytree': 0.6, 'learning_rate': 0.05, 'max_depth': 5, 'min_child_samples': 50, 'n_estimators': 500, 'num_leaves': 31, 'subsample': 0.6}",6.96430150530698,0.809521056863175,0.18384051322937
LightGBM,Baseline,4,"{'colsample_bytree': 0.6, 'learning_rate': 0.05, 'max_depth': 5, 'min_child_samples': 50, 'n_estimators': 500, 'num_leaves': 31, 'subsample': 0.8}",6.96430150268225,0.809521057006752,0.17715311050415
LightGBM,Baseline,4,"{'colsample_bytree': 0.6, 'learning_rate': 0.05, 'max_depth': 5, 'min_child_samples': 50, 'n_estimators': 500, 'num_leaves': 62, 'subsample': 0.6}",6.9643015058205,0.809521056835085,0.167296886444092
LightGBM,Baseline,4,"{'colsample_bytree': 0.6, 'learning_rate': 0.05, 'max_depth': 5, 'min_child_samples': 50, 'n_estimators': 500, 'num_leaves': 62, 'subsample': 0.8}",6.96430150257553,0.80952105701259,0.166640758514404
LightGBM,Baseline,4,"{'colsample_bytree': 0.6, 'learning_rate': 0.05, 'max_depth': 5, 'min_child_samples': 50, 'n_estimators': 750, 'num_leaves': 15, 'subsample': 0.6}",6.96430150480408,0.809521056890684,0.167460680007935
LightGBM,Baseline,4,"{'colsample_bytree': 0.6, 'learning_rate': 0.05, 'max_depth': 5, 'min_child_samples': 50, 'n_estimators': 750, 'num_leaves': 15, 'subsample': 0.8}",6.96430150475159,0.809521056893556,0.166188955307007
LightGBM,Baseline,4,"{'colsample_bytree': 0.6, 'learning_rate': 0.05, 'max_depth': 5, 'min_child_samples': 50, 'n_estimators': 750, 'num_leaves': 31, 'subsample': 0.6}",6.96430150530884,0.809521056863073,0.173355340957642
LightGBM,Baseline,4,"{'colsample_bytree': 0.6, 'learning_rate': 0.05, 'max_depth': 5, 'min_child_samples': 50, 'n_estimators': 750, 'num_leaves': 31, 'subsample': 0.8}",6.96430150585639,0.809521056833121,0.191806316375732
LightGBM,Baseline,4,"{'colsample_bytree': 0.6, 'learning_rate': 0.05, 'max_depth': 5, 'min_child_samples': 50, 'n_estimators': 750, 'num_leaves': 62, 'subsample': 0.6}",6.96430150476597,0.809521056892769,0.180179357528687
LightGBM,Baseline,4,"{'colsample_bytree': 0.6, 'learning_rate': 0.05, 'max_depth': 5, 'min_child_samples': 50, 'n_estimators': 750, 'num_leaves': 62, 'subsample': 0.8}",6.96430150421488,0.809521056922915,0.184684276580811
LightGBM,Baseline,4,"{'colsample_bytree': 0.6, 'learning_rate': 0.05, 'max_depth': 5, 'min_child_samples': 50, 'n_estimators': 1000, 'num_leaves': 15, 'subsample': 0.6}",6.96430150426188,0.809521056920344,0.183743238449097
LightGBM,Baseline,4,"{'colsample_bytree': 0.6, 'learning_rate': 0.05, 'max_depth': 5, 'min_child_samples': 50, 'n_estimators': 1000, 'num_leaves': 15, 'subsample': 0.8}",6.96430150534211,0.809521056861254,0.194342136383057
LightGBM,Baseline,4,"{'colsample_bytree': 0.6, 'learning_rate': 0.05, 'max_depth': 5, 'min_child_samples': 50, 'n_estimators': 1000, 'num_leaves': 31, 'subsample': 0.6}",6.96430150397915,0.809521056935809,0.180169582366943
LightGBM,Baseline,4,"{'colsample_bytree': 0.6, 'learning_rate': 0.05, 'max_depth': 5, 'min_child_samples': 50, 'n_estimators': 1000, 'num_leaves': 31, 'subsample': 0.8}",6.96430150286294,0.809521056996867,0.179523706436157
LightGBM,Baseline,4,"{'colsample_bytree': 0.6, 'learning_rate': 0.05, 'max_depth': 5, 'min_child_samples': 50, 'n_estimators': 1000, 'num_leaves': 62, 'subsample': 0.6}",6.96430150515173,0.809521056871667,0.187116861343384
LightGBM,Baseline,4,"{'colsample_bytree': 0.6, 'learning_rate': 0.05, 'max_depth': 5, 'min_child_samples': 50, 'n_estimators': 1000, 'num_leaves': 62, 'subsample': 0.8}",6.96430150582193,0.809521056835007,0.186017751693726
LightGBM,Baseline,4,"{'colsample_bytree': 0.6, 'learning_rate': 0.05, 'max_depth': 5, 'min_child_samples': 100, 'n_estimators': 500, 'num_leaves': 15, 'subsample': 0.6}",7.33060228295152,0.788956899404095,0.273707866668701
LightGBM,Baseline,4,"{'colsample_bytree': 0.6, 'learning_rate': 0.05, 'max_depth': 5, 'min_child_samples': 100, 'n_estimators': 500, 'num_leaves': 15, 'subsample': 0.8}",7.33059291114489,0.788957439019748,0.265241861343384
LightGBM,Baseline,4,"{'colsample_bytree': 0.6, 'learning_rate': 0.05, 'max_depth': 5, 'min_child_samples': 100, 'n_estimators': 500, 'num_leaves': 31, 'subsample': 0.6}",7.33059017962674,0.788957596296651,0.272744178771973
LightGBM,Baseline,4,"{'colsample_bytree': 0.6, 'learning_rate': 0.05, 'max_depth': 5, 'min_child_samples': 100, 'n_estimators': 500, 'num_leaves': 31, 'subsample': 0.8}",7.3305995127537,0.788957058908323,0.263964176177979
LightGBM,Baseline,4,"{'colsample_bytree': 0.6, 'learning_rate': 0.05, 'max_depth': 5, 'min_child_samples': 100, 'n_estimators': 500, 'num_leaves': 62, 'subsample': 0.6}",7.3306812451893,0.788952352840362,0.277176380157471
LightGBM,Baseline,4,"{'colsample_bytree': 0.6, 'learning_rate': 0.05, 'max_depth': 5, 'min_child_samples': 100, 'n_estimators': 500, 'num_leaves': 62, 'subsample': 0.8}",7.33060813654379,0.788956562362006,0.267625093460083
LightGBM,Baseline,4,"{'colsample_bytree': 0.6, 'learning_rate': 0.05, 'max_depth': 5, 'min_child_samples': 100, 'n_estimators': 750, 'num_leaves': 15, 'subsample': 0.6}",7.15460736176008,0.79896880540849,0.363122701644897
LightGBM,Baseline,4,"{'colsample_bytree': 0.6, 'learning_rate': 0.05, 'max_depth': 5, 'min_child_samples': 100, 'n_estimators': 750, 'num_leaves': 15, 'subsample': 0.8}",7.15462508554042,0.798967809396559,0.397653579711914
LightGBM,Baseline,4,"{'colsample_bytree': 0.6, 'learning_rate': 0.05, 'max_depth': 5, 'min_child_samples': 100, 'n_estimators': 750, 'num_leaves': 31, 'subsample': 0.6}",7.15464909639509,0.798966460070003,0.373451709747314
LightGBM,Baseline,4,"{'colsample_bytree': 0.6, 'learning_rate': 0.05, 'max_depth': 5, 'min_child_samples': 100, 'n_estimators': 750, 'num_leaves': 31, 'subsample': 0.8}",7.1546449326006,0.798966694061102,0.338046789169312
LightGBM,Baseline,4,"{'colsample_bytree': 0.6, 'learning_rate': 0.05, 'max_depth': 5, 'min_child_samples': 100, 'n_estimators': 750, 'num_leaves': 62, 'subsample': 0.6}",7.15462177929282,0.798967995195825,0.334380149841309
LightGBM,Baseline,4,"{'colsample_bytree': 0.6, 'learning_rate': 0.05, 'max_depth': 5, 'min_child_samples': 100, 'n_estimators': 750, 'num_leaves': 62, 'subsample': 0.8}",7.15464493272928,0.798966694053871,0.327658891677856
LightGBM,Baseline,4,"{'colsample_bytree': 0.6, 'learning_rate': 0.05, 'max_depth': 5, 'min_child_samples': 100, 'n_estimators': 1000, 'num_leaves': 15, 'subsample': 0.6}",7.08399954901712,0.802917123211264,0.401346206665039
LightGBM,Baseline,4,"{'colsample_bytree': 0.6, 'learning_rate': 0.05, 'max_depth': 5, 'min_child_samples': 100, 'n_estimators': 1000, 'num_leaves': 15, 'subsample': 0.8}",7.08394442559402,0.802920190360114,0.427010536193848
LightGBM,Baseline,4,"{'colsample_bytree': 0.6, 'learning_rate': 0.05, 'max_depth': 5, 'min_child_samples': 100, 'n_estimators': 1000, 'num_leaves': 31, 'subsample': 0.6}",7.0839771482189,0.802918369627712,0.433270215988159
LightGBM,Baseline,4,"{'colsample_bytree': 0.6, 'learning_rate': 0.05, 'max_depth': 5, 'min_child_samples': 100, 'n_estimators': 1000, 'num_leaves': 31, 'subsample': 0.8}",7.0839347783494,0.80292072714463,0.434309720993042
LightGBM,Baseline,4,"{'colsample_bytree': 0.6, 'learning_rate': 0.05, 'max_depth': 5, 'min_child_samples': 100, 'n_estimators': 1000, 'num_leaves': 62, 'subsample': 0.6}",7.08394252771798,0.802920295960321,0.435883760452271
LightGBM,Baseline,4,"{'colsample_bytree': 0.6, 'learning_rate': 0.05, 'max_depth': 5, 'min_child_samples': 100, 'n_estimators': 1000, 'num_leaves': 62, 'subsample': 0.8}",7.08398863713353,0.802917730366513,0.446457624435425
LightGBM,Baseline,4,"{'colsample_bytree': 0.6, 'learning_rate': 0.05, 'max_depth': 9, 'min_child_samples': 50, 'n_estimators': 500, 'num_leaves': 15, 'subsample': 0.6}",6.96886422794608,0.809271387234279,0.248210906982422
LightGBM,Baseline,4,"{'colsample_bytree': 0.6, 'learning_rate': 0.05, 'max_depth': 9, 'min_child_samples': 50, 'n_estimators': 500, 'num_leaves': 15, 'subsample': 0.8}",6.96889654642581,0.809269618201937,0.244528293609619
LightGBM,Baseline,4,"{'colsample_bytree': 0.6, 'learning_rate': 0.05, 'max_depth': 9, 'min_child_samples': 50, 'n_estimators': 500, 'num_leaves': 31, 'subsample': 0.6}",6.96888237180854,0.809270394085866,0.245315551757813
LightGBM,Baseline,4,"{'colsample_bytree': 0.6, 'learning_rate': 0.05, 'max_depth': 9, 'min_child_samples': 50, 'n_estimators': 500, 'num_leaves': 31, 'subsample': 0.8}",6.96890186223571,0.809269327227081,0.24899697303772
LightGBM,Baseline,4,"{'colsample_bytree': 0.6, 'learning_rate': 0.05, 'max_depth': 9, 'min_child_samples': 50, 'n_estimators': 500, 'num_leaves': 62, 'subsample': 0.6}",6.96891702985599,0.809268496986212,0.244723796844482
LightGBM,Baseline,4,"{'colsample_bytree': 0.6, 'learning_rate': 0.05, 'max_depth': 9, 'min_child_samples': 50, 'n_estimators': 500, 'num_leaves': 62, 'subsample': 0.8}",6.96888811293101,0.809270079831034,0.2449049949646
LightGBM,Baseline,4,"{'colsample_bytree': 0.6, 'learning_rate': 0.05, 'max_depth': 9, 'min_child_samples': 50, 'n_estimators': 750, 'num_leaves': 15, 'subsample': 0.6}",6.96889899161598,0.809269484358041,0.247372388839722
LightGBM,Baseline,4,"{'colsample_bytree': 0.6, 'learning_rate': 0.05, 'max_depth': 9, 'min_child_samples': 50, 'n_estimators': 750, 'num_leaves': 15, 'subsample': 0.8}",6.96888345093867,0.809270335016974,0.246848344802856
LightGBM,Baseline,4,"{'colsample_bytree': 0.6, 'learning_rate': 0.05, 'max_depth': 9, 'min_child_samples': 50, 'n_estimators': 750, 'num_leaves': 31, 'subsample': 0.6}",6.9688966415264,0.809269612996358,0.244772911071777
LightGBM,Baseline,4,"{'colsample_bytree': 0.6, 'learning_rate': 0.05, 'max_depth': 9, 'min_child_samples': 50, 'n_estimators': 750, 'num_leaves': 31, 'subsample': 0.8}",6.96887500918628,0.809270797097203,0.246854305267334
LightGBM,Baseline,4,"{'colsample_bytree': 0.6, 'learning_rate': 0.05, 'max_depth': 9, 'min_child_samples': 50, 'n_estimators': 750, 'num_leaves': 62, 'subsample': 0.6}",6.96892357002394,0.809268138991808,0.245343446731567
LightGBM,Baseline,4,"{'colsample_bytree': 0.6, 'learning_rate': 0.05, 'max_depth': 9, 'min_child_samples': 50, 'n_estimators': 750, 'num_leaves': 62, 'subsample': 0.8}",6.96890236732985,0.809269299579411,0.246940612792969
LightGBM,Baseline,4,"{'colsample_bytree': 0.6, 'learning_rate': 0.05, 'max_depth': 9, 'min_child_samples': 50, 'n_estimators': 1000, 'num_leaves': 15, 'subsample': 0.6}",6.96890802755096,0.809268989752032,0.25051474571228
LightGBM,Baseline,4,"{'colsample_bytree': 0.6, 'learning_rate': 0.05, 'max_depth': 9, 'min_child_samples': 50, 'n_estimators': 1000, 'num_leaves': 15, 'subsample': 0.8}",6.96889365726856,0.809269776347477,0.252103567123413
LightGBM,Baseline,4,"{'colsample_bytree': 0.6, 'learning_rate': 0.05, 'max_depth': 9, 'min_child_samples': 50, 'n_estimators': 1000, 'num_leaves': 31, 'subsample': 0.6}",6.96892521118893,0.809268049157995,0.243680238723755
LightGBM,Baseline,4,"{'colsample_bytree': 0.6, 'learning_rate': 0.05, 'max_depth': 9, 'min_child_samples': 50, 'n_estimators': 1000, 'num_leaves': 31, 'subsample': 0.8}",6.96888523410549,0.809270237410849,0.248778581619263
LightGBM,Baseline,4,"{'colsample_bytree': 0.6, 'learning_rate': 0.05, 'max_depth': 9, 'min_child_samples': 50, 'n_estimators': 1000, 'num_leaves': 62, 'subsample': 0.6}",6.96886915557109,0.809271117509002,0.247835636138916
LightGBM,Baseline,4,"{'colsample_bytree': 0.6, 'learning_rate': 0.05, 'max_depth': 9, 'min_child_samples': 50, 'n_estimators': 1000, 'num_leaves': 62, 'subsample': 0.8}",6.96891180317545,0.809268783082963,0.250382661819458
LightGBM,Baseline,4,"{'colsample_bytree': 0.6, 'learning_rate': 0.05, 'max_depth': 9, 'min_child_samples': 100, 'n_estimators': 500, 'num_leaves': 15, 'subsample': 0.6}",7.33902671070315,0.78847155348348,0.313657283782959
LightGBM,Baseline,4,"{'colsample_bytree': 0.6, 'learning_rate': 0.05, 'max_depth': 9, 'min_child_samples': 100, 'n_estimators': 500, 'num_leaves': 15, 'subsample': 0.8}",7.33895963069474,0.788475420280996,0.292011022567749
LightGBM,Baseline,4,"{'colsample_bytree': 0.6, 'learning_rate': 0.05, 'max_depth': 9, 'min_child_samples': 100, 'n_estimators': 500, 'num_leaves': 31, 'subsample': 0.6}",7.33902353528477,0.788471736529871,0.251060724258423
LightGBM,Baseline,4,"{'colsample_bytree': 0.6, 'learning_rate': 0.05, 'max_depth': 9, 'min_child_samples': 100, 'n_estimators': 500, 'num_leaves': 31, 'subsample': 0.8}",7.33898600781567,0.788473899787704,0.243402004241943
LightGBM,Baseline,4,"{'colsample_bytree': 0.6, 'learning_rate': 0.05, 'max_depth': 9, 'min_child_samples': 100, 'n_estimators': 500, 'num_leaves': 62, 'subsample': 0.6}",7.33902353576466,0.788471736502207,0.246390104293823
LightGBM,Baseline,4,"{'colsample_bytree': 0.6, 'learning_rate': 0.05, 'max_depth': 9, 'min_child_samples': 100, 'n_estimators': 500, 'num_leaves': 62, 'subsample': 0.8}",7.3390154600122,0.788472202027068,0.246662139892578
LightGBM,Baseline,4,"{'colsample_bytree': 0.6, 'learning_rate': 0.05, 'max_depth': 9, 'min_child_samples': 100, 'n_estimators': 750, 'num_leaves': 15, 'subsample': 0.6}",7.1539138456384,0.799007776552609,0.334857702255249
LightGBM,Baseline,4,"{'colsample_bytree': 0.6, 'learning_rate': 0.05, 'max_depth': 9, 'min_child_samples': 100, 'n_estimators': 750, 'num_leaves': 15, 'subsample': 0.8}",7.15392503581391,0.799007147766726,0.319916248321533
LightGBM,Baseline,4,"{'colsample_bytree': 0.6, 'learning_rate': 0.05, 'max_depth': 9, 'min_child_samples': 100, 'n_estimators': 750, 'num_leaves': 31, 'subsample': 0.6}",7.1539316698104,0.799006774996117,0.352296590805054
LightGBM,Baseline,4,"{'colsample_bytree': 0.6, 'learning_rate': 0.05, 'max_depth': 9, 'min_child_samples': 100, 'n_estimators': 750, 'num_leaves': 31, 'subsample': 0.8}",7.1538818337257,0.799009575324932,0.351735830307007
LightGBM,Baseline,4,"{'colsample_bytree': 0.6, 'learning_rate': 0.05, 'max_depth': 9, 'min_child_samples': 100, 'n_estimators': 750, 'num_leaves': 62, 'subsample': 0.6}",7.15390273600625,0.799008400811715,0.346424341201782
LightGBM,Baseline,4,"{'colsample_bytree': 0.6, 'learning_rate': 0.05, 'max_depth': 9, 'min_child_samples': 100, 'n_estimators': 750, 'num_leaves': 62, 'subsample': 0.8}",7.15386575844216,0.799010478603602,0.365164518356323
LightGBM,Baseline,4,"{'colsample_bytree': 0.6, 'learning_rate': 0.05, 'max_depth': 9, 'min_child_samples': 100, 'n_estimators': 1000, 'num_leaves': 15, 'subsample': 0.6}",7.0861291892742,0.802798608602568,0.438202619552612
LightGBM,Baseline,4,"{'colsample_bytree': 0.6, 'learning_rate': 0.05, 'max_depth': 9, 'min_child_samples': 100, 'n_estimators': 1000, 'num_leaves': 15, 'subsample': 0.8}",7.08604918180865,0.802803061666868,0.443256378173828
LightGBM,Baseline,4,"{'colsample_bytree': 0.6, 'learning_rate': 0.05, 'max_depth': 9, 'min_child_samples': 100, 'n_estimators': 1000, 'num_leaves': 31, 'subsample': 0.6}",7.08600534944483,0.802805501272067,0.448764801025391
LightGBM,Baseline,4,"{'colsample_bytree': 0.6, 'learning_rate': 0.05, 'max_depth': 9, 'min_child_samples': 100, 'n_estimators': 1000, 'num_leaves': 31, 'subsample': 0.8}",7.08609330623103,0.802800605791142,0.436862468719482
LightGBM,Baseline,4,"{'colsample_bytree': 0.6, 'learning_rate': 0.05, 'max_depth': 9, 'min_child_samples': 100, 'n_estimators': 1000, 'num_leaves': 62, 'subsample': 0.6}",7.08597198588245,0.802807358198543,0.453290939331055
LightGBM,Baseline,4,"{'colsample_bytree': 0.6, 'learning_rate': 0.05, 'max_depth': 9, 'min_child_samples': 100, 'n_estimators': 1000, 'num_leaves': 62, 'subsample': 0.8}",7.08605586175025,0.802802689875869,0.448107481002808
LightGBM,Baseline,4,"{'colsample_bytree': 0.8, 'learning_rate': 0.01, 'max_depth': 3, 'min_child_samples': 50, 'n_estimators': 500, 'num_leaves': 15, 'subsample': 0.6}",7.22722007086091,0.794867533562725,0.21977686882019
LightGBM,Baseline,4,"{'colsample_bytree': 0.8, 'learning_rate': 0.01, 'max_depth': 3, 'min_child_samples': 50, 'n_estimators': 500, 'num_leaves': 15, 'subsample': 0.8}",7.22722007132653,0.794867533536293,0.221379041671753
LightGBM,Baseline,4,"{'colsample_bytree': 0.8, 'learning_rate': 0.01, 'max_depth': 3, 'min_child_samples': 50, 'n_estimators': 500, 'num_leaves': 31, 'subsample': 0.6}",7.22722007113448,0.794867533547195,0.220595836639404
LightGBM,Baseline,4,"{'colsample_bytree': 0.8, 'learning_rate': 0.01, 'max_depth': 3, 'min_child_samples': 50, 'n_estimators': 500, 'num_leaves': 31, 'subsample': 0.8}",7.22722007067741,0.794867533573142,0.214495897293091
LightGBM,Baseline,4,"{'colsample_bytree': 0.8, 'learning_rate': 0.01, 'max_depth': 3, 'min_child_samples': 50, 'n_estimators': 500, 'num_leaves': 62, 'subsample': 0.6}",7.22722007041671,0.794867533587941,0.222708702087402
LightGBM,Baseline,4,"{'colsample_bytree': 0.8, 'learning_rate': 0.01, 'max_depth': 3, 'min_child_samples': 50, 'n_estimators': 500, 'num_leaves': 62, 'subsample': 0.8}",7.22722007058019,0.79486753357866,0.222476720809937
LightGBM,Baseline,4,"{'colsample_bytree': 0.8, 'learning_rate': 0.01, 'max_depth': 3, 'min_child_samples': 50, 'n_estimators': 750, 'num_leaves': 15, 'subsample': 0.6}",7.01845399939533,0.806547316342029,0.295954704284668
LightGBM,Baseline,4,"{'colsample_bytree': 0.8, 'learning_rate': 0.01, 'max_depth': 3, 'min_child_samples': 50, 'n_estimators': 750, 'num_leaves': 15, 'subsample': 0.8}",7.01845399887474,0.806547316370727,0.286361932754517
LightGBM,Baseline,4,"{'colsample_bytree': 0.8, 'learning_rate': 0.01, 'max_depth': 3, 'min_child_samples': 50, 'n_estimators': 750, 'num_leaves': 31, 'subsample': 0.6}",7.0184539999706,0.806547316310316,0.288455486297607
LightGBM,Baseline,4,"{'colsample_bytree': 0.8, 'learning_rate': 0.01, 'max_depth': 3, 'min_child_samples': 50, 'n_estimators': 750, 'num_leaves': 31, 'subsample': 0.8}",7.01845399921932,0.806547316351732,0.287878513336182
LightGBM,Baseline,4,"{'colsample_bytree': 0.8, 'learning_rate': 0.01, 'max_depth': 3, 'min_child_samples': 50, 'n_estimators': 750, 'num_leaves': 62, 'subsample': 0.6}",7.01845399954647,0.806547316333697,0.281492948532105
LightGBM,Baseline,4,"{'colsample_bytree': 0.8, 'learning_rate': 0.01, 'max_depth': 3, 'min_child_samples': 50, 'n_estimators': 750, 'num_leaves': 62, 'subsample': 0.8}",7.01845399954142,0.806547316333975,0.28316593170166
LightGBM,Baseline,4,"{'colsample_bytree': 0.8, 'learning_rate': 0.01, 'max_depth': 3, 'min_child_samples': 50, 'n_estimators': 1000, 'num_leaves': 15, 'subsample': 0.6}",6.98953565774098,0.808138209595129,0.34768557548523
LightGBM,Baseline,4,"{'colsample_bytree': 0.8, 'learning_rate': 0.01, 'max_depth': 3, 'min_child_samples': 50, 'n_estimators': 1000, 'num_leaves': 15, 'subsample': 0.8}",6.98953609244299,0.808138185730108,0.353099584579468
LightGBM,Baseline,4,"{'colsample_bytree': 0.8, 'learning_rate': 0.01, 'max_depth': 3, 'min_child_samples': 50, 'n_estimators': 1000, 'num_leaves': 31, 'subsample': 0.6}",6.98953652524787,0.808138161969237,0.416406393051147
LightGBM,Baseline,4,"{'colsample_bytree': 0.8, 'learning_rate': 0.01, 'max_depth': 3, 'min_child_samples': 50, 'n_estimators': 1000, 'num_leaves': 31, 'subsample': 0.8}",6.9895356579523,0.808138209583528,0.377519369125366
LightGBM,Baseline,4,"{'colsample_bytree': 0.8, 'learning_rate': 0.01, 'max_depth': 3, 'min_child_samples': 50, 'n_estimators': 1000, 'num_leaves': 62, 'subsample': 0.6}",6.98953565754988,0.808138209605621,0.368515968322754
LightGBM,Baseline,4,"{'colsample_bytree': 0.8, 'learning_rate': 0.01, 'max_depth': 3, 'min_child_samples': 50, 'n_estimators': 1000, 'num_leaves': 62, 'subsample': 0.8}",6.98953565755104,0.808138209605557,0.315773963928223
LightGBM,Baseline,4,"{'colsample_bytree': 0.8, 'learning_rate': 0.01, 'max_depth': 3, 'min_child_samples': 100, 'n_estimators': 500, 'num_leaves': 15, 'subsample': 0.6}",8.93902469082166,0.686186142816454,0.207901000976563
LightGBM,Baseline,4,"{'colsample_bytree': 0.8, 'learning_rate': 0.01, 'max_depth': 3, 'min_child_samples': 100, 'n_estimators': 500, 'num_leaves': 15, 'subsample': 0.8}",8.93902468976853,0.686186142890397,0.20644474029541
LightGBM,Baseline,4,"{'colsample_bytree': 0.8, 'learning_rate': 0.01, 'max_depth': 3, 'min_child_samples': 100, 'n_estimators': 500, 'num_leaves': 31, 'subsample': 0.6}",8.9390246913428,0.686186142779864,0.209218502044678
LightGBM,Baseline,4,"{'colsample_bytree': 0.8, 'learning_rate': 0.01, 'max_depth': 3, 'min_child_samples': 100, 'n_estimators': 500, 'num_leaves': 31, 'subsample': 0.8}",8.93902469176483,0.686186142750233,0.205190896987915
LightGBM,Baseline,4,"{'colsample_bytree': 0.8, 'learning_rate': 0.01, 'max_depth': 3, 'min_child_samples': 100, 'n_estimators': 500, 'num_leaves': 62, 'subsample': 0.6}",8.93902469147324,0.686186142770706,0.211445569992065
LightGBM,Baseline,4,"{'colsample_bytree': 0.8, 'learning_rate': 0.01, 'max_depth': 3, 'min_child_samples': 100, 'n_estimators': 500, 'num_leaves': 62, 'subsample': 0.8}",8.93902469094,0.686186142808145,0.221880912780762
LightGBM,Baseline,4,"{'colsample_bytree': 0.8, 'learning_rate': 0.01, 'max_depth': 3, 'min_child_samples': 100, 'n_estimators': 750, 'num_leaves': 15, 'subsample': 0.6}",8.33197960420073,0.727360837142959,0.287856101989746
LightGBM,Baseline,4,"{'colsample_bytree': 0.8, 'learning_rate': 0.01, 'max_depth': 3, 'min_child_samples': 100, 'n_estimators': 750, 'num_leaves': 15, 'subsample': 0.8}",8.3319796056943,0.727360837045214,0.290955066680908
LightGBM,Baseline,4,"{'colsample_bytree': 0.8, 'learning_rate': 0.01, 'max_depth': 3, 'min_child_samples': 100, 'n_estimators': 750, 'num_leaves': 31, 'subsample': 0.6}",8.33197960436181,0.727360837132417,0.293225049972534
LightGBM,Baseline,4,"{'colsample_bytree': 0.8, 'learning_rate': 0.01, 'max_depth': 3, 'min_child_samples': 100, 'n_estimators': 750, 'num_leaves': 31, 'subsample': 0.8}",8.33197960516909,0.727360837079586,0.285828351974487
LightGBM,Baseline,4,"{'colsample_bytree': 0.8, 'learning_rate': 0.01, 'max_depth': 3, 'min_child_samples': 100, 'n_estimators': 750, 'num_leaves': 62, 'subsample': 0.6}",8.33197960527405,0.727360837072717,0.304017782211304
LightGBM,Baseline,4,"{'colsample_bytree': 0.8, 'learning_rate': 0.01, 'max_depth': 3, 'min_child_samples': 100, 'n_estimators': 750, 'num_leaves': 62, 'subsample': 0.8}",8.33197960588474,0.727360837032751,0.371577024459839
LightGBM,Baseline,4,"{'colsample_bytree': 0.8, 'learning_rate': 0.01, 'max_depth': 3, 'min_child_samples': 100, 'n_estimators': 1000, 'num_leaves': 15, 'subsample': 0.6}",8.02689260262809,0.746961416462232,0.338443279266357
LightGBM,Baseline,4,"{'colsample_bytree': 0.8, 'learning_rate': 0.01, 'max_depth': 3, 'min_child_samples': 100, 'n_estimators': 1000, 'num_leaves': 15, 'subsample': 0.8}",8.02689260323076,0.746961416424236,0.326942920684814
LightGBM,Baseline,4,"{'colsample_bytree': 0.8, 'learning_rate': 0.01, 'max_depth': 3, 'min_child_samples': 100, 'n_estimators': 1000, 'num_leaves': 31, 'subsample': 0.6}",8.02689260299678,0.746961416438987,0.338971614837647
LightGBM,Baseline,4,"{'colsample_bytree': 0.8, 'learning_rate': 0.01, 'max_depth': 3, 'min_child_samples': 100, 'n_estimators': 1000, 'num_leaves': 31, 'subsample': 0.8}",8.02689260311535,0.746961416431512,0.345719575881958
LightGBM,Baseline,4,"{'colsample_bytree': 0.8, 'learning_rate': 0.01, 'max_depth': 3, 'min_child_samples': 100, 'n_estimators': 1000, 'num_leaves': 62, 'subsample': 0.6}",8.02689260236309,0.74696141647894,0.335631370544434
LightGBM,Baseline,4,"{'colsample_bytree': 0.8, 'learning_rate': 0.01, 'max_depth': 3, 'min_child_samples': 100, 'n_estimators': 1000, 'num_leaves': 62, 'subsample': 0.8}",8.02689260276007,0.746961416453911,0.361652612686157
LightGBM,Baseline,4,"{'colsample_bytree': 0.8, 'learning_rate': 0.01, 'max_depth': 5, 'min_child_samples': 50, 'n_estimators': 500, 'num_leaves': 15, 'subsample': 0.6}",7.21474155961554,0.795575285073018,0.288241386413574
LightGBM,Baseline,4,"{'colsample_bytree': 0.8, 'learning_rate': 0.01, 'max_depth': 5, 'min_child_samples': 50, 'n_estimators': 500, 'num_leaves': 15, 'subsample': 0.8}",7.21473855005616,0.795575455620552,0.294162511825562
LightGBM,Baseline,4,"{'colsample_bytree': 0.8, 'learning_rate': 0.01, 'max_depth': 5, 'min_child_samples': 50, 'n_estimators': 500, 'num_leaves': 31, 'subsample': 0.6}",7.21473736592015,0.79557552272387,0.299361944198608
LightGBM,Baseline,4,"{'colsample_bytree': 0.8, 'learning_rate': 0.01, 'max_depth': 5, 'min_child_samples': 50, 'n_estimators': 500, 'num_leaves': 31, 'subsample': 0.8}",7.21473855028414,0.795575455607633,0.294793605804443
LightGBM,Baseline,4,"{'colsample_bytree': 0.8, 'learning_rate': 0.01, 'max_depth': 5, 'min_child_samples': 50, 'n_estimators': 500, 'num_leaves': 62, 'subsample': 0.6}",7.21474156038699,0.795575285029301,0.308292388916016
LightGBM,Baseline,4,"{'colsample_bytree': 0.8, 'learning_rate': 0.01, 'max_depth': 5, 'min_child_samples': 50, 'n_estimators': 500, 'num_leaves': 62, 'subsample': 0.8}",7.21474155995353,0.795575285053865,0.379770040512085
LightGBM,Baseline,4,"{'colsample_bytree': 0.8, 'learning_rate': 0.01, 'max_depth': 5, 'min_child_samples': 50, 'n_estimators': 750, 'num_leaves': 15, 'subsample': 0.6}",6.99832002386227,0.807655647267759,0.468424797058105
LightGBM,Baseline,4,"{'colsample_bytree': 0.8, 'learning_rate': 0.01, 'max_depth': 5, 'min_child_samples': 50, 'n_estimators': 750, 'num_leaves': 15, 'subsample': 0.8}",6.99831710223723,0.807655807865719,0.427804946899414
LightGBM,Baseline,4,"{'colsample_bytree': 0.8, 'learning_rate': 0.01, 'max_depth': 5, 'min_child_samples': 50, 'n_estimators': 750, 'num_leaves': 31, 'subsample': 0.6}",6.99831710276614,0.807655807836645,0.438742399215698
LightGBM,Baseline,4,"{'colsample_bytree': 0.8, 'learning_rate': 0.01, 'max_depth': 5, 'min_child_samples': 50, 'n_estimators': 750, 'num_leaves': 31, 'subsample': 0.8}",6.99831710238167,0.807655807857779,0.414894342422485
LightGBM,Baseline,4,"{'colsample_bytree': 0.8, 'learning_rate': 0.01, 'max_depth': 5, 'min_child_samples': 50, 'n_estimators': 750, 'num_leaves': 62, 'subsample': 0.6}",6.99831710242625,0.807655807855329,0.472923994064331
LightGBM,Baseline,4,"{'colsample_bytree': 0.8, 'learning_rate': 0.01, 'max_depth': 5, 'min_child_samples': 50, 'n_estimators': 750, 'num_leaves': 62, 'subsample': 0.8}",6.99831710273571,0.807655807838318,0.470675468444824
LightGBM,Baseline,4,"{'colsample_bytree': 0.8, 'learning_rate': 0.01, 'max_depth': 5, 'min_child_samples': 50, 'n_estimators': 1000, 'num_leaves': 15, 'subsample': 0.6}",6.97806056449782,0.808767671915423,0.503636121749878
LightGBM,Baseline,4,"{'colsample_bytree': 0.8, 'learning_rate': 0.01, 'max_depth': 5, 'min_child_samples': 50, 'n_estimators': 1000, 'num_leaves': 15, 'subsample': 0.8}",6.97806056457609,0.808767671911133,0.529162168502808
LightGBM,Baseline,4,"{'colsample_bytree': 0.8, 'learning_rate': 0.01, 'max_depth': 5, 'min_child_samples': 50, 'n_estimators': 1000, 'num_leaves': 31, 'subsample': 0.6}",6.97805750000881,0.80876783987878,0.512198209762573
LightGBM,Baseline,4,"{'colsample_bytree': 0.8, 'learning_rate': 0.01, 'max_depth': 5, 'min_child_samples': 50, 'n_estimators': 1000, 'num_leaves': 31, 'subsample': 0.8}",6.97805750018099,0.808767839869342,0.514388561248779
LightGBM,Baseline,4,"{'colsample_bytree': 0.8, 'learning_rate': 0.01, 'max_depth': 5, 'min_child_samples': 50, 'n_estimators': 1000, 'num_leaves': 62, 'subsample': 0.6}",6.97806056424333,0.808767671929371,0.478236436843872
LightGBM,Baseline,4,"{'colsample_bytree': 0.8, 'learning_rate': 0.01, 'max_depth': 5, 'min_child_samples': 50, 'n_estimators': 1000, 'num_leaves': 62, 'subsample': 0.8}",6.97806056448364,0.8087676719162,0.419951677322388
LightGBM,Baseline,4,"{'colsample_bytree': 0.8, 'learning_rate': 0.01, 'max_depth': 5, 'min_child_samples': 100, 'n_estimators': 500, 'num_leaves': 15, 'subsample': 0.6}",8.93924747437801,0.686170500519726,0.251274585723877
LightGBM,Baseline,4,"{'colsample_bytree': 0.8, 'learning_rate': 0.01, 'max_depth': 5, 'min_child_samples': 100, 'n_estimators': 500, 'num_leaves': 15, 'subsample': 0.8}",8.93925067854339,0.686170275542893,0.246374607086182
LightGBM,Baseline,4,"{'colsample_bytree': 0.8, 'learning_rate': 0.01, 'max_depth': 5, 'min_child_samples': 100, 'n_estimators': 500, 'num_leaves': 31, 'subsample': 0.6}",8.93924747348535,0.686170500582404,0.253899335861206
LightGBM,Baseline,4,"{'colsample_bytree': 0.8, 'learning_rate': 0.01, 'max_depth': 5, 'min_child_samples': 100, 'n_estimators': 500, 'num_leaves': 31, 'subsample': 0.8}",8.93924747626781,0.686170500387036,0.257307767868042
LightGBM,Baseline,4,"{'colsample_bytree': 0.8, 'learning_rate': 0.01, 'max_depth': 5, 'min_child_samples': 100, 'n_estimators': 500, 'num_leaves': 62, 'subsample': 0.6}",8.93925067931845,0.686170275488472,0.245783090591431
LightGBM,Baseline,4,"{'colsample_bytree': 0.8, 'learning_rate': 0.01, 'max_depth': 5, 'min_child_samples': 100, 'n_estimators': 500, 'num_leaves': 62, 'subsample': 0.8}",8.93925068138246,0.68617027534355,0.273373603820801
LightGBM,Baseline,4,"{'colsample_bytree': 0.8, 'learning_rate': 0.01, 'max_depth': 5, 'min_child_samples': 100, 'n_estimators': 750, 'num_leaves': 15, 'subsample': 0.6}",8.33078741885743,0.727438852974829,0.352525472640991
LightGBM,Baseline,4,"{'colsample_bytree': 0.8, 'learning_rate': 0.01, 'max_depth': 5, 'min_child_samples': 100, 'n_estimators': 750, 'num_leaves': 15, 'subsample': 0.8}",8.33079082140845,0.727438630329993,0.353962659835815
LightGBM,Baseline,4,"{'colsample_bytree': 0.8, 'learning_rate': 0.01, 'max_depth': 5, 'min_child_samples': 100, 'n_estimators': 750, 'num_leaves': 31, 'subsample': 0.6}",8.33078741909231,0.727438852959459,0.36047101020813
LightGBM,Baseline,4,"{'colsample_bytree': 0.8, 'learning_rate': 0.01, 'max_depth': 5, 'min_child_samples': 100, 'n_estimators': 750, 'num_leaves': 31, 'subsample': 0.8}",8.33078741885668,0.727438852974878,0.360871553421021
LightGBM,Baseline,4,"{'colsample_bytree': 0.8, 'learning_rate': 0.01, 'max_depth': 5, 'min_child_samples': 100, 'n_estimators': 750, 'num_leaves': 62, 'subsample': 0.6}",8.33079082124143,0.727438630340922,0.350431203842163
LightGBM,Baseline,4,"{'colsample_bytree': 0.8, 'learning_rate': 0.01, 'max_depth': 5, 'min_child_samples': 100, 'n_estimators': 750, 'num_leaves': 62, 'subsample': 0.8}",8.33079082175923,0.72743863030704,0.359586715698242
LightGBM,Baseline,4,"{'colsample_bytree': 0.8, 'learning_rate': 0.01, 'max_depth': 5, 'min_child_samples': 100, 'n_estimators': 1000, 'num_leaves': 15, 'subsample': 0.6}",8.01829564608235,0.747503144597281,0.436386585235596
LightGBM,Baseline,4,"{'colsample_bytree': 0.8, 'learning_rate': 0.01, 'max_depth': 5, 'min_child_samples': 100, 'n_estimators': 1000, 'num_leaves': 15, 'subsample': 0.8}",8.01829564578527,0.747503144615992,0.42626428604126
LightGBM,Baseline,4,"{'colsample_bytree': 0.8, 'learning_rate': 0.01, 'max_depth': 5, 'min_child_samples': 100, 'n_estimators': 1000, 'num_leaves': 31, 'subsample': 0.6}",8.01829564549057,0.747503144634552,0.452348947525024
LightGBM,Baseline,4,"{'colsample_bytree': 0.8, 'learning_rate': 0.01, 'max_depth': 5, 'min_child_samples': 100, 'n_estimators': 1000, 'num_leaves': 31, 'subsample': 0.8}",8.01829259956921,0.747503336467194,0.432705879211426
LightGBM,Baseline,4,"{'colsample_bytree': 0.8, 'learning_rate': 0.01, 'max_depth': 5, 'min_child_samples': 100, 'n_estimators': 1000, 'num_leaves': 62, 'subsample': 0.6}",8.01829564534383,0.747503144643793,0.436468839645386
LightGBM,Baseline,4,"{'colsample_bytree': 0.8, 'learning_rate': 0.01, 'max_depth': 5, 'min_child_samples': 100, 'n_estimators': 1000, 'num_leaves': 62, 'subsample': 0.8}",8.01829260000727,0.747503336439605,0.436709880828857
LightGBM,Baseline,4,"{'colsample_bytree': 0.8, 'learning_rate': 0.01, 'max_depth': 9, 'min_child_samples': 50, 'n_estimators': 500, 'num_leaves': 15, 'subsample': 0.6}",7.21585416700969,0.795512230288603,0.400629043579102
LightGBM,Baseline,4,"{'colsample_bytree': 0.8, 'learning_rate': 0.01, 'max_depth': 9, 'min_child_samples': 50, 'n_estimators': 500, 'num_leaves': 15, 'subsample': 0.8}",7.21584242698649,0.795512895681543,0.421704769134522
LightGBM,Baseline,4,"{'colsample_bytree': 0.8, 'learning_rate': 0.01, 'max_depth': 9, 'min_child_samples': 50, 'n_estimators': 500, 'num_leaves': 31, 'subsample': 0.6}",7.21584096287901,0.795512978663141,0.395970344543457
LightGBM,Baseline,4,"{'colsample_bytree': 0.8, 'learning_rate': 0.01, 'max_depth': 9, 'min_child_samples': 50, 'n_estimators': 500, 'num_leaves': 31, 'subsample': 0.8}",7.21586349850537,0.795511701403753,0.40573787689209
LightGBM,Baseline,4,"{'colsample_bytree': 0.8, 'learning_rate': 0.01, 'max_depth': 9, 'min_child_samples': 50, 'n_estimators': 500, 'num_leaves': 62, 'subsample': 0.6}",7.21585838637309,0.79551199114617,0.400476217269897
LightGBM,Baseline,4,"{'colsample_bytree': 0.8, 'learning_rate': 0.01, 'max_depth': 9, 'min_child_samples': 50, 'n_estimators': 500, 'num_leaves': 62, 'subsample': 0.8}",7.21584560828291,0.795512715374325,0.415015459060669
LightGBM,Baseline,4,"{'colsample_bytree': 0.8, 'learning_rate': 0.01, 'max_depth': 9, 'min_child_samples': 50, 'n_estimators': 750, 'num_leaves': 15, 'subsample': 0.6}",6.99798355998636,0.807674141812302,0.561061859130859
LightGBM,Baseline,4,"{'colsample_bytree': 0.8, 'learning_rate': 0.01, 'max_depth': 9, 'min_child_samples': 50, 'n_estimators': 750, 'num_leaves': 15, 'subsample': 0.8}",6.99798132776199,0.807674264508904,0.553427457809448
LightGBM,Baseline,4,"{'colsample_bytree': 0.8, 'learning_rate': 0.01, 'max_depth': 9, 'min_child_samples': 50, 'n_estimators': 750, 'num_leaves': 31, 'subsample': 0.6}",6.99800457772699,0.807672986547778,0.559098958969116
LightGBM,Baseline,4,"{'colsample_bytree': 0.8, 'learning_rate': 0.01, 'max_depth': 9, 'min_child_samples': 50, 'n_estimators': 750, 'num_leaves': 31, 'subsample': 0.8}",6.99799981033999,0.807673248593046,0.580233097076416
LightGBM,Baseline,4,"{'colsample_bytree': 0.8, 'learning_rate': 0.01, 'max_depth': 9, 'min_child_samples': 50, 'n_estimators': 750, 'num_leaves': 62, 'subsample': 0.6}",6.99798337096579,0.807674152202022,0.546200037002564
LightGBM,Baseline,4,"{'colsample_bytree': 0.8, 'learning_rate': 0.01, 'max_depth': 9, 'min_child_samples': 50, 'n_estimators': 750, 'num_leaves': 62, 'subsample': 0.8}",6.99799247449292,0.80767365181652,0.546515703201294
LightGBM,Baseline,4,"{'colsample_bytree': 0.8, 'learning_rate': 0.01, 'max_depth': 9, 'min_child_samples': 50, 'n_estimators': 1000, 'num_leaves': 15, 'subsample': 0.6}",6.97916094306901,0.80870735585903,0.665096282958984
LightGBM,Baseline,4,"{'colsample_bytree': 0.8, 'learning_rate': 0.01, 'max_depth': 9, 'min_child_samples': 50, 'n_estimators': 1000, 'num_leaves': 15, 'subsample': 0.8}",6.97915363851229,0.808707756281731,0.673301458358765
LightGBM,Baseline,4,"{'colsample_bytree': 0.8, 'learning_rate': 0.01, 'max_depth': 9, 'min_child_samples': 50, 'n_estimators': 1000, 'num_leaves': 31, 'subsample': 0.6}",6.97917335227981,0.808706675607385,0.680074214935303
LightGBM,Baseline,4,"{'colsample_bytree': 0.8, 'learning_rate': 0.01, 'max_depth': 9, 'min_child_samples': 50, 'n_estimators': 1000, 'num_leaves': 31, 'subsample': 0.8}",6.9791756707343,0.808706548513554,0.688280582427979
LightGBM,Baseline,4,"{'colsample_bytree': 0.8, 'learning_rate': 0.01, 'max_depth': 9, 'min_child_samples': 50, 'n_estimators': 1000, 'num_leaves': 62, 'subsample': 0.6}",6.97915763335084,0.808707537291898,0.682186603546143
LightGBM,Baseline,4,"{'colsample_bytree': 0.8, 'learning_rate': 0.01, 'max_depth': 9, 'min_child_samples': 50, 'n_estimators': 1000, 'num_leaves': 62, 'subsample': 0.8}",6.97917184890629,0.808706758019807,0.684566020965576
LightGBM,Baseline,4,"{'colsample_bytree': 0.8, 'learning_rate': 0.01, 'max_depth': 9, 'min_child_samples': 100, 'n_estimators': 500, 'num_leaves': 15, 'subsample': 0.6}",8.9268785807796,0.687038367351291,0.269592761993408
LightGBM,Baseline,4,"{'colsample_bytree': 0.8, 'learning_rate': 0.01, 'max_depth': 9, 'min_child_samples': 100, 'n_estimators': 500, 'num_leaves': 15, 'subsample': 0.8}",8.92687857985122,0.687038367416386,0.270833015441895
LightGBM,Baseline,4,"{'colsample_bytree': 0.8, 'learning_rate': 0.01, 'max_depth': 9, 'min_child_samples': 100, 'n_estimators': 500, 'num_leaves': 31, 'subsample': 0.6}",8.92687557136896,0.687038578361198,0.278545379638672
LightGBM,Baseline,4,"{'colsample_bytree': 0.8, 'learning_rate': 0.01, 'max_depth': 9, 'min_child_samples': 100, 'n_estimators': 500, 'num_leaves': 31, 'subsample': 0.8}",8.92687858017567,0.687038367393637,0.271194458007813
LightGBM,Baseline,4,"{'colsample_bytree': 0.8, 'learning_rate': 0.01, 'max_depth': 9, 'min_child_samples': 100, 'n_estimators': 500, 'num_leaves': 62, 'subsample': 0.6}",8.92687857903084,0.687038367473909,0.27848219871521
LightGBM,Baseline,4,"{'colsample_bytree': 0.8, 'learning_rate': 0.01, 'max_depth': 9, 'min_child_samples': 100, 'n_estimators': 500, 'num_leaves': 62, 'subsample': 0.8}",8.92687857843714,0.687038367515537,0.286397218704224
LightGBM,Baseline,4,"{'colsample_bytree': 0.8, 'learning_rate': 0.01, 'max_depth': 9, 'min_child_samples': 100, 'n_estimators': 750, 'num_leaves': 15, 'subsample': 0.6}",8.32265702413631,0.727970603033364,0.354003429412842
LightGBM,Baseline,4,"{'colsample_bytree': 0.8, 'learning_rate': 0.01, 'max_depth': 9, 'min_child_samples': 100, 'n_estimators': 750, 'num_leaves': 15, 'subsample': 0.8}",8.32266047868336,0.727970377206795,0.354625940322876
LightGBM,Baseline,4,"{'colsample_bytree': 0.8, 'learning_rate': 0.01, 'max_depth': 9, 'min_child_samples': 100, 'n_estimators': 750, 'num_leaves': 31, 'subsample': 0.6}",8.32265702464271,0.727970603000261,0.35338282585144
LightGBM,Baseline,4,"{'colsample_bytree': 0.8, 'learning_rate': 0.01, 'max_depth': 9, 'min_child_samples': 100, 'n_estimators': 750, 'num_leaves': 31, 'subsample': 0.8}",8.32265702373768,0.727970603059423,0.363049030303955
LightGBM,Baseline,4,"{'colsample_bytree': 0.8, 'learning_rate': 0.01, 'max_depth': 9, 'min_child_samples': 100, 'n_estimators': 750, 'num_leaves': 62, 'subsample': 0.6}",8.32265702303985,0.727970603105041,0.355791091918945
LightGBM,Baseline,4,"{'colsample_bytree': 0.8, 'learning_rate': 0.01, 'max_depth': 9, 'min_child_samples': 100, 'n_estimators': 750, 'num_leaves': 62, 'subsample': 0.8}",8.32265702439251,0.727970603016617,0.368413925170898
LightGBM,Baseline,4,"{'colsample_bytree': 0.8, 'learning_rate': 0.01, 'max_depth': 9, 'min_child_samples': 100, 'n_estimators': 1000, 'num_leaves': 15, 'subsample': 0.6}",8.01536071225363,0.747687953431982,0.437682628631592
LightGBM,Baseline,4,"{'colsample_bytree': 0.8, 'learning_rate': 0.01, 'max_depth': 9, 'min_child_samples': 100, 'n_estimators': 1000, 'num_leaves': 15, 'subsample': 0.8}",8.01535864755011,0.747688083419771,0.436094045639038
LightGBM,Baseline,4,"{'colsample_bytree': 0.8, 'learning_rate': 0.01, 'max_depth': 9, 'min_child_samples': 100, 'n_estimators': 1000, 'num_leaves': 31, 'subsample': 0.6}",8.01535769892775,0.747688143142291,0.446654081344605
LightGBM,Baseline,4,"{'colsample_bytree': 0.8, 'learning_rate': 0.01, 'max_depth': 9, 'min_child_samples': 100, 'n_estimators': 1000, 'num_leaves': 31, 'subsample': 0.8}",8.01535441309428,0.74768835000881,0.441104412078857
LightGBM,Baseline,4,"{'colsample_bytree': 0.8, 'learning_rate': 0.01, 'max_depth': 9, 'min_child_samples': 100, 'n_estimators': 1000, 'num_leaves': 62, 'subsample': 0.6}",8.01535742506802,0.747688160383706,0.44126033782959
LightGBM,Baseline,4,"{'colsample_bytree': 0.8, 'learning_rate': 0.01, 'max_depth': 9, 'min_child_samples': 100, 'n_estimators': 1000, 'num_leaves': 62, 'subsample': 0.8}",8.01535742552053,0.747688160355218,0.442513227462769
LightGBM,Baseline,4,"{'colsample_bytree': 0.8, 'learning_rate': 0.05, 'max_depth': 3, 'min_child_samples': 50, 'n_estimators': 500, 'num_leaves': 15, 'subsample': 0.6}",6.98382797483174,0.80845143187189,0.147403717041016
LightGBM,Baseline,4,"{'colsample_bytree': 0.8, 'learning_rate': 0.05, 'max_depth': 3, 'min_child_samples': 50, 'n_estimators': 500, 'num_leaves': 15, 'subsample': 0.8}",6.98382797605746,0.808451431804653,0.14970326423645
LightGBM,Baseline,4,"{'colsample_bytree': 0.8, 'learning_rate': 0.05, 'max_depth': 3, 'min_child_samples': 50, 'n_estimators': 500, 'num_leaves': 31, 'subsample': 0.6}",6.98382797570236,0.808451431824132,0.152005434036255
LightGBM,Baseline,4,"{'colsample_bytree': 0.8, 'learning_rate': 0.05, 'max_depth': 3, 'min_child_samples': 50, 'n_estimators': 500, 'num_leaves': 31, 'subsample': 0.8}",6.98382797574479,0.808451431821805,0.152114391326904
LightGBM,Baseline,4,"{'colsample_bytree': 0.8, 'learning_rate': 0.05, 'max_depth': 3, 'min_child_samples': 50, 'n_estimators': 500, 'num_leaves': 62, 'subsample': 0.6}",6.98382797696101,0.808451431755089,0.158329010009766
LightGBM,Baseline,4,"{'colsample_bytree': 0.8, 'learning_rate': 0.05, 'max_depth': 3, 'min_child_samples': 50, 'n_estimators': 500, 'num_leaves': 62, 'subsample': 0.8}",6.98382797544829,0.808451431838069,0.150896787643433
LightGBM,Baseline,4,"{'colsample_bytree': 0.8, 'learning_rate': 0.05, 'max_depth': 3, 'min_child_samples': 50, 'n_estimators': 750, 'num_leaves': 15, 'subsample': 0.6}",6.98382797637423,0.808451431787277,0.150319576263428
LightGBM,Baseline,4,"{'colsample_bytree': 0.8, 'learning_rate': 0.05, 'max_depth': 3, 'min_child_samples': 50, 'n_estimators': 750, 'num_leaves': 15, 'subsample': 0.8}",6.98382797545395,0.808451431837759,0.151924610137939
LightGBM,Baseline,4,"{'colsample_bytree': 0.8, 'learning_rate': 0.05, 'max_depth': 3, 'min_child_samples': 50, 'n_estimators': 750, 'num_leaves': 31, 'subsample': 0.6}",6.98382797652743,0.808451431778873,0.156466007232666
LightGBM,Baseline,4,"{'colsample_bytree': 0.8, 'learning_rate': 0.05, 'max_depth': 3, 'min_child_samples': 50, 'n_estimators': 750, 'num_leaves': 31, 'subsample': 0.8}",6.9838279759776,0.808451431809034,0.149692058563232
LightGBM,Baseline,4,"{'colsample_bytree': 0.8, 'learning_rate': 0.05, 'max_depth': 3, 'min_child_samples': 50, 'n_estimators': 750, 'num_leaves': 62, 'subsample': 0.6}",6.98382797486794,0.808451431869904,0.149246454238892
LightGBM,Baseline,4,"{'colsample_bytree': 0.8, 'learning_rate': 0.05, 'max_depth': 3, 'min_child_samples': 50, 'n_estimators': 750, 'num_leaves': 62, 'subsample': 0.8}",6.98382797584004,0.80845143181658,0.144791841506958
LightGBM,Baseline,4,"{'colsample_bytree': 0.8, 'learning_rate': 0.05, 'max_depth': 3, 'min_child_samples': 50, 'n_estimators': 1000, 'num_leaves': 15, 'subsample': 0.6}",6.98382797626267,0.808451431793397,0.147074937820435
LightGBM,Baseline,4,"{'colsample_bytree': 0.8, 'learning_rate': 0.05, 'max_depth': 3, 'min_child_samples': 50, 'n_estimators': 1000, 'num_leaves': 15, 'subsample': 0.8}",6.98382797645399,0.808451431782902,0.156115531921387
LightGBM,Baseline,4,"{'colsample_bytree': 0.8, 'learning_rate': 0.05, 'max_depth': 3, 'min_child_samples': 50, 'n_estimators': 1000, 'num_leaves': 31, 'subsample': 0.6}",6.98382797417495,0.808451431907918,0.152515649795532
LightGBM,Baseline,4,"{'colsample_bytree': 0.8, 'learning_rate': 0.05, 'max_depth': 3, 'min_child_samples': 50, 'n_estimators': 1000, 'num_leaves': 31, 'subsample': 0.8}",6.9838279748894,0.808451431868727,0.148924589157105
LightGBM,Baseline,4,"{'colsample_bytree': 0.8, 'learning_rate': 0.05, 'max_depth': 3, 'min_child_samples': 50, 'n_estimators': 1000, 'num_leaves': 62, 'subsample': 0.6}",6.98382797631339,0.808451431790614,0.152402877807617
LightGBM,Baseline,4,"{'colsample_bytree': 0.8, 'learning_rate': 0.05, 'max_depth': 3, 'min_child_samples': 50, 'n_estimators': 1000, 'num_leaves': 62, 'subsample': 0.8}",6.98382797653936,0.808451431778219,0.154849290847778
LightGBM,Baseline,4,"{'colsample_bytree': 0.8, 'learning_rate': 0.05, 'max_depth': 3, 'min_child_samples': 100, 'n_estimators': 500, 'num_leaves': 15, 'subsample': 0.6}",7.28889697010079,0.791351404270754,0.226835012435913
LightGBM,Baseline,4,"{'colsample_bytree': 0.8, 'learning_rate': 0.05, 'max_depth': 3, 'min_child_samples': 100, 'n_estimators': 500, 'num_leaves': 15, 'subsample': 0.8}",7.28886995581174,0.791352950864992,0.225149869918823
LightGBM,Baseline,4,"{'colsample_bytree': 0.8, 'learning_rate': 0.05, 'max_depth': 3, 'min_child_samples': 100, 'n_estimators': 500, 'num_leaves': 31, 'subsample': 0.6}",7.28889380409054,0.791351585528207,0.226639747619629
LightGBM,Baseline,4,"{'colsample_bytree': 0.8, 'learning_rate': 0.05, 'max_depth': 3, 'min_child_samples': 100, 'n_estimators': 500, 'num_leaves': 31, 'subsample': 0.8}",7.28886995534307,0.791352950891824,0.228347539901733
LightGBM,Baseline,4,"{'colsample_bytree': 0.8, 'learning_rate': 0.05, 'max_depth': 3, 'min_child_samples': 100, 'n_estimators': 500, 'num_leaves': 62, 'subsample': 0.6}",7.28884152676529,0.791354578449274,0.230557203292847
LightGBM,Baseline,4,"{'colsample_bytree': 0.8, 'learning_rate': 0.05, 'max_depth': 3, 'min_child_samples': 100, 'n_estimators': 500, 'num_leaves': 62, 'subsample': 0.8}",7.28884152655808,0.791354578461137,0.220139980316162
LightGBM,Baseline,4,"{'colsample_bytree': 0.8, 'learning_rate': 0.05, 'max_depth': 3, 'min_child_samples': 100, 'n_estimators': 750, 'num_leaves': 15, 'subsample': 0.6}",7.15045925116062,0.799201846258133,0.284471035003662
LightGBM,Baseline,4,"{'colsample_bytree': 0.8, 'learning_rate': 0.05, 'max_depth': 3, 'min_child_samples': 100, 'n_estimators': 750, 'num_leaves': 15, 'subsample': 0.8}",7.15049039617912,0.79920009703459,0.283382177352905
LightGBM,Baseline,4,"{'colsample_bytree': 0.8, 'learning_rate': 0.05, 'max_depth': 3, 'min_child_samples': 100, 'n_estimators': 750, 'num_leaves': 31, 'subsample': 0.6}",7.15047817181288,0.799200783602733,0.288487672805786
LightGBM,Baseline,4,"{'colsample_bytree': 0.8, 'learning_rate': 0.05, 'max_depth': 3, 'min_child_samples': 100, 'n_estimators': 750, 'num_leaves': 31, 'subsample': 0.8}",7.15047704794739,0.799200846723349,0.27746319770813
LightGBM,Baseline,4,"{'colsample_bytree': 0.8, 'learning_rate': 0.05, 'max_depth': 3, 'min_child_samples': 100, 'n_estimators': 750, 'num_leaves': 62, 'subsample': 0.6}",7.15044050308095,0.79920289921843,0.296142339706421
LightGBM,Baseline,4,"{'colsample_bytree': 0.8, 'learning_rate': 0.05, 'max_depth': 3, 'min_child_samples': 100, 'n_estimators': 750, 'num_leaves': 62, 'subsample': 0.8}",7.15047817030327,0.799200783687519,0.287837505340576
LightGBM,Baseline,4,"{'colsample_bytree': 0.8, 'learning_rate': 0.05, 'max_depth': 3, 'min_child_samples': 100, 'n_estimators': 1000, 'num_leaves': 15, 'subsample': 0.6}",7.09171405344358,0.802487641370121,0.351435899734497
LightGBM,Baseline,4,"{'colsample_bytree': 0.8, 'learning_rate': 0.05, 'max_depth': 3, 'min_child_samples': 100, 'n_estimators': 1000, 'num_leaves': 15, 'subsample': 0.8}",7.09172616143176,0.802486966926869,0.350221633911133
LightGBM,Baseline,4,"{'colsample_bytree': 0.8, 'learning_rate': 0.05, 'max_depth': 3, 'min_child_samples': 100, 'n_estimators': 1000, 'num_leaves': 31, 'subsample': 0.6}",7.09174020826438,0.802486184484005,0.358191251754761
LightGBM,Baseline,4,"{'colsample_bytree': 0.8, 'learning_rate': 0.05, 'max_depth': 3, 'min_child_samples': 100, 'n_estimators': 1000, 'num_leaves': 31, 'subsample': 0.8}",7.09172609582508,0.802486970581317,0.357366561889648
LightGBM,Baseline,4,"{'colsample_bytree': 0.8, 'learning_rate': 0.05, 'max_depth': 3, 'min_child_samples': 100, 'n_estimators': 1000, 'num_leaves': 62, 'subsample': 0.6}",7.09174830313035,0.802485733579507,0.368415832519531
LightGBM,Baseline,4,"{'colsample_bytree': 0.8, 'learning_rate': 0.05, 'max_depth': 3, 'min_child_samples': 100, 'n_estimators': 1000, 'num_leaves': 62, 'subsample': 0.8}",7.0917330190932,0.802486584938581,0.35424280166626
LightGBM,Baseline,4,"{'colsample_bytree': 0.8, 'learning_rate': 0.05, 'max_depth': 5, 'min_child_samples': 50, 'n_estimators': 500, 'num_leaves': 15, 'subsample': 0.6}",6.97462035908125,0.808956181693106,0.204102516174316
LightGBM,Baseline,4,"{'colsample_bytree': 0.8, 'learning_rate': 0.05, 'max_depth': 5, 'min_child_samples': 50, 'n_estimators': 500, 'num_leaves': 15, 'subsample': 0.8}",6.97462035839805,0.808956181730533,0.200625896453857
LightGBM,Baseline,4,"{'colsample_bytree': 0.8, 'learning_rate': 0.05, 'max_depth': 5, 'min_child_samples': 50, 'n_estimators': 500, 'num_leaves': 31, 'subsample': 0.6}",6.97462035836946,0.808956181732099,0.215175151824951
LightGBM,Baseline,4,"{'colsample_bytree': 0.8, 'learning_rate': 0.05, 'max_depth': 5, 'min_child_samples': 50, 'n_estimators': 500, 'num_leaves': 31, 'subsample': 0.8}",6.97462035735824,0.808956181787496,0.199880599975586
LightGBM,Baseline,4,"{'colsample_bytree': 0.8, 'learning_rate': 0.05, 'max_depth': 5, 'min_child_samples': 50, 'n_estimators': 500, 'num_leaves': 62, 'subsample': 0.6}",6.97462035844992,0.808956181727691,0.205191850662231
LightGBM,Baseline,4,"{'colsample_bytree': 0.8, 'learning_rate': 0.05, 'max_depth': 5, 'min_child_samples': 50, 'n_estimators': 500, 'num_leaves': 62, 'subsample': 0.8}",6.97462035987971,0.808956181649364,0.208642959594727
LightGBM,Baseline,4,"{'colsample_bytree': 0.8, 'learning_rate': 0.05, 'max_depth': 5, 'min_child_samples': 50, 'n_estimators': 750, 'num_leaves': 15, 'subsample': 0.6}",6.97462035892186,0.808956181701837,0.200768709182739
LightGBM,Baseline,4,"{'colsample_bytree': 0.8, 'learning_rate': 0.05, 'max_depth': 5, 'min_child_samples': 50, 'n_estimators': 750, 'num_leaves': 15, 'subsample': 0.8}",6.97462035780319,0.808956181763121,0.195513725280762
LightGBM,Baseline,4,"{'colsample_bytree': 0.8, 'learning_rate': 0.05, 'max_depth': 5, 'min_child_samples': 50, 'n_estimators': 750, 'num_leaves': 31, 'subsample': 0.6}",6.97462035777471,0.808956181764681,0.199072599411011
LightGBM,Baseline,4,"{'colsample_bytree': 0.8, 'learning_rate': 0.05, 'max_depth': 5, 'min_child_samples': 50, 'n_estimators': 750, 'num_leaves': 31, 'subsample': 0.8}",6.9746203584447,0.808956181727978,0.197547674179077
LightGBM,Baseline,4,"{'colsample_bytree': 0.8, 'learning_rate': 0.05, 'max_depth': 5, 'min_child_samples': 50, 'n_estimators': 750, 'num_leaves': 62, 'subsample': 0.6}",6.97462035871559,0.808956181713137,0.200462102890015
LightGBM,Baseline,4,"{'colsample_bytree': 0.8, 'learning_rate': 0.05, 'max_depth': 5, 'min_child_samples': 50, 'n_estimators': 750, 'num_leaves': 62, 'subsample': 0.8}",6.97462035922224,0.808956181685382,0.209373950958252
LightGBM,Baseline,4,"{'colsample_bytree': 0.8, 'learning_rate': 0.05, 'max_depth': 5, 'min_child_samples': 50, 'n_estimators': 1000, 'num_leaves': 15, 'subsample': 0.6}",6.97462035852084,0.808956181723806,0.211658477783203
LightGBM,Baseline,4,"{'colsample_bytree': 0.8, 'learning_rate': 0.05, 'max_depth': 5, 'min_child_samples': 50, 'n_estimators': 1000, 'num_leaves': 15, 'subsample': 0.8}",6.97462035994654,0.808956181645702,0.207393884658813
LightGBM,Baseline,4,"{'colsample_bytree': 0.8, 'learning_rate': 0.05, 'max_depth': 5, 'min_child_samples': 50, 'n_estimators': 1000, 'num_leaves': 31, 'subsample': 0.6}",6.97462035874214,0.808956181711683,0.202786207199097
LightGBM,Baseline,4,"{'colsample_bytree': 0.8, 'learning_rate': 0.05, 'max_depth': 5, 'min_child_samples': 50, 'n_estimators': 1000, 'num_leaves': 31, 'subsample': 0.8}",6.97462035861771,0.808956181718499,0.212534427642822
LightGBM,Baseline,4,"{'colsample_bytree': 0.8, 'learning_rate': 0.05, 'max_depth': 5, 'min_child_samples': 50, 'n_estimators': 1000, 'num_leaves': 62, 'subsample': 0.6}",6.97462035895526,0.808956181700008,0.207866191864014
LightGBM,Baseline,4,"{'colsample_bytree': 0.8, 'learning_rate': 0.05, 'max_depth': 5, 'min_child_samples': 50, 'n_estimators': 1000, 'num_leaves': 62, 'subsample': 0.8}",6.9746203592499,0.808956181683866,0.204857110977173
LightGBM,Baseline,4,"{'colsample_bytree': 0.8, 'learning_rate': 0.05, 'max_depth': 5, 'min_child_samples': 100, 'n_estimators': 500, 'num_leaves': 15, 'subsample': 0.6}",7.30359655214161,0.790508988790448,0.273257970809937
LightGBM,Baseline,4,"{'colsample_bytree': 0.8, 'learning_rate': 0.05, 'max_depth': 5, 'min_child_samples': 100, 'n_estimators': 500, 'num_leaves': 15, 'subsample': 0.8}",7.3036082843571,0.790508315753365,0.268450498580933
LightGBM,Baseline,4,"{'colsample_bytree': 0.8, 'learning_rate': 0.05, 'max_depth': 5, 'min_child_samples': 100, 'n_estimators': 500, 'num_leaves': 31, 'subsample': 0.6}",7.30358825719538,0.790509464642496,0.276521921157837
LightGBM,Baseline,4,"{'colsample_bytree': 0.8, 'learning_rate': 0.05, 'max_depth': 5, 'min_child_samples': 100, 'n_estimators': 500, 'num_leaves': 31, 'subsample': 0.8}",7.30359946060907,0.790508821941717,0.261335849761963
LightGBM,Baseline,4,"{'colsample_bytree': 0.8, 'learning_rate': 0.05, 'max_depth': 5, 'min_child_samples': 100, 'n_estimators': 500, 'num_leaves': 62, 'subsample': 0.6}",7.3035965528184,0.790508988751623,0.262725591659546
LightGBM,Baseline,4,"{'colsample_bytree': 0.8, 'learning_rate': 0.05, 'max_depth': 5, 'min_child_samples': 100, 'n_estimators': 500, 'num_leaves': 62, 'subsample': 0.8}",7.30356027646817,0.790511069794946,0.270020961761475
LightGBM,Baseline,4,"{'colsample_bytree': 0.8, 'learning_rate': 0.05, 'max_depth': 5, 'min_child_samples': 100, 'n_estimators': 750, 'num_leaves': 15, 'subsample': 0.6}",7.15886479412118,0.798729482320624,0.359015941619873
LightGBM,Baseline,4,"{'colsample_bytree': 0.8, 'learning_rate': 0.05, 'max_depth': 5, 'min_child_samples': 100, 'n_estimators': 750, 'num_leaves': 15, 'subsample': 0.8}",7.15883970698451,0.798730892961077,0.346936225891113
LightGBM,Baseline,4,"{'colsample_bytree': 0.8, 'learning_rate': 0.05, 'max_depth': 5, 'min_child_samples': 100, 'n_estimators': 750, 'num_leaves': 31, 'subsample': 0.6}",7.1588216791518,0.798731906656416,0.352885961532593
LightGBM,Baseline,4,"{'colsample_bytree': 0.8, 'learning_rate': 0.05, 'max_depth': 5, 'min_child_samples': 100, 'n_estimators': 750, 'num_leaves': 31, 'subsample': 0.8}",7.1588397068989,0.798730892965891,0.354531288146973
LightGBM,Baseline,4,"{'colsample_bytree': 0.8, 'learning_rate': 0.05, 'max_depth': 5, 'min_child_samples': 100, 'n_estimators': 750, 'num_leaves': 62, 'subsample': 0.6}",7.15883624226121,0.798731087780803,0.347341537475586
LightGBM,Baseline,4,"{'colsample_bytree': 0.8, 'learning_rate': 0.05, 'max_depth': 5, 'min_child_samples': 100, 'n_estimators': 750, 'num_leaves': 62, 'subsample': 0.8}",7.15886031981583,0.798729733909528,0.347694635391235
LightGBM,Baseline,4,"{'colsample_bytree': 0.8, 'learning_rate': 0.05, 'max_depth': 5, 'min_child_samples': 100, 'n_estimators': 1000, 'num_leaves': 15, 'subsample': 0.6}",7.10379631813535,0.801814058242105,0.431908369064331
LightGBM,Baseline,4,"{'colsample_bytree': 0.8, 'learning_rate': 0.05, 'max_depth': 5, 'min_child_samples': 100, 'n_estimators': 1000, 'num_leaves': 15, 'subsample': 0.8}",7.10377647820071,0.801815165253191,0.447915315628052
LightGBM,Baseline,4,"{'colsample_bytree': 0.8, 'learning_rate': 0.05, 'max_depth': 5, 'min_child_samples': 100, 'n_estimators': 1000, 'num_leaves': 31, 'subsample': 0.6}",7.10379610073314,0.801814070372537,0.425138711929321
LightGBM,Baseline,4,"{'colsample_bytree': 0.8, 'learning_rate': 0.05, 'max_depth': 5, 'min_child_samples': 100, 'n_estimators': 1000, 'num_leaves': 31, 'subsample': 0.8}",7.10375556461992,0.801816332167287,0.42616605758667
LightGBM,Baseline,4,"{'colsample_bytree': 0.8, 'learning_rate': 0.05, 'max_depth': 5, 'min_child_samples': 100, 'n_estimators': 1000, 'num_leaves': 62, 'subsample': 0.6}",7.10379443344759,0.801814163402375,0.424508810043335
LightGBM,Baseline,4,"{'colsample_bytree': 0.8, 'learning_rate': 0.05, 'max_depth': 5, 'min_child_samples': 100, 'n_estimators': 1000, 'num_leaves': 62, 'subsample': 0.8}",7.10379609709363,0.801814070575612,0.4621741771698
LightGBM,Baseline,4,"{'colsample_bytree': 0.8, 'learning_rate': 0.05, 'max_depth': 9, 'min_child_samples': 50, 'n_estimators': 500, 'num_leaves': 15, 'subsample': 0.6}",6.97454167902777,0.808960491964428,0.237308025360107
LightGBM,Baseline,4,"{'colsample_bytree': 0.8, 'learning_rate': 0.05, 'max_depth': 9, 'min_child_samples': 50, 'n_estimators': 500, 'num_leaves': 15, 'subsample': 0.8}",6.97453086429168,0.808961084416335,0.230632543563843
LightGBM,Baseline,4,"{'colsample_bytree': 0.8, 'learning_rate': 0.05, 'max_depth': 9, 'min_child_samples': 50, 'n_estimators': 500, 'num_leaves': 31, 'subsample': 0.6}",6.97453011220467,0.808961125617064,0.228725671768188
LightGBM,Baseline,4,"{'colsample_bytree': 0.8, 'learning_rate': 0.05, 'max_depth': 9, 'min_child_samples': 50, 'n_estimators': 500, 'num_leaves': 31, 'subsample': 0.8}",6.97452831223646,0.808961224222662,0.243980169296265
LightGBM,Baseline,4,"{'colsample_bytree': 0.8, 'learning_rate': 0.05, 'max_depth': 9, 'min_child_samples': 50, 'n_estimators': 500, 'num_leaves': 62, 'subsample': 0.6}",6.9745143136627,0.808961991089636,0.230500459671021
LightGBM,Baseline,4,"{'colsample_bytree': 0.8, 'learning_rate': 0.05, 'max_depth': 9, 'min_child_samples': 50, 'n_estimators': 500, 'num_leaves': 62, 'subsample': 0.8}",6.97451049388436,0.808962200343676,0.237972021102905
LightGBM,Baseline,4,"{'colsample_bytree': 0.8, 'learning_rate': 0.05, 'max_depth': 9, 'min_child_samples': 50, 'n_estimators': 750, 'num_leaves': 15, 'subsample': 0.6}",6.97451749806692,0.808961816642398,0.240083694458008
LightGBM,Baseline,4,"{'colsample_bytree': 0.8, 'learning_rate': 0.05, 'max_depth': 9, 'min_child_samples': 50, 'n_estimators': 750, 'num_leaves': 15, 'subsample': 0.8}",6.97451049388664,0.808962200343551,0.244027614593506
LightGBM,Baseline,4,"{'colsample_bytree': 0.8, 'learning_rate': 0.05, 'max_depth': 9, 'min_child_samples': 50, 'n_estimators': 750, 'num_leaves': 31, 'subsample': 0.6}",6.97450219080403,0.808962655200329,0.230297803878784
LightGBM,Baseline,4,"{'colsample_bytree': 0.8, 'learning_rate': 0.05, 'max_depth': 9, 'min_child_samples': 50, 'n_estimators': 750, 'num_leaves': 31, 'subsample': 0.8}",6.97450767222681,0.808962354918866,0.243115425109863
LightGBM,Baseline,4,"{'colsample_bytree': 0.8, 'learning_rate': 0.05, 'max_depth': 9, 'min_child_samples': 50, 'n_estimators': 750, 'num_leaves': 62, 'subsample': 0.6}",6.97449137658559,0.808963247620525,0.23844838142395
LightGBM,Baseline,4,"{'colsample_bytree': 0.8, 'learning_rate': 0.05, 'max_depth': 9, 'min_child_samples': 50, 'n_estimators': 750, 'num_leaves': 62, 'subsample': 0.8}",6.97451749925498,0.808961816577313,0.238365888595581
LightGBM,Baseline,4,"{'colsample_bytree': 0.8, 'learning_rate': 0.05, 'max_depth': 9, 'min_child_samples': 50, 'n_estimators': 1000, 'num_leaves': 15, 'subsample': 0.6}",6.97451674654108,0.808961857812306,0.233787059783936
LightGBM,Baseline,4,"{'colsample_bytree': 0.8, 'learning_rate': 0.05, 'max_depth': 9, 'min_child_samples': 50, 'n_estimators': 1000, 'num_leaves': 15, 'subsample': 0.8}",6.97450954814526,0.808962252152876,0.241007089614868
LightGBM,Baseline,4,"{'colsample_bytree': 0.8, 'learning_rate': 0.05, 'max_depth': 9, 'min_child_samples': 50, 'n_estimators': 1000, 'num_leaves': 31, 'subsample': 0.6}",6.9745104942953,0.808962200321164,0.243158102035522
LightGBM,Baseline,4,"{'colsample_bytree': 0.8, 'learning_rate': 0.05, 'max_depth': 9, 'min_child_samples': 50, 'n_estimators': 1000, 'num_leaves': 31, 'subsample': 0.8}",6.97453996404488,0.808960585914528,0.232450485229492
LightGBM,Baseline,4,"{'colsample_bytree': 0.8, 'learning_rate': 0.05, 'max_depth': 9, 'min_child_samples': 50, 'n_estimators': 1000, 'num_leaves': 62, 'subsample': 0.6}",6.97449801668963,0.808962883865106,0.247013092041016
LightGBM,Baseline,4,"{'colsample_bytree': 0.8, 'learning_rate': 0.05, 'max_depth': 9, 'min_child_samples': 50, 'n_estimators': 1000, 'num_leaves': 62, 'subsample': 0.8}",6.97451049410261,0.80896220033172,0.238649845123291
LightGBM,Baseline,4,"{'colsample_bytree': 0.8, 'learning_rate': 0.05, 'max_depth': 9, 'min_child_samples': 100, 'n_estimators': 500, 'num_leaves': 15, 'subsample': 0.6}",7.30481695713409,0.790438972536293,0.267290830612183
LightGBM,Baseline,4,"{'colsample_bytree': 0.8, 'learning_rate': 0.05, 'max_depth': 9, 'min_child_samples': 100, 'n_estimators': 500, 'num_leaves': 15, 'subsample': 0.8}",7.30483150754219,0.790438137689499,0.261961460113525
LightGBM,Baseline,4,"{'colsample_bytree': 0.8, 'learning_rate': 0.05, 'max_depth': 9, 'min_child_samples': 100, 'n_estimators': 500, 'num_leaves': 31, 'subsample': 0.6}",7.30481999058637,0.790438798488535,0.270218849182129
LightGBM,Baseline,4,"{'colsample_bytree': 0.8, 'learning_rate': 0.05, 'max_depth': 9, 'min_child_samples': 100, 'n_estimators': 500, 'num_leaves': 31, 'subsample': 0.8}",7.30481057749668,0.790439338574975,0.267691135406494
LightGBM,Baseline,4,"{'colsample_bytree': 0.8, 'learning_rate': 0.05, 'max_depth': 9, 'min_child_samples': 100, 'n_estimators': 500, 'num_leaves': 62, 'subsample': 0.6}",7.30481057816597,0.790439338536574,0.276928186416626
LightGBM,Baseline,4,"{'colsample_bytree': 0.8, 'learning_rate': 0.05, 'max_depth': 9, 'min_child_samples': 100, 'n_estimators': 500, 'num_leaves': 62, 'subsample': 0.8}",7.30480352527781,0.790439743203383,0.269376754760742
LightGBM,Baseline,4,"{'colsample_bytree': 0.8, 'learning_rate': 0.05, 'max_depth': 9, 'min_child_samples': 100, 'n_estimators': 750, 'num_leaves': 15, 'subsample': 0.6}",7.1478701262443,0.79934723478786,0.344470977783203
LightGBM,Baseline,4,"{'colsample_bytree': 0.8, 'learning_rate': 0.05, 'max_depth': 9, 'min_child_samples': 100, 'n_estimators': 750, 'num_leaves': 15, 'subsample': 0.8}",7.14775717679862,0.799353576100486,0.349752187728882
LightGBM,Baseline,4,"{'colsample_bytree': 0.8, 'learning_rate': 0.05, 'max_depth': 9, 'min_child_samples': 100, 'n_estimators': 750, 'num_leaves': 31, 'subsample': 0.6}",7.14784769208831,0.799348494315045,0.348904609680176
LightGBM,Baseline,4,"{'colsample_bytree': 0.8, 'learning_rate': 0.05, 'max_depth': 9, 'min_child_samples': 100, 'n_estimators': 750, 'num_leaves': 31, 'subsample': 0.8}",7.14784193734762,0.799348817404447,0.341963529586792
LightGBM,Baseline,4,"{'colsample_bytree': 0.8, 'learning_rate': 0.05, 'max_depth': 9, 'min_child_samples': 100, 'n_estimators': 750, 'num_leaves': 62, 'subsample': 0.6}",7.14776112432055,0.799353354476735,0.349199533462524
LightGBM,Baseline,4,"{'colsample_bytree': 0.8, 'learning_rate': 0.05, 'max_depth': 9, 'min_child_samples': 100, 'n_estimators': 750, 'num_leaves': 62, 'subsample': 0.8}",7.14782452558262,0.799349794954598,0.344468355178833
LightGBM,Baseline,4,"{'colsample_bytree': 0.8, 'learning_rate': 0.05, 'max_depth': 9, 'min_child_samples': 100, 'n_estimators': 1000, 'num_leaves': 15, 'subsample': 0.6}",7.09702039874743,0.802191955200233,0.425719261169434
LightGBM,Baseline,4,"{'colsample_bytree': 0.8, 'learning_rate': 0.05, 'max_depth': 9, 'min_child_samples': 100, 'n_estimators': 1000, 'num_leaves': 15, 'subsample': 0.8}",7.09699481721355,0.80219338121391,0.430815696716309
LightGBM,Baseline,4,"{'colsample_bytree': 0.8, 'learning_rate': 0.05, 'max_depth': 9, 'min_child_samples': 100, 'n_estimators': 1000, 'num_leaves': 31, 'subsample': 0.6}",7.09712624726891,0.802186054739465,0.431567668914795
LightGBM,Baseline,4,"{'colsample_bytree': 0.8, 'learning_rate': 0.05, 'max_depth': 9, 'min_child_samples': 100, 'n_estimators': 1000, 'num_leaves': 31, 'subsample': 0.8}",7.09707681395094,0.802188810380342,0.424005270004272
LightGBM,Baseline,4,"{'colsample_bytree': 0.8, 'learning_rate': 0.05, 'max_depth': 9, 'min_child_samples': 100, 'n_estimators': 1000, 'num_leaves': 62, 'subsample': 0.6}",7.09701865535842,0.802192052383645,0.443606853485107
LightGBM,Baseline,4,"{'colsample_bytree': 0.8, 'learning_rate': 0.05, 'max_depth': 9, 'min_child_samples': 100, 'n_estimators': 1000, 'num_leaves': 62, 'subsample': 0.8}",7.09698381177063,0.802193994698299,0.436813116073608
LightGBM,Baseline,5,"{'colsample_bytree': 0.6, 'learning_rate': 0.01, 'max_depth': 3, 'min_child_samples': 50, 'n_estimators': 500, 'num_leaves': 15, 'subsample': 0.6}",3.70583984688688,0.916753403895408,0.213948726654053
LightGBM,Baseline,5,"{'colsample_bytree': 0.6, 'learning_rate': 0.01, 'max_depth': 3, 'min_child_samples': 50, 'n_estimators': 500, 'num_leaves': 15, 'subsample': 0.8}",3.70583984712498,0.916753403884711,0.216643333435059
LightGBM,Baseline,5,"{'colsample_bytree': 0.6, 'learning_rate': 0.01, 'max_depth': 3, 'min_child_samples': 50, 'n_estimators': 500, 'num_leaves': 31, 'subsample': 0.6}",3.70583984733364,0.916753403875336,0.228176355361938
LightGBM,Baseline,5,"{'colsample_bytree': 0.6, 'learning_rate': 0.01, 'max_depth': 3, 'min_child_samples': 50, 'n_estimators': 500, 'num_leaves': 31, 'subsample': 0.8}",3.70583984797905,0.91675340384634,0.217812061309814
LightGBM,Baseline,5,"{'colsample_bytree': 0.6, 'learning_rate': 0.01, 'max_depth': 3, 'min_child_samples': 50, 'n_estimators': 500, 'num_leaves': 62, 'subsample': 0.6}",3.70583984797145,0.916753403846681,0.224374532699585
LightGBM,Baseline,5,"{'colsample_bytree': 0.6, 'learning_rate': 0.01, 'max_depth': 3, 'min_child_samples': 50, 'n_estimators': 500, 'num_leaves': 62, 'subsample': 0.8}",3.70583984733629,0.916753403875217,0.218426704406738
LightGBM,Baseline,5,"{'colsample_bytree': 0.6, 'learning_rate': 0.01, 'max_depth': 3, 'min_child_samples': 50, 'n_estimators': 750, 'num_leaves': 15, 'subsample': 0.6}",3.62354100887498,0.920409807967459,0.27028751373291
LightGBM,Baseline,5,"{'colsample_bytree': 0.6, 'learning_rate': 0.01, 'max_depth': 3, 'min_child_samples': 50, 'n_estimators': 750, 'num_leaves': 15, 'subsample': 0.8}",3.623541009071,0.920409807958848,0.297421455383301
LightGBM,Baseline,5,"{'colsample_bytree': 0.6, 'learning_rate': 0.01, 'max_depth': 3, 'min_child_samples': 50, 'n_estimators': 750, 'num_leaves': 31, 'subsample': 0.6}",3.62354100861058,0.920409807979075,0.269732475280762
LightGBM,Baseline,5,"{'colsample_bytree': 0.6, 'learning_rate': 0.01, 'max_depth': 3, 'min_child_samples': 50, 'n_estimators': 750, 'num_leaves': 31, 'subsample': 0.8}",3.62354100947446,0.920409807941125,0.287728071212769
LightGBM,Baseline,5,"{'colsample_bytree': 0.6, 'learning_rate': 0.01, 'max_depth': 3, 'min_child_samples': 50, 'n_estimators': 750, 'num_leaves': 62, 'subsample': 0.6}",3.62354101059449,0.920409807891922,0.283774852752686
LightGBM,Baseline,5,"{'colsample_bytree': 0.6, 'learning_rate': 0.01, 'max_depth': 3, 'min_child_samples': 50, 'n_estimators': 750, 'num_leaves': 62, 'subsample': 0.8}",3.62354100917426,0.920409807954312,0.276151657104492
LightGBM,Baseline,5,"{'colsample_bytree': 0.6, 'learning_rate': 0.01, 'max_depth': 3, 'min_child_samples': 50, 'n_estimators': 1000, 'num_leaves': 15, 'subsample': 0.6}",3.62133186536585,0.920506824978292,0.299047470092773
LightGBM,Baseline,5,"{'colsample_bytree': 0.6, 'learning_rate': 0.01, 'max_depth': 3, 'min_child_samples': 50, 'n_estimators': 1000, 'num_leaves': 15, 'subsample': 0.8}",3.62133186584242,0.92050682495737,0.297545433044434
LightGBM,Baseline,5,"{'colsample_bytree': 0.6, 'learning_rate': 0.01, 'max_depth': 3, 'min_child_samples': 50, 'n_estimators': 1000, 'num_leaves': 31, 'subsample': 0.6}",3.62133186579502,0.920506824959451,0.306732177734375
LightGBM,Baseline,5,"{'colsample_bytree': 0.6, 'learning_rate': 0.01, 'max_depth': 3, 'min_child_samples': 50, 'n_estimators': 1000, 'num_leaves': 31, 'subsample': 0.8}",3.6213318653422,0.920506824979331,0.298829317092896
LightGBM,Baseline,5,"{'colsample_bytree': 0.6, 'learning_rate': 0.01, 'max_depth': 3, 'min_child_samples': 50, 'n_estimators': 1000, 'num_leaves': 62, 'subsample': 0.6}",3.62133186486107,0.920506825000454,0.298764705657959
LightGBM,Baseline,5,"{'colsample_bytree': 0.6, 'learning_rate': 0.01, 'max_depth': 3, 'min_child_samples': 50, 'n_estimators': 1000, 'num_leaves': 62, 'subsample': 0.8}",3.62133186610068,0.920506824946032,0.303914070129395
LightGBM,Baseline,5,"{'colsample_bytree': 0.6, 'learning_rate': 0.01, 'max_depth': 3, 'min_child_samples': 100, 'n_estimators': 500, 'num_leaves': 15, 'subsample': 0.6}",5.96417224944916,0.78437776345924,0.219251155853271
LightGBM,Baseline,5,"{'colsample_bytree': 0.6, 'learning_rate': 0.01, 'max_depth': 3, 'min_child_samples': 100, 'n_estimators': 500, 'num_leaves': 15, 'subsample': 0.8}",5.96417225129302,0.784377763325919,0.217095375061035
LightGBM,Baseline,5,"{'colsample_bytree': 0.6, 'learning_rate': 0.01, 'max_depth': 3, 'min_child_samples': 100, 'n_estimators': 500, 'num_leaves': 31, 'subsample': 0.6}",5.96417225073702,0.78437776336612,0.222653865814209
LightGBM,Baseline,5,"{'colsample_bytree': 0.6, 'learning_rate': 0.01, 'max_depth': 3, 'min_child_samples': 100, 'n_estimators': 500, 'num_leaves': 31, 'subsample': 0.8}",5.96417225073984,0.784377763365917,0.219741344451904
LightGBM,Baseline,5,"{'colsample_bytree': 0.6, 'learning_rate': 0.01, 'max_depth': 3, 'min_child_samples': 100, 'n_estimators': 500, 'num_leaves': 62, 'subsample': 0.6}",5.96417225049482,0.784377763383633,0.226953983306885
LightGBM,Baseline,5,"{'colsample_bytree': 0.6, 'learning_rate': 0.01, 'max_depth': 3, 'min_child_samples': 100, 'n_estimators': 500, 'num_leaves': 62, 'subsample': 0.8}",5.96417225206312,0.784377763270235,0.2317054271698
LightGBM,Baseline,5,"{'colsample_bytree': 0.6, 'learning_rate': 0.01, 'max_depth': 3, 'min_child_samples': 100, 'n_estimators': 750, 'num_leaves': 15, 'subsample': 0.6}",5.36307813651667,0.825650205488182,0.290263414382935
LightGBM,Baseline,5,"{'colsample_bytree': 0.6, 'learning_rate': 0.01, 'max_depth': 3, 'min_child_samples': 100, 'n_estimators': 750, 'num_leaves': 15, 'subsample': 0.8}",5.36307813867937,0.825650205347567,0.30041766166687
LightGBM,Baseline,5,"{'colsample_bytree': 0.6, 'learning_rate': 0.01, 'max_depth': 3, 'min_child_samples': 100, 'n_estimators': 750, 'num_leaves': 31, 'subsample': 0.6}",5.36307813798484,0.825650205392724,0.284639358520508
LightGBM,Baseline,5,"{'colsample_bytree': 0.6, 'learning_rate': 0.01, 'max_depth': 3, 'min_child_samples': 100, 'n_estimators': 750, 'num_leaves': 31, 'subsample': 0.8}",5.36307813661666,0.825650205481682,0.314620733261108
LightGBM,Baseline,5,"{'colsample_bytree': 0.6, 'learning_rate': 0.01, 'max_depth': 3, 'min_child_samples': 100, 'n_estimators': 750, 'num_leaves': 62, 'subsample': 0.6}",5.3630781371178,0.825650205449098,0.292167901992798
LightGBM,Baseline,5,"{'colsample_bytree': 0.6, 'learning_rate': 0.01, 'max_depth': 3, 'min_child_samples': 100, 'n_estimators': 750, 'num_leaves': 62, 'subsample': 0.8}",5.36307813822474,0.825650205377126,0.283757209777832
LightGBM,Baseline,5,"{'colsample_bytree': 0.6, 'learning_rate': 0.01, 'max_depth': 3, 'min_child_samples': 100, 'n_estimators': 1000, 'num_leaves': 15, 'subsample': 0.6}",5.03903574246282,0.846082475877283,0.351866006851196
LightGBM,Baseline,5,"{'colsample_bytree': 0.6, 'learning_rate': 0.01, 'max_depth': 3, 'min_child_samples': 100, 'n_estimators': 1000, 'num_leaves': 15, 'subsample': 0.8}",5.03903574268384,0.846082475863781,0.349757432937622
LightGBM,Baseline,5,"{'colsample_bytree': 0.6, 'learning_rate': 0.01, 'max_depth': 3, 'min_child_samples': 100, 'n_estimators': 1000, 'num_leaves': 31, 'subsample': 0.6}",5.03903574285243,0.846082475853482,0.341209173202515
LightGBM,Baseline,5,"{'colsample_bytree': 0.6, 'learning_rate': 0.01, 'max_depth': 3, 'min_child_samples': 100, 'n_estimators': 1000, 'num_leaves': 31, 'subsample': 0.8}",5.03903574398021,0.846082475784585,0.353807210922241
LightGBM,Baseline,5,"{'colsample_bytree': 0.6, 'learning_rate': 0.01, 'max_depth': 3, 'min_child_samples': 100, 'n_estimators': 1000, 'num_leaves': 62, 'subsample': 0.6}",5.03903574422116,0.846082475769866,0.35731029510498
LightGBM,Baseline,5,"{'colsample_bytree': 0.6, 'learning_rate': 0.01, 'max_depth': 3, 'min_child_samples': 100, 'n_estimators': 1000, 'num_leaves': 62, 'subsample': 0.8}",5.03903574326268,0.846082475828419,0.348352193832397
LightGBM,Baseline,5,"{'colsample_bytree': 0.6, 'learning_rate': 0.01, 'max_depth': 5, 'min_child_samples': 50, 'n_estimators': 500, 'num_leaves': 15, 'subsample': 0.6}",3.70240356374361,0.916907715069679,0.290345191955566
LightGBM,Baseline,5,"{'colsample_bytree': 0.6, 'learning_rate': 0.01, 'max_depth': 5, 'min_child_samples': 50, 'n_estimators': 500, 'num_leaves': 15, 'subsample': 0.8}",3.70240356439602,0.916907715040396,0.291955947875977
LightGBM,Baseline,5,"{'colsample_bytree': 0.6, 'learning_rate': 0.01, 'max_depth': 5, 'min_child_samples': 50, 'n_estimators': 500, 'num_leaves': 31, 'subsample': 0.6}",3.70240356493552,0.91690771501618,0.290038824081421
LightGBM,Baseline,5,"{'colsample_bytree': 0.6, 'learning_rate': 0.01, 'max_depth': 5, 'min_child_samples': 50, 'n_estimators': 500, 'num_leaves': 31, 'subsample': 0.8}",3.70240356552367,0.91690771498978,0.300284385681152
LightGBM,Baseline,5,"{'colsample_bytree': 0.6, 'learning_rate': 0.01, 'max_depth': 5, 'min_child_samples': 50, 'n_estimators': 500, 'num_leaves': 62, 'subsample': 0.6}",3.70240356418678,0.916907715049787,0.293106317520142
LightGBM,Baseline,5,"{'colsample_bytree': 0.6, 'learning_rate': 0.01, 'max_depth': 5, 'min_child_samples': 50, 'n_estimators': 500, 'num_leaves': 62, 'subsample': 0.8}",3.70240356513397,0.916907715007272,0.298583984375
LightGBM,Baseline,5,"{'colsample_bytree': 0.6, 'learning_rate': 0.01, 'max_depth': 5, 'min_child_samples': 50, 'n_estimators': 750, 'num_leaves': 15, 'subsample': 0.6}",3.63664789790373,0.919832987403936,0.412530660629272
LightGBM,Baseline,5,"{'colsample_bytree': 0.6, 'learning_rate': 0.01, 'max_depth': 5, 'min_child_samples': 50, 'n_estimators': 750, 'num_leaves': 15, 'subsample': 0.8}",3.63664789800733,0.919832987399368,0.380843639373779
LightGBM,Baseline,5,"{'colsample_bytree': 0.6, 'learning_rate': 0.01, 'max_depth': 5, 'min_child_samples': 50, 'n_estimators': 750, 'num_leaves': 31, 'subsample': 0.6}",3.6366478964353,0.919832987468676,0.375959396362305
LightGBM,Baseline,5,"{'colsample_bytree': 0.6, 'learning_rate': 0.01, 'max_depth': 5, 'min_child_samples': 50, 'n_estimators': 750, 'num_leaves': 31, 'subsample': 0.8}",3.63664789768483,0.919832987413587,0.372244596481323
LightGBM,Baseline,5,"{'colsample_bytree': 0.6, 'learning_rate': 0.01, 'max_depth': 5, 'min_child_samples': 50, 'n_estimators': 750, 'num_leaves': 62, 'subsample': 0.6}",3.63664789738985,0.919832987426592,0.381335973739624
LightGBM,Baseline,5,"{'colsample_bytree': 0.6, 'learning_rate': 0.01, 'max_depth': 5, 'min_child_samples': 50, 'n_estimators': 750, 'num_leaves': 62, 'subsample': 0.8}",3.63664789926861,0.91983298734376,0.382806301116943
LightGBM,Baseline,5,"{'colsample_bytree': 0.6, 'learning_rate': 0.01, 'max_depth': 5, 'min_child_samples': 50, 'n_estimators': 1000, 'num_leaves': 15, 'subsample': 0.6}",3.63664789751305,0.91983298742116,0.379135370254517
LightGBM,Baseline,5,"{'colsample_bytree': 0.6, 'learning_rate': 0.01, 'max_depth': 5, 'min_child_samples': 50, 'n_estimators': 1000, 'num_leaves': 15, 'subsample': 0.8}",3.63664789749791,0.919832987421828,0.39406681060791
LightGBM,Baseline,5,"{'colsample_bytree': 0.6, 'learning_rate': 0.01, 'max_depth': 5, 'min_child_samples': 50, 'n_estimators': 1000, 'num_leaves': 31, 'subsample': 0.6}",3.63664789667833,0.919832987457962,0.397653818130493
LightGBM,Baseline,5,"{'colsample_bytree': 0.6, 'learning_rate': 0.01, 'max_depth': 5, 'min_child_samples': 50, 'n_estimators': 1000, 'num_leaves': 31, 'subsample': 0.8}",3.63664789739813,0.919832987426227,0.395982265472412
LightGBM,Baseline,5,"{'colsample_bytree': 0.6, 'learning_rate': 0.01, 'max_depth': 5, 'min_child_samples': 50, 'n_estimators': 1000, 'num_leaves': 62, 'subsample': 0.6}",3.63664789858771,0.91983298737378,0.380332469940186
LightGBM,Baseline,5,"{'colsample_bytree': 0.6, 'learning_rate': 0.01, 'max_depth': 5, 'min_child_samples': 50, 'n_estimators': 1000, 'num_leaves': 62, 'subsample': 0.8}",3.63664789794283,0.919832987402212,0.394914627075195
LightGBM,Baseline,5,"{'colsample_bytree': 0.6, 'learning_rate': 0.01, 'max_depth': 5, 'min_child_samples': 100, 'n_estimators': 500, 'num_leaves': 15, 'subsample': 0.6}",5.97784733370375,0.783387841448387,0.27336859703064
LightGBM,Baseline,5,"{'colsample_bytree': 0.6, 'learning_rate': 0.01, 'max_depth': 5, 'min_child_samples': 100, 'n_estimators': 500, 'num_leaves': 15, 'subsample': 0.8}",5.97784733527044,0.783387841334847,0.264283418655396
LightGBM,Baseline,5,"{'colsample_bytree': 0.6, 'learning_rate': 0.01, 'max_depth': 5, 'min_child_samples': 100, 'n_estimators': 500, 'num_leaves': 31, 'subsample': 0.6}",5.9778473341715,0.783387841414489,0.272547006607056
LightGBM,Baseline,5,"{'colsample_bytree': 0.6, 'learning_rate': 0.01, 'max_depth': 5, 'min_child_samples': 100, 'n_estimators': 500, 'num_leaves': 31, 'subsample': 0.8}",5.97784733311751,0.783387841490873,0.261605739593506
LightGBM,Baseline,5,"{'colsample_bytree': 0.6, 'learning_rate': 0.01, 'max_depth': 5, 'min_child_samples': 100, 'n_estimators': 500, 'num_leaves': 62, 'subsample': 0.6}",5.97784733501064,0.783387841353675,0.274829626083374
LightGBM,Baseline,5,"{'colsample_bytree': 0.6, 'learning_rate': 0.01, 'max_depth': 5, 'min_child_samples': 100, 'n_estimators': 500, 'num_leaves': 62, 'subsample': 0.8}",5.97784733476044,0.783387841371807,0.27664589881897
LightGBM,Baseline,5,"{'colsample_bytree': 0.6, 'learning_rate': 0.01, 'max_depth': 5, 'min_child_samples': 100, 'n_estimators': 750, 'num_leaves': 15, 'subsample': 0.6}",5.36843673045115,0.825301623397134,0.359313488006592
LightGBM,Baseline,5,"{'colsample_bytree': 0.6, 'learning_rate': 0.01, 'max_depth': 5, 'min_child_samples': 100, 'n_estimators': 750, 'num_leaves': 15, 'subsample': 0.8}",5.36843673096122,0.825301623363937,0.357808589935303
LightGBM,Baseline,5,"{'colsample_bytree': 0.6, 'learning_rate': 0.01, 'max_depth': 5, 'min_child_samples': 100, 'n_estimators': 750, 'num_leaves': 31, 'subsample': 0.6}",5.3684367311729,0.82530162335016,0.356559753417969
LightGBM,Baseline,5,"{'colsample_bytree': 0.6, 'learning_rate': 0.01, 'max_depth': 5, 'min_child_samples': 100, 'n_estimators': 750, 'num_leaves': 31, 'subsample': 0.8}",5.36843673076941,0.825301623376421,0.353168725967407
LightGBM,Baseline,5,"{'colsample_bytree': 0.6, 'learning_rate': 0.01, 'max_depth': 5, 'min_child_samples': 100, 'n_estimators': 750, 'num_leaves': 62, 'subsample': 0.6}",5.36843672966621,0.82530162344822,0.353233575820923
LightGBM,Baseline,5,"{'colsample_bytree': 0.6, 'learning_rate': 0.01, 'max_depth': 5, 'min_child_samples': 100, 'n_estimators': 750, 'num_leaves': 62, 'subsample': 0.8}",5.36843673021916,0.825301623412233,0.354638814926147
LightGBM,Baseline,5,"{'colsample_bytree': 0.6, 'learning_rate': 0.01, 'max_depth': 5, 'min_child_samples': 100, 'n_estimators': 1000, 'num_leaves': 15, 'subsample': 0.6}",5.02111252556294,0.847175459194214,0.421541690826416
LightGBM,Baseline,5,"{'colsample_bytree': 0.6, 'learning_rate': 0.01, 'max_depth': 5, 'min_child_samples': 100, 'n_estimators': 1000, 'num_leaves': 15, 'subsample': 0.8}",5.02111252655148,0.847175459134039,0.441266059875488
LightGBM,Baseline,5,"{'colsample_bytree': 0.6, 'learning_rate': 0.01, 'max_depth': 5, 'min_child_samples': 100, 'n_estimators': 1000, 'num_leaves': 31, 'subsample': 0.6}",5.02111252499581,0.847175459228736,0.435195684432983
LightGBM,Baseline,5,"{'colsample_bytree': 0.6, 'learning_rate': 0.01, 'max_depth': 5, 'min_child_samples': 100, 'n_estimators': 1000, 'num_leaves': 31, 'subsample': 0.8}",5.02111252726022,0.847175459090896,0.431835412979126
LightGBM,Baseline,5,"{'colsample_bytree': 0.6, 'learning_rate': 0.01, 'max_depth': 5, 'min_child_samples': 100, 'n_estimators': 1000, 'num_leaves': 62, 'subsample': 0.6}",5.02111252711283,0.847175459099868,0.431987047195435
LightGBM,Baseline,5,"{'colsample_bytree': 0.6, 'learning_rate': 0.01, 'max_depth': 5, 'min_child_samples': 100, 'n_estimators': 1000, 'num_leaves': 62, 'subsample': 0.8}",5.02111252685619,0.84717545911549,0.437115907669067
LightGBM,Baseline,5,"{'colsample_bytree': 0.6, 'learning_rate': 0.01, 'max_depth': 9, 'min_child_samples': 50, 'n_estimators': 500, 'num_leaves': 15, 'subsample': 0.6}",3.6978717750394,0.917111002591805,0.395771026611328
LightGBM,Baseline,5,"{'colsample_bytree': 0.6, 'learning_rate': 0.01, 'max_depth': 9, 'min_child_samples': 50, 'n_estimators': 500, 'num_leaves': 15, 'subsample': 0.8}",3.69787315813453,0.917110940586739,0.402648448944092
LightGBM,Baseline,5,"{'colsample_bytree': 0.6, 'learning_rate': 0.01, 'max_depth': 9, 'min_child_samples': 50, 'n_estimators': 500, 'num_leaves': 31, 'subsample': 0.6}",3.69787278533779,0.917110957299465,0.405960559844971
LightGBM,Baseline,5,"{'colsample_bytree': 0.6, 'learning_rate': 0.01, 'max_depth': 9, 'min_child_samples': 50, 'n_estimators': 500, 'num_leaves': 31, 'subsample': 0.8}",3.69787177521121,0.917111002584102,0.389622211456299
LightGBM,Baseline,5,"{'colsample_bytree': 0.6, 'learning_rate': 0.01, 'max_depth': 9, 'min_child_samples': 50, 'n_estimators': 500, 'num_leaves': 62, 'subsample': 0.6}",3.69787276243487,0.917110958326218,0.40712308883667
LightGBM,Baseline,5,"{'colsample_bytree': 0.6, 'learning_rate': 0.01, 'max_depth': 9, 'min_child_samples': 50, 'n_estimators': 500, 'num_leaves': 62, 'subsample': 0.8}",3.69787214709863,0.917110985912147,0.397871494293213
LightGBM,Baseline,5,"{'colsample_bytree': 0.6, 'learning_rate': 0.01, 'max_depth': 9, 'min_child_samples': 50, 'n_estimators': 750, 'num_leaves': 15, 'subsample': 0.6}",3.63273689246765,0.920005324697606,0.546216487884522
LightGBM,Baseline,5,"{'colsample_bytree': 0.6, 'learning_rate': 0.01, 'max_depth': 9, 'min_child_samples': 50, 'n_estimators': 750, 'num_leaves': 15, 'subsample': 0.8}",3.63274449780034,0.920004989750829,0.563024759292603
LightGBM,Baseline,5,"{'colsample_bytree': 0.6, 'learning_rate': 0.01, 'max_depth': 9, 'min_child_samples': 50, 'n_estimators': 750, 'num_leaves': 31, 'subsample': 0.6}",3.63274558779475,0.920004941746282,0.567076206207275
LightGBM,Baseline,5,"{'colsample_bytree': 0.6, 'learning_rate': 0.01, 'max_depth': 9, 'min_child_samples': 50, 'n_estimators': 750, 'num_leaves': 31, 'subsample': 0.8}",3.63273791768521,0.920005279545997,0.564728975296021
LightGBM,Baseline,5,"{'colsample_bytree': 0.6, 'learning_rate': 0.01, 'max_depth': 9, 'min_child_samples': 50, 'n_estimators': 750, 'num_leaves': 62, 'subsample': 0.6}",3.63273798844558,0.920005276429639,0.560558080673218
LightGBM,Baseline,5,"{'colsample_bytree': 0.6, 'learning_rate': 0.01, 'max_depth': 9, 'min_child_samples': 50, 'n_estimators': 750, 'num_leaves': 62, 'subsample': 0.8}",3.63273800337038,0.920005275772336,0.576424360275269
LightGBM,Baseline,5,"{'colsample_bytree': 0.6, 'learning_rate': 0.01, 'max_depth': 9, 'min_child_samples': 50, 'n_estimators': 1000, 'num_leaves': 15, 'subsample': 0.6}",3.63273688358769,0.920005325088688,0.567963123321533
LightGBM,Baseline,5,"{'colsample_bytree': 0.6, 'learning_rate': 0.01, 'max_depth': 9, 'min_child_samples': 50, 'n_estimators': 1000, 'num_leaves': 15, 'subsample': 0.8}",3.63273853253473,0.920005252467402,0.563444375991821
LightGBM,Baseline,5,"{'colsample_bytree': 0.6, 'learning_rate': 0.01, 'max_depth': 9, 'min_child_samples': 50, 'n_estimators': 1000, 'num_leaves': 31, 'subsample': 0.6}",3.63273688293749,0.920005325117324,0.574662923812866
LightGBM,Baseline,5,"{'colsample_bytree': 0.6, 'learning_rate': 0.01, 'max_depth': 9, 'min_child_samples': 50, 'n_estimators': 1000, 'num_leaves': 31, 'subsample': 0.8}",3.632728765955,0.920005682596916,0.565202951431274
LightGBM,Baseline,5,"{'colsample_bytree': 0.6, 'learning_rate': 0.01, 'max_depth': 9, 'min_child_samples': 50, 'n_estimators': 1000, 'num_leaves': 62, 'subsample': 0.6}",3.63273688392528,0.920005325073821,0.572561264038086
LightGBM,Baseline,5,"{'colsample_bytree': 0.6, 'learning_rate': 0.01, 'max_depth': 9, 'min_child_samples': 50, 'n_estimators': 1000, 'num_leaves': 62, 'subsample': 0.8}",3.63273688582751,0.920005324990044,0.576397180557251
LightGBM,Baseline,5,"{'colsample_bytree': 0.6, 'learning_rate': 0.01, 'max_depth': 9, 'min_child_samples': 100, 'n_estimators': 500, 'num_leaves': 15, 'subsample': 0.6}",5.97603435986295,0.783519210686795,0.264960289001465
LightGBM,Baseline,5,"{'colsample_bytree': 0.6, 'learning_rate': 0.01, 'max_depth': 9, 'min_child_samples': 100, 'n_estimators': 500, 'num_leaves': 15, 'subsample': 0.8}",5.97603435945752,0.783519210716169,0.269017219543457
LightGBM,Baseline,5,"{'colsample_bytree': 0.6, 'learning_rate': 0.01, 'max_depth': 9, 'min_child_samples': 100, 'n_estimators': 500, 'num_leaves': 31, 'subsample': 0.6}",5.97603436082757,0.783519210616909,0.27561616897583
LightGBM,Baseline,5,"{'colsample_bytree': 0.6, 'learning_rate': 0.01, 'max_depth': 9, 'min_child_samples': 100, 'n_estimators': 500, 'num_leaves': 31, 'subsample': 0.8}",5.97603436191453,0.783519210538159,0.277918815612793
LightGBM,Baseline,5,"{'colsample_bytree': 0.6, 'learning_rate': 0.01, 'max_depth': 9, 'min_child_samples': 100, 'n_estimators': 500, 'num_leaves': 62, 'subsample': 0.6}",5.97603436141167,0.783519210574591,0.266704797744751
LightGBM,Baseline,5,"{'colsample_bytree': 0.6, 'learning_rate': 0.01, 'max_depth': 9, 'min_child_samples': 100, 'n_estimators': 500, 'num_leaves': 62, 'subsample': 0.8}",5.97603436130639,0.783519210582219,0.271538019180298
LightGBM,Baseline,5,"{'colsample_bytree': 0.6, 'learning_rate': 0.01, 'max_depth': 9, 'min_child_samples': 100, 'n_estimators': 750, 'num_leaves': 15, 'subsample': 0.6}",5.36604296176398,0.825457383552417,0.348743438720703
LightGBM,Baseline,5,"{'colsample_bytree': 0.6, 'learning_rate': 0.01, 'max_depth': 9, 'min_child_samples': 100, 'n_estimators': 750, 'num_leaves': 15, 'subsample': 0.8}",5.36604559215914,0.825457212433337,0.362201690673828
LightGBM,Baseline,5,"{'colsample_bytree': 0.6, 'learning_rate': 0.01, 'max_depth': 9, 'min_child_samples': 100, 'n_estimators': 750, 'num_leaves': 31, 'subsample': 0.6}",5.36604296129739,0.82545738358277,0.362290382385254
LightGBM,Baseline,5,"{'colsample_bytree': 0.6, 'learning_rate': 0.01, 'max_depth': 9, 'min_child_samples': 100, 'n_estimators': 750, 'num_leaves': 31, 'subsample': 0.8}",5.36604296280884,0.825457383484444,0.354247093200684
LightGBM,Baseline,5,"{'colsample_bytree': 0.6, 'learning_rate': 0.01, 'max_depth': 9, 'min_child_samples': 100, 'n_estimators': 750, 'num_leaves': 62, 'subsample': 0.6}",5.36604559212083,0.825457212435829,0.357976198196411
LightGBM,Baseline,5,"{'colsample_bytree': 0.6, 'learning_rate': 0.01, 'max_depth': 9, 'min_child_samples': 100, 'n_estimators': 750, 'num_leaves': 62, 'subsample': 0.8}",5.36604559096933,0.825457212510739,0.359947204589844
LightGBM,Baseline,5,"{'colsample_bytree': 0.6, 'learning_rate': 0.01, 'max_depth': 9, 'min_child_samples': 100, 'n_estimators': 1000, 'num_leaves': 15, 'subsample': 0.6}",5.02436622262036,0.846977333434518,0.446081876754761
LightGBM,Baseline,5,"{'colsample_bytree': 0.6, 'learning_rate': 0.01, 'max_depth': 9, 'min_child_samples': 100, 'n_estimators': 1000, 'num_leaves': 15, 'subsample': 0.8}",5.02436622378941,0.846977333363308,0.439756870269775
LightGBM,Baseline,5,"{'colsample_bytree': 0.6, 'learning_rate': 0.01, 'max_depth': 9, 'min_child_samples': 100, 'n_estimators': 1000, 'num_leaves': 31, 'subsample': 0.6}",5.02436887335799,0.846977171972145,0.469509363174439
LightGBM,Baseline,5,"{'colsample_bytree': 0.6, 'learning_rate': 0.01, 'max_depth': 9, 'min_child_samples': 100, 'n_estimators': 1000, 'num_leaves': 31, 'subsample': 0.8}",5.02436887252217,0.846977172023057,0.468105792999268
LightGBM,Baseline,5,"{'colsample_bytree': 0.6, 'learning_rate': 0.01, 'max_depth': 9, 'min_child_samples': 100, 'n_estimators': 1000, 'num_leaves': 62, 'subsample': 0.6}",5.02436887315132,0.846977171984734,0.457393407821655
LightGBM,Baseline,5,"{'colsample_bytree': 0.6, 'learning_rate': 0.01, 'max_depth': 9, 'min_child_samples': 100, 'n_estimators': 1000, 'num_leaves': 62, 'subsample': 0.8}",5.02436887303202,0.846977171992001,0.436261415481567
LightGBM,Baseline,5,"{'colsample_bytree': 0.6, 'learning_rate': 0.05, 'max_depth': 3, 'min_child_samples': 50, 'n_estimators': 500, 'num_leaves': 15, 'subsample': 0.6}",3.59880964544851,0.921492537095862,0.13918137550354
LightGBM,Baseline,5,"{'colsample_bytree': 0.6, 'learning_rate': 0.05, 'max_depth': 3, 'min_child_samples': 50, 'n_estimators': 500, 'num_leaves': 15, 'subsample': 0.8}",3.59880964317827,0.921492537194912,0.134011745452881
LightGBM,Baseline,5,"{'colsample_bytree': 0.6, 'learning_rate': 0.05, 'max_depth': 3, 'min_child_samples': 50, 'n_estimators': 500, 'num_leaves': 31, 'subsample': 0.6}",3.5988096443755,0.921492537142677,0.134820699691772
LightGBM,Baseline,5,"{'colsample_bytree': 0.6, 'learning_rate': 0.05, 'max_depth': 3, 'min_child_samples': 50, 'n_estimators': 500, 'num_leaves': 31, 'subsample': 0.8}",3.59880964331272,0.921492537189046,0.139086008071899
LightGBM,Baseline,5,"{'colsample_bytree': 0.6, 'learning_rate': 0.05, 'max_depth': 3, 'min_child_samples': 50, 'n_estimators': 500, 'num_leaves': 62, 'subsample': 0.6}",3.59880964420822,0.921492537149975,0.137728691101074
LightGBM,Baseline,5,"{'colsample_bytree': 0.6, 'learning_rate': 0.05, 'max_depth': 3, 'min_child_samples': 50, 'n_estimators': 500, 'num_leaves': 62, 'subsample': 0.8}",3.59880964359405,0.921492537176771,0.145543813705444
LightGBM,Baseline,5,"{'colsample_bytree': 0.6, 'learning_rate': 0.05, 'max_depth': 3, 'min_child_samples': 50, 'n_estimators': 750, 'num_leaves': 15, 'subsample': 0.6}",3.59880964371043,0.921492537171694,0.138579845428467
LightGBM,Baseline,5,"{'colsample_bytree': 0.6, 'learning_rate': 0.05, 'max_depth': 3, 'min_child_samples': 50, 'n_estimators': 750, 'num_leaves': 15, 'subsample': 0.8}",3.59880964297724,0.921492537203683,0.140302181243896
LightGBM,Baseline,5,"{'colsample_bytree': 0.6, 'learning_rate': 0.05, 'max_depth': 3, 'min_child_samples': 50, 'n_estimators': 750, 'num_leaves': 31, 'subsample': 0.6}",3.59880964320976,0.921492537193538,0.137685060501099
LightGBM,Baseline,5,"{'colsample_bytree': 0.6, 'learning_rate': 0.05, 'max_depth': 3, 'min_child_samples': 50, 'n_estimators': 750, 'num_leaves': 31, 'subsample': 0.8}",3.59880964545844,0.921492537095429,0.135966062545776
LightGBM,Baseline,5,"{'colsample_bytree': 0.6, 'learning_rate': 0.05, 'max_depth': 3, 'min_child_samples': 50, 'n_estimators': 750, 'num_leaves': 62, 'subsample': 0.6}",3.59880964533676,0.921492537100737,0.137809753417969
LightGBM,Baseline,5,"{'colsample_bytree': 0.6, 'learning_rate': 0.05, 'max_depth': 3, 'min_child_samples': 50, 'n_estimators': 750, 'num_leaves': 62, 'subsample': 0.8}",3.59880964409631,0.921492537154858,0.14093804359436
LightGBM,Baseline,5,"{'colsample_bytree': 0.6, 'learning_rate': 0.05, 'max_depth': 3, 'min_child_samples': 50, 'n_estimators': 1000, 'num_leaves': 15, 'subsample': 0.6}",3.59880964425222,0.921492537148056,0.133465528488159
LightGBM,Baseline,5,"{'colsample_bytree': 0.6, 'learning_rate': 0.05, 'max_depth': 3, 'min_child_samples': 50, 'n_estimators': 1000, 'num_leaves': 15, 'subsample': 0.8}",3.59880964589513,0.921492537076376,0.139618635177612
LightGBM,Baseline,5,"{'colsample_bytree': 0.6, 'learning_rate': 0.05, 'max_depth': 3, 'min_child_samples': 50, 'n_estimators': 1000, 'num_leaves': 31, 'subsample': 0.6}",3.59880964668765,0.921492537041799,0.138848543167114
LightGBM,Baseline,5,"{'colsample_bytree': 0.6, 'learning_rate': 0.05, 'max_depth': 3, 'min_child_samples': 50, 'n_estimators': 1000, 'num_leaves': 31, 'subsample': 0.8}",3.59880964286428,0.921492537208611,0.135202169418335
LightGBM,Baseline,5,"{'colsample_bytree': 0.6, 'learning_rate': 0.05, 'max_depth': 3, 'min_child_samples': 50, 'n_estimators': 1000, 'num_leaves': 62, 'subsample': 0.6}",3.59880964312251,0.921492537197345,0.137929201126099
LightGBM,Baseline,5,"{'colsample_bytree': 0.6, 'learning_rate': 0.05, 'max_depth': 3, 'min_child_samples': 50, 'n_estimators': 1000, 'num_leaves': 62, 'subsample': 0.8}",3.59880964473125,0.921492537127156,0.157709121704102
LightGBM,Baseline,5,"{'colsample_bytree': 0.6, 'learning_rate': 0.05, 'max_depth': 3, 'min_child_samples': 100, 'n_estimators': 500, 'num_leaves': 15, 'subsample': 0.6}",4.35123602938073,0.885232618013341,0.249631881713867
LightGBM,Baseline,5,"{'colsample_bytree': 0.6, 'learning_rate': 0.05, 'max_depth': 3, 'min_child_samples': 100, 'n_estimators': 500, 'num_leaves': 15, 'subsample': 0.8}",4.35123603038285,0.885232617960478,0.224995613098145
LightGBM,Baseline,5,"{'colsample_bytree': 0.6, 'learning_rate': 0.05, 'max_depth': 3, 'min_child_samples': 100, 'n_estimators': 500, 'num_leaves': 31, 'subsample': 0.6}",4.3512360300949,0.885232617975668,0.223857879638672
LightGBM,Baseline,5,"{'colsample_bytree': 0.6, 'learning_rate': 0.05, 'max_depth': 3, 'min_child_samples': 100, 'n_estimators': 500, 'num_leaves': 31, 'subsample': 0.8}",4.35130245579445,0.88522911388544,0.234568119049072
LightGBM,Baseline,5,"{'colsample_bytree': 0.6, 'learning_rate': 0.05, 'max_depth': 3, 'min_child_samples': 100, 'n_estimators': 500, 'num_leaves': 62, 'subsample': 0.6}",4.35123603293488,0.885232617825854,0.229998350143433
LightGBM,Baseline,5,"{'colsample_bytree': 0.6, 'learning_rate': 0.05, 'max_depth': 3, 'min_child_samples': 100, 'n_estimators': 500, 'num_leaves': 62, 'subsample': 0.8}",4.35123602866805,0.885232618050936,0.222287893295288
LightGBM,Baseline,5,"{'colsample_bytree': 0.6, 'learning_rate': 0.05, 'max_depth': 3, 'min_child_samples': 100, 'n_estimators': 750, 'num_leaves': 15, 'subsample': 0.6}",4.20585664809521,0.892773501714002,0.291179418563843
LightGBM,Baseline,5,"{'colsample_bytree': 0.6, 'learning_rate': 0.05, 'max_depth': 3, 'min_child_samples': 100, 'n_estimators': 750, 'num_leaves': 15, 'subsample': 0.8}",4.20588414940634,0.892772099441325,0.299296617507935
LightGBM,Baseline,5,"{'colsample_bytree': 0.6, 'learning_rate': 0.05, 'max_depth': 3, 'min_child_samples': 100, 'n_estimators': 750, 'num_leaves': 31, 'subsample': 0.6}",4.20581433774877,0.892775659071159,0.300268411636353
LightGBM,Baseline,5,"{'colsample_bytree': 0.6, 'learning_rate': 0.05, 'max_depth': 3, 'min_child_samples': 100, 'n_estimators': 750, 'num_leaves': 31, 'subsample': 0.8}",4.20597461883097,0.892767486403753,0.284353017807007
LightGBM,Baseline,5,"{'colsample_bytree': 0.6, 'learning_rate': 0.05, 'max_depth': 3, 'min_child_samples': 100, 'n_estimators': 750, 'num_leaves': 62, 'subsample': 0.6}",4.20582632043162,0.89277504808979,0.295604228973389
LightGBM,Baseline,5,"{'colsample_bytree': 0.6, 'learning_rate': 0.05, 'max_depth': 3, 'min_child_samples': 100, 'n_estimators': 750, 'num_leaves': 62, 'subsample': 0.8}",4.20584379884857,0.892774156884986,0.288226127624512
LightGBM,Baseline,5,"{'colsample_bytree': 0.6, 'learning_rate': 0.05, 'max_depth': 3, 'min_child_samples': 100, 'n_estimators': 1000, 'num_leaves': 15, 'subsample': 0.6}",4.17353906922127,0.894415016159666,0.354825019836426
LightGBM,Baseline,5,"{'colsample_bytree': 0.6, 'learning_rate': 0.05, 'max_depth': 3, 'min_child_samples': 100, 'n_estimators': 1000, 'num_leaves': 15, 'subsample': 0.8}",4.17356748952618,0.894413578162991,0.364489078521729
LightGBM,Baseline,5,"{'colsample_bytree': 0.6, 'learning_rate': 0.05, 'max_depth': 3, 'min_child_samples': 100, 'n_estimators': 1000, 'num_leaves': 31, 'subsample': 0.6}",4.17358202165844,0.894412842869493,0.36360239982605
LightGBM,Baseline,5,"{'colsample_bytree': 0.6, 'learning_rate': 0.05, 'max_depth': 3, 'min_child_samples': 100, 'n_estimators': 1000, 'num_leaves': 31, 'subsample': 0.8}",4.17352978616791,0.894415485856933,0.348612308502197
LightGBM,Baseline,5,"{'colsample_bytree': 0.6, 'learning_rate': 0.05, 'max_depth': 3, 'min_child_samples': 100, 'n_estimators': 1000, 'num_leaves': 62, 'subsample': 0.6}",4.17353592998053,0.894415174996831,0.355628490447998
LightGBM,Baseline,5,"{'colsample_bytree': 0.6, 'learning_rate': 0.05, 'max_depth': 3, 'min_child_samples': 100, 'n_estimators': 1000, 'num_leaves': 62, 'subsample': 0.8}",4.17359063598703,0.894412407002461,0.359580039978027
LightGBM,Baseline,5,"{'colsample_bytree': 0.6, 'learning_rate': 0.05, 'max_depth': 5, 'min_child_samples': 50, 'n_estimators': 500, 'num_leaves': 15, 'subsample': 0.6}",3.59455090140188,0.921678234810589,0.161816596984863
LightGBM,Baseline,5,"{'colsample_bytree': 0.6, 'learning_rate': 0.05, 'max_depth': 5, 'min_child_samples': 50, 'n_estimators': 500, 'num_leaves': 15, 'subsample': 0.8}",3.59455090393848,0.921678234700048,0.171869993209839
LightGBM,Baseline,5,"{'colsample_bytree': 0.6, 'learning_rate': 0.05, 'max_depth': 5, 'min_child_samples': 50, 'n_estimators': 500, 'num_leaves': 31, 'subsample': 0.6}",3.59455089819895,0.921678234950166,0.172485589981079
LightGBM,Baseline,5,"{'colsample_bytree': 0.6, 'learning_rate': 0.05, 'max_depth': 5, 'min_child_samples': 50, 'n_estimators': 500, 'num_leaves': 31, 'subsample': 0.8}",3.59455089985324,0.921678234878075,0.159869194030762
LightGBM,Baseline,5,"{'colsample_bytree': 0.6, 'learning_rate': 0.05, 'max_depth': 5, 'min_child_samples': 50, 'n_estimators': 500, 'num_leaves': 62, 'subsample': 0.6}",3.59455090123293,0.921678234817951,0.170948505401611
LightGBM,Baseline,5,"{'colsample_bytree': 0.6, 'learning_rate': 0.05, 'max_depth': 5, 'min_child_samples': 50, 'n_estimators': 500, 'num_leaves': 62, 'subsample': 0.8}",3.59455090057398,0.921678234846667,0.166248798370361
LightGBM,Baseline,5,"{'colsample_bytree': 0.6, 'learning_rate': 0.05, 'max_depth': 5, 'min_child_samples': 50, 'n_estimators': 750, 'num_leaves': 15, 'subsample': 0.6}",3.59455090144258,0.921678234808815,0.156064033508301
LightGBM,Baseline,5,"{'colsample_bytree': 0.6, 'learning_rate': 0.05, 'max_depth': 5, 'min_child_samples': 50, 'n_estimators': 750, 'num_leaves': 15, 'subsample': 0.8}",3.59455090276619,0.921678234751135,0.175144910812378
LightGBM,Baseline,5,"{'colsample_bytree': 0.6, 'learning_rate': 0.05, 'max_depth': 5, 'min_child_samples': 50, 'n_estimators': 750, 'num_leaves': 31, 'subsample': 0.6}",3.59455090499846,0.921678234653856,0.163892269134521
LightGBM,Baseline,5,"{'colsample_bytree': 0.6, 'learning_rate': 0.05, 'max_depth': 5, 'min_child_samples': 50, 'n_estimators': 750, 'num_leaves': 31, 'subsample': 0.8}",3.59455090411452,0.921678234692377,0.158141613006592
LightGBM,Baseline,5,"{'colsample_bytree': 0.6, 'learning_rate': 0.05, 'max_depth': 5, 'min_child_samples': 50, 'n_estimators': 750, 'num_leaves': 62, 'subsample': 0.6}",3.5945509006197,0.921678234844675,0.168850183486938
LightGBM,Baseline,5,"{'colsample_bytree': 0.6, 'learning_rate': 0.05, 'max_depth': 5, 'min_child_samples': 50, 'n_estimators': 750, 'num_leaves': 62, 'subsample': 0.8}",3.59455090649732,0.921678234588539,0.166823387145996
LightGBM,Baseline,5,"{'colsample_bytree': 0.6, 'learning_rate': 0.05, 'max_depth': 5, 'min_child_samples': 50, 'n_estimators': 1000, 'num_leaves': 15, 'subsample': 0.6}",3.59455090441524,0.921678234679272,0.169039249420166
LightGBM,Baseline,5,"{'colsample_bytree': 0.6, 'learning_rate': 0.05, 'max_depth': 5, 'min_child_samples': 50, 'n_estimators': 1000, 'num_leaves': 15, 'subsample': 0.8}",3.5945509021126,0.921678234779617,0.168477058410645
LightGBM,Baseline,5,"{'colsample_bytree': 0.6, 'learning_rate': 0.05, 'max_depth': 5, 'min_child_samples': 50, 'n_estimators': 1000, 'num_leaves': 31, 'subsample': 0.6}",3.59455089899324,0.921678234915552,0.169726610183716
LightGBM,Baseline,5,"{'colsample_bytree': 0.6, 'learning_rate': 0.05, 'max_depth': 5, 'min_child_samples': 50, 'n_estimators': 1000, 'num_leaves': 31, 'subsample': 0.8}",3.59455090254161,0.921678234760921,0.163474082946777
LightGBM,Baseline,5,"{'colsample_bytree': 0.6, 'learning_rate': 0.05, 'max_depth': 5, 'min_child_samples': 50, 'n_estimators': 1000, 'num_leaves': 62, 'subsample': 0.6}",3.59455089753113,0.921678234979268,0.165169239044189
LightGBM,Baseline,5,"{'colsample_bytree': 0.6, 'learning_rate': 0.05, 'max_depth': 5, 'min_child_samples': 50, 'n_estimators': 1000, 'num_leaves': 62, 'subsample': 0.8}",3.59455090007028,0.921678234868617,0.166998863220215
LightGBM,Baseline,5,"{'colsample_bytree': 0.6, 'learning_rate': 0.05, 'max_depth': 5, 'min_child_samples': 100, 'n_estimators': 500, 'num_leaves': 15, 'subsample': 0.6}",4.32258813853562,0.886738865927053,0.268311262130737
LightGBM,Baseline,5,"{'colsample_bytree': 0.6, 'learning_rate': 0.05, 'max_depth': 5, 'min_child_samples': 100, 'n_estimators': 500, 'num_leaves': 15, 'subsample': 0.8}",4.32258813761719,0.886738865975183,0.263975381851196
LightGBM,Baseline,5,"{'colsample_bytree': 0.6, 'learning_rate': 0.05, 'max_depth': 5, 'min_child_samples': 100, 'n_estimators': 500, 'num_leaves': 31, 'subsample': 0.6}",4.3225881388903,0.886738865908466,0.272457361221314
LightGBM,Baseline,5,"{'colsample_bytree': 0.6, 'learning_rate': 0.05, 'max_depth': 5, 'min_child_samples': 100, 'n_estimators': 500, 'num_leaves': 31, 'subsample': 0.8}",4.3225881380207,0.886738865954037,0.269705057144165
LightGBM,Baseline,5,"{'colsample_bytree': 0.6, 'learning_rate': 0.05, 'max_depth': 5, 'min_child_samples': 100, 'n_estimators': 500, 'num_leaves': 62, 'subsample': 0.6}",4.32258813759512,0.886738865976339,0.269904613494873
LightGBM,Baseline,5,"{'colsample_bytree': 0.6, 'learning_rate': 0.05, 'max_depth': 5, 'min_child_samples': 100, 'n_estimators': 500, 'num_leaves': 62, 'subsample': 0.8}",4.32258813830971,0.886738865938891,0.258952617645264
LightGBM,Baseline,5,"{'colsample_bytree': 0.6, 'learning_rate': 0.05, 'max_depth': 5, 'min_child_samples': 100, 'n_estimators': 750, 'num_leaves': 15, 'subsample': 0.6}",4.18389472711372,0.893890397382514,0.358873128890991
LightGBM,Baseline,5,"{'colsample_bytree': 0.6, 'learning_rate': 0.05, 'max_depth': 5, 'min_child_samples': 100, 'n_estimators': 750, 'num_leaves': 15, 'subsample': 0.8}",4.18370634199599,0.89389995260379,0.339331865310669
LightGBM,Baseline,5,"{'colsample_bytree': 0.6, 'learning_rate': 0.05, 'max_depth': 5, 'min_child_samples': 100, 'n_estimators': 750, 'num_leaves': 31, 'subsample': 0.6}",4.18385414113071,0.893892456010621,0.3544921875
LightGBM,Baseline,5,"{'colsample_bytree': 0.6, 'learning_rate': 0.05, 'max_depth': 5, 'min_child_samples': 100, 'n_estimators': 750, 'num_leaves': 31, 'subsample': 0.8}",4.18370634250775,0.893899952577833,0.34404182434082
LightGBM,Baseline,5,"{'colsample_bytree': 0.6, 'learning_rate': 0.05, 'max_depth': 5, 'min_child_samples': 100, 'n_estimators': 750, 'num_leaves': 62, 'subsample': 0.6}",4.18385414251921,0.893892455940193,0.347508907318115
LightGBM,Baseline,5,"{'colsample_bytree': 0.6, 'learning_rate': 0.05, 'max_depth': 5, 'min_child_samples': 100, 'n_estimators': 750, 'num_leaves': 62, 'subsample': 0.8}",4.18370634190454,0.893899952608428,0.34615159034729
LightGBM,Baseline,5,"{'colsample_bytree': 0.6, 'learning_rate': 0.05, 'max_depth': 5, 'min_child_samples': 100, 'n_estimators': 1000, 'num_leaves': 15, 'subsample': 0.6}",4.15863381848635,0.895167835468914,0.428202390670776
LightGBM,Baseline,5,"{'colsample_bytree': 0.6, 'learning_rate': 0.05, 'max_depth': 5, 'min_child_samples': 100, 'n_estimators': 1000, 'num_leaves': 15, 'subsample': 0.8}",4.15849155020938,0.895175008034212,0.415161371231079
LightGBM,Baseline,5,"{'colsample_bytree': 0.6, 'learning_rate': 0.05, 'max_depth': 5, 'min_child_samples': 100, 'n_estimators': 1000, 'num_leaves': 31, 'subsample': 0.6}",4.1584725826638,0.895175964279166,0.417088747024536
LightGBM,Baseline,5,"{'colsample_bytree': 0.6, 'learning_rate': 0.05, 'max_depth': 5, 'min_child_samples': 100, 'n_estimators': 1000, 'num_leaves': 31, 'subsample': 0.8}",4.15863124738637,0.895167965095087,0.424455881118774
LightGBM,Baseline,5,"{'colsample_bytree': 0.6, 'learning_rate': 0.05, 'max_depth': 5, 'min_child_samples': 100, 'n_estimators': 1000, 'num_leaves': 62, 'subsample': 0.6}",4.15849155130006,0.895175007979226,0.417851209640503
LightGBM,Baseline,5,"{'colsample_bytree': 0.6, 'learning_rate': 0.05, 'max_depth': 5, 'min_child_samples': 100, 'n_estimators': 1000, 'num_leaves': 62, 'subsample': 0.8}",4.15847258176006,0.895175964324727,0.416853666305542
LightGBM,Baseline,5,"{'colsample_bytree': 0.6, 'learning_rate': 0.05, 'max_depth': 9, 'min_child_samples': 50, 'n_estimators': 500, 'num_leaves': 15, 'subsample': 0.6}",3.58331078882185,0.922167291200702,0.197851657867432
LightGBM,Baseline,5,"{'colsample_bytree': 0.6, 'learning_rate': 0.05, 'max_depth': 9, 'min_child_samples': 50, 'n_estimators': 500, 'num_leaves': 15, 'subsample': 0.8}",3.58331078980465,0.922167291158008,0.202786684036255
LightGBM,Baseline,5,"{'colsample_bytree': 0.6, 'learning_rate': 0.05, 'max_depth': 9, 'min_child_samples': 50, 'n_estimators': 500, 'num_leaves': 31, 'subsample': 0.6}",3.58331079157672,0.922167291081026,0.21030068397522
LightGBM,Baseline,5,"{'colsample_bytree': 0.6, 'learning_rate': 0.05, 'max_depth': 9, 'min_child_samples': 50, 'n_estimators': 500, 'num_leaves': 31, 'subsample': 0.8}",3.58331079015589,0.92216729114275,0.207677602767944
LightGBM,Baseline,5,"{'colsample_bytree': 0.6, 'learning_rate': 0.05, 'max_depth': 9, 'min_child_samples': 50, 'n_estimators': 500, 'num_leaves': 62, 'subsample': 0.6}",3.5833107894846,0.922167291171912,0.209518432617188
LightGBM,Baseline,5,"{'colsample_bytree': 0.6, 'learning_rate': 0.05, 'max_depth': 9, 'min_child_samples': 50, 'n_estimators': 500, 'num_leaves': 62, 'subsample': 0.8}",3.5833107918405,0.922167291069567,0.212376594543457
LightGBM,Baseline,5,"{'colsample_bytree': 0.6, 'learning_rate': 0.05, 'max_depth': 9, 'min_child_samples': 50, 'n_estimators': 750, 'num_leaves': 15, 'subsample': 0.6}",3.58331078799561,0.922167291236596,0.200822591781616
LightGBM,Baseline,5,"{'colsample_bytree': 0.6, 'learning_rate': 0.05, 'max_depth': 9, 'min_child_samples': 50, 'n_estimators': 750, 'num_leaves': 15, 'subsample': 0.8}",3.58331078620273,0.922167291314482,0.210911273956299
LightGBM,Baseline,5,"{'colsample_bytree': 0.6, 'learning_rate': 0.05, 'max_depth': 9, 'min_child_samples': 50, 'n_estimators': 750, 'num_leaves': 31, 'subsample': 0.6}",3.58331078794982,0.922167291238585,0.201459407806396
LightGBM,Baseline,5,"{'colsample_bytree': 0.6, 'learning_rate': 0.05, 'max_depth': 9, 'min_child_samples': 50, 'n_estimators': 750, 'num_leaves': 31, 'subsample': 0.8}",3.58331079014345,0.92216729114329,0.207047939300537
LightGBM,Baseline,5,"{'colsample_bytree': 0.6, 'learning_rate': 0.05, 'max_depth': 9, 'min_child_samples': 50, 'n_estimators': 750, 'num_leaves': 62, 'subsample': 0.6}",3.58331078832517,0.922167291222279,0.212156772613525
LightGBM,Baseline,5,"{'colsample_bytree': 0.6, 'learning_rate': 0.05, 'max_depth': 9, 'min_child_samples': 50, 'n_estimators': 750, 'num_leaves': 62, 'subsample': 0.8}",3.58331079086285,0.922167291112038,0.205631017684937
LightGBM,Baseline,5,"{'colsample_bytree': 0.6, 'learning_rate': 0.05, 'max_depth': 9, 'min_child_samples': 50, 'n_estimators': 1000, 'num_leaves': 15, 'subsample': 0.6}",3.58331079304778,0.922167291017121,0.207891702651978
LightGBM,Baseline,5,"{'colsample_bytree': 0.6, 'learning_rate': 0.05, 'max_depth': 9, 'min_child_samples': 50, 'n_estimators': 1000, 'num_leaves': 15, 'subsample': 0.8}",3.58331078909443,0.922167291188861,0.207786083221436
LightGBM,Baseline,5,"{'colsample_bytree': 0.6, 'learning_rate': 0.05, 'max_depth': 9, 'min_child_samples': 50, 'n_estimators': 1000, 'num_leaves': 31, 'subsample': 0.6}",3.58331078856806,0.922167291211728,0.213580846786499
LightGBM,Baseline,5,"{'colsample_bytree': 0.6, 'learning_rate': 0.05, 'max_depth': 9, 'min_child_samples': 50, 'n_estimators': 1000, 'num_leaves': 31, 'subsample': 0.8}",3.58331078761849,0.922167291252979,0.202668190002441
LightGBM,Baseline,5,"{'colsample_bytree': 0.6, 'learning_rate': 0.05, 'max_depth': 9, 'min_child_samples': 50, 'n_estimators': 1000, 'num_leaves': 62, 'subsample': 0.6}",3.58331078934786,0.922167291177852,0.20458197593689
LightGBM,Baseline,5,"{'colsample_bytree': 0.6, 'learning_rate': 0.05, 'max_depth': 9, 'min_child_samples': 50, 'n_estimators': 1000, 'num_leaves': 62, 'subsample': 0.8}",3.58331079267165,0.922167291033461,0.213747501373291
LightGBM,Baseline,5,"{'colsample_bytree': 0.6, 'learning_rate': 0.05, 'max_depth': 9, 'min_child_samples': 100, 'n_estimators': 500, 'num_leaves': 15, 'subsample': 0.6}",4.320371177564,0.886855014454322,0.26044225692749
LightGBM,Baseline,5,"{'colsample_bytree': 0.6, 'learning_rate': 0.05, 'max_depth': 9, 'min_child_samples': 100, 'n_estimators': 500, 'num_leaves': 15, 'subsample': 0.8}",4.32030680793071,0.886858385945647,0.261263608932495
LightGBM,Baseline,5,"{'colsample_bytree': 0.6, 'learning_rate': 0.05, 'max_depth': 9, 'min_child_samples': 100, 'n_estimators': 500, 'num_leaves': 31, 'subsample': 0.6}",4.32037117778989,0.886855014442491,0.278625249862671
LightGBM,Baseline,5,"{'colsample_bytree': 0.6, 'learning_rate': 0.05, 'max_depth': 9, 'min_child_samples': 100, 'n_estimators': 500, 'num_leaves': 31, 'subsample': 0.8}",4.320306809426,0.886858385867328,0.276026248931885
LightGBM,Baseline,5,"{'colsample_bytree': 0.6, 'learning_rate': 0.05, 'max_depth': 9, 'min_child_samples': 100, 'n_estimators': 500, 'num_leaves': 62, 'subsample': 0.6}",4.32047700193647,0.88684947157699,0.275835275650024
LightGBM,Baseline,5,"{'colsample_bytree': 0.6, 'learning_rate': 0.05, 'max_depth': 9, 'min_child_samples': 100, 'n_estimators': 500, 'num_leaves': 62, 'subsample': 0.8}",4.32035959470641,0.886855621133907,0.273960828781128
LightGBM,Baseline,5,"{'colsample_bytree': 0.6, 'learning_rate': 0.05, 'max_depth': 9, 'min_child_samples': 100, 'n_estimators': 750, 'num_leaves': 15, 'subsample': 0.6}",4.18191721638519,0.893990678724509,0.351893186569214
LightGBM,Baseline,5,"{'colsample_bytree': 0.6, 'learning_rate': 0.05, 'max_depth': 9, 'min_child_samples': 100, 'n_estimators': 750, 'num_leaves': 15, 'subsample': 0.8}",4.18187273681993,0.89399293377797,0.352237701416016
LightGBM,Baseline,5,"{'colsample_bytree': 0.6, 'learning_rate': 0.05, 'max_depth': 9, 'min_child_samples': 100, 'n_estimators': 750, 'num_leaves': 31, 'subsample': 0.6}",4.18193263951381,0.893989896787265,0.358758449554443
LightGBM,Baseline,5,"{'colsample_bytree': 0.6, 'learning_rate': 0.05, 'max_depth': 9, 'min_child_samples': 100, 'n_estimators': 750, 'num_leaves': 31, 'subsample': 0.8}",4.18203173038873,0.893984872909916,0.361335277557373
LightGBM,Baseline,5,"{'colsample_bytree': 0.6, 'learning_rate': 0.05, 'max_depth': 9, 'min_child_samples': 100, 'n_estimators': 750, 'num_leaves': 62, 'subsample': 0.6}",4.18187273767382,0.89399293373468,0.358525037765503
LightGBM,Baseline,5,"{'colsample_bytree': 0.6, 'learning_rate': 0.05, 'max_depth': 9, 'min_child_samples': 100, 'n_estimators': 750, 'num_leaves': 62, 'subsample': 0.8}",4.18192184179217,0.893990444221289,0.350104570388794
LightGBM,Baseline,5,"{'colsample_bytree': 0.6, 'learning_rate': 0.05, 'max_depth': 9, 'min_child_samples': 100, 'n_estimators': 1000, 'num_leaves': 15, 'subsample': 0.6}",4.14535308105953,0.895836336431244,0.429945945739746
LightGBM,Baseline,5,"{'colsample_bytree': 0.6, 'learning_rate': 0.05, 'max_depth': 9, 'min_child_samples': 100, 'n_estimators': 1000, 'num_leaves': 15, 'subsample': 0.8}",4.14541690952439,0.89583312866689,0.441955327987671
LightGBM,Baseline,5,"{'colsample_bytree': 0.6, 'learning_rate': 0.05, 'max_depth': 9, 'min_child_samples': 100, 'n_estimators': 1000, 'num_leaves': 31, 'subsample': 0.6}",4.14538599265044,0.895834682431971,0.427196741104126
LightGBM,Baseline,5,"{'colsample_bytree': 0.6, 'learning_rate': 0.05, 'max_depth': 9, 'min_child_samples': 100, 'n_estimators': 1000, 'num_leaves': 31, 'subsample': 0.8}",4.14538214790373,0.89583487565358,0.436676025390625
LightGBM,Baseline,5,"{'colsample_bytree': 0.6, 'learning_rate': 0.05, 'max_depth': 9, 'min_child_samples': 100, 'n_estimators': 1000, 'num_leaves': 62, 'subsample': 0.6}",4.14541690971779,0.89583312865717,0.459573984146118
LightGBM,Baseline,5,"{'colsample_bytree': 0.6, 'learning_rate': 0.05, 'max_depth': 9, 'min_child_samples': 100, 'n_estimators': 1000, 'num_leaves': 62, 'subsample': 0.8}",4.1454169096223,0.895833128661969,0.446340560913086
LightGBM,Baseline,5,"{'colsample_bytree': 0.8, 'learning_rate': 0.01, 'max_depth': 3, 'min_child_samples': 50, 'n_estimators': 500, 'num_leaves': 15, 'subsample': 0.6}",3.73924116546932,0.915246011810051,0.213939189910889
LightGBM,Baseline,5,"{'colsample_bytree': 0.8, 'learning_rate': 0.01, 'max_depth': 3, 'min_child_samples': 50, 'n_estimators': 500, 'num_leaves': 15, 'subsample': 0.8}",3.73924116652362,0.915246011762257,0.232110500335693
LightGBM,Baseline,5,"{'colsample_bytree': 0.8, 'learning_rate': 0.01, 'max_depth': 3, 'min_child_samples': 50, 'n_estimators': 500, 'num_leaves': 31, 'subsample': 0.6}",3.73924116605371,0.915246011783559,0.215935707092285
LightGBM,Baseline,5,"{'colsample_bytree': 0.8, 'learning_rate': 0.01, 'max_depth': 3, 'min_child_samples': 50, 'n_estimators': 500, 'num_leaves': 31, 'subsample': 0.8}",3.73924116666051,0.915246011756052,0.217774391174316
LightGBM,Baseline,5,"{'colsample_bytree': 0.8, 'learning_rate': 0.01, 'max_depth': 3, 'min_child_samples': 50, 'n_estimators': 500, 'num_leaves': 62, 'subsample': 0.6}",3.73924116489466,0.915246011836102,0.221603870391846
LightGBM,Baseline,5,"{'colsample_bytree': 0.8, 'learning_rate': 0.01, 'max_depth': 3, 'min_child_samples': 50, 'n_estimators': 500, 'num_leaves': 62, 'subsample': 0.8}",3.73924116555944,0.915246011805966,0.224347829818726
LightGBM,Baseline,5,"{'colsample_bytree': 0.8, 'learning_rate': 0.01, 'max_depth': 3, 'min_child_samples': 50, 'n_estimators': 750, 'num_leaves': 15, 'subsample': 0.6}",3.64909131289113,0.919283438434244,0.27754020690918
LightGBM,Baseline,5,"{'colsample_bytree': 0.8, 'learning_rate': 0.01, 'max_depth': 3, 'min_child_samples': 50, 'n_estimators': 750, 'num_leaves': 15, 'subsample': 0.8}",3.64909131216233,0.919283438466486,0.276320695877075
LightGBM,Baseline,5,"{'colsample_bytree': 0.8, 'learning_rate': 0.01, 'max_depth': 3, 'min_child_samples': 50, 'n_estimators': 750, 'num_leaves': 31, 'subsample': 0.6}",3.64909131281563,0.919283438437584,0.268037080764771
LightGBM,Baseline,5,"{'colsample_bytree': 0.8, 'learning_rate': 0.01, 'max_depth': 3, 'min_child_samples': 50, 'n_estimators': 750, 'num_leaves': 31, 'subsample': 0.8}",3.64909131242129,0.919283438455029,0.279605627059937
LightGBM,Baseline,5,"{'colsample_bytree': 0.8, 'learning_rate': 0.01, 'max_depth': 3, 'min_child_samples': 50, 'n_estimators': 750, 'num_leaves': 62, 'subsample': 0.6}",3.64909131116431,0.919283438510637,0.267886877059937
LightGBM,Baseline,5,"{'colsample_bytree': 0.8, 'learning_rate': 0.01, 'max_depth': 3, 'min_child_samples': 50, 'n_estimators': 750, 'num_leaves': 62, 'subsample': 0.8}",3.64909131220531,0.919283438464584,0.276835203170776
LightGBM,Baseline,5,"{'colsample_bytree': 0.8, 'learning_rate': 0.01, 'max_depth': 3, 'min_child_samples': 50, 'n_estimators': 1000, 'num_leaves': 15, 'subsample': 0.6}",3.64879196294928,0.919296680912914,0.298413276672363
LightGBM,Baseline,5,"{'colsample_bytree': 0.8, 'learning_rate': 0.01, 'max_depth': 3, 'min_child_samples': 50, 'n_estimators': 1000, 'num_leaves': 15, 'subsample': 0.8}",3.64879196417201,0.919296680858825,0.29147481918335
LightGBM,Baseline,5,"{'colsample_bytree': 0.8, 'learning_rate': 0.01, 'max_depth': 3, 'min_child_samples': 50, 'n_estimators': 1000, 'num_leaves': 31, 'subsample': 0.6}",3.64879196307089,0.919296680907534,0.291676998138428
LightGBM,Baseline,5,"{'colsample_bytree': 0.8, 'learning_rate': 0.01, 'max_depth': 3, 'min_child_samples': 50, 'n_estimators': 1000, 'num_leaves': 31, 'subsample': 0.8}",3.64879196250492,0.91929668093257,0.286452293395996
LightGBM,Baseline,5,"{'colsample_bytree': 0.8, 'learning_rate': 0.01, 'max_depth': 3, 'min_child_samples': 50, 'n_estimators': 1000, 'num_leaves': 62, 'subsample': 0.6}",3.6487919623395,0.919296680939887,0.297835826873779
LightGBM,Baseline,5,"{'colsample_bytree': 0.8, 'learning_rate': 0.01, 'max_depth': 3, 'min_child_samples': 50, 'n_estimators': 1000, 'num_leaves': 62, 'subsample': 0.8}",3.64879196368324,0.919296680880446,0.292353630065918
LightGBM,Baseline,5,"{'colsample_bytree': 0.8, 'learning_rate': 0.01, 'max_depth': 3, 'min_child_samples': 100, 'n_estimators': 500, 'num_leaves': 15, 'subsample': 0.6}",5.91559275535442,0.787876039121978,0.224809408187866
LightGBM,Baseline,5,"{'colsample_bytree': 0.8, 'learning_rate': 0.01, 'max_depth': 3, 'min_child_samples': 100, 'n_estimators': 500, 'num_leaves': 15, 'subsample': 0.8}",5.91559275358975,0.787876039248535,0.226454973220825
LightGBM,Baseline,5,"{'colsample_bytree': 0.8, 'learning_rate': 0.01, 'max_depth': 3, 'min_child_samples': 100, 'n_estimators': 500, 'num_leaves': 31, 'subsample': 0.6}",5.91559275524223,0.787876039130024,0.222482919692993
LightGBM,Baseline,5,"{'colsample_bytree': 0.8, 'learning_rate': 0.01, 'max_depth': 3, 'min_child_samples': 100, 'n_estimators': 500, 'num_leaves': 31, 'subsample': 0.8}",5.91559275350116,0.787876039254888,0.229168891906738
LightGBM,Baseline,5,"{'colsample_bytree': 0.8, 'learning_rate': 0.01, 'max_depth': 3, 'min_child_samples': 100, 'n_estimators': 500, 'num_leaves': 62, 'subsample': 0.6}",5.91559275595992,0.787876039078554,0.223863363265991
LightGBM,Baseline,5,"{'colsample_bytree': 0.8, 'learning_rate': 0.01, 'max_depth': 3, 'min_child_samples': 100, 'n_estimators': 500, 'num_leaves': 62, 'subsample': 0.8}",5.91559275472164,0.787876039167359,0.22156834602356
LightGBM,Baseline,5,"{'colsample_bytree': 0.8, 'learning_rate': 0.01, 'max_depth': 3, 'min_child_samples': 100, 'n_estimators': 750, 'num_leaves': 15, 'subsample': 0.6}",5.2986452759664,0.829814371312348,0.299510478973389
LightGBM,Baseline,5,"{'colsample_bytree': 0.8, 'learning_rate': 0.01, 'max_depth': 3, 'min_child_samples': 100, 'n_estimators': 750, 'num_leaves': 15, 'subsample': 0.8}",5.29864527526396,0.829814371357471,0.284152507781982
LightGBM,Baseline,5,"{'colsample_bytree': 0.8, 'learning_rate': 0.01, 'max_depth': 3, 'min_child_samples': 100, 'n_estimators': 750, 'num_leaves': 31, 'subsample': 0.6}",5.29864527567798,0.829814371330876,0.289353847503662
LightGBM,Baseline,5,"{'colsample_bytree': 0.8, 'learning_rate': 0.01, 'max_depth': 3, 'min_child_samples': 100, 'n_estimators': 750, 'num_leaves': 31, 'subsample': 0.8}",5.29864527626952,0.829814371292877,0.282505989074707
LightGBM,Baseline,5,"{'colsample_bytree': 0.8, 'learning_rate': 0.01, 'max_depth': 3, 'min_child_samples': 100, 'n_estimators': 750, 'num_leaves': 62, 'subsample': 0.6}",5.29864527584137,0.82981437132038,0.28940749168396
LightGBM,Baseline,5,"{'colsample_bytree': 0.8, 'learning_rate': 0.01, 'max_depth': 3, 'min_child_samples': 100, 'n_estimators': 750, 'num_leaves': 62, 'subsample': 0.8}",5.29864527606059,0.829814371306298,0.295556783676147
LightGBM,Baseline,5,"{'colsample_bytree': 0.8, 'learning_rate': 0.01, 'max_depth': 3, 'min_child_samples': 100, 'n_estimators': 1000, 'num_leaves': 15, 'subsample': 0.6}",5.01354690881356,0.847635652361455,0.352433443069458
LightGBM,Baseline,5,"{'colsample_bytree': 0.8, 'learning_rate': 0.01, 'max_depth': 3, 'min_child_samples': 100, 'n_estimators': 1000, 'num_leaves': 15, 'subsample': 0.8}",5.01354690843496,0.847635652384468,0.355456352233887
LightGBM,Baseline,5,"{'colsample_bytree': 0.8, 'learning_rate': 0.01, 'max_depth': 3, 'min_child_samples': 100, 'n_estimators': 1000, 'num_leaves': 31, 'subsample': 0.6}",5.01354690747309,0.847635652442931,0.359359502792358
LightGBM,Baseline,5,"{'colsample_bytree': 0.8, 'learning_rate': 0.01, 'max_depth': 3, 'min_child_samples': 100, 'n_estimators': 1000, 'num_leaves': 31, 'subsample': 0.8}",5.01354690908193,0.847635652345144,0.34451699256897
LightGBM,Baseline,5,"{'colsample_bytree': 0.8, 'learning_rate': 0.01, 'max_depth': 3, 'min_child_samples': 100, 'n_estimators': 1000, 'num_leaves': 62, 'subsample': 0.6}",5.01354690841316,0.847635652385792,0.352390289306641
LightGBM,Baseline,5,"{'colsample_bytree': 0.8, 'learning_rate': 0.01, 'max_depth': 3, 'min_child_samples': 100, 'n_estimators': 1000, 'num_leaves': 62, 'subsample': 0.8}",5.01354690855084,0.847635652377424,0.362313270568848
LightGBM,Baseline,5,"{'colsample_bytree': 0.8, 'learning_rate': 0.01, 'max_depth': 5, 'min_child_samples': 50, 'n_estimators': 500, 'num_leaves': 15, 'subsample': 0.6}",3.73331221847563,0.91551457085577,0.291566371917725
LightGBM,Baseline,5,"{'colsample_bytree': 0.8, 'learning_rate': 0.01, 'max_depth': 5, 'min_child_samples': 50, 'n_estimators': 500, 'num_leaves': 15, 'subsample': 0.8}",3.73332201803215,0.915514127324248,0.292131185531616
LightGBM,Baseline,5,"{'colsample_bytree': 0.8, 'learning_rate': 0.01, 'max_depth': 5, 'min_child_samples': 50, 'n_estimators': 500, 'num_leaves': 31, 'subsample': 0.6}",3.73335024227506,0.915512849878159,0.297861814498901
LightGBM,Baseline,5,"{'colsample_bytree': 0.8, 'learning_rate': 0.01, 'max_depth': 5, 'min_child_samples': 50, 'n_estimators': 500, 'num_leaves': 31, 'subsample': 0.8}",3.73335024109258,0.915512849931679,0.293654203414917
LightGBM,Baseline,5,"{'colsample_bytree': 0.8, 'learning_rate': 0.01, 'max_depth': 5, 'min_child_samples': 50, 'n_estimators': 500, 'num_leaves': 62, 'subsample': 0.6}",3.73334015960229,0.915513306227059,0.301229953765869
LightGBM,Baseline,5,"{'colsample_bytree': 0.8, 'learning_rate': 0.01, 'max_depth': 5, 'min_child_samples': 50, 'n_estimators': 500, 'num_leaves': 62, 'subsample': 0.8}",3.73335024271426,0.91551284985828,0.289032220840454
LightGBM,Baseline,5,"{'colsample_bytree': 0.8, 'learning_rate': 0.01, 'max_depth': 5, 'min_child_samples': 50, 'n_estimators': 750, 'num_leaves': 15, 'subsample': 0.6}",3.65423562532066,0.919055697409566,0.393222093582153
LightGBM,Baseline,5,"{'colsample_bytree': 0.8, 'learning_rate': 0.01, 'max_depth': 5, 'min_child_samples': 50, 'n_estimators': 750, 'num_leaves': 15, 'subsample': 0.8}",3.65423562383792,0.919055697475254,0.376011610031128
LightGBM,Baseline,5,"{'colsample_bytree': 0.8, 'learning_rate': 0.01, 'max_depth': 5, 'min_child_samples': 50, 'n_estimators': 750, 'num_leaves': 31, 'subsample': 0.6}",3.65424580618119,0.919055246380193,0.374808311462402
LightGBM,Baseline,5,"{'colsample_bytree': 0.8, 'learning_rate': 0.01, 'max_depth': 5, 'min_child_samples': 50, 'n_estimators': 750, 'num_leaves': 31, 'subsample': 0.8}",3.65423562493999,0.919055697426431,0.375540256500244
LightGBM,Baseline,5,"{'colsample_bytree': 0.8, 'learning_rate': 0.01, 'max_depth': 5, 'min_child_samples': 50, 'n_estimators': 750, 'num_leaves': 62, 'subsample': 0.6}",3.65424580765222,0.919055246315023,0.420782566070557
LightGBM,Baseline,5,"{'colsample_bytree': 0.8, 'learning_rate': 0.01, 'max_depth': 5, 'min_child_samples': 50, 'n_estimators': 750, 'num_leaves': 62, 'subsample': 0.8}",3.65424572272456,0.919055250077467,0.460598945617676
LightGBM,Baseline,5,"{'colsample_bytree': 0.8, 'learning_rate': 0.01, 'max_depth': 5, 'min_child_samples': 50, 'n_estimators': 1000, 'num_leaves': 15, 'subsample': 0.6}",3.65424580688761,0.919055246348897,0.368481636047363
LightGBM,Baseline,5,"{'colsample_bytree': 0.8, 'learning_rate': 0.01, 'max_depth': 5, 'min_child_samples': 50, 'n_estimators': 1000, 'num_leaves': 15, 'subsample': 0.8}",3.65425109240959,0.91905501219082,0.368782997131348
LightGBM,Baseline,5,"{'colsample_bytree': 0.8, 'learning_rate': 0.01, 'max_depth': 5, 'min_child_samples': 50, 'n_estimators': 1000, 'num_leaves': 31, 'subsample': 0.6}",3.65423142535976,0.919055883474586,0.351392030715942
LightGBM,Baseline,5,"{'colsample_bytree': 0.8, 'learning_rate': 0.01, 'max_depth': 5, 'min_child_samples': 50, 'n_estimators': 1000, 'num_leaves': 31, 'subsample': 0.8}",3.65425109156505,0.919055012228235,0.365863800048828
LightGBM,Baseline,5,"{'colsample_bytree': 0.8, 'learning_rate': 0.01, 'max_depth': 5, 'min_child_samples': 50, 'n_estimators': 1000, 'num_leaves': 62, 'subsample': 0.6}",3.65424580591634,0.919055246391926,0.353847980499268
LightGBM,Baseline,5,"{'colsample_bytree': 0.8, 'learning_rate': 0.01, 'max_depth': 5, 'min_child_samples': 50, 'n_estimators': 1000, 'num_leaves': 62, 'subsample': 0.8}",3.65423562513545,0.919055697417772,0.470582485198975
LightGBM,Baseline,5,"{'colsample_bytree': 0.8, 'learning_rate': 0.01, 'max_depth': 5, 'min_child_samples': 100, 'n_estimators': 500, 'num_leaves': 15, 'subsample': 0.6}",5.90812045197067,0.788411591034458,0.304678440093994
LightGBM,Baseline,5,"{'colsample_bytree': 0.8, 'learning_rate': 0.01, 'max_depth': 5, 'min_child_samples': 100, 'n_estimators': 500, 'num_leaves': 15, 'subsample': 0.8}",5.90812045302557,0.788411590958899,0.307279109954834
LightGBM,Baseline,5,"{'colsample_bytree': 0.8, 'learning_rate': 0.01, 'max_depth': 5, 'min_child_samples': 100, 'n_estimators': 500, 'num_leaves': 31, 'subsample': 0.6}",5.90812112273268,0.788411542990253,0.319315195083618
LightGBM,Baseline,5,"{'colsample_bytree': 0.8, 'learning_rate': 0.01, 'max_depth': 5, 'min_child_samples': 100, 'n_estimators': 500, 'num_leaves': 31, 'subsample': 0.8}",5.90812112227039,0.788411543023365,0.296547651290894
LightGBM,Baseline,5,"{'colsample_bytree': 0.8, 'learning_rate': 0.01, 'max_depth': 5, 'min_child_samples': 100, 'n_estimators': 500, 'num_leaves': 62, 'subsample': 0.6}",5.90812045324253,0.788411590943359,0.244907140731812
LightGBM,Baseline,5,"{'colsample_bytree': 0.8, 'learning_rate': 0.01, 'max_depth': 5, 'min_child_samples': 100, 'n_estimators': 500, 'num_leaves': 62, 'subsample': 0.8}",5.90812045288301,0.78841159096911,0.239565372467041
LightGBM,Baseline,5,"{'colsample_bytree': 0.8, 'learning_rate': 0.01, 'max_depth': 5, 'min_child_samples': 100, 'n_estimators': 750, 'num_leaves': 15, 'subsample': 0.6}",5.2708405036382,0.831595791596786,0.416547536849976
LightGBM,Baseline,5,"{'colsample_bytree': 0.8, 'learning_rate': 0.01, 'max_depth': 5, 'min_child_samples': 100, 'n_estimators': 750, 'num_leaves': 15, 'subsample': 0.8}",5.27083935624987,0.831595864915264,0.31423830986023
LightGBM,Baseline,5,"{'colsample_bytree': 0.8, 'learning_rate': 0.01, 'max_depth': 5, 'min_child_samples': 100, 'n_estimators': 750, 'num_leaves': 31, 'subsample': 0.6}",5.27084114705812,0.831595750482042,0.307306289672852
LightGBM,Baseline,5,"{'colsample_bytree': 0.8, 'learning_rate': 0.01, 'max_depth': 5, 'min_child_samples': 100, 'n_estimators': 750, 'num_leaves': 31, 'subsample': 0.8}",5.27083935691004,0.831595864873079,0.309836626052856
LightGBM,Baseline,5,"{'colsample_bytree': 0.8, 'learning_rate': 0.01, 'max_depth': 5, 'min_child_samples': 100, 'n_estimators': 750, 'num_leaves': 62, 'subsample': 0.6}",5.2708393568743,0.831595864875363,0.327253103256226
LightGBM,Baseline,5,"{'colsample_bytree': 0.8, 'learning_rate': 0.01, 'max_depth': 5, 'min_child_samples': 100, 'n_estimators': 750, 'num_leaves': 62, 'subsample': 0.8}",5.27084050252578,0.83159579166787,0.339076280593872
LightGBM,Baseline,5,"{'colsample_bytree': 0.8, 'learning_rate': 0.01, 'max_depth': 5, 'min_child_samples': 100, 'n_estimators': 1000, 'num_leaves': 15, 'subsample': 0.6}",4.9766075473602,0.849872594639392,0.447383403778076
LightGBM,Baseline,5,"{'colsample_bytree': 0.8, 'learning_rate': 0.01, 'max_depth': 5, 'min_child_samples': 100, 'n_estimators': 1000, 'num_leaves': 15, 'subsample': 0.8}",4.97660826544671,0.84987255131491,0.405480146408081
LightGBM,Baseline,5,"{'colsample_bytree': 0.8, 'learning_rate': 0.01, 'max_depth': 5, 'min_child_samples': 100, 'n_estimators': 1000, 'num_leaves': 31, 'subsample': 0.6}",4.97660826698238,0.849872551222258,0.491573810577393
LightGBM,Baseline,5,"{'colsample_bytree': 0.8, 'learning_rate': 0.01, 'max_depth': 5, 'min_child_samples': 100, 'n_estimators': 1000, 'num_leaves': 31, 'subsample': 0.8}",4.97660868393067,0.849872526066416,0.509345054626465
LightGBM,Baseline,5,"{'colsample_bytree': 0.8, 'learning_rate': 0.01, 'max_depth': 5, 'min_child_samples': 100, 'n_estimators': 1000, 'num_leaves': 62, 'subsample': 0.6}",4.97660826606318,0.849872551277716,0.490220308303833
LightGBM,Baseline,5,"{'colsample_bytree': 0.8, 'learning_rate': 0.01, 'max_depth': 5, 'min_child_samples': 100, 'n_estimators': 1000, 'num_leaves': 62, 'subsample': 0.8}",4.97660940358796,0.849872482647153,0.464086055755615
LightGBM,Baseline,5,"{'colsample_bytree': 0.8, 'learning_rate': 0.01, 'max_depth': 9, 'min_child_samples': 50, 'n_estimators': 500, 'num_leaves': 15, 'subsample': 0.6}",3.73237471979351,0.915556997006589,0.362801313400269
LightGBM,Baseline,5,"{'colsample_bytree': 0.8, 'learning_rate': 0.01, 'max_depth': 9, 'min_child_samples': 50, 'n_estimators': 500, 'num_leaves': 15, 'subsample': 0.8}",3.73237471902608,0.915556997041314,0.364940166473389
LightGBM,Baseline,5,"{'colsample_bytree': 0.8, 'learning_rate': 0.01, 'max_depth': 9, 'min_child_samples': 50, 'n_estimators': 500, 'num_leaves': 31, 'subsample': 0.6}",3.73236443049463,0.915557462585832,0.366753339767456
LightGBM,Baseline,5,"{'colsample_bytree': 0.8, 'learning_rate': 0.01, 'max_depth': 9, 'min_child_samples': 50, 'n_estimators': 500, 'num_leaves': 31, 'subsample': 0.8}",3.73237471865017,0.915556997058324,0.353158235549927
LightGBM,Baseline,5,"{'colsample_bytree': 0.8, 'learning_rate': 0.01, 'max_depth': 9, 'min_child_samples': 50, 'n_estimators': 500, 'num_leaves': 62, 'subsample': 0.6}",3.73237471992581,0.915556997000603,0.371452331542969
LightGBM,Baseline,5,"{'colsample_bytree': 0.8, 'learning_rate': 0.01, 'max_depth': 9, 'min_child_samples': 50, 'n_estimators': 500, 'num_leaves': 62, 'subsample': 0.8}",3.73237471795942,0.915556997089579,0.381728649139404
LightGBM,Baseline,5,"{'colsample_bytree': 0.8, 'learning_rate': 0.01, 'max_depth': 9, 'min_child_samples': 50, 'n_estimators': 750, 'num_leaves': 15, 'subsample': 0.6}",3.65483368207145,0.91902920035085,0.516400814056397
LightGBM,Baseline,5,"{'colsample_bytree': 0.8, 'learning_rate': 0.01, 'max_depth': 9, 'min_child_samples': 50, 'n_estimators': 750, 'num_leaves': 15, 'subsample': 0.8}",3.65483368239046,0.919029200336715,0.537949562072754
LightGBM,Baseline,5,"{'colsample_bytree': 0.8, 'learning_rate': 0.01, 'max_depth': 9, 'min_child_samples': 50, 'n_estimators': 750, 'num_leaves': 31, 'subsample': 0.6}",3.65483588325153,0.919029102818989,0.541271924972534
LightGBM,Baseline,5,"{'colsample_bytree': 0.8, 'learning_rate': 0.01, 'max_depth': 9, 'min_child_samples': 50, 'n_estimators': 750, 'num_leaves': 31, 'subsample': 0.8}",3.6548336821842,0.919029200345854,0.540780067443848
LightGBM,Baseline,5,"{'colsample_bytree': 0.8, 'learning_rate': 0.01, 'max_depth': 9, 'min_child_samples': 50, 'n_estimators': 750, 'num_leaves': 62, 'subsample': 0.6}",3.65482016403752,0.919029799318731,0.560490131378174
LightGBM,Baseline,5,"{'colsample_bytree': 0.8, 'learning_rate': 0.01, 'max_depth': 9, 'min_child_samples': 50, 'n_estimators': 750, 'num_leaves': 62, 'subsample': 0.8}",3.65483368132787,0.919029200383797,0.552191019058228
LightGBM,Baseline,5,"{'colsample_bytree': 0.8, 'learning_rate': 0.01, 'max_depth': 9, 'min_child_samples': 50, 'n_estimators': 1000, 'num_leaves': 15, 'subsample': 0.6}",3.65483368246943,0.919029200333216,0.581847190856934
LightGBM,Baseline,5,"{'colsample_bytree': 0.8, 'learning_rate': 0.01, 'max_depth': 9, 'min_child_samples': 50, 'n_estimators': 1000, 'num_leaves': 15, 'subsample': 0.8}",3.65482481832705,0.91902959309299,0.58448338508606
LightGBM,Baseline,5,"{'colsample_bytree': 0.8, 'learning_rate': 0.01, 'max_depth': 9, 'min_child_samples': 50, 'n_estimators': 1000, 'num_leaves': 31, 'subsample': 0.6}",3.65483368274951,0.919029200320806,0.583002328872681
LightGBM,Baseline,5,"{'colsample_bytree': 0.8, 'learning_rate': 0.01, 'max_depth': 9, 'min_child_samples': 50, 'n_estimators': 1000, 'num_leaves': 31, 'subsample': 0.8}",3.65483326948924,0.919029218631906,0.592119693756104
LightGBM,Baseline,5,"{'colsample_bytree': 0.8, 'learning_rate': 0.01, 'max_depth': 9, 'min_child_samples': 50, 'n_estimators': 1000, 'num_leaves': 62, 'subsample': 0.6}",3.65483368317145,0.91902920030211,0.583516359329224
LightGBM,Baseline,5,"{'colsample_bytree': 0.8, 'learning_rate': 0.01, 'max_depth': 9, 'min_child_samples': 50, 'n_estimators': 1000, 'num_leaves': 62, 'subsample': 0.8}",3.65482482049359,0.919029592996993,0.586754083633423
LightGBM,Baseline,5,"{'colsample_bytree': 0.8, 'learning_rate': 0.01, 'max_depth': 9, 'min_child_samples': 100, 'n_estimators': 500, 'num_leaves': 15, 'subsample': 0.6}",5.90346417717636,0.788744971354937,0.276006698608398
LightGBM,Baseline,5,"{'colsample_bytree': 0.8, 'learning_rate': 0.01, 'max_depth': 9, 'min_child_samples': 100, 'n_estimators': 500, 'num_leaves': 15, 'subsample': 0.8}",5.90346417908384,0.788744971218419,0.275680780410767
LightGBM,Baseline,5,"{'colsample_bytree': 0.8, 'learning_rate': 0.01, 'max_depth': 9, 'min_child_samples': 100, 'n_estimators': 500, 'num_leaves': 31, 'subsample': 0.6}",5.90346417750523,0.7887449713314,0.281113386154175
LightGBM,Baseline,5,"{'colsample_bytree': 0.8, 'learning_rate': 0.01, 'max_depth': 9, 'min_child_samples': 100, 'n_estimators': 500, 'num_leaves': 31, 'subsample': 0.8}",5.90346417697522,0.788744971369332,0.273139715194702
LightGBM,Baseline,5,"{'colsample_bytree': 0.8, 'learning_rate': 0.01, 'max_depth': 9, 'min_child_samples': 100, 'n_estimators': 500, 'num_leaves': 62, 'subsample': 0.6}",5.90346417957586,0.788744971183205,0.277785301208496
LightGBM,Baseline,5,"{'colsample_bytree': 0.8, 'learning_rate': 0.01, 'max_depth': 9, 'min_child_samples': 100, 'n_estimators': 500, 'num_leaves': 62, 'subsample': 0.8}",5.90346417877615,0.78874497124044,0.266567230224609
LightGBM,Baseline,5,"{'colsample_bytree': 0.8, 'learning_rate': 0.01, 'max_depth': 9, 'min_child_samples': 100, 'n_estimators': 750, 'num_leaves': 15, 'subsample': 0.6}",5.27246897244247,0.83149171583726,0.392112493515015
LightGBM,Baseline,5,"{'colsample_bytree': 0.8, 'learning_rate': 0.01, 'max_depth': 9, 'min_child_samples': 100, 'n_estimators': 750, 'num_leaves': 15, 'subsample': 0.8}",5.27246897401888,0.831491715736496,0.451048851013184
LightGBM,Baseline,5,"{'colsample_bytree': 0.8, 'learning_rate': 0.01, 'max_depth': 9, 'min_child_samples': 100, 'n_estimators': 750, 'num_leaves': 31, 'subsample': 0.6}",5.27246955726909,0.831491678455101,0.423131942749023
LightGBM,Baseline,5,"{'colsample_bytree': 0.8, 'learning_rate': 0.01, 'max_depth': 9, 'min_child_samples': 100, 'n_estimators': 750, 'num_leaves': 31, 'subsample': 0.8}",5.27246955781024,0.83149167842051,0.361753702163696
LightGBM,Baseline,5,"{'colsample_bytree': 0.8, 'learning_rate': 0.01, 'max_depth': 9, 'min_child_samples': 100, 'n_estimators': 750, 'num_leaves': 62, 'subsample': 0.6}",5.27246895035718,0.831491717248953,0.317754030227661
LightGBM,Baseline,5,"{'colsample_bytree': 0.8, 'learning_rate': 0.01, 'max_depth': 9, 'min_child_samples': 100, 'n_estimators': 750, 'num_leaves': 62, 'subsample': 0.8}",5.27246955750105,0.831491678440274,0.380309104919434
LightGBM,Baseline,5,"{'colsample_bytree': 0.8, 'learning_rate': 0.01, 'max_depth': 9, 'min_child_samples': 100, 'n_estimators': 1000, 'num_leaves': 15, 'subsample': 0.6}",4.97427888376963,0.850013057566244,0.412786245346069
LightGBM,Baseline,5,"{'colsample_bytree': 0.8, 'learning_rate': 0.01, 'max_depth': 9, 'min_child_samples': 100, 'n_estimators': 1000, 'num_leaves': 15, 'subsample': 0.8}",4.97427804152603,0.850013108357739,0.391820192337036
LightGBM,Baseline,5,"{'colsample_bytree': 0.8, 'learning_rate': 0.01, 'max_depth': 9, 'min_child_samples': 100, 'n_estimators': 1000, 'num_leaves': 31, 'subsample': 0.6}",4.97427716473022,0.850013161232897,0.386525392532349
LightGBM,Baseline,5,"{'colsample_bytree': 0.8, 'learning_rate': 0.01, 'max_depth': 9, 'min_child_samples': 100, 'n_estimators': 1000, 'num_leaves': 31, 'subsample': 0.8}",4.97427888370625,0.850013057570066,0.385021924972534
LightGBM,Baseline,5,"{'colsample_bytree': 0.8, 'learning_rate': 0.01, 'max_depth': 9, 'min_child_samples': 100, 'n_estimators': 1000, 'num_leaves': 62, 'subsample': 0.6}",4.97427804039688,0.850013108425833,0.417672634124756
LightGBM,Baseline,5,"{'colsample_bytree': 0.8, 'learning_rate': 0.01, 'max_depth': 9, 'min_child_samples': 100, 'n_estimators': 1000, 'num_leaves': 62, 'subsample': 0.8}",4.97427888529658,0.850013057474161,0.445502996444702
LightGBM,Baseline,5,"{'colsample_bytree': 0.8, 'learning_rate': 0.05, 'max_depth': 3, 'min_child_samples': 50, 'n_estimators': 500, 'num_leaves': 15, 'subsample': 0.6}",3.63430636252352,0.919936188741946,0.143232107162476
LightGBM,Baseline,5,"{'colsample_bytree': 0.8, 'learning_rate': 0.05, 'max_depth': 3, 'min_child_samples': 50, 'n_estimators': 500, 'num_leaves': 15, 'subsample': 0.8}",3.63430636054103,0.919936188829295,0.1462082862854
LightGBM,Baseline,5,"{'colsample_bytree': 0.8, 'learning_rate': 0.05, 'max_depth': 3, 'min_child_samples': 50, 'n_estimators': 500, 'num_leaves': 31, 'subsample': 0.6}",3.6343063611103,0.919936188804212,0.139960050582886
LightGBM,Baseline,5,"{'colsample_bytree': 0.8, 'learning_rate': 0.05, 'max_depth': 3, 'min_child_samples': 50, 'n_estimators': 500, 'num_leaves': 31, 'subsample': 0.8}",3.63430636419805,0.919936188668166,0.140113353729248
LightGBM,Baseline,5,"{'colsample_bytree': 0.8, 'learning_rate': 0.05, 'max_depth': 3, 'min_child_samples': 50, 'n_estimators': 500, 'num_leaves': 62, 'subsample': 0.6}",3.63430635945439,0.919936188877172,0.170349359512329
LightGBM,Baseline,5,"{'colsample_bytree': 0.8, 'learning_rate': 0.05, 'max_depth': 3, 'min_child_samples': 50, 'n_estimators': 500, 'num_leaves': 62, 'subsample': 0.8}",3.63430636349751,0.919936188699032,0.175456047058105
LightGBM,Baseline,5,"{'colsample_bytree': 0.8, 'learning_rate': 0.05, 'max_depth': 3, 'min_child_samples': 50, 'n_estimators': 750, 'num_leaves': 15, 'subsample': 0.6}",3.63430636273292,0.91993618873272,0.164038419723511
LightGBM,Baseline,5,"{'colsample_bytree': 0.8, 'learning_rate': 0.05, 'max_depth': 3, 'min_child_samples': 50, 'n_estimators': 750, 'num_leaves': 15, 'subsample': 0.8}",3.63430636349772,0.919936188699023,0.172173738479614
LightGBM,Baseline,5,"{'colsample_bytree': 0.8, 'learning_rate': 0.05, 'max_depth': 3, 'min_child_samples': 50, 'n_estimators': 750, 'num_leaves': 31, 'subsample': 0.6}",3.6343063615135,0.919936188786448,0.175453662872314
LightGBM,Baseline,5,"{'colsample_bytree': 0.8, 'learning_rate': 0.05, 'max_depth': 3, 'min_child_samples': 50, 'n_estimators': 750, 'num_leaves': 31, 'subsample': 0.8}",3.63430636242843,0.919936188746136,0.175410985946655
LightGBM,Baseline,5,"{'colsample_bytree': 0.8, 'learning_rate': 0.05, 'max_depth': 3, 'min_child_samples': 50, 'n_estimators': 750, 'num_leaves': 62, 'subsample': 0.6}",3.63430636321531,0.919936188711466,0.168684005737305
LightGBM,Baseline,5,"{'colsample_bytree': 0.8, 'learning_rate': 0.05, 'max_depth': 3, 'min_child_samples': 50, 'n_estimators': 750, 'num_leaves': 62, 'subsample': 0.8}",3.63430636249743,0.919936188743096,0.169073104858398
LightGBM,Baseline,5,"{'colsample_bytree': 0.8, 'learning_rate': 0.05, 'max_depth': 3, 'min_child_samples': 50, 'n_estimators': 1000, 'num_leaves': 15, 'subsample': 0.6}",3.63430635785379,0.919936188947695,0.149724960327148
LightGBM,Baseline,5,"{'colsample_bytree': 0.8, 'learning_rate': 0.05, 'max_depth': 3, 'min_child_samples': 50, 'n_estimators': 1000, 'num_leaves': 15, 'subsample': 0.8}",3.63430636341877,0.919936188702501,0.141882658004761
LightGBM,Baseline,5,"{'colsample_bytree': 0.8, 'learning_rate': 0.05, 'max_depth': 3, 'min_child_samples': 50, 'n_estimators': 1000, 'num_leaves': 31, 'subsample': 0.6}",3.63430635933766,0.919936188882315,0.146873474121094
LightGBM,Baseline,5,"{'colsample_bytree': 0.8, 'learning_rate': 0.05, 'max_depth': 3, 'min_child_samples': 50, 'n_estimators': 1000, 'num_leaves': 31, 'subsample': 0.8}",3.63430636312683,0.919936188715364,0.14315938949585
LightGBM,Baseline,5,"{'colsample_bytree': 0.8, 'learning_rate': 0.05, 'max_depth': 3, 'min_child_samples': 50, 'n_estimators': 1000, 'num_leaves': 62, 'subsample': 0.6}",3.63430636363169,0.91993618869312,0.175344228744507
LightGBM,Baseline,5,"{'colsample_bytree': 0.8, 'learning_rate': 0.05, 'max_depth': 3, 'min_child_samples': 50, 'n_estimators': 1000, 'num_leaves': 62, 'subsample': 0.8}",3.63430635961336,0.919936188870168,0.160514116287231
LightGBM,Baseline,5,"{'colsample_bytree': 0.8, 'learning_rate': 0.05, 'max_depth': 3, 'min_child_samples': 100, 'n_estimators': 500, 'num_leaves': 15, 'subsample': 0.6}",4.30315303977836,0.887755059316811,0.225695848464966
LightGBM,Baseline,5,"{'colsample_bytree': 0.8, 'learning_rate': 0.05, 'max_depth': 3, 'min_child_samples': 100, 'n_estimators': 500, 'num_leaves': 15, 'subsample': 0.8}",4.30315303981173,0.88775505931507,0.212775945663452
LightGBM,Baseline,5,"{'colsample_bytree': 0.8, 'learning_rate': 0.05, 'max_depth': 3, 'min_child_samples': 100, 'n_estimators': 500, 'num_leaves': 31, 'subsample': 0.6}",4.30315303939421,0.887755059336852,0.235361576080322
LightGBM,Baseline,5,"{'colsample_bytree': 0.8, 'learning_rate': 0.05, 'max_depth': 3, 'min_child_samples': 100, 'n_estimators': 500, 'num_leaves': 31, 'subsample': 0.8}",4.30315303851898,0.887755059382511,0.242854833602905
LightGBM,Baseline,5,"{'colsample_bytree': 0.8, 'learning_rate': 0.05, 'max_depth': 3, 'min_child_samples': 100, 'n_estimators': 500, 'num_leaves': 62, 'subsample': 0.6}",4.30315304065124,0.887755059271274,0.261687278747559
LightGBM,Baseline,5,"{'colsample_bytree': 0.8, 'learning_rate': 0.05, 'max_depth': 3, 'min_child_samples': 100, 'n_estimators': 500, 'num_leaves': 62, 'subsample': 0.8}",4.30315304056316,0.887755059275869,0.236361265182495
LightGBM,Baseline,5,"{'colsample_bytree': 0.8, 'learning_rate': 0.05, 'max_depth': 3, 'min_child_samples': 100, 'n_estimators': 750, 'num_leaves': 15, 'subsample': 0.6}",4.22391818130671,0.891850582305024,0.37178373336792
LightGBM,Baseline,5,"{'colsample_bytree': 0.8, 'learning_rate': 0.05, 'max_depth': 3, 'min_child_samples': 100, 'n_estimators': 750, 'num_leaves': 15, 'subsample': 0.8}",4.22391818044664,0.891850582349067,0.338882684707642
LightGBM,Baseline,5,"{'colsample_bytree': 0.8, 'learning_rate': 0.05, 'max_depth': 3, 'min_child_samples': 100, 'n_estimators': 750, 'num_leaves': 31, 'subsample': 0.6}",4.22391817890624,0.891850582427948,0.318661689758301
LightGBM,Baseline,5,"{'colsample_bytree': 0.8, 'learning_rate': 0.05, 'max_depth': 3, 'min_child_samples': 100, 'n_estimators': 750, 'num_leaves': 31, 'subsample': 0.8}",4.22391817886367,0.891850582430128,0.312687158584595
LightGBM,Baseline,5,"{'colsample_bytree': 0.8, 'learning_rate': 0.05, 'max_depth': 3, 'min_child_samples': 100, 'n_estimators': 750, 'num_leaves': 62, 'subsample': 0.6}",4.2239181780762,0.891850582470452,0.325911283493042
LightGBM,Baseline,5,"{'colsample_bytree': 0.8, 'learning_rate': 0.05, 'max_depth': 3, 'min_child_samples': 100, 'n_estimators': 750, 'num_leaves': 62, 'subsample': 0.8}",4.2239181802514,0.891850582359065,0.322760820388794
LightGBM,Baseline,5,"{'colsample_bytree': 0.8, 'learning_rate': 0.05, 'max_depth': 3, 'min_child_samples': 100, 'n_estimators': 1000, 'num_leaves': 15, 'subsample': 0.6}",4.21422743317072,0.89234625787311,0.351486921310425
LightGBM,Baseline,5,"{'colsample_bytree': 0.8, 'learning_rate': 0.05, 'max_depth': 3, 'min_child_samples': 100, 'n_estimators': 1000, 'num_leaves': 15, 'subsample': 0.8}",4.21422743401787,0.892346257829829,0.351481914520264
LightGBM,Baseline,5,"{'colsample_bytree': 0.8, 'learning_rate': 0.05, 'max_depth': 3, 'min_child_samples': 100, 'n_estimators': 1000, 'num_leaves': 31, 'subsample': 0.6}",4.2142274336349,0.892346257849395,0.352899074554443
LightGBM,Baseline,5,"{'colsample_bytree': 0.8, 'learning_rate': 0.05, 'max_depth': 3, 'min_child_samples': 100, 'n_estimators': 1000, 'num_leaves': 31, 'subsample': 0.8}",4.2142274327075,0.892346257896776,0.300540447235107
LightGBM,Baseline,5,"{'colsample_bytree': 0.8, 'learning_rate': 0.05, 'max_depth': 3, 'min_child_samples': 100, 'n_estimators': 1000, 'num_leaves': 62, 'subsample': 0.6}",4.21422743523864,0.892346257767459,0.287289142608643
LightGBM,Baseline,5,"{'colsample_bytree': 0.8, 'learning_rate': 0.05, 'max_depth': 3, 'min_child_samples': 100, 'n_estimators': 1000, 'num_leaves': 62, 'subsample': 0.8}",4.21422743355391,0.892346257853533,0.281824111938477
LightGBM,Baseline,5,"{'colsample_bytree': 0.8, 'learning_rate': 0.05, 'max_depth': 5, 'min_child_samples': 50, 'n_estimators': 500, 'num_leaves': 15, 'subsample': 0.6}",3.65169269989585,0.919168313960526,0.154679298400879
LightGBM,Baseline,5,"{'colsample_bytree': 0.8, 'learning_rate': 0.05, 'max_depth': 5, 'min_child_samples': 50, 'n_estimators': 500, 'num_leaves': 15, 'subsample': 0.8}",3.65169270230089,0.919168313854053,0.159361839294434
LightGBM,Baseline,5,"{'colsample_bytree': 0.8, 'learning_rate': 0.05, 'max_depth': 5, 'min_child_samples': 50, 'n_estimators': 500, 'num_leaves': 31, 'subsample': 0.6}",3.65169270314237,0.9191683138168,0.157840728759766
LightGBM,Baseline,5,"{'colsample_bytree': 0.8, 'learning_rate': 0.05, 'max_depth': 5, 'min_child_samples': 50, 'n_estimators': 500, 'num_leaves': 31, 'subsample': 0.8}",3.6516927038018,0.919168313787606,0.15060305595398
LightGBM,Baseline,5,"{'colsample_bytree': 0.8, 'learning_rate': 0.05, 'max_depth': 5, 'min_child_samples': 50, 'n_estimators': 500, 'num_leaves': 62, 'subsample': 0.6}",3.65169269986001,0.919168313962113,0.156155586242676
LightGBM,Baseline,5,"{'colsample_bytree': 0.8, 'learning_rate': 0.05, 'max_depth': 5, 'min_child_samples': 50, 'n_estimators': 500, 'num_leaves': 62, 'subsample': 0.8}",3.65169269861578,0.919168314017196,0.164245367050171
LightGBM,Baseline,5,"{'colsample_bytree': 0.8, 'learning_rate': 0.05, 'max_depth': 5, 'min_child_samples': 50, 'n_estimators': 750, 'num_leaves': 15, 'subsample': 0.6}",3.65169270016588,0.919168313948572,0.178398609161377
LightGBM,Baseline,5,"{'colsample_bytree': 0.8, 'learning_rate': 0.05, 'max_depth': 5, 'min_child_samples': 50, 'n_estimators': 750, 'num_leaves': 15, 'subsample': 0.8}",3.651692698076,0.919168314041092,0.171105861663818
LightGBM,Baseline,5,"{'colsample_bytree': 0.8, 'learning_rate': 0.05, 'max_depth': 5, 'min_child_samples': 50, 'n_estimators': 750, 'num_leaves': 31, 'subsample': 0.6}",3.65169270005697,0.919168313953393,0.172869682312012
LightGBM,Baseline,5,"{'colsample_bytree': 0.8, 'learning_rate': 0.05, 'max_depth': 5, 'min_child_samples': 50, 'n_estimators': 750, 'num_leaves': 31, 'subsample': 0.8}",3.65169269728743,0.919168314076003,0.170238256454468
LightGBM,Baseline,5,"{'colsample_bytree': 0.8, 'learning_rate': 0.05, 'max_depth': 5, 'min_child_samples': 50, 'n_estimators': 750, 'num_leaves': 62, 'subsample': 0.6}",3.65169270189372,0.919168313872079,0.167742013931274
LightGBM,Baseline,5,"{'colsample_bytree': 0.8, 'learning_rate': 0.05, 'max_depth': 5, 'min_child_samples': 50, 'n_estimators': 750, 'num_leaves': 62, 'subsample': 0.8}",3.65169270042064,0.919168313937293,0.163659334182739
LightGBM,Baseline,5,"{'colsample_bytree': 0.8, 'learning_rate': 0.05, 'max_depth': 5, 'min_child_samples': 50, 'n_estimators': 1000, 'num_leaves': 15, 'subsample': 0.6}",3.65169269928064,0.919168313987762,0.187270641326904
LightGBM,Baseline,5,"{'colsample_bytree': 0.8, 'learning_rate': 0.05, 'max_depth': 5, 'min_child_samples': 50, 'n_estimators': 1000, 'num_leaves': 15, 'subsample': 0.8}",3.65169269706776,0.919168314085728,0.174399852752686
LightGBM,Baseline,5,"{'colsample_bytree': 0.8, 'learning_rate': 0.05, 'max_depth': 5, 'min_child_samples': 50, 'n_estimators': 1000, 'num_leaves': 31, 'subsample': 0.6}",3.65169270055473,0.919168313931357,0.166427850723267
LightGBM,Baseline,5,"{'colsample_bytree': 0.8, 'learning_rate': 0.05, 'max_depth': 5, 'min_child_samples': 50, 'n_estimators': 1000, 'num_leaves': 31, 'subsample': 0.8}",3.65169270056841,0.919168313930751,0.164936780929565
LightGBM,Baseline,5,"{'colsample_bytree': 0.8, 'learning_rate': 0.05, 'max_depth': 5, 'min_child_samples': 50, 'n_estimators': 1000, 'num_leaves': 62, 'subsample': 0.6}",3.65169270065191,0.919168313927054,0.176575422286987
LightGBM,Baseline,5,"{'colsample_bytree': 0.8, 'learning_rate': 0.05, 'max_depth': 5, 'min_child_samples': 50, 'n_estimators': 1000, 'num_leaves': 62, 'subsample': 0.8}",3.6516927007966,0.919168313920649,0.169074773788452
LightGBM,Baseline,5,"{'colsample_bytree': 0.8, 'learning_rate': 0.05, 'max_depth': 5, 'min_child_samples': 100, 'n_estimators': 500, 'num_leaves': 15, 'subsample': 0.6}",4.27591315965461,0.88917163049758,0.271584272384644
LightGBM,Baseline,5,"{'colsample_bytree': 0.8, 'learning_rate': 0.05, 'max_depth': 5, 'min_child_samples': 100, 'n_estimators': 500, 'num_leaves': 15, 'subsample': 0.8}",4.27591316126208,0.889171630414252,0.27253794670105
LightGBM,Baseline,5,"{'colsample_bytree': 0.8, 'learning_rate': 0.05, 'max_depth': 5, 'min_child_samples': 100, 'n_estimators': 500, 'num_leaves': 31, 'subsample': 0.6}",4.27591316100886,0.889171630427378,0.260379791259766
LightGBM,Baseline,5,"{'colsample_bytree': 0.8, 'learning_rate': 0.05, 'max_depth': 5, 'min_child_samples': 100, 'n_estimators': 500, 'num_leaves': 31, 'subsample': 0.8}",4.27591316194371,0.889171630378917,0.275847434997559
LightGBM,Baseline,5,"{'colsample_bytree': 0.8, 'learning_rate': 0.05, 'max_depth': 5, 'min_child_samples': 100, 'n_estimators': 500, 'num_leaves': 62, 'subsample': 0.6}",4.27591316076339,0.889171630440103,0.271003723144531
LightGBM,Baseline,5,"{'colsample_bytree': 0.8, 'learning_rate': 0.05, 'max_depth': 5, 'min_child_samples': 100, 'n_estimators': 500, 'num_leaves': 62, 'subsample': 0.8}",4.27591316128437,0.889171630413096,0.269895792007446
LightGBM,Baseline,5,"{'colsample_bytree': 0.8, 'learning_rate': 0.05, 'max_depth': 5, 'min_child_samples': 100, 'n_estimators': 750, 'num_leaves': 15, 'subsample': 0.6}",4.17768792446128,0.894204990788298,0.353282928466797
LightGBM,Baseline,5,"{'colsample_bytree': 0.8, 'learning_rate': 0.05, 'max_depth': 5, 'min_child_samples': 100, 'n_estimators': 750, 'num_leaves': 15, 'subsample': 0.8}",4.1776879247675,0.894204990772789,0.339778900146484
LightGBM,Baseline,5,"{'colsample_bytree': 0.8, 'learning_rate': 0.05, 'max_depth': 5, 'min_child_samples': 100, 'n_estimators': 750, 'num_leaves': 31, 'subsample': 0.6}",4.17768792599414,0.894204990710662,0.333312034606934
LightGBM,Baseline,5,"{'colsample_bytree': 0.8, 'learning_rate': 0.05, 'max_depth': 5, 'min_child_samples': 100, 'n_estimators': 750, 'num_leaves': 31, 'subsample': 0.8}",4.17768792450399,0.894204990786135,0.341640949249268
LightGBM,Baseline,5,"{'colsample_bytree': 0.8, 'learning_rate': 0.05, 'max_depth': 5, 'min_child_samples': 100, 'n_estimators': 750, 'num_leaves': 62, 'subsample': 0.6}",4.17768792378353,0.894204990822624,0.352980375289917
LightGBM,Baseline,5,"{'colsample_bytree': 0.8, 'learning_rate': 0.05, 'max_depth': 5, 'min_child_samples': 100, 'n_estimators': 750, 'num_leaves': 62, 'subsample': 0.8}",4.17768792459689,0.89420499078143,0.341650485992432
LightGBM,Baseline,5,"{'colsample_bytree': 0.8, 'learning_rate': 0.05, 'max_depth': 5, 'min_child_samples': 100, 'n_estimators': 1000, 'num_leaves': 15, 'subsample': 0.6}",4.12143057001189,0.89703510825547,0.427263975143433
LightGBM,Baseline,5,"{'colsample_bytree': 0.8, 'learning_rate': 0.05, 'max_depth': 5, 'min_child_samples': 100, 'n_estimators': 1000, 'num_leaves': 15, 'subsample': 0.8}",4.1214345949395,0.897034907147417,0.422773838043213
LightGBM,Baseline,5,"{'colsample_bytree': 0.8, 'learning_rate': 0.05, 'max_depth': 5, 'min_child_samples': 100, 'n_estimators': 1000, 'num_leaves': 31, 'subsample': 0.6}",4.12143111065504,0.897035081241905,0.417141675949097
LightGBM,Baseline,5,"{'colsample_bytree': 0.8, 'learning_rate': 0.05, 'max_depth': 5, 'min_child_samples': 100, 'n_estimators': 1000, 'num_leaves': 31, 'subsample': 0.8}",4.12142726396205,0.897035273444193,0.42181396484375
LightGBM,Baseline,5,"{'colsample_bytree': 0.8, 'learning_rate': 0.05, 'max_depth': 5, 'min_child_samples': 100, 'n_estimators': 1000, 'num_leaves': 62, 'subsample': 0.6}",4.12143295905572,0.897034988885408,0.428220272064209
LightGBM,Baseline,5,"{'colsample_bytree': 0.8, 'learning_rate': 0.05, 'max_depth': 5, 'min_child_samples': 100, 'n_estimators': 1000, 'num_leaves': 62, 'subsample': 0.8}",4.12142726479693,0.897035273402478,0.424763441085815
LightGBM,Baseline,5,"{'colsample_bytree': 0.8, 'learning_rate': 0.05, 'max_depth': 9, 'min_child_samples': 50, 'n_estimators': 500, 'num_leaves': 15, 'subsample': 0.6}",3.65113654994221,0.919192933291268,0.213662385940552
LightGBM,Baseline,5,"{'colsample_bytree': 0.8, 'learning_rate': 0.05, 'max_depth': 9, 'min_child_samples': 50, 'n_estimators': 500, 'num_leaves': 15, 'subsample': 0.8}",3.65113654848865,0.919192933355609,0.219055652618408
LightGBM,Baseline,5,"{'colsample_bytree': 0.8, 'learning_rate': 0.05, 'max_depth': 9, 'min_child_samples': 50, 'n_estimators': 500, 'num_leaves': 31, 'subsample': 0.6}",3.65113654813305,0.919192933371348,0.223549842834473
LightGBM,Baseline,5,"{'colsample_bytree': 0.8, 'learning_rate': 0.05, 'max_depth': 9, 'min_child_samples': 50, 'n_estimators': 500, 'num_leaves': 31, 'subsample': 0.8}",3.65113654878463,0.919192933342507,0.219471216201782
LightGBM,Baseline,5,"{'colsample_bytree': 0.8, 'learning_rate': 0.05, 'max_depth': 9, 'min_child_samples': 50, 'n_estimators': 500, 'num_leaves': 62, 'subsample': 0.6}",3.65113654796334,0.91919293337886,0.217920780181885
LightGBM,Baseline,5,"{'colsample_bytree': 0.8, 'learning_rate': 0.05, 'max_depth': 9, 'min_child_samples': 50, 'n_estimators': 500, 'num_leaves': 62, 'subsample': 0.8}",3.65113654836631,0.919192933361024,0.216588258743286
LightGBM,Baseline,5,"{'colsample_bytree': 0.8, 'learning_rate': 0.05, 'max_depth': 9, 'min_child_samples': 50, 'n_estimators': 750, 'num_leaves': 15, 'subsample': 0.6}",3.65113655045958,0.919192933268367,0.220795154571533
LightGBM,Baseline,5,"{'colsample_bytree': 0.8, 'learning_rate': 0.05, 'max_depth': 9, 'min_child_samples': 50, 'n_estimators': 750, 'num_leaves': 15, 'subsample': 0.8}",3.65113654893223,0.919192933335974,0.220005750656128
LightGBM,Baseline,5,"{'colsample_bytree': 0.8, 'learning_rate': 0.05, 'max_depth': 9, 'min_child_samples': 50, 'n_estimators': 750, 'num_leaves': 31, 'subsample': 0.6}",3.65113654690355,0.919192933425771,0.219184637069702
LightGBM,Baseline,5,"{'colsample_bytree': 0.8, 'learning_rate': 0.05, 'max_depth': 9, 'min_child_samples': 50, 'n_estimators': 750, 'num_leaves': 31, 'subsample': 0.8}",3.65113654875861,0.919192933343659,0.2139732837677
LightGBM,Baseline,5,"{'colsample_bytree': 0.8, 'learning_rate': 0.05, 'max_depth': 9, 'min_child_samples': 50, 'n_estimators': 750, 'num_leaves': 62, 'subsample': 0.6}",3.65113654866662,0.919192933347731,0.216156721115112
LightGBM,Baseline,5,"{'colsample_bytree': 0.8, 'learning_rate': 0.05, 'max_depth': 9, 'min_child_samples': 50, 'n_estimators': 750, 'num_leaves': 62, 'subsample': 0.8}",3.6511365461876,0.919192933457462,0.222460508346558
LightGBM,Baseline,5,"{'colsample_bytree': 0.8, 'learning_rate': 0.05, 'max_depth': 9, 'min_child_samples': 50, 'n_estimators': 1000, 'num_leaves': 15, 'subsample': 0.6}",3.65113654921884,0.919192933323287,0.221255302429199
LightGBM,Baseline,5,"{'colsample_bytree': 0.8, 'learning_rate': 0.05, 'max_depth': 9, 'min_child_samples': 50, 'n_estimators': 1000, 'num_leaves': 15, 'subsample': 0.8}",3.65113654613421,0.919192933459825,0.210829973220825
LightGBM,Baseline,5,"{'colsample_bytree': 0.8, 'learning_rate': 0.05, 'max_depth': 9, 'min_child_samples': 50, 'n_estimators': 1000, 'num_leaves': 31, 'subsample': 0.6}",3.65113654757701,0.919192933395961,0.221770524978638
LightGBM,Baseline,5,"{'colsample_bytree': 0.8, 'learning_rate': 0.05, 'max_depth': 9, 'min_child_samples': 50, 'n_estimators': 1000, 'num_leaves': 31, 'subsample': 0.8}",3.6511365470895,0.91919293341754,0.214953184127808
LightGBM,Baseline,5,"{'colsample_bytree': 0.8, 'learning_rate': 0.05, 'max_depth': 9, 'min_child_samples': 50, 'n_estimators': 1000, 'num_leaves': 62, 'subsample': 0.6}",3.65113654886071,0.919192933339139,0.222578763961792
LightGBM,Baseline,5,"{'colsample_bytree': 0.8, 'learning_rate': 0.05, 'max_depth': 9, 'min_child_samples': 50, 'n_estimators': 1000, 'num_leaves': 62, 'subsample': 0.8}",3.65113654778353,0.91919293338682,0.217218399047852
LightGBM,Baseline,5,"{'colsample_bytree': 0.8, 'learning_rate': 0.05, 'max_depth': 9, 'min_child_samples': 100, 'n_estimators': 500, 'num_leaves': 15, 'subsample': 0.6}",4.2916439540743,0.888354670381641,0.261429309844971
LightGBM,Baseline,5,"{'colsample_bytree': 0.8, 'learning_rate': 0.05, 'max_depth': 9, 'min_child_samples': 100, 'n_estimators': 500, 'num_leaves': 15, 'subsample': 0.8}",4.29165015183556,0.888354347917054,0.26812219619751
LightGBM,Baseline,5,"{'colsample_bytree': 0.8, 'learning_rate': 0.05, 'max_depth': 9, 'min_child_samples': 100, 'n_estimators': 500, 'num_leaves': 31, 'subsample': 0.6}",4.29165014994247,0.88835434801555,0.267354965209961
LightGBM,Baseline,5,"{'colsample_bytree': 0.8, 'learning_rate': 0.05, 'max_depth': 9, 'min_child_samples': 100, 'n_estimators': 500, 'num_leaves': 31, 'subsample': 0.8}",4.29165015156259,0.888354347931256,0.267679929733276
LightGBM,Baseline,5,"{'colsample_bytree': 0.8, 'learning_rate': 0.05, 'max_depth': 9, 'min_child_samples': 100, 'n_estimators': 500, 'num_leaves': 62, 'subsample': 0.6}",4.29165015355561,0.888354347827561,0.261523246765137
LightGBM,Baseline,5,"{'colsample_bytree': 0.8, 'learning_rate': 0.05, 'max_depth': 9, 'min_child_samples': 100, 'n_estimators': 500, 'num_leaves': 62, 'subsample': 0.8}",4.29165015133143,0.888354347943283,0.310527086257935
LightGBM,Baseline,5,"{'colsample_bytree': 0.8, 'learning_rate': 0.05, 'max_depth': 9, 'min_child_samples': 100, 'n_estimators': 750, 'num_leaves': 15, 'subsample': 0.6}",4.20107858165851,0.893016992805577,0.341331005096436
LightGBM,Baseline,5,"{'colsample_bytree': 0.8, 'learning_rate': 0.05, 'max_depth': 9, 'min_child_samples': 100, 'n_estimators': 750, 'num_leaves': 15, 'subsample': 0.8}",4.20107858044759,0.893016992867251,0.336805582046509
LightGBM,Baseline,5,"{'colsample_bytree': 0.8, 'learning_rate': 0.05, 'max_depth': 9, 'min_child_samples': 100, 'n_estimators': 750, 'num_leaves': 31, 'subsample': 0.6}",4.20107858093438,0.893016992842458,0.344078779220581
LightGBM,Baseline,5,"{'colsample_bytree': 0.8, 'learning_rate': 0.05, 'max_depth': 9, 'min_child_samples': 100, 'n_estimators': 750, 'num_leaves': 31, 'subsample': 0.8}",4.20107858263606,0.893016992755789,0.334546566009522
LightGBM,Baseline,5,"{'colsample_bytree': 0.8, 'learning_rate': 0.05, 'max_depth': 9, 'min_child_samples': 100, 'n_estimators': 750, 'num_leaves': 62, 'subsample': 0.6}",4.20107858001205,0.893016992889433,0.340831756591797
LightGBM,Baseline,5,"{'colsample_bytree': 0.8, 'learning_rate': 0.05, 'max_depth': 9, 'min_child_samples': 100, 'n_estimators': 750, 'num_leaves': 62, 'subsample': 0.8}",4.20107858000353,0.893016992889867,0.351885080337524
LightGBM,Baseline,5,"{'colsample_bytree': 0.8, 'learning_rate': 0.05, 'max_depth': 9, 'min_child_samples': 100, 'n_estimators': 1000, 'num_leaves': 15, 'subsample': 0.6}",4.16881131669008,0.894654092364733,0.44211220741272
LightGBM,Baseline,5,"{'colsample_bytree': 0.8, 'learning_rate': 0.05, 'max_depth': 9, 'min_child_samples': 100, 'n_estimators': 1000, 'num_leaves': 15, 'subsample': 0.8}",4.168811316422,0.894654092378282,0.448801040649414
LightGBM,Baseline,5,"{'colsample_bytree': 0.8, 'learning_rate': 0.05, 'max_depth': 9, 'min_child_samples': 100, 'n_estimators': 1000, 'num_leaves': 31, 'subsample': 0.6}",4.16881131698655,0.894654092349749,0.436169624328613
LightGBM,Baseline,5,"{'colsample_bytree': 0.8, 'learning_rate': 0.05, 'max_depth': 9, 'min_child_samples': 100, 'n_estimators': 1000, 'num_leaves': 31, 'subsample': 0.8}",4.16881131886522,0.894654092254801,0.552384614944458
LightGBM,Baseline,5,"{'colsample_bytree': 0.8, 'learning_rate': 0.05, 'max_depth': 9, 'min_child_samples': 100, 'n_estimators': 1000, 'num_leaves': 62, 'subsample': 0.6}",4.16881131684208,0.894654092357051,0.5201416015625
LightGBM,Baseline,5,"{'colsample_bytree': 0.8, 'learning_rate': 0.05, 'max_depth': 9, 'min_child_samples': 100, 'n_estimators': 1000, 'num_leaves': 62, 'subsample': 0.8}",4.16881131714895,0.894654092341541,0.52199125289917
LightGBM,Baseline,6,"{'colsample_bytree': 0.6, 'learning_rate': 0.01, 'max_depth': 3, 'min_child_samples': 50, 'n_estimators': 500, 'num_leaves': 15, 'subsample': 0.6}",4.32873218228501,0.901354816828361,0.192815542221069
LightGBM,Baseline,6,"{'colsample_bytree': 0.6, 'learning_rate': 0.01, 'max_depth': 3, 'min_child_samples': 50, 'n_estimators': 500, 'num_leaves': 15, 'subsample': 0.8}",4.32873218198625,0.901354816841977,0.193038702011108
LightGBM,Baseline,6,"{'colsample_bytree': 0.6, 'learning_rate': 0.01, 'max_depth': 3, 'min_child_samples': 50, 'n_estimators': 500, 'num_leaves': 31, 'subsample': 0.6}",4.32873218253273,0.901354816817071,0.191593647003174
LightGBM,Baseline,6,"{'colsample_bytree': 0.6, 'learning_rate': 0.01, 'max_depth': 3, 'min_child_samples': 50, 'n_estimators': 500, 'num_leaves': 31, 'subsample': 0.8}",4.32873218250769,0.901354816818211,0.194327116012573
LightGBM,Baseline,6,"{'colsample_bytree': 0.6, 'learning_rate': 0.01, 'max_depth': 3, 'min_child_samples': 50, 'n_estimators': 500, 'num_leaves': 62, 'subsample': 0.6}",4.32873218202533,0.901354816840196,0.198475360870361
LightGBM,Baseline,6,"{'colsample_bytree': 0.6, 'learning_rate': 0.01, 'max_depth': 3, 'min_child_samples': 50, 'n_estimators': 500, 'num_leaves': 62, 'subsample': 0.8}",4.32873218235882,0.901354816824997,0.191055059432983
LightGBM,Baseline,6,"{'colsample_bytree': 0.6, 'learning_rate': 0.01, 'max_depth': 3, 'min_child_samples': 50, 'n_estimators': 750, 'num_leaves': 15, 'subsample': 0.6}",4.32873218214512,0.901354816834737,0.188623905181885
LightGBM,Baseline,6,"{'colsample_bytree': 0.6, 'learning_rate': 0.01, 'max_depth': 3, 'min_child_samples': 50, 'n_estimators': 750, 'num_leaves': 15, 'subsample': 0.8}",4.3287321824732,0.901354816819784,0.192960023880005
LightGBM,Baseline,6,"{'colsample_bytree': 0.6, 'learning_rate': 0.01, 'max_depth': 3, 'min_child_samples': 50, 'n_estimators': 750, 'num_leaves': 31, 'subsample': 0.6}",4.32873218275085,0.901354816807129,0.18264102935791
LightGBM,Baseline,6,"{'colsample_bytree': 0.6, 'learning_rate': 0.01, 'max_depth': 3, 'min_child_samples': 50, 'n_estimators': 750, 'num_leaves': 31, 'subsample': 0.8}",4.32873218243585,0.901354816821486,0.194849014282227
LightGBM,Baseline,6,"{'colsample_bytree': 0.6, 'learning_rate': 0.01, 'max_depth': 3, 'min_child_samples': 50, 'n_estimators': 750, 'num_leaves': 62, 'subsample': 0.6}",4.32873218221232,0.901354816831674,0.197961807250977
LightGBM,Baseline,6,"{'colsample_bytree': 0.6, 'learning_rate': 0.01, 'max_depth': 3, 'min_child_samples': 50, 'n_estimators': 750, 'num_leaves': 62, 'subsample': 0.8}",4.32873218210228,0.901354816836689,0.204072952270508
LightGBM,Baseline,6,"{'colsample_bytree': 0.6, 'learning_rate': 0.01, 'max_depth': 3, 'min_child_samples': 50, 'n_estimators': 1000, 'num_leaves': 15, 'subsample': 0.6}",4.32873218237223,0.901354816824386,0.198883056640625
LightGBM,Baseline,6,"{'colsample_bytree': 0.6, 'learning_rate': 0.01, 'max_depth': 3, 'min_child_samples': 50, 'n_estimators': 1000, 'num_leaves': 15, 'subsample': 0.8}",4.32873218204061,0.9013548168395,0.209638833999634
LightGBM,Baseline,6,"{'colsample_bytree': 0.6, 'learning_rate': 0.01, 'max_depth': 3, 'min_child_samples': 50, 'n_estimators': 1000, 'num_leaves': 31, 'subsample': 0.6}",4.32873218188812,0.90135481684645,0.219821929931641
LightGBM,Baseline,6,"{'colsample_bytree': 0.6, 'learning_rate': 0.01, 'max_depth': 3, 'min_child_samples': 50, 'n_estimators': 1000, 'num_leaves': 31, 'subsample': 0.8}",4.32873218219922,0.901354816832271,0.181250810623169
LightGBM,Baseline,6,"{'colsample_bytree': 0.6, 'learning_rate': 0.01, 'max_depth': 3, 'min_child_samples': 50, 'n_estimators': 1000, 'num_leaves': 62, 'subsample': 0.6}",4.32873218218541,0.9013548168329,0.17202639579773
LightGBM,Baseline,6,"{'colsample_bytree': 0.6, 'learning_rate': 0.01, 'max_depth': 3, 'min_child_samples': 50, 'n_estimators': 1000, 'num_leaves': 62, 'subsample': 0.8}",4.32873218229567,0.901354816827875,0.169862985610962
LightGBM,Baseline,6,"{'colsample_bytree': 0.6, 'learning_rate': 0.01, 'max_depth': 3, 'min_child_samples': 100, 'n_estimators': 500, 'num_leaves': 15, 'subsample': 0.6}",6.2977575387741,0.791202005672168,0.213574409484863
LightGBM,Baseline,6,"{'colsample_bytree': 0.6, 'learning_rate': 0.01, 'max_depth': 3, 'min_child_samples': 100, 'n_estimators': 500, 'num_leaves': 15, 'subsample': 0.8}",6.29775753849726,0.791202005690525,0.219733715057373
LightGBM,Baseline,6,"{'colsample_bytree': 0.6, 'learning_rate': 0.01, 'max_depth': 3, 'min_child_samples': 100, 'n_estimators': 500, 'num_leaves': 31, 'subsample': 0.6}",6.29775753844805,0.791202005693789,0.223054885864258
LightGBM,Baseline,6,"{'colsample_bytree': 0.6, 'learning_rate': 0.01, 'max_depth': 3, 'min_child_samples': 100, 'n_estimators': 500, 'num_leaves': 31, 'subsample': 0.8}",6.2977575392202,0.791202005642588,0.22024416923523
LightGBM,Baseline,6,"{'colsample_bytree': 0.6, 'learning_rate': 0.01, 'max_depth': 3, 'min_child_samples': 100, 'n_estimators': 500, 'num_leaves': 62, 'subsample': 0.6}",6.29775753725663,0.79120200577279,0.225335359573364
LightGBM,Baseline,6,"{'colsample_bytree': 0.6, 'learning_rate': 0.01, 'max_depth': 3, 'min_child_samples': 100, 'n_estimators': 500, 'num_leaves': 62, 'subsample': 0.8}",6.29775753627311,0.791202005838006,0.234464168548584
LightGBM,Baseline,6,"{'colsample_bytree': 0.6, 'learning_rate': 0.01, 'max_depth': 3, 'min_child_samples': 100, 'n_estimators': 750, 'num_leaves': 15, 'subsample': 0.6}",5.73476294927895,0.826864792756339,0.288273811340332
LightGBM,Baseline,6,"{'colsample_bytree': 0.6, 'learning_rate': 0.01, 'max_depth': 3, 'min_child_samples': 100, 'n_estimators': 750, 'num_leaves': 15, 'subsample': 0.8}",5.73476294796855,0.826864792835462,0.284559011459351
LightGBM,Baseline,6,"{'colsample_bytree': 0.6, 'learning_rate': 0.01, 'max_depth': 3, 'min_child_samples': 100, 'n_estimators': 750, 'num_leaves': 31, 'subsample': 0.6}",5.73476294844574,0.826864792806648,0.285507202148438
LightGBM,Baseline,6,"{'colsample_bytree': 0.6, 'learning_rate': 0.01, 'max_depth': 3, 'min_child_samples': 100, 'n_estimators': 750, 'num_leaves': 31, 'subsample': 0.8}",5.73476294795662,0.826864792836182,0.285196781158447
LightGBM,Baseline,6,"{'colsample_bytree': 0.6, 'learning_rate': 0.01, 'max_depth': 3, 'min_child_samples': 100, 'n_estimators': 750, 'num_leaves': 62, 'subsample': 0.6}",5.73476294925294,0.826864792757909,0.299916744232178
LightGBM,Baseline,6,"{'colsample_bytree': 0.6, 'learning_rate': 0.01, 'max_depth': 3, 'min_child_samples': 100, 'n_estimators': 750, 'num_leaves': 62, 'subsample': 0.8}",5.73476294785171,0.826864792842517,0.283790588378906
LightGBM,Baseline,6,"{'colsample_bytree': 0.6, 'learning_rate': 0.01, 'max_depth': 3, 'min_child_samples': 100, 'n_estimators': 1000, 'num_leaves': 15, 'subsample': 0.6}",5.48698970117462,0.841502381988135,0.346626281738281
LightGBM,Baseline,6,"{'colsample_bytree': 0.6, 'learning_rate': 0.01, 'max_depth': 3, 'min_child_samples': 100, 'n_estimators': 1000, 'num_leaves': 15, 'subsample': 0.8}",5.48698969997094,0.841502382057674,0.345335483551025
LightGBM,Baseline,6,"{'colsample_bytree': 0.6, 'learning_rate': 0.01, 'max_depth': 3, 'min_child_samples': 100, 'n_estimators': 1000, 'num_leaves': 31, 'subsample': 0.6}",5.48698970030904,0.841502382038141,0.350679159164429
LightGBM,Baseline,6,"{'colsample_bytree': 0.6, 'learning_rate': 0.01, 'max_depth': 3, 'min_child_samples': 100, 'n_estimators': 1000, 'num_leaves': 31, 'subsample': 0.8}",5.48698970034583,0.841502382036016,0.347826242446899
LightGBM,Baseline,6,"{'colsample_bytree': 0.6, 'learning_rate': 0.01, 'max_depth': 3, 'min_child_samples': 100, 'n_estimators': 1000, 'num_leaves': 62, 'subsample': 0.6}",5.48698970023557,0.841502382042386,0.355031251907349
LightGBM,Baseline,6,"{'colsample_bytree': 0.6, 'learning_rate': 0.01, 'max_depth': 3, 'min_child_samples': 100, 'n_estimators': 1000, 'num_leaves': 62, 'subsample': 0.8}",5.48698969962518,0.84150238207765,0.352218627929688
LightGBM,Baseline,6,"{'colsample_bytree': 0.6, 'learning_rate': 0.01, 'max_depth': 5, 'min_child_samples': 50, 'n_estimators': 500, 'num_leaves': 15, 'subsample': 0.6}",4.32998880499977,0.901297535497339,0.230681419372559
LightGBM,Baseline,6,"{'colsample_bytree': 0.6, 'learning_rate': 0.01, 'max_depth': 5, 'min_child_samples': 50, 'n_estimators': 500, 'num_leaves': 15, 'subsample': 0.8}",4.32998880545165,0.901297535476737,0.224284887313843
LightGBM,Baseline,6,"{'colsample_bytree': 0.6, 'learning_rate': 0.01, 'max_depth': 5, 'min_child_samples': 50, 'n_estimators': 500, 'num_leaves': 31, 'subsample': 0.6}",4.32998880541371,0.901297535478467,0.230033159255981
LightGBM,Baseline,6,"{'colsample_bytree': 0.6, 'learning_rate': 0.01, 'max_depth': 5, 'min_child_samples': 50, 'n_estimators': 500, 'num_leaves': 31, 'subsample': 0.8}",4.32998880566835,0.901297535466858,0.227075338363647
LightGBM,Baseline,6,"{'colsample_bytree': 0.6, 'learning_rate': 0.01, 'max_depth': 5, 'min_child_samples': 50, 'n_estimators': 500, 'num_leaves': 62, 'subsample': 0.6}",4.32998880515252,0.901297535490375,0.23218846321106
LightGBM,Baseline,6,"{'colsample_bytree': 0.6, 'learning_rate': 0.01, 'max_depth': 5, 'min_child_samples': 50, 'n_estimators': 500, 'num_leaves': 62, 'subsample': 0.8}",4.32998880579243,0.901297535461201,0.220646619796753
LightGBM,Baseline,6,"{'colsample_bytree': 0.6, 'learning_rate': 0.01, 'max_depth': 5, 'min_child_samples': 50, 'n_estimators': 750, 'num_leaves': 15, 'subsample': 0.6}",4.3299888054635,0.901297535476197,0.226820230484009
LightGBM,Baseline,6,"{'colsample_bytree': 0.6, 'learning_rate': 0.01, 'max_depth': 5, 'min_child_samples': 50, 'n_estimators': 750, 'num_leaves': 15, 'subsample': 0.8}",4.32998880549555,0.901297535474736,0.224920272827148
LightGBM,Baseline,6,"{'colsample_bytree': 0.6, 'learning_rate': 0.01, 'max_depth': 5, 'min_child_samples': 50, 'n_estimators': 750, 'num_leaves': 31, 'subsample': 0.6}",4.32998880534361,0.901297535481663,0.223219871520996
LightGBM,Baseline,6,"{'colsample_bytree': 0.6, 'learning_rate': 0.01, 'max_depth': 5, 'min_child_samples': 50, 'n_estimators': 750, 'num_leaves': 31, 'subsample': 0.8}",4.32998880596112,0.901297535453511,0.223431825637817
LightGBM,Baseline,6,"{'colsample_bytree': 0.6, 'learning_rate': 0.01, 'max_depth': 5, 'min_child_samples': 50, 'n_estimators': 750, 'num_leaves': 62, 'subsample': 0.6}",4.32998880582008,0.901297535459941,0.226011276245117
LightGBM,Baseline,6,"{'colsample_bytree': 0.6, 'learning_rate': 0.01, 'max_depth': 5, 'min_child_samples': 50, 'n_estimators': 750, 'num_leaves': 62, 'subsample': 0.8}",4.32998880543764,0.901297535477376,0.225424528121948
LightGBM,Baseline,6,"{'colsample_bytree': 0.6, 'learning_rate': 0.01, 'max_depth': 5, 'min_child_samples': 50, 'n_estimators': 1000, 'num_leaves': 15, 'subsample': 0.6}",4.32998880573069,0.901297535464016,0.230705499649048
LightGBM,Baseline,6,"{'colsample_bytree': 0.6, 'learning_rate': 0.01, 'max_depth': 5, 'min_child_samples': 50, 'n_estimators': 1000, 'num_leaves': 15, 'subsample': 0.8}",4.32998880487399,0.901297535503073,0.2280592918396
LightGBM,Baseline,6,"{'colsample_bytree': 0.6, 'learning_rate': 0.01, 'max_depth': 5, 'min_child_samples': 50, 'n_estimators': 1000, 'num_leaves': 31, 'subsample': 0.6}",4.32998880540449,0.901297535478888,0.225731134414673
LightGBM,Baseline,6,"{'colsample_bytree': 0.6, 'learning_rate': 0.01, 'max_depth': 5, 'min_child_samples': 50, 'n_estimators': 1000, 'num_leaves': 31, 'subsample': 0.8}",4.32998880561694,0.901297535469202,0.227328538894653
LightGBM,Baseline,6,"{'colsample_bytree': 0.6, 'learning_rate': 0.01, 'max_depth': 5, 'min_child_samples': 50, 'n_estimators': 1000, 'num_leaves': 62, 'subsample': 0.6}",4.32998880533092,0.901297535482242,0.225965261459351
LightGBM,Baseline,6,"{'colsample_bytree': 0.6, 'learning_rate': 0.01, 'max_depth': 5, 'min_child_samples': 50, 'n_estimators': 1000, 'num_leaves': 62, 'subsample': 0.8}",4.32998880574042,0.901297535463572,0.229897499084473
LightGBM,Baseline,6,"{'colsample_bytree': 0.6, 'learning_rate': 0.01, 'max_depth': 5, 'min_child_samples': 100, 'n_estimators': 500, 'num_leaves': 15, 'subsample': 0.6}",6.30514332584465,0.790711976705664,0.265450000762939
LightGBM,Baseline,6,"{'colsample_bytree': 0.6, 'learning_rate': 0.01, 'max_depth': 5, 'min_child_samples': 100, 'n_estimators': 500, 'num_leaves': 15, 'subsample': 0.8}",6.30514332578214,0.790711976709814,0.271646976470947
LightGBM,Baseline,6,"{'colsample_bytree': 0.6, 'learning_rate': 0.01, 'max_depth': 5, 'min_child_samples': 100, 'n_estimators': 500, 'num_leaves': 31, 'subsample': 0.6}",6.30514332650208,0.79071197666202,0.287769317626953
LightGBM,Baseline,6,"{'colsample_bytree': 0.6, 'learning_rate': 0.01, 'max_depth': 5, 'min_child_samples': 100, 'n_estimators': 500, 'num_leaves': 31, 'subsample': 0.8}",6.30514332557804,0.790711976723364,0.389990091323853
LightGBM,Baseline,6,"{'colsample_bytree': 0.6, 'learning_rate': 0.01, 'max_depth': 5, 'min_child_samples': 100, 'n_estimators': 500, 'num_leaves': 62, 'subsample': 0.6}",6.30514332459941,0.790711976788332,0.325125932693481
LightGBM,Baseline,6,"{'colsample_bytree': 0.6, 'learning_rate': 0.01, 'max_depth': 5, 'min_child_samples': 100, 'n_estimators': 500, 'num_leaves': 62, 'subsample': 0.8}",6.30514332502676,0.790711976759961,0.319516658782959
LightGBM,Baseline,6,"{'colsample_bytree': 0.6, 'learning_rate': 0.01, 'max_depth': 5, 'min_child_samples': 100, 'n_estimators': 750, 'num_leaves': 15, 'subsample': 0.6}",5.73410172601711,0.826904715740986,0.33029842376709
LightGBM,Baseline,6,"{'colsample_bytree': 0.6, 'learning_rate': 0.01, 'max_depth': 5, 'min_child_samples': 100, 'n_estimators': 750, 'num_leaves': 15, 'subsample': 0.8}",5.7341018114675,0.826904710582005,0.329960107803345
LightGBM,Baseline,6,"{'colsample_bytree': 0.6, 'learning_rate': 0.01, 'max_depth': 5, 'min_child_samples': 100, 'n_estimators': 750, 'num_leaves': 31, 'subsample': 0.6}",5.73408549045931,0.826905695944913,0.328713417053223
LightGBM,Baseline,6,"{'colsample_bytree': 0.6, 'learning_rate': 0.01, 'max_depth': 5, 'min_child_samples': 100, 'n_estimators': 750, 'num_leaves': 31, 'subsample': 0.8}",5.73408549077128,0.826905695926078,0.316016435623169
LightGBM,Baseline,6,"{'colsample_bytree': 0.6, 'learning_rate': 0.01, 'max_depth': 5, 'min_child_samples': 100, 'n_estimators': 750, 'num_leaves': 62, 'subsample': 0.6}",5.73408549068649,0.826905695931197,0.317794799804688
LightGBM,Baseline,6,"{'colsample_bytree': 0.6, 'learning_rate': 0.01, 'max_depth': 5, 'min_child_samples': 100, 'n_estimators': 750, 'num_leaves': 62, 'subsample': 0.8}",5.73408549097255,0.826905695913927,0.345792293548584
LightGBM,Baseline,6,"{'colsample_bytree': 0.6, 'learning_rate': 0.01, 'max_depth': 5, 'min_child_samples': 100, 'n_estimators': 1000, 'num_leaves': 15, 'subsample': 0.6}",5.47232020461417,0.842348737578873,0.433552742004395
LightGBM,Baseline,6,"{'colsample_bytree': 0.6, 'learning_rate': 0.01, 'max_depth': 5, 'min_child_samples': 100, 'n_estimators': 1000, 'num_leaves': 15, 'subsample': 0.8}",5.47232020385858,0.842348737622408,0.439889907836914
LightGBM,Baseline,6,"{'colsample_bytree': 0.6, 'learning_rate': 0.01, 'max_depth': 5, 'min_child_samples': 100, 'n_estimators': 1000, 'num_leaves': 31, 'subsample': 0.6}",5.47232020399561,0.842348737614513,0.440457820892334
LightGBM,Baseline,6,"{'colsample_bytree': 0.6, 'learning_rate': 0.01, 'max_depth': 5, 'min_child_samples': 100, 'n_estimators': 1000, 'num_leaves': 31, 'subsample': 0.8}",5.4723202035258,0.842348737641582,0.432052373886108
LightGBM,Baseline,6,"{'colsample_bytree': 0.6, 'learning_rate': 0.01, 'max_depth': 5, 'min_child_samples': 100, 'n_estimators': 1000, 'num_leaves': 62, 'subsample': 0.6}",5.47232020409512,0.842348737608779,0.440623044967651
LightGBM,Baseline,6,"{'colsample_bytree': 0.6, 'learning_rate': 0.01, 'max_depth': 5, 'min_child_samples': 100, 'n_estimators': 1000, 'num_leaves': 62, 'subsample': 0.8}",5.47232020414665,0.84234873760581,0.424172401428223
LightGBM,Baseline,6,"{'colsample_bytree': 0.6, 'learning_rate': 0.01, 'max_depth': 9, 'min_child_samples': 50, 'n_estimators': 500, 'num_leaves': 15, 'subsample': 0.6}",4.33335409948284,0.901144051526017,0.287570476531982
LightGBM,Baseline,6,"{'colsample_bytree': 0.6, 'learning_rate': 0.01, 'max_depth': 9, 'min_child_samples': 50, 'n_estimators': 500, 'num_leaves': 15, 'subsample': 0.8}",4.3333505354973,0.901144214134942,0.300528287887573
LightGBM,Baseline,6,"{'colsample_bytree': 0.6, 'learning_rate': 0.01, 'max_depth': 9, 'min_child_samples': 50, 'n_estimators': 500, 'num_leaves': 31, 'subsample': 0.6}",4.33334603207396,0.901144419606075,0.291790962219238
LightGBM,Baseline,6,"{'colsample_bytree': 0.6, 'learning_rate': 0.01, 'max_depth': 9, 'min_child_samples': 50, 'n_estimators': 500, 'num_leaves': 31, 'subsample': 0.8}",4.33335287023131,0.901144107611352,0.289034605026245
LightGBM,Baseline,6,"{'colsample_bytree': 0.6, 'learning_rate': 0.01, 'max_depth': 9, 'min_child_samples': 50, 'n_estimators': 500, 'num_leaves': 62, 'subsample': 0.6}",4.33334554565511,0.901144441799186,0.299381256103516
LightGBM,Baseline,6,"{'colsample_bytree': 0.6, 'learning_rate': 0.01, 'max_depth': 9, 'min_child_samples': 50, 'n_estimators': 500, 'num_leaves': 62, 'subsample': 0.8}",4.33334424614474,0.901144501090005,0.30351185798645
LightGBM,Baseline,6,"{'colsample_bytree': 0.6, 'learning_rate': 0.01, 'max_depth': 9, 'min_child_samples': 50, 'n_estimators': 750, 'num_leaves': 15, 'subsample': 0.6}",4.33334228052604,0.901144590772321,0.296457529067993
LightGBM,Baseline,6,"{'colsample_bytree': 0.6, 'learning_rate': 0.01, 'max_depth': 9, 'min_child_samples': 50, 'n_estimators': 750, 'num_leaves': 15, 'subsample': 0.8}",4.33335139169077,0.901144175070626,0.300518989562988
LightGBM,Baseline,6,"{'colsample_bytree': 0.6, 'learning_rate': 0.01, 'max_depth': 9, 'min_child_samples': 50, 'n_estimators': 750, 'num_leaves': 31, 'subsample': 0.6}",4.3333561332545,0.901143958733935,0.288177251815796
LightGBM,Baseline,6,"{'colsample_bytree': 0.6, 'learning_rate': 0.01, 'max_depth': 9, 'min_child_samples': 50, 'n_estimators': 750, 'num_leaves': 31, 'subsample': 0.8}",4.33335410382839,0.901144051327748,0.291006326675415
LightGBM,Baseline,6,"{'colsample_bytree': 0.6, 'learning_rate': 0.01, 'max_depth': 9, 'min_child_samples': 50, 'n_estimators': 750, 'num_leaves': 62, 'subsample': 0.6}",4.33335736250722,0.901143902648503,0.289566278457642
LightGBM,Baseline,6,"{'colsample_bytree': 0.6, 'learning_rate': 0.01, 'max_depth': 9, 'min_child_samples': 50, 'n_estimators': 750, 'num_leaves': 62, 'subsample': 0.8}",4.33335083674732,0.901144200390239,0.293859720230103
LightGBM,Baseline,6,"{'colsample_bytree': 0.6, 'learning_rate': 0.01, 'max_depth': 9, 'min_child_samples': 50, 'n_estimators': 1000, 'num_leaves': 15, 'subsample': 0.6}",4.33335786161908,0.901143879876205,0.28589391708374
LightGBM,Baseline,6,"{'colsample_bytree': 0.6, 'learning_rate': 0.01, 'max_depth': 9, 'min_child_samples': 50, 'n_estimators': 1000, 'num_leaves': 15, 'subsample': 0.8}",4.33334424656322,0.901144501070912,0.29073977470398
LightGBM,Baseline,6,"{'colsample_bytree': 0.6, 'learning_rate': 0.01, 'max_depth': 9, 'min_child_samples': 50, 'n_estimators': 1000, 'num_leaves': 31, 'subsample': 0.6}",4.33334763994382,0.901144346246165,0.286857604980469
LightGBM,Baseline,6,"{'colsample_bytree': 0.6, 'learning_rate': 0.01, 'max_depth': 9, 'min_child_samples': 50, 'n_estimators': 1000, 'num_leaves': 31, 'subsample': 0.8}",4.33335286971721,0.901144107634808,0.293801546096802
LightGBM,Baseline,6,"{'colsample_bytree': 0.6, 'learning_rate': 0.01, 'max_depth': 9, 'min_child_samples': 50, 'n_estimators': 1000, 'num_leaves': 62, 'subsample': 0.6}",4.33335662457008,0.901143936317353,0.287213325500488
LightGBM,Baseline,6,"{'colsample_bytree': 0.6, 'learning_rate': 0.01, 'max_depth': 9, 'min_child_samples': 50, 'n_estimators': 1000, 'num_leaves': 62, 'subsample': 0.8}",4.33335655629256,0.901143939432558,0.299915790557861
LightGBM,Baseline,6,"{'colsample_bytree': 0.6, 'learning_rate': 0.01, 'max_depth': 9, 'min_child_samples': 100, 'n_estimators': 500, 'num_leaves': 15, 'subsample': 0.6}",6.29945415752098,0.791089489968939,0.266843318939209
LightGBM,Baseline,6,"{'colsample_bytree': 0.6, 'learning_rate': 0.01, 'max_depth': 9, 'min_child_samples': 100, 'n_estimators': 500, 'num_leaves': 15, 'subsample': 0.8}",6.2994541582822,0.79108948991845,0.269687175750732
LightGBM,Baseline,6,"{'colsample_bytree': 0.6, 'learning_rate': 0.01, 'max_depth': 9, 'min_child_samples': 100, 'n_estimators': 500, 'num_leaves': 31, 'subsample': 0.6}",6.29945415697342,0.791089490005256,0.27027440071106
LightGBM,Baseline,6,"{'colsample_bytree': 0.6, 'learning_rate': 0.01, 'max_depth': 9, 'min_child_samples': 100, 'n_estimators': 500, 'num_leaves': 31, 'subsample': 0.8}",6.29945415838995,0.791089489911303,0.273328304290772
LightGBM,Baseline,6,"{'colsample_bytree': 0.6, 'learning_rate': 0.01, 'max_depth': 9, 'min_child_samples': 100, 'n_estimators': 500, 'num_leaves': 62, 'subsample': 0.6}",6.29945415752605,0.791089489968603,0.271619081497192
LightGBM,Baseline,6,"{'colsample_bytree': 0.6, 'learning_rate': 0.01, 'max_depth': 9, 'min_child_samples': 100, 'n_estimators': 500, 'num_leaves': 62, 'subsample': 0.8}",6.2994541570278,0.791089490001649,0.272652149200439
LightGBM,Baseline,6,"{'colsample_bytree': 0.6, 'learning_rate': 0.01, 'max_depth': 9, 'min_child_samples': 100, 'n_estimators': 750, 'num_leaves': 15, 'subsample': 0.6}",5.73632114405913,0.826770694698799,0.351738691329956
LightGBM,Baseline,6,"{'colsample_bytree': 0.6, 'learning_rate': 0.01, 'max_depth': 9, 'min_child_samples': 100, 'n_estimators': 750, 'num_leaves': 15, 'subsample': 0.8}",5.73632830497108,0.826770262198405,0.355638027191162
LightGBM,Baseline,6,"{'colsample_bytree': 0.6, 'learning_rate': 0.01, 'max_depth': 9, 'min_child_samples': 100, 'n_estimators': 750, 'num_leaves': 31, 'subsample': 0.6}",5.73632830369062,0.826770262275742,0.34258246421814
LightGBM,Baseline,6,"{'colsample_bytree': 0.6, 'learning_rate': 0.01, 'max_depth': 9, 'min_child_samples': 100, 'n_estimators': 750, 'num_leaves': 31, 'subsample': 0.8}",5.73632830491557,0.826770262201758,0.356690406799316
LightGBM,Baseline,6,"{'colsample_bytree': 0.6, 'learning_rate': 0.01, 'max_depth': 9, 'min_child_samples': 100, 'n_estimators': 750, 'num_leaves': 62, 'subsample': 0.6}",5.73632830492988,0.826770262200893,0.357810735702515
LightGBM,Baseline,6,"{'colsample_bytree': 0.6, 'learning_rate': 0.01, 'max_depth': 9, 'min_child_samples': 100, 'n_estimators': 750, 'num_leaves': 62, 'subsample': 0.8}",5.73632830311506,0.826770262310504,0.350256204605103
LightGBM,Baseline,6,"{'colsample_bytree': 0.6, 'learning_rate': 0.01, 'max_depth': 9, 'min_child_samples': 100, 'n_estimators': 1000, 'num_leaves': 15, 'subsample': 0.6}",5.48156740869746,0.841815484743955,0.423245429992676
LightGBM,Baseline,6,"{'colsample_bytree': 0.6, 'learning_rate': 0.01, 'max_depth': 9, 'min_child_samples': 100, 'n_estimators': 1000, 'num_leaves': 15, 'subsample': 0.8}",5.48156123402062,0.841815841115642,0.430317640304565
LightGBM,Baseline,6,"{'colsample_bytree': 0.6, 'learning_rate': 0.01, 'max_depth': 9, 'min_child_samples': 100, 'n_estimators': 1000, 'num_leaves': 31, 'subsample': 0.6}",5.48156740889852,0.84181548473235,0.432644367218018
LightGBM,Baseline,6,"{'colsample_bytree': 0.6, 'learning_rate': 0.01, 'max_depth': 9, 'min_child_samples': 100, 'n_estimators': 1000, 'num_leaves': 31, 'subsample': 0.8}",5.48156123499726,0.841815841059275,0.433432817459106
LightGBM,Baseline,6,"{'colsample_bytree': 0.6, 'learning_rate': 0.01, 'max_depth': 9, 'min_child_samples': 100, 'n_estimators': 1000, 'num_leaves': 62, 'subsample': 0.6}",5.48156740878638,0.841815484738823,0.438265562057495
LightGBM,Baseline,6,"{'colsample_bytree': 0.6, 'learning_rate': 0.01, 'max_depth': 9, 'min_child_samples': 100, 'n_estimators': 1000, 'num_leaves': 62, 'subsample': 0.8}",5.48156740899333,0.841815484726879,0.432249307632446
LightGBM,Baseline,6,"{'colsample_bytree': 0.6, 'learning_rate': 0.05, 'max_depth': 3, 'min_child_samples': 50, 'n_estimators': 500, 'num_leaves': 15, 'subsample': 0.6}",4.32292940335659,0.901619112468173,0.119778633117676
LightGBM,Baseline,6,"{'colsample_bytree': 0.6, 'learning_rate': 0.05, 'max_depth': 3, 'min_child_samples': 50, 'n_estimators': 500, 'num_leaves': 15, 'subsample': 0.8}",4.32292940391287,0.901619112442854,0.122470617294312
LightGBM,Baseline,6,"{'colsample_bytree': 0.6, 'learning_rate': 0.05, 'max_depth': 3, 'min_child_samples': 50, 'n_estimators': 500, 'num_leaves': 31, 'subsample': 0.6}",4.32292940309661,0.901619112480006,0.116549968719482
LightGBM,Baseline,6,"{'colsample_bytree': 0.6, 'learning_rate': 0.05, 'max_depth': 3, 'min_child_samples': 50, 'n_estimators': 500, 'num_leaves': 31, 'subsample': 0.8}",4.32292940312648,0.901619112478647,0.11861252784729
LightGBM,Baseline,6,"{'colsample_bytree': 0.6, 'learning_rate': 0.05, 'max_depth': 3, 'min_child_samples': 50, 'n_estimators': 500, 'num_leaves': 62, 'subsample': 0.6}",4.3229294036065,0.901619112456798,0.120661973953247
LightGBM,Baseline,6,"{'colsample_bytree': 0.6, 'learning_rate': 0.05, 'max_depth': 3, 'min_child_samples': 50, 'n_estimators': 500, 'num_leaves': 62, 'subsample': 0.8}",4.32292940328519,0.901619112471423,0.118815183639526
LightGBM,Baseline,6,"{'colsample_bytree': 0.6, 'learning_rate': 0.05, 'max_depth': 3, 'min_child_samples': 50, 'n_estimators': 750, 'num_leaves': 15, 'subsample': 0.6}",4.32292940374788,0.901619112450363,0.116759061813354
LightGBM,Baseline,6,"{'colsample_bytree': 0.6, 'learning_rate': 0.05, 'max_depth': 3, 'min_child_samples': 50, 'n_estimators': 750, 'num_leaves': 15, 'subsample': 0.8}",4.32292940355237,0.901619112459262,0.121127367019653
LightGBM,Baseline,6,"{'colsample_bytree': 0.6, 'learning_rate': 0.05, 'max_depth': 3, 'min_child_samples': 50, 'n_estimators': 750, 'num_leaves': 31, 'subsample': 0.6}",4.32292940369947,0.901619112452566,0.114208698272705
LightGBM,Baseline,6,"{'colsample_bytree': 0.6, 'learning_rate': 0.05, 'max_depth': 3, 'min_child_samples': 50, 'n_estimators': 750, 'num_leaves': 31, 'subsample': 0.8}",4.32292940434144,0.901619112423347,0.114791631698608
LightGBM,Baseline,6,"{'colsample_bytree': 0.6, 'learning_rate': 0.05, 'max_depth': 3, 'min_child_samples': 50, 'n_estimators': 750, 'num_leaves': 62, 'subsample': 0.6}",4.32292940315813,0.901619112477206,0.11460542678833
LightGBM,Baseline,6,"{'colsample_bytree': 0.6, 'learning_rate': 0.05, 'max_depth': 3, 'min_child_samples': 50, 'n_estimators': 750, 'num_leaves': 62, 'subsample': 0.8}",4.32292940356439,0.901619112458715,0.123363494873047
LightGBM,Baseline,6,"{'colsample_bytree': 0.6, 'learning_rate': 0.05, 'max_depth': 3, 'min_child_samples': 50, 'n_estimators': 1000, 'num_leaves': 15, 'subsample': 0.6}",4.32292940363261,0.90161911245561,0.118117809295654
LightGBM,Baseline,6,"{'colsample_bytree': 0.6, 'learning_rate': 0.05, 'max_depth': 3, 'min_child_samples': 50, 'n_estimators': 1000, 'num_leaves': 15, 'subsample': 0.8}",4.32292940390281,0.901619112443311,0.115444183349609
LightGBM,Baseline,6,"{'colsample_bytree': 0.6, 'learning_rate': 0.05, 'max_depth': 3, 'min_child_samples': 50, 'n_estimators': 1000, 'num_leaves': 31, 'subsample': 0.6}",4.32292940308936,0.901619112480336,0.118303537368774
LightGBM,Baseline,6,"{'colsample_bytree': 0.6, 'learning_rate': 0.05, 'max_depth': 3, 'min_child_samples': 50, 'n_estimators': 1000, 'num_leaves': 31, 'subsample': 0.8}",4.32292940266061,0.901619112499851,0.119744777679443
LightGBM,Baseline,6,"{'colsample_bytree': 0.6, 'learning_rate': 0.05, 'max_depth': 3, 'min_child_samples': 50, 'n_estimators': 1000, 'num_leaves': 62, 'subsample': 0.6}",4.32292940352898,0.901619112460327,0.124280691146851
LightGBM,Baseline,6,"{'colsample_bytree': 0.6, 'learning_rate': 0.05, 'max_depth': 3, 'min_child_samples': 50, 'n_estimators': 1000, 'num_leaves': 62, 'subsample': 0.8}",4.32292940382987,0.901619112446631,0.129236221313477
LightGBM,Baseline,6,"{'colsample_bytree': 0.6, 'learning_rate': 0.05, 'max_depth': 3, 'min_child_samples': 100, 'n_estimators': 500, 'num_leaves': 15, 'subsample': 0.6}",5.16221769824805,0.859709881988659,0.218672513961792
LightGBM,Baseline,6,"{'colsample_bytree': 0.6, 'learning_rate': 0.05, 'max_depth': 3, 'min_child_samples': 100, 'n_estimators': 500, 'num_leaves': 15, 'subsample': 0.8}",5.16223009078143,0.859709208420762,0.222643852233887
LightGBM,Baseline,6,"{'colsample_bytree': 0.6, 'learning_rate': 0.05, 'max_depth': 3, 'min_child_samples': 100, 'n_estimators': 500, 'num_leaves': 31, 'subsample': 0.6}",5.1622300918103,0.859709208364841,0.237695455551147
LightGBM,Baseline,6,"{'colsample_bytree': 0.6, 'learning_rate': 0.05, 'max_depth': 3, 'min_child_samples': 100, 'n_estimators': 500, 'num_leaves': 31, 'subsample': 0.8}",5.16223009137694,0.859709208388395,0.236976146697998
LightGBM,Baseline,6,"{'colsample_bytree': 0.6, 'learning_rate': 0.05, 'max_depth': 3, 'min_child_samples': 100, 'n_estimators': 500, 'num_leaves': 62, 'subsample': 0.6}",5.1622300919188,0.859709208358943,0.233710289001465
LightGBM,Baseline,6,"{'colsample_bytree': 0.6, 'learning_rate': 0.05, 'max_depth': 3, 'min_child_samples': 100, 'n_estimators': 500, 'num_leaves': 62, 'subsample': 0.8}",5.16223009135605,0.85970920838953,0.226026296615601
LightGBM,Baseline,6,"{'colsample_bytree': 0.6, 'learning_rate': 0.05, 'max_depth': 3, 'min_child_samples': 100, 'n_estimators': 750, 'num_leaves': 15, 'subsample': 0.6}",5.10272562398006,0.86292480159236,0.288480520248413
LightGBM,Baseline,6,"{'colsample_bytree': 0.6, 'learning_rate': 0.05, 'max_depth': 3, 'min_child_samples': 100, 'n_estimators': 750, 'num_leaves': 15, 'subsample': 0.8}",5.10271467343802,0.862925389923469,0.28596830368042
LightGBM,Baseline,6,"{'colsample_bytree': 0.6, 'learning_rate': 0.05, 'max_depth': 3, 'min_child_samples': 100, 'n_estimators': 750, 'num_leaves': 31, 'subsample': 0.6}",5.1027256241174,0.862924801584981,0.290985345840454
LightGBM,Baseline,6,"{'colsample_bytree': 0.6, 'learning_rate': 0.05, 'max_depth': 3, 'min_child_samples': 100, 'n_estimators': 750, 'num_leaves': 31, 'subsample': 0.8}",5.10272562565142,0.862924801502564,0.283685207366943
LightGBM,Baseline,6,"{'colsample_bytree': 0.6, 'learning_rate': 0.05, 'max_depth': 3, 'min_child_samples': 100, 'n_estimators': 750, 'num_leaves': 62, 'subsample': 0.6}",5.10272562267052,0.862924801662717,0.293517112731934
LightGBM,Baseline,6,"{'colsample_bytree': 0.6, 'learning_rate': 0.05, 'max_depth': 3, 'min_child_samples': 100, 'n_estimators': 750, 'num_leaves': 62, 'subsample': 0.8}",5.10272562595873,0.862924801486053,0.29995059967041
LightGBM,Baseline,6,"{'colsample_bytree': 0.6, 'learning_rate': 0.05, 'max_depth': 3, 'min_child_samples': 100, 'n_estimators': 1000, 'num_leaves': 15, 'subsample': 0.6}",5.10272562742245,0.862924801407413,0.288982152938843
LightGBM,Baseline,6,"{'colsample_bytree': 0.6, 'learning_rate': 0.05, 'max_depth': 3, 'min_child_samples': 100, 'n_estimators': 1000, 'num_leaves': 15, 'subsample': 0.8}",5.10272562422189,0.862924801579367,0.271315813064575
LightGBM,Baseline,6,"{'colsample_bytree': 0.6, 'learning_rate': 0.05, 'max_depth': 3, 'min_child_samples': 100, 'n_estimators': 1000, 'num_leaves': 31, 'subsample': 0.6}",5.10272562443791,0.862924801567761,0.295542001724243
LightGBM,Baseline,6,"{'colsample_bytree': 0.6, 'learning_rate': 0.05, 'max_depth': 3, 'min_child_samples': 100, 'n_estimators': 1000, 'num_leaves': 31, 'subsample': 0.8}",5.10272562258944,0.862924801667073,0.291715621948242
LightGBM,Baseline,6,"{'colsample_bytree': 0.6, 'learning_rate': 0.05, 'max_depth': 3, 'min_child_samples': 100, 'n_estimators': 1000, 'num_leaves': 62, 'subsample': 0.6}",5.10271467364667,0.862925389912259,0.28669261932373
LightGBM,Baseline,6,"{'colsample_bytree': 0.6, 'learning_rate': 0.05, 'max_depth': 3, 'min_child_samples': 100, 'n_estimators': 1000, 'num_leaves': 62, 'subsample': 0.8}",5.10272562462504,0.862924801557708,0.288830518722534
LightGBM,Baseline,6,"{'colsample_bytree': 0.6, 'learning_rate': 0.05, 'max_depth': 5, 'min_child_samples': 50, 'n_estimators': 500, 'num_leaves': 15, 'subsample': 0.6}",4.32118295453241,0.901698587501209,0.134424924850464
LightGBM,Baseline,6,"{'colsample_bytree': 0.6, 'learning_rate': 0.05, 'max_depth': 5, 'min_child_samples': 50, 'n_estimators': 500, 'num_leaves': 15, 'subsample': 0.8}",4.32118295546412,0.901698587458818,0.145657062530518
LightGBM,Baseline,6,"{'colsample_bytree': 0.6, 'learning_rate': 0.05, 'max_depth': 5, 'min_child_samples': 50, 'n_estimators': 500, 'num_leaves': 31, 'subsample': 0.6}",4.32118295534406,0.901698587464281,0.131433010101318
LightGBM,Baseline,6,"{'colsample_bytree': 0.6, 'learning_rate': 0.05, 'max_depth': 5, 'min_child_samples': 50, 'n_estimators': 500, 'num_leaves': 31, 'subsample': 0.8}",4.3211829548621,0.901698587486209,0.133350849151611
LightGBM,Baseline,6,"{'colsample_bytree': 0.6, 'learning_rate': 0.05, 'max_depth': 5, 'min_child_samples': 50, 'n_estimators': 500, 'num_leaves': 62, 'subsample': 0.6}",4.32118295578526,0.901698587444207,0.129772663116455
LightGBM,Baseline,6,"{'colsample_bytree': 0.6, 'learning_rate': 0.05, 'max_depth': 5, 'min_child_samples': 50, 'n_estimators': 500, 'num_leaves': 62, 'subsample': 0.8}",4.32118295476092,0.901698587490812,0.132399559020996
LightGBM,Baseline,6,"{'colsample_bytree': 0.6, 'learning_rate': 0.05, 'max_depth': 5, 'min_child_samples': 50, 'n_estimators': 750, 'num_leaves': 15, 'subsample': 0.6}",4.32118295493123,0.901698587483064,0.135013580322266
LightGBM,Baseline,6,"{'colsample_bytree': 0.6, 'learning_rate': 0.05, 'max_depth': 5, 'min_child_samples': 50, 'n_estimators': 750, 'num_leaves': 15, 'subsample': 0.8}",4.32118295558057,0.90169858745352,0.124887228012085
LightGBM,Baseline,6,"{'colsample_bytree': 0.6, 'learning_rate': 0.05, 'max_depth': 5, 'min_child_samples': 50, 'n_estimators': 750, 'num_leaves': 31, 'subsample': 0.6}",4.32118295572208,0.901698587447082,0.129879951477051
LightGBM,Baseline,6,"{'colsample_bytree': 0.6, 'learning_rate': 0.05, 'max_depth': 5, 'min_child_samples': 50, 'n_estimators': 750, 'num_leaves': 31, 'subsample': 0.8}",4.32118295610212,0.901698587429791,0.128126382827759
LightGBM,Baseline,6,"{'colsample_bytree': 0.6, 'learning_rate': 0.05, 'max_depth': 5, 'min_child_samples': 50, 'n_estimators': 750, 'num_leaves': 62, 'subsample': 0.6}",4.32118295472004,0.901698587492672,0.138144731521606
LightGBM,Baseline,6,"{'colsample_bytree': 0.6, 'learning_rate': 0.05, 'max_depth': 5, 'min_child_samples': 50, 'n_estimators': 750, 'num_leaves': 62, 'subsample': 0.8}",4.32118295611926,0.901698587429011,0.137328863143921
LightGBM,Baseline,6,"{'colsample_bytree': 0.6, 'learning_rate': 0.05, 'max_depth': 5, 'min_child_samples': 50, 'n_estimators': 1000, 'num_leaves': 15, 'subsample': 0.6}",4.32118295584673,0.901698587441411,0.135315418243408
LightGBM,Baseline,6,"{'colsample_bytree': 0.6, 'learning_rate': 0.05, 'max_depth': 5, 'min_child_samples': 50, 'n_estimators': 1000, 'num_leaves': 15, 'subsample': 0.8}",4.32118295545903,0.90169858745905,0.132055521011353
LightGBM,Baseline,6,"{'colsample_bytree': 0.6, 'learning_rate': 0.05, 'max_depth': 5, 'min_child_samples': 50, 'n_estimators': 1000, 'num_leaves': 31, 'subsample': 0.6}",4.32118295552403,0.901698587456093,0.13319206237793
LightGBM,Baseline,6,"{'colsample_bytree': 0.6, 'learning_rate': 0.05, 'max_depth': 5, 'min_child_samples': 50, 'n_estimators': 1000, 'num_leaves': 31, 'subsample': 0.8}",4.32118295551985,0.901698587456283,0.141988039016724
LightGBM,Baseline,6,"{'colsample_bytree': 0.6, 'learning_rate': 0.05, 'max_depth': 5, 'min_child_samples': 50, 'n_estimators': 1000, 'num_leaves': 62, 'subsample': 0.6}",4.32118295494991,0.901698587482213,0.129867792129517
LightGBM,Baseline,6,"{'colsample_bytree': 0.6, 'learning_rate': 0.05, 'max_depth': 5, 'min_child_samples': 50, 'n_estimators': 1000, 'num_leaves': 62, 'subsample': 0.8}",4.32118295569293,0.901698587448408,0.138149976730347
LightGBM,Baseline,6,"{'colsample_bytree': 0.6, 'learning_rate': 0.05, 'max_depth': 5, 'min_child_samples': 100, 'n_estimators': 500, 'num_leaves': 15, 'subsample': 0.6}",5.1371597439688,0.861068542760211,0.278263092041016
LightGBM,Baseline,6,"{'colsample_bytree': 0.6, 'learning_rate': 0.05, 'max_depth': 5, 'min_child_samples': 100, 'n_estimators': 500, 'num_leaves': 15, 'subsample': 0.8}",5.13713708418082,0.861069768398727,0.274980783462524
LightGBM,Baseline,6,"{'colsample_bytree': 0.6, 'learning_rate': 0.05, 'max_depth': 5, 'min_child_samples': 100, 'n_estimators': 500, 'num_leaves': 31, 'subsample': 0.6}",5.13715974248531,0.861068542840452,0.264548301696777
LightGBM,Baseline,6,"{'colsample_bytree': 0.6, 'learning_rate': 0.05, 'max_depth': 5, 'min_child_samples': 100, 'n_estimators': 500, 'num_leaves': 31, 'subsample': 0.8}",5.137137083109,0.861069768456701,0.257104158401489
LightGBM,Baseline,6,"{'colsample_bytree': 0.6, 'learning_rate': 0.05, 'max_depth': 5, 'min_child_samples': 100, 'n_estimators': 500, 'num_leaves': 62, 'subsample': 0.6}",5.13715974315438,0.861068542804262,0.260541915893555
LightGBM,Baseline,6,"{'colsample_bytree': 0.6, 'learning_rate': 0.05, 'max_depth': 5, 'min_child_samples': 100, 'n_estimators': 500, 'num_leaves': 62, 'subsample': 0.8}",5.13711892522243,0.861070750589311,0.274913311004639
LightGBM,Baseline,6,"{'colsample_bytree': 0.6, 'learning_rate': 0.05, 'max_depth': 5, 'min_child_samples': 100, 'n_estimators': 750, 'num_leaves': 15, 'subsample': 0.6}",5.10653158363477,0.862720245332071,0.338730096817017
LightGBM,Baseline,6,"{'colsample_bytree': 0.6, 'learning_rate': 0.05, 'max_depth': 5, 'min_child_samples': 100, 'n_estimators': 750, 'num_leaves': 15, 'subsample': 0.8}",5.10651435086593,0.862721171873403,0.330888509750366
LightGBM,Baseline,6,"{'colsample_bytree': 0.6, 'learning_rate': 0.05, 'max_depth': 5, 'min_child_samples': 100, 'n_estimators': 750, 'num_leaves': 31, 'subsample': 0.6}",5.10651435098602,0.862721171866946,0.329098224639893
LightGBM,Baseline,6,"{'colsample_bytree': 0.6, 'learning_rate': 0.05, 'max_depth': 5, 'min_child_samples': 100, 'n_estimators': 750, 'num_leaves': 31, 'subsample': 0.8}",5.10651435212628,0.862721171805639,0.342186689376831
LightGBM,Baseline,6,"{'colsample_bytree': 0.6, 'learning_rate': 0.05, 'max_depth': 5, 'min_child_samples': 100, 'n_estimators': 750, 'num_leaves': 62, 'subsample': 0.6}",5.10650084653361,0.862721897948505,0.334203243255615
LightGBM,Baseline,6,"{'colsample_bytree': 0.6, 'learning_rate': 0.05, 'max_depth': 5, 'min_child_samples': 100, 'n_estimators': 750, 'num_leaves': 62, 'subsample': 0.8}",5.10652638694156,0.862720524739099,0.328017234802246
LightGBM,Baseline,6,"{'colsample_bytree': 0.6, 'learning_rate': 0.05, 'max_depth': 5, 'min_child_samples': 100, 'n_estimators': 1000, 'num_leaves': 15, 'subsample': 0.6}",5.10651435249843,0.862721171785629,0.335258007049561
LightGBM,Baseline,6,"{'colsample_bytree': 0.6, 'learning_rate': 0.05, 'max_depth': 5, 'min_child_samples': 100, 'n_estimators': 1000, 'num_leaves': 15, 'subsample': 0.8}",5.10648562651938,0.862722716266808,0.324043273925781
LightGBM,Baseline,6,"{'colsample_bytree': 0.6, 'learning_rate': 0.05, 'max_depth': 5, 'min_child_samples': 100, 'n_estimators': 1000, 'num_leaves': 31, 'subsample': 0.6}",5.10654219536171,0.862719674777768,0.33269214630127
LightGBM,Baseline,6,"{'colsample_bytree': 0.6, 'learning_rate': 0.05, 'max_depth': 5, 'min_child_samples': 100, 'n_estimators': 1000, 'num_leaves': 31, 'subsample': 0.8}",5.10651303055495,0.862721242861442,0.335279226303101
LightGBM,Baseline,6,"{'colsample_bytree': 0.6, 'learning_rate': 0.05, 'max_depth': 5, 'min_child_samples': 100, 'n_estimators': 1000, 'num_leaves': 62, 'subsample': 0.6}",5.10652638858043,0.862720524650983,0.327450275421143
LightGBM,Baseline,6,"{'colsample_bytree': 0.6, 'learning_rate': 0.05, 'max_depth': 5, 'min_child_samples': 100, 'n_estimators': 1000, 'num_leaves': 62, 'subsample': 0.8}",5.10654219151019,0.862719674984851,0.351537704467773
LightGBM,Baseline,6,"{'colsample_bytree': 0.6, 'learning_rate': 0.05, 'max_depth': 9, 'min_child_samples': 50, 'n_estimators': 500, 'num_leaves': 15, 'subsample': 0.6}",4.32372586802899,0.90158285736782,0.16616702079773
LightGBM,Baseline,6,"{'colsample_bytree': 0.6, 'learning_rate': 0.05, 'max_depth': 9, 'min_child_samples': 50, 'n_estimators': 500, 'num_leaves': 15, 'subsample': 0.8}",4.32372586814685,0.901582857362454,0.16090726852417
LightGBM,Baseline,6,"{'colsample_bytree': 0.6, 'learning_rate': 0.05, 'max_depth': 9, 'min_child_samples': 50, 'n_estimators': 500, 'num_leaves': 31, 'subsample': 0.6}",4.32372586789524,0.901582857373908,0.161697149276733
LightGBM,Baseline,6,"{'colsample_bytree': 0.6, 'learning_rate': 0.05, 'max_depth': 9, 'min_child_samples': 50, 'n_estimators': 500, 'num_leaves': 31, 'subsample': 0.8}",4.32372586786228,0.901582857375409,0.154196977615356
LightGBM,Baseline,6,"{'colsample_bytree': 0.6, 'learning_rate': 0.05, 'max_depth': 9, 'min_child_samples': 50, 'n_estimators': 500, 'num_leaves': 62, 'subsample': 0.6}",4.32372586802065,0.901582857368199,0.160121917724609
LightGBM,Baseline,6,"{'colsample_bytree': 0.6, 'learning_rate': 0.05, 'max_depth': 9, 'min_child_samples': 50, 'n_estimators': 500, 'num_leaves': 62, 'subsample': 0.8}",4.3237258683413,0.901582857353602,0.169414043426514
LightGBM,Baseline,6,"{'colsample_bytree': 0.6, 'learning_rate': 0.05, 'max_depth': 9, 'min_child_samples': 50, 'n_estimators': 750, 'num_leaves': 15, 'subsample': 0.6}",4.323725868689,0.901582857337773,0.157354831695557
LightGBM,Baseline,6,"{'colsample_bytree': 0.6, 'learning_rate': 0.05, 'max_depth': 9, 'min_child_samples': 50, 'n_estimators': 750, 'num_leaves': 15, 'subsample': 0.8}",4.32372586833526,0.901582857353877,0.154972553253174
LightGBM,Baseline,6,"{'colsample_bytree': 0.6, 'learning_rate': 0.05, 'max_depth': 9, 'min_child_samples': 50, 'n_estimators': 750, 'num_leaves': 31, 'subsample': 0.6}",4.32372586846277,0.901582857348072,0.156875610351563
LightGBM,Baseline,6,"{'colsample_bytree': 0.6, 'learning_rate': 0.05, 'max_depth': 9, 'min_child_samples': 50, 'n_estimators': 750, 'num_leaves': 31, 'subsample': 0.8}",4.32372586756189,0.901582857389084,0.164667844772339
LightGBM,Baseline,6,"{'colsample_bytree': 0.6, 'learning_rate': 0.05, 'max_depth': 9, 'min_child_samples': 50, 'n_estimators': 750, 'num_leaves': 62, 'subsample': 0.6}",4.32372586818314,0.901582857360802,0.15968656539917
LightGBM,Baseline,6,"{'colsample_bytree': 0.6, 'learning_rate': 0.05, 'max_depth': 9, 'min_child_samples': 50, 'n_estimators': 750, 'num_leaves': 62, 'subsample': 0.8}",4.32372586891047,0.901582857327691,0.150421857833862
LightGBM,Baseline,6,"{'colsample_bytree': 0.6, 'learning_rate': 0.05, 'max_depth': 9, 'min_child_samples': 50, 'n_estimators': 1000, 'num_leaves': 15, 'subsample': 0.6}",4.32372586740962,0.901582857396016,0.166321992874146
LightGBM,Baseline,6,"{'colsample_bytree': 0.6, 'learning_rate': 0.05, 'max_depth': 9, 'min_child_samples': 50, 'n_estimators': 1000, 'num_leaves': 15, 'subsample': 0.8}",4.32372586865088,0.901582857339508,0.157331228256226
LightGBM,Baseline,6,"{'colsample_bytree': 0.6, 'learning_rate': 0.05, 'max_depth': 9, 'min_child_samples': 50, 'n_estimators': 1000, 'num_leaves': 31, 'subsample': 0.6}",4.32372586794298,0.901582857371735,0.156156063079834
LightGBM,Baseline,6,"{'colsample_bytree': 0.6, 'learning_rate': 0.05, 'max_depth': 9, 'min_child_samples': 50, 'n_estimators': 1000, 'num_leaves': 31, 'subsample': 0.8}",4.32372586771027,0.901582857382329,0.165121078491211
LightGBM,Baseline,6,"{'colsample_bytree': 0.6, 'learning_rate': 0.05, 'max_depth': 9, 'min_child_samples': 50, 'n_estimators': 1000, 'num_leaves': 62, 'subsample': 0.6}",4.323725867387,0.901582857397046,0.155582427978516
LightGBM,Baseline,6,"{'colsample_bytree': 0.6, 'learning_rate': 0.05, 'max_depth': 9, 'min_child_samples': 50, 'n_estimators': 1000, 'num_leaves': 62, 'subsample': 0.8}",4.32372586796447,0.901582857370757,0.158931016921997
LightGBM,Baseline,6,"{'colsample_bytree': 0.6, 'learning_rate': 0.05, 'max_depth': 9, 'min_child_samples': 100, 'n_estimators': 500, 'num_leaves': 15, 'subsample': 0.6}",5.1232741921813,0.861818580852722,0.254022836685181
LightGBM,Baseline,6,"{'colsample_bytree': 0.6, 'learning_rate': 0.05, 'max_depth': 9, 'min_child_samples': 100, 'n_estimators': 500, 'num_leaves': 15, 'subsample': 0.8}",5.12327419552182,0.861818580672526,0.264126300811768
LightGBM,Baseline,6,"{'colsample_bytree': 0.6, 'learning_rate': 0.05, 'max_depth': 9, 'min_child_samples': 100, 'n_estimators': 500, 'num_leaves': 31, 'subsample': 0.6}",5.1232441073422,0.861820203703032,0.258316278457642
LightGBM,Baseline,6,"{'colsample_bytree': 0.6, 'learning_rate': 0.05, 'max_depth': 9, 'min_child_samples': 100, 'n_estimators': 500, 'num_leaves': 31, 'subsample': 0.8}",5.12324410480411,0.861820203839942,0.254664182662964
LightGBM,Baseline,6,"{'colsample_bytree': 0.6, 'learning_rate': 0.05, 'max_depth': 9, 'min_child_samples': 100, 'n_estimators': 500, 'num_leaves': 62, 'subsample': 0.6}",5.12327165572193,0.861818717675955,0.266708374023438
LightGBM,Baseline,6,"{'colsample_bytree': 0.6, 'learning_rate': 0.05, 'max_depth': 9, 'min_child_samples': 100, 'n_estimators': 500, 'num_leaves': 62, 'subsample': 0.8}",5.12327419202559,0.861818580861121,0.262920618057251
LightGBM,Baseline,6,"{'colsample_bytree': 0.6, 'learning_rate': 0.05, 'max_depth': 9, 'min_child_samples': 100, 'n_estimators': 750, 'num_leaves': 15, 'subsample': 0.6}",5.09054630747701,0.863578369888007,0.336711883544922
LightGBM,Baseline,6,"{'colsample_bytree': 0.6, 'learning_rate': 0.05, 'max_depth': 9, 'min_child_samples': 100, 'n_estimators': 750, 'num_leaves': 15, 'subsample': 0.8}",5.09050713343319,0.863580469531554,0.334158420562744
LightGBM,Baseline,6,"{'colsample_bytree': 0.6, 'learning_rate': 0.05, 'max_depth': 9, 'min_child_samples': 100, 'n_estimators': 750, 'num_leaves': 31, 'subsample': 0.6}",5.09050713463683,0.863580469467042,0.332109212875366
LightGBM,Baseline,6,"{'colsample_bytree': 0.6, 'learning_rate': 0.05, 'max_depth': 9, 'min_child_samples': 100, 'n_estimators': 750, 'num_leaves': 31, 'subsample': 0.8}",5.09056853425004,0.86357717857413,0.337169408798218
LightGBM,Baseline,6,"{'colsample_bytree': 0.6, 'learning_rate': 0.05, 'max_depth': 9, 'min_child_samples': 100, 'n_estimators': 750, 'num_leaves': 62, 'subsample': 0.6}",5.09054630669995,0.863578369929656,0.338813781738281
LightGBM,Baseline,6,"{'colsample_bytree': 0.6, 'learning_rate': 0.05, 'max_depth': 9, 'min_child_samples': 100, 'n_estimators': 750, 'num_leaves': 62, 'subsample': 0.8}",5.09050713403457,0.863580469499322,0.335822343826294
LightGBM,Baseline,6,"{'colsample_bytree': 0.6, 'learning_rate': 0.05, 'max_depth': 9, 'min_child_samples': 100, 'n_estimators': 1000, 'num_leaves': 15, 'subsample': 0.6}",5.09045952165226,0.863583021397706,0.342577457427979
LightGBM,Baseline,6,"{'colsample_bytree': 0.6, 'learning_rate': 0.05, 'max_depth': 9, 'min_child_samples': 100, 'n_estimators': 1000, 'num_leaves': 15, 'subsample': 0.8}",5.09050713198898,0.86358046960896,0.338492870330811
LightGBM,Baseline,6,"{'colsample_bytree': 0.6, 'learning_rate': 0.05, 'max_depth': 9, 'min_child_samples': 100, 'n_estimators': 1000, 'num_leaves': 31, 'subsample': 0.6}",5.09050713231735,0.86358046959136,0.336859226226807
LightGBM,Baseline,6,"{'colsample_bytree': 0.6, 'learning_rate': 0.05, 'max_depth': 9, 'min_child_samples': 100, 'n_estimators': 1000, 'num_leaves': 31, 'subsample': 0.8}",5.09054630658473,0.863578369935831,0.334067106246948
LightGBM,Baseline,6,"{'colsample_bytree': 0.6, 'learning_rate': 0.05, 'max_depth': 9, 'min_child_samples': 100, 'n_estimators': 1000, 'num_leaves': 62, 'subsample': 0.6}",5.09054630749404,0.863578369887094,0.345816135406494
LightGBM,Baseline,6,"{'colsample_bytree': 0.6, 'learning_rate': 0.05, 'max_depth': 9, 'min_child_samples': 100, 'n_estimators': 1000, 'num_leaves': 62, 'subsample': 0.8}",5.09050713389252,0.863580469506935,0.338376522064209
LightGBM,Baseline,6,"{'colsample_bytree': 0.8, 'learning_rate': 0.01, 'max_depth': 3, 'min_child_samples': 50, 'n_estimators': 500, 'num_leaves': 15, 'subsample': 0.6}",4.34205794515117,0.900746534492767,0.167503833770752
LightGBM,Baseline,6,"{'colsample_bytree': 0.8, 'learning_rate': 0.01, 'max_depth': 3, 'min_child_samples': 50, 'n_estimators': 500, 'num_leaves': 15, 'subsample': 0.8}",4.34205794487995,0.900746534505166,0.168416738510132
LightGBM,Baseline,6,"{'colsample_bytree': 0.8, 'learning_rate': 0.01, 'max_depth': 3, 'min_child_samples': 50, 'n_estimators': 500, 'num_leaves': 31, 'subsample': 0.6}",4.34205794507045,0.900746534496457,0.175485849380493
LightGBM,Baseline,6,"{'colsample_bytree': 0.8, 'learning_rate': 0.01, 'max_depth': 3, 'min_child_samples': 50, 'n_estimators': 500, 'num_leaves': 31, 'subsample': 0.8}",4.34205794507626,0.900746534496191,0.169520139694214
LightGBM,Baseline,6,"{'colsample_bytree': 0.8, 'learning_rate': 0.01, 'max_depth': 3, 'min_child_samples': 50, 'n_estimators': 500, 'num_leaves': 62, 'subsample': 0.6}",4.34205794505895,0.900746534496983,0.175742626190186
LightGBM,Baseline,6,"{'colsample_bytree': 0.8, 'learning_rate': 0.01, 'max_depth': 3, 'min_child_samples': 50, 'n_estimators': 500, 'num_leaves': 62, 'subsample': 0.8}",4.34205794504264,0.900746534497728,0.173364877700806
LightGBM,Baseline,6,"{'colsample_bytree': 0.8, 'learning_rate': 0.01, 'max_depth': 3, 'min_child_samples': 50, 'n_estimators': 750, 'num_leaves': 15, 'subsample': 0.6}",4.34205794514239,0.900746534493168,0.170637130737305
LightGBM,Baseline,6,"{'colsample_bytree': 0.8, 'learning_rate': 0.01, 'max_depth': 3, 'min_child_samples': 50, 'n_estimators': 750, 'num_leaves': 15, 'subsample': 0.8}",4.34205794547769,0.900746534477839,0.168704986572266
LightGBM,Baseline,6,"{'colsample_bytree': 0.8, 'learning_rate': 0.01, 'max_depth': 3, 'min_child_samples': 50, 'n_estimators': 750, 'num_leaves': 31, 'subsample': 0.6}",4.34205794506324,0.900746534496787,0.173057317733765
LightGBM,Baseline,6,"{'colsample_bytree': 0.8, 'learning_rate': 0.01, 'max_depth': 3, 'min_child_samples': 50, 'n_estimators': 750, 'num_leaves': 31, 'subsample': 0.8}",4.3420579451355,0.900746534493483,0.166300058364868
LightGBM,Baseline,6,"{'colsample_bytree': 0.8, 'learning_rate': 0.01, 'max_depth': 3, 'min_child_samples': 50, 'n_estimators': 750, 'num_leaves': 62, 'subsample': 0.6}",4.34205794515364,0.900746534492654,0.170412540435791
LightGBM,Baseline,6,"{'colsample_bytree': 0.8, 'learning_rate': 0.01, 'max_depth': 3, 'min_child_samples': 50, 'n_estimators': 750, 'num_leaves': 62, 'subsample': 0.8}",4.34205794515985,0.90074653449237,0.174660682678223
LightGBM,Baseline,6,"{'colsample_bytree': 0.8, 'learning_rate': 0.01, 'max_depth': 3, 'min_child_samples': 50, 'n_estimators': 1000, 'num_leaves': 15, 'subsample': 0.6}",4.34205794514339,0.900746534493122,0.169309377670288
LightGBM,Baseline,6,"{'colsample_bytree': 0.8, 'learning_rate': 0.01, 'max_depth': 3, 'min_child_samples': 50, 'n_estimators': 1000, 'num_leaves': 15, 'subsample': 0.8}",4.34205794513695,0.900746534493417,0.168163776397705
LightGBM,Baseline,6,"{'colsample_bytree': 0.8, 'learning_rate': 0.01, 'max_depth': 3, 'min_child_samples': 50, 'n_estimators': 1000, 'num_leaves': 31, 'subsample': 0.6}",4.342057945116,0.900746534494374,0.185439825057983
LightGBM,Baseline,6,"{'colsample_bytree': 0.8, 'learning_rate': 0.01, 'max_depth': 3, 'min_child_samples': 50, 'n_estimators': 1000, 'num_leaves': 31, 'subsample': 0.8}",4.34205794478861,0.900746534509342,0.172639846801758
LightGBM,Baseline,6,"{'colsample_bytree': 0.8, 'learning_rate': 0.01, 'max_depth': 3, 'min_child_samples': 50, 'n_estimators': 1000, 'num_leaves': 62, 'subsample': 0.6}",4.3420579451394,0.900746534493305,0.167250871658325
LightGBM,Baseline,6,"{'colsample_bytree': 0.8, 'learning_rate': 0.01, 'max_depth': 3, 'min_child_samples': 50, 'n_estimators': 1000, 'num_leaves': 62, 'subsample': 0.8}",4.34205794489194,0.900746534504618,0.168066263198853
LightGBM,Baseline,6,"{'colsample_bytree': 0.8, 'learning_rate': 0.01, 'max_depth': 3, 'min_child_samples': 100, 'n_estimators': 500, 'num_leaves': 15, 'subsample': 0.6}",6.17663690769694,0.799156123996649,0.22709584236145
LightGBM,Baseline,6,"{'colsample_bytree': 0.8, 'learning_rate': 0.01, 'max_depth': 3, 'min_child_samples': 100, 'n_estimators': 500, 'num_leaves': 15, 'subsample': 0.8}",6.17663690605138,0.799156124103665,0.213685750961304
LightGBM,Baseline,6,"{'colsample_bytree': 0.8, 'learning_rate': 0.01, 'max_depth': 3, 'min_child_samples': 100, 'n_estimators': 500, 'num_leaves': 31, 'subsample': 0.6}",6.17663690618209,0.799156124095165,0.215651273727417
LightGBM,Baseline,6,"{'colsample_bytree': 0.8, 'learning_rate': 0.01, 'max_depth': 3, 'min_child_samples': 100, 'n_estimators': 500, 'num_leaves': 31, 'subsample': 0.8}",6.1766369071128,0.799156124034637,0.214517593383789
LightGBM,Baseline,6,"{'colsample_bytree': 0.8, 'learning_rate': 0.01, 'max_depth': 3, 'min_child_samples': 100, 'n_estimators': 500, 'num_leaves': 62, 'subsample': 0.6}",6.17663690521467,0.799156124158079,0.226308345794678
LightGBM,Baseline,6,"{'colsample_bytree': 0.8, 'learning_rate': 0.01, 'max_depth': 3, 'min_child_samples': 100, 'n_estimators': 500, 'num_leaves': 62, 'subsample': 0.8}",6.17663690632281,0.799156124086013,0.228797435760498
LightGBM,Baseline,6,"{'colsample_bytree': 0.8, 'learning_rate': 0.01, 'max_depth': 3, 'min_child_samples': 100, 'n_estimators': 750, 'num_leaves': 15, 'subsample': 0.6}",5.60947319956705,0.834347267331895,0.30312967300415
LightGBM,Baseline,6,"{'colsample_bytree': 0.8, 'learning_rate': 0.01, 'max_depth': 3, 'min_child_samples': 100, 'n_estimators': 750, 'num_leaves': 15, 'subsample': 0.8}",5.60947319931735,0.834347267346643,0.2979416847229
LightGBM,Baseline,6,"{'colsample_bytree': 0.8, 'learning_rate': 0.01, 'max_depth': 3, 'min_child_samples': 100, 'n_estimators': 750, 'num_leaves': 31, 'subsample': 0.6}",5.60947319981959,0.834347267316979,0.28829288482666
LightGBM,Baseline,6,"{'colsample_bytree': 0.8, 'learning_rate': 0.01, 'max_depth': 3, 'min_child_samples': 100, 'n_estimators': 750, 'num_leaves': 31, 'subsample': 0.8}",5.60947319965618,0.83434726732663,0.296293497085571
LightGBM,Baseline,6,"{'colsample_bytree': 0.8, 'learning_rate': 0.01, 'max_depth': 3, 'min_child_samples': 100, 'n_estimators': 750, 'num_leaves': 62, 'subsample': 0.6}",5.60947319934759,0.834347267344856,0.284286737442017
LightGBM,Baseline,6,"{'colsample_bytree': 0.8, 'learning_rate': 0.01, 'max_depth': 3, 'min_child_samples': 100, 'n_estimators': 750, 'num_leaves': 62, 'subsample': 0.8}",5.60947319848198,0.834347267395981,0.285402536392212
LightGBM,Baseline,6,"{'colsample_bytree': 0.8, 'learning_rate': 0.01, 'max_depth': 3, 'min_child_samples': 100, 'n_estimators': 1000, 'num_leaves': 15, 'subsample': 0.6}",5.40178654356654,0.846386534459686,0.342339754104614
LightGBM,Baseline,6,"{'colsample_bytree': 0.8, 'learning_rate': 0.01, 'max_depth': 3, 'min_child_samples': 100, 'n_estimators': 1000, 'num_leaves': 15, 'subsample': 0.8}",5.40178654369381,0.846386534452447,0.346418857574463
LightGBM,Baseline,6,"{'colsample_bytree': 0.8, 'learning_rate': 0.01, 'max_depth': 3, 'min_child_samples': 100, 'n_estimators': 1000, 'num_leaves': 31, 'subsample': 0.6}",5.40178654396102,0.84638653443725,0.354404449462891
LightGBM,Baseline,6,"{'colsample_bytree': 0.8, 'learning_rate': 0.01, 'max_depth': 3, 'min_child_samples': 100, 'n_estimators': 1000, 'num_leaves': 31, 'subsample': 0.8}",5.40178654425852,0.84638653442033,0.338043212890625
LightGBM,Baseline,6,"{'colsample_bytree': 0.8, 'learning_rate': 0.01, 'max_depth': 3, 'min_child_samples': 100, 'n_estimators': 1000, 'num_leaves': 62, 'subsample': 0.6}",5.40178654393176,0.846386534438914,0.342557907104492
LightGBM,Baseline,6,"{'colsample_bytree': 0.8, 'learning_rate': 0.01, 'max_depth': 3, 'min_child_samples': 100, 'n_estimators': 1000, 'num_leaves': 62, 'subsample': 0.8}",5.40178654367044,0.846386534453777,0.350063562393189
LightGBM,Baseline,6,"{'colsample_bytree': 0.8, 'learning_rate': 0.01, 'max_depth': 5, 'min_child_samples': 50, 'n_estimators': 500, 'num_leaves': 15, 'subsample': 0.6}",4.33938978055185,0.90086847815171,0.227886199951172
LightGBM,Baseline,6,"{'colsample_bytree': 0.8, 'learning_rate': 0.01, 'max_depth': 5, 'min_child_samples': 50, 'n_estimators': 500, 'num_leaves': 15, 'subsample': 0.8}",4.33938978025512,0.900868478165268,0.227222204208374
LightGBM,Baseline,6,"{'colsample_bytree': 0.8, 'learning_rate': 0.01, 'max_depth': 5, 'min_child_samples': 50, 'n_estimators': 500, 'num_leaves': 31, 'subsample': 0.6}",4.33938978007264,0.900868478173605,0.224681854248047
LightGBM,Baseline,6,"{'colsample_bytree': 0.8, 'learning_rate': 0.01, 'max_depth': 5, 'min_child_samples': 50, 'n_estimators': 500, 'num_leaves': 31, 'subsample': 0.8}",4.33938978013502,0.900868478170755,0.222067594528198
LightGBM,Baseline,6,"{'colsample_bytree': 0.8, 'learning_rate': 0.01, 'max_depth': 5, 'min_child_samples': 50, 'n_estimators': 500, 'num_leaves': 62, 'subsample': 0.6}",4.33938977970925,0.900868478190208,0.231388092041016
LightGBM,Baseline,6,"{'colsample_bytree': 0.8, 'learning_rate': 0.01, 'max_depth': 5, 'min_child_samples': 50, 'n_estimators': 500, 'num_leaves': 62, 'subsample': 0.8}",4.33938978011985,0.900868478171448,0.230115652084351
LightGBM,Baseline,6,"{'colsample_bytree': 0.8, 'learning_rate': 0.01, 'max_depth': 5, 'min_child_samples': 50, 'n_estimators': 750, 'num_leaves': 15, 'subsample': 0.6}",4.33938978059807,0.900868478149598,0.226942300796509
LightGBM,Baseline,6,"{'colsample_bytree': 0.8, 'learning_rate': 0.01, 'max_depth': 5, 'min_child_samples': 50, 'n_estimators': 750, 'num_leaves': 15, 'subsample': 0.8}",4.33938978031974,0.900868478162315,0.239312648773193
LightGBM,Baseline,6,"{'colsample_bytree': 0.8, 'learning_rate': 0.01, 'max_depth': 5, 'min_child_samples': 50, 'n_estimators': 750, 'num_leaves': 31, 'subsample': 0.6}",4.33938977994785,0.900868478179306,0.223642587661743
LightGBM,Baseline,6,"{'colsample_bytree': 0.8, 'learning_rate': 0.01, 'max_depth': 5, 'min_child_samples': 50, 'n_estimators': 750, 'num_leaves': 31, 'subsample': 0.8}",4.33938978000165,0.900868478176848,0.224538803100586
LightGBM,Baseline,6,"{'colsample_bytree': 0.8, 'learning_rate': 0.01, 'max_depth': 5, 'min_child_samples': 50, 'n_estimators': 750, 'num_leaves': 62, 'subsample': 0.6}",4.33938977991981,0.900868478180588,0.223993301391602
LightGBM,Baseline,6,"{'colsample_bytree': 0.8, 'learning_rate': 0.01, 'max_depth': 5, 'min_child_samples': 50, 'n_estimators': 750, 'num_leaves': 62, 'subsample': 0.8}",4.33938978013021,0.900868478170974,0.2269287109375
LightGBM,Baseline,6,"{'colsample_bytree': 0.8, 'learning_rate': 0.01, 'max_depth': 5, 'min_child_samples': 50, 'n_estimators': 1000, 'num_leaves': 15, 'subsample': 0.6}",4.33938978049444,0.900868478154333,0.229203939437866
LightGBM,Baseline,6,"{'colsample_bytree': 0.8, 'learning_rate': 0.01, 'max_depth': 5, 'min_child_samples': 50, 'n_estimators': 1000, 'num_leaves': 15, 'subsample': 0.8}",4.33938977985634,0.900868478183488,0.221853971481323
LightGBM,Baseline,6,"{'colsample_bytree': 0.8, 'learning_rate': 0.01, 'max_depth': 5, 'min_child_samples': 50, 'n_estimators': 1000, 'num_leaves': 31, 'subsample': 0.6}",4.33938977993414,0.900868478179933,0.226058721542358
LightGBM,Baseline,6,"{'colsample_bytree': 0.8, 'learning_rate': 0.01, 'max_depth': 5, 'min_child_samples': 50, 'n_estimators': 1000, 'num_leaves': 31, 'subsample': 0.8}",4.33938978005881,0.900868478174237,0.228330612182617
LightGBM,Baseline,6,"{'colsample_bytree': 0.8, 'learning_rate': 0.01, 'max_depth': 5, 'min_child_samples': 50, 'n_estimators': 1000, 'num_leaves': 62, 'subsample': 0.6}",4.33938978014562,0.90086847817027,0.227697134017944
LightGBM,Baseline,6,"{'colsample_bytree': 0.8, 'learning_rate': 0.01, 'max_depth': 5, 'min_child_samples': 50, 'n_estimators': 1000, 'num_leaves': 62, 'subsample': 0.8}",4.33938978029488,0.900868478163451,0.228168487548828
LightGBM,Baseline,6,"{'colsample_bytree': 0.8, 'learning_rate': 0.01, 'max_depth': 5, 'min_child_samples': 100, 'n_estimators': 500, 'num_leaves': 15, 'subsample': 0.6}",6.17638174059439,0.799172718040328,0.268802404403687
LightGBM,Baseline,6,"{'colsample_bytree': 0.8, 'learning_rate': 0.01, 'max_depth': 5, 'min_child_samples': 100, 'n_estimators': 500, 'num_leaves': 15, 'subsample': 0.8}",6.17638171866948,0.799172719466121,0.27027440071106
LightGBM,Baseline,6,"{'colsample_bytree': 0.8, 'learning_rate': 0.01, 'max_depth': 5, 'min_child_samples': 100, 'n_estimators': 500, 'num_leaves': 31, 'subsample': 0.6}",6.17637367313565,0.799173242672652,0.269845485687256
LightGBM,Baseline,6,"{'colsample_bytree': 0.8, 'learning_rate': 0.01, 'max_depth': 5, 'min_child_samples': 100, 'n_estimators': 500, 'num_leaves': 31, 'subsample': 0.8}",6.17639315101024,0.799171976012062,0.266922473907471
LightGBM,Baseline,6,"{'colsample_bytree': 0.8, 'learning_rate': 0.01, 'max_depth': 5, 'min_child_samples': 100, 'n_estimators': 500, 'num_leaves': 62, 'subsample': 0.6}",6.17637325503933,0.799173269861722,0.275331974029541
LightGBM,Baseline,6,"{'colsample_bytree': 0.8, 'learning_rate': 0.01, 'max_depth': 5, 'min_child_samples': 100, 'n_estimators': 500, 'num_leaves': 62, 'subsample': 0.8}",6.17638173945546,0.799172718114394,0.264075756072998
LightGBM,Baseline,6,"{'colsample_bytree': 0.8, 'learning_rate': 0.01, 'max_depth': 5, 'min_child_samples': 100, 'n_estimators': 750, 'num_leaves': 15, 'subsample': 0.6}",5.59687819678402,0.835090315476299,0.336933851242065
LightGBM,Baseline,6,"{'colsample_bytree': 0.8, 'learning_rate': 0.01, 'max_depth': 5, 'min_child_samples': 100, 'n_estimators': 750, 'num_leaves': 15, 'subsample': 0.8}",5.5968714134832,0.835090715210322,0.355998992919922
LightGBM,Baseline,6,"{'colsample_bytree': 0.8, 'learning_rate': 0.01, 'max_depth': 5, 'min_child_samples': 100, 'n_estimators': 750, 'num_leaves': 31, 'subsample': 0.6}",5.59687141330953,0.835090715220557,0.343624591827393
LightGBM,Baseline,6,"{'colsample_bytree': 0.8, 'learning_rate': 0.01, 'max_depth': 5, 'min_child_samples': 100, 'n_estimators': 750, 'num_leaves': 31, 'subsample': 0.8}",5.59687819665534,0.835090315483883,0.345835447311401
LightGBM,Baseline,6,"{'colsample_bytree': 0.8, 'learning_rate': 0.01, 'max_depth': 5, 'min_child_samples': 100, 'n_estimators': 750, 'num_leaves': 62, 'subsample': 0.6}",5.59686861153821,0.835090880326365,0.353495121002197
LightGBM,Baseline,6,"{'colsample_bytree': 0.8, 'learning_rate': 0.01, 'max_depth': 5, 'min_child_samples': 100, 'n_estimators': 750, 'num_leaves': 62, 'subsample': 0.8}",5.59686861213206,0.83509088029137,0.352264165878296
LightGBM,Baseline,6,"{'colsample_bytree': 0.8, 'learning_rate': 0.01, 'max_depth': 5, 'min_child_samples': 100, 'n_estimators': 1000, 'num_leaves': 15, 'subsample': 0.6}",5.37112907554588,0.84812523180799,0.420590162277222
LightGBM,Baseline,6,"{'colsample_bytree': 0.8, 'learning_rate': 0.01, 'max_depth': 5, 'min_child_samples': 100, 'n_estimators': 1000, 'num_leaves': 15, 'subsample': 0.8}",5.37110780506066,0.848126434699811,0.420260190963745
LightGBM,Baseline,6,"{'colsample_bytree': 0.8, 'learning_rate': 0.01, 'max_depth': 5, 'min_child_samples': 100, 'n_estimators': 1000, 'num_leaves': 31, 'subsample': 0.6}",5.37112907620802,0.848125231770545,0.42947268486023
LightGBM,Baseline,6,"{'colsample_bytree': 0.8, 'learning_rate': 0.01, 'max_depth': 5, 'min_child_samples': 100, 'n_estimators': 1000, 'num_leaves': 31, 'subsample': 0.8}",5.37111659110303,0.84812593783074,0.435254812240601
LightGBM,Baseline,6,"{'colsample_bytree': 0.8, 'learning_rate': 0.01, 'max_depth': 5, 'min_child_samples': 100, 'n_estimators': 1000, 'num_leaves': 62, 'subsample': 0.6}",5.37111659083667,0.848125937845803,0.423670768737793
LightGBM,Baseline,6,"{'colsample_bytree': 0.8, 'learning_rate': 0.01, 'max_depth': 5, 'min_child_samples': 100, 'n_estimators': 1000, 'num_leaves': 62, 'subsample': 0.8}",5.37112907609231,0.848125231777088,0.418685436248779
LightGBM,Baseline,6,"{'colsample_bytree': 0.8, 'learning_rate': 0.01, 'max_depth': 9, 'min_child_samples': 50, 'n_estimators': 500, 'num_leaves': 15, 'subsample': 0.6}",4.34183695422193,0.900756637332331,0.281058073043823
LightGBM,Baseline,6,"{'colsample_bytree': 0.8, 'learning_rate': 0.01, 'max_depth': 9, 'min_child_samples': 50, 'n_estimators': 500, 'num_leaves': 15, 'subsample': 0.8}",4.34183695389555,0.900756637347252,0.283229112625122
LightGBM,Baseline,6,"{'colsample_bytree': 0.8, 'learning_rate': 0.01, 'max_depth': 9, 'min_child_samples': 50, 'n_estimators': 500, 'num_leaves': 31, 'subsample': 0.6}",4.34183695343064,0.900756637368505,0.284846305847168
LightGBM,Baseline,6,"{'colsample_bytree': 0.8, 'learning_rate': 0.01, 'max_depth': 9, 'min_child_samples': 50, 'n_estimators': 500, 'num_leaves': 31, 'subsample': 0.8}",4.34183695396389,0.900756637344127,0.288764715194702
LightGBM,Baseline,6,"{'colsample_bytree': 0.8, 'learning_rate': 0.01, 'max_depth': 9, 'min_child_samples': 50, 'n_estimators': 500, 'num_leaves': 62, 'subsample': 0.6}",4.34183695448106,0.900756637320485,0.291402339935303
LightGBM,Baseline,6,"{'colsample_bytree': 0.8, 'learning_rate': 0.01, 'max_depth': 9, 'min_child_samples': 50, 'n_estimators': 500, 'num_leaves': 62, 'subsample': 0.8}",4.34183695430099,0.900756637328717,0.285622596740723
LightGBM,Baseline,6,"{'colsample_bytree': 0.8, 'learning_rate': 0.01, 'max_depth': 9, 'min_child_samples': 50, 'n_estimators': 750, 'num_leaves': 15, 'subsample': 0.6}",4.34183695357451,0.900756637361928,0.278070688247681
LightGBM,Baseline,6,"{'colsample_bytree': 0.8, 'learning_rate': 0.01, 'max_depth': 9, 'min_child_samples': 50, 'n_estimators': 750, 'num_leaves': 15, 'subsample': 0.8}",4.34183695378837,0.900756637352151,0.283020734786987
LightGBM,Baseline,6,"{'colsample_bytree': 0.8, 'learning_rate': 0.01, 'max_depth': 9, 'min_child_samples': 50, 'n_estimators': 750, 'num_leaves': 31, 'subsample': 0.6}",4.34183695398155,0.90075663734332,0.292044162750244
LightGBM,Baseline,6,"{'colsample_bytree': 0.8, 'learning_rate': 0.01, 'max_depth': 9, 'min_child_samples': 50, 'n_estimators': 750, 'num_leaves': 31, 'subsample': 0.8}",4.34183695392185,0.900756637346049,0.287549257278442
LightGBM,Baseline,6,"{'colsample_bytree': 0.8, 'learning_rate': 0.01, 'max_depth': 9, 'min_child_samples': 50, 'n_estimators': 750, 'num_leaves': 62, 'subsample': 0.6}",4.34183695373727,0.900756637354487,0.287477016448975
LightGBM,Baseline,6,"{'colsample_bytree': 0.8, 'learning_rate': 0.01, 'max_depth': 9, 'min_child_samples': 50, 'n_estimators': 750, 'num_leaves': 62, 'subsample': 0.8}",4.34183695401566,0.900756637341761,0.285850524902344
LightGBM,Baseline,6,"{'colsample_bytree': 0.8, 'learning_rate': 0.01, 'max_depth': 9, 'min_child_samples': 50, 'n_estimators': 1000, 'num_leaves': 15, 'subsample': 0.6}",4.34183695437601,0.900756637325287,0.294652462005615
LightGBM,Baseline,6,"{'colsample_bytree': 0.8, 'learning_rate': 0.01, 'max_depth': 9, 'min_child_samples': 50, 'n_estimators': 1000, 'num_leaves': 15, 'subsample': 0.8}",4.34183695389882,0.900756637347102,0.283457279205322
LightGBM,Baseline,6,"{'colsample_bytree': 0.8, 'learning_rate': 0.01, 'max_depth': 9, 'min_child_samples': 50, 'n_estimators': 1000, 'num_leaves': 31, 'subsample': 0.6}",4.3418369533828,0.900756637370692,0.289343357086182
LightGBM,Baseline,6,"{'colsample_bytree': 0.8, 'learning_rate': 0.01, 'max_depth': 9, 'min_child_samples': 50, 'n_estimators': 1000, 'num_leaves': 31, 'subsample': 0.8}",4.3418369532713,0.900756637375789,0.285138845443726
LightGBM,Baseline,6,"{'colsample_bytree': 0.8, 'learning_rate': 0.01, 'max_depth': 9, 'min_child_samples': 50, 'n_estimators': 1000, 'num_leaves': 62, 'subsample': 0.6}",4.34183131176982,0.900756895276406,0.296571016311646
LightGBM,Baseline,6,"{'colsample_bytree': 0.8, 'learning_rate': 0.01, 'max_depth': 9, 'min_child_samples': 50, 'n_estimators': 1000, 'num_leaves': 62, 'subsample': 0.8}",4.34183695436266,0.900756637325898,0.282793760299683
LightGBM,Baseline,6,"{'colsample_bytree': 0.8, 'learning_rate': 0.01, 'max_depth': 9, 'min_child_samples': 100, 'n_estimators': 500, 'num_leaves': 15, 'subsample': 0.6}",6.18170326551582,0.798826506350069,0.277409076690674
LightGBM,Baseline,6,"{'colsample_bytree': 0.8, 'learning_rate': 0.01, 'max_depth': 9, 'min_child_samples': 100, 'n_estimators': 500, 'num_leaves': 15, 'subsample': 0.8}",6.18171469767966,0.798825762266968,0.270976066589355
LightGBM,Baseline,6,"{'colsample_bytree': 0.8, 'learning_rate': 0.01, 'max_depth': 9, 'min_child_samples': 100, 'n_estimators': 500, 'num_leaves': 31, 'subsample': 0.6}",6.1817117487669,0.798825954202431,0.269092559814453
LightGBM,Baseline,6,"{'colsample_bytree': 0.8, 'learning_rate': 0.01, 'max_depth': 9, 'min_child_samples': 100, 'n_estimators': 500, 'num_leaves': 31, 'subsample': 0.8}",6.18171174968979,0.798825954142363,0.280255556106567
LightGBM,Baseline,6,"{'colsample_bytree': 0.8, 'learning_rate': 0.01, 'max_depth': 9, 'min_child_samples': 100, 'n_estimators': 500, 'num_leaves': 62, 'subsample': 0.6}",6.18170326558781,0.798826506345383,0.277591466903687
LightGBM,Baseline,6,"{'colsample_bytree': 0.8, 'learning_rate': 0.01, 'max_depth': 9, 'min_child_samples': 100, 'n_estimators': 500, 'num_leaves': 62, 'subsample': 0.8}",6.18170326400209,0.798826506448592,0.277290344238281
LightGBM,Baseline,6,"{'colsample_bytree': 0.8, 'learning_rate': 0.01, 'max_depth': 9, 'min_child_samples': 100, 'n_estimators': 750, 'num_leaves': 15, 'subsample': 0.6}",5.59965882653688,0.834926414577324,0.359218597412109
LightGBM,Baseline,6,"{'colsample_bytree': 0.8, 'learning_rate': 0.01, 'max_depth': 9, 'min_child_samples': 100, 'n_estimators': 750, 'num_leaves': 15, 'subsample': 0.8}",5.59966868099136,0.834925833573511,0.353162288665772
LightGBM,Baseline,6,"{'colsample_bytree': 0.8, 'learning_rate': 0.01, 'max_depth': 9, 'min_child_samples': 100, 'n_estimators': 750, 'num_leaves': 31, 'subsample': 0.6}",5.59965882679059,0.834926414562365,0.350209951400757
LightGBM,Baseline,6,"{'colsample_bytree': 0.8, 'learning_rate': 0.01, 'max_depth': 9, 'min_child_samples': 100, 'n_estimators': 750, 'num_leaves': 31, 'subsample': 0.8}",5.59966868041332,0.834925833607591,0.35326886177063
LightGBM,Baseline,6,"{'colsample_bytree': 0.8, 'learning_rate': 0.01, 'max_depth': 9, 'min_child_samples': 100, 'n_estimators': 750, 'num_leaves': 62, 'subsample': 0.6}",5.59965882616912,0.834926414599006,0.35080361366272
LightGBM,Baseline,6,"{'colsample_bytree': 0.8, 'learning_rate': 0.01, 'max_depth': 9, 'min_child_samples': 100, 'n_estimators': 750, 'num_leaves': 62, 'subsample': 0.8}",5.59965882683427,0.83492641455979,0.352499961853027
LightGBM,Baseline,6,"{'colsample_bytree': 0.8, 'learning_rate': 0.01, 'max_depth': 9, 'min_child_samples': 100, 'n_estimators': 1000, 'num_leaves': 15, 'subsample': 0.6}",5.38211624602479,0.847503246871833,0.422524690628052
LightGBM,Baseline,6,"{'colsample_bytree': 0.8, 'learning_rate': 0.01, 'max_depth': 9, 'min_child_samples': 100, 'n_estimators': 1000, 'num_leaves': 15, 'subsample': 0.8}",5.38211624562768,0.847503246894336,0.43700122833252
LightGBM,Baseline,6,"{'colsample_bytree': 0.8, 'learning_rate': 0.01, 'max_depth': 9, 'min_child_samples': 100, 'n_estimators': 1000, 'num_leaves': 31, 'subsample': 0.6}",5.38210399789043,0.847503940947736,0.437475919723511
LightGBM,Baseline,6,"{'colsample_bytree': 0.8, 'learning_rate': 0.01, 'max_depth': 9, 'min_child_samples': 100, 'n_estimators': 1000, 'num_leaves': 31, 'subsample': 0.8}",5.3821039984674,0.84750394091504,0.427985191345215
LightGBM,Baseline,6,"{'colsample_bytree': 0.8, 'learning_rate': 0.01, 'max_depth': 9, 'min_child_samples': 100, 'n_estimators': 1000, 'num_leaves': 62, 'subsample': 0.6}",5.38210399788945,0.847503940947791,0.426632881164551
LightGBM,Baseline,6,"{'colsample_bytree': 0.8, 'learning_rate': 0.01, 'max_depth': 9, 'min_child_samples': 100, 'n_estimators': 1000, 'num_leaves': 62, 'subsample': 0.8}",5.38211624629238,0.847503246856669,0.440099954605103
LightGBM,Baseline,6,"{'colsample_bytree': 0.8, 'learning_rate': 0.05, 'max_depth': 3, 'min_child_samples': 50, 'n_estimators': 500, 'num_leaves': 15, 'subsample': 0.6}",4.33695613375743,0.900979638232968,0.120106935501099
LightGBM,Baseline,6,"{'colsample_bytree': 0.8, 'learning_rate': 0.05, 'max_depth': 3, 'min_child_samples': 50, 'n_estimators': 500, 'num_leaves': 15, 'subsample': 0.8}",4.33695613452433,0.900979638197949,0.12041187286377
LightGBM,Baseline,6,"{'colsample_bytree': 0.8, 'learning_rate': 0.05, 'max_depth': 3, 'min_child_samples': 50, 'n_estimators': 500, 'num_leaves': 31, 'subsample': 0.6}",4.33695613345845,0.900979638246621,0.112684726715088
LightGBM,Baseline,6,"{'colsample_bytree': 0.8, 'learning_rate': 0.05, 'max_depth': 3, 'min_child_samples': 50, 'n_estimators': 500, 'num_leaves': 31, 'subsample': 0.8}",4.33695613557617,0.900979638149918,0.120734930038452
LightGBM,Baseline,6,"{'colsample_bytree': 0.8, 'learning_rate': 0.05, 'max_depth': 3, 'min_child_samples': 50, 'n_estimators': 500, 'num_leaves': 62, 'subsample': 0.6}",4.33695613448918,0.900979638199554,0.11701512336731
LightGBM,Baseline,6,"{'colsample_bytree': 0.8, 'learning_rate': 0.05, 'max_depth': 3, 'min_child_samples': 50, 'n_estimators': 500, 'num_leaves': 62, 'subsample': 0.8}",4.33695613558653,0.900979638149445,0.117956161499023
LightGBM,Baseline,6,"{'colsample_bytree': 0.8, 'learning_rate': 0.05, 'max_depth': 3, 'min_child_samples': 50, 'n_estimators': 750, 'num_leaves': 15, 'subsample': 0.6}",4.33695613376387,0.900979638232674,0.116341114044189
LightGBM,Baseline,6,"{'colsample_bytree': 0.8, 'learning_rate': 0.05, 'max_depth': 3, 'min_child_samples': 50, 'n_estimators': 750, 'num_leaves': 15, 'subsample': 0.8}",4.33695613511092,0.900979638171163,0.119756460189819
LightGBM,Baseline,6,"{'colsample_bytree': 0.8, 'learning_rate': 0.05, 'max_depth': 3, 'min_child_samples': 50, 'n_estimators': 750, 'num_leaves': 31, 'subsample': 0.6}",4.33695613501813,0.9009796381754,0.116952896118164
LightGBM,Baseline,6,"{'colsample_bytree': 0.8, 'learning_rate': 0.05, 'max_depth': 3, 'min_child_samples': 50, 'n_estimators': 750, 'num_leaves': 31, 'subsample': 0.8}",4.33695613507063,0.900979638173003,0.125422954559326
LightGBM,Baseline,6,"{'colsample_bytree': 0.8, 'learning_rate': 0.05, 'max_depth': 3, 'min_child_samples': 50, 'n_estimators': 750, 'num_leaves': 62, 'subsample': 0.6}",4.33695613454256,0.900979638197116,0.115646600723267
LightGBM,Baseline,6,"{'colsample_bytree': 0.8, 'learning_rate': 0.05, 'max_depth': 3, 'min_child_samples': 50, 'n_estimators': 750, 'num_leaves': 62, 'subsample': 0.8}",4.33695613534799,0.900979638160338,0.121027231216431
LightGBM,Baseline,6,"{'colsample_bytree': 0.8, 'learning_rate': 0.05, 'max_depth': 3, 'min_child_samples': 50, 'n_estimators': 1000, 'num_leaves': 15, 'subsample': 0.6}",4.33695613454663,0.900979638196931,0.11219334602356
LightGBM,Baseline,6,"{'colsample_bytree': 0.8, 'learning_rate': 0.05, 'max_depth': 3, 'min_child_samples': 50, 'n_estimators': 1000, 'num_leaves': 15, 'subsample': 0.8}",4.33695613419298,0.90097963821308,0.121528387069702
LightGBM,Baseline,6,"{'colsample_bytree': 0.8, 'learning_rate': 0.05, 'max_depth': 3, 'min_child_samples': 50, 'n_estimators': 1000, 'num_leaves': 31, 'subsample': 0.6}",4.336956135557,0.900979638150794,0.114307403564453
LightGBM,Baseline,6,"{'colsample_bytree': 0.8, 'learning_rate': 0.05, 'max_depth': 3, 'min_child_samples': 50, 'n_estimators': 1000, 'num_leaves': 31, 'subsample': 0.8}",4.33695613432731,0.900979638206946,0.117047548294067
LightGBM,Baseline,6,"{'colsample_bytree': 0.8, 'learning_rate': 0.05, 'max_depth': 3, 'min_child_samples': 50, 'n_estimators': 1000, 'num_leaves': 62, 'subsample': 0.6}",4.33695613523505,0.900979638165495,0.114688158035278
LightGBM,Baseline,6,"{'colsample_bytree': 0.8, 'learning_rate': 0.05, 'max_depth': 3, 'min_child_samples': 50, 'n_estimators': 1000, 'num_leaves': 62, 'subsample': 0.8}",4.33695613445896,0.900979638200934,0.121601819992065
LightGBM,Baseline,6,"{'colsample_bytree': 0.8, 'learning_rate': 0.05, 'max_depth': 3, 'min_child_samples': 100, 'n_estimators': 500, 'num_leaves': 15, 'subsample': 0.6}",5.12000336560139,0.861994961490562,0.218751192092896
LightGBM,Baseline,6,"{'colsample_bytree': 0.8, 'learning_rate': 0.05, 'max_depth': 3, 'min_child_samples': 100, 'n_estimators': 500, 'num_leaves': 15, 'subsample': 0.8}",5.1200033648066,0.861994961533408,0.222608804702759
LightGBM,Baseline,6,"{'colsample_bytree': 0.8, 'learning_rate': 0.05, 'max_depth': 3, 'min_child_samples': 100, 'n_estimators': 500, 'num_leaves': 31, 'subsample': 0.6}",5.12000336397911,0.861994961578016,0.217337131500244
LightGBM,Baseline,6,"{'colsample_bytree': 0.8, 'learning_rate': 0.05, 'max_depth': 3, 'min_child_samples': 100, 'n_estimators': 500, 'num_leaves': 31, 'subsample': 0.8}",5.12000336228507,0.861994961669338,0.227188348770142
LightGBM,Baseline,6,"{'colsample_bytree': 0.8, 'learning_rate': 0.05, 'max_depth': 3, 'min_child_samples': 100, 'n_estimators': 500, 'num_leaves': 62, 'subsample': 0.6}",5.12000336301075,0.861994961630219,0.222906827926636
LightGBM,Baseline,6,"{'colsample_bytree': 0.8, 'learning_rate': 0.05, 'max_depth': 3, 'min_child_samples': 100, 'n_estimators': 500, 'num_leaves': 62, 'subsample': 0.8}",5.1200033655259,0.861994961494632,0.233207702636719
LightGBM,Baseline,6,"{'colsample_bytree': 0.8, 'learning_rate': 0.05, 'max_depth': 3, 'min_child_samples': 100, 'n_estimators': 750, 'num_leaves': 15, 'subsample': 0.6}",5.09505479097903,0.863336617040441,0.268526554107666
LightGBM,Baseline,6,"{'colsample_bytree': 0.8, 'learning_rate': 0.05, 'max_depth': 3, 'min_child_samples': 100, 'n_estimators': 750, 'num_leaves': 15, 'subsample': 0.8}",5.09507542032437,0.863335510366639,0.263373851776123
LightGBM,Baseline,6,"{'colsample_bytree': 0.8, 'learning_rate': 0.05, 'max_depth': 3, 'min_child_samples': 100, 'n_estimators': 750, 'num_leaves': 31, 'subsample': 0.6}",5.09507542141838,0.863335510307949,0.274346113204956
LightGBM,Baseline,6,"{'colsample_bytree': 0.8, 'learning_rate': 0.05, 'max_depth': 3, 'min_child_samples': 100, 'n_estimators': 750, 'num_leaves': 31, 'subsample': 0.8}",5.09505478754323,0.863336617224756,0.264838218688965
LightGBM,Baseline,6,"{'colsample_bytree': 0.8, 'learning_rate': 0.05, 'max_depth': 3, 'min_child_samples': 100, 'n_estimators': 750, 'num_leaves': 62, 'subsample': 0.6}",5.09507541988758,0.863335510390071,0.273581266403198
LightGBM,Baseline,6,"{'colsample_bytree': 0.8, 'learning_rate': 0.05, 'max_depth': 3, 'min_child_samples': 100, 'n_estimators': 750, 'num_leaves': 62, 'subsample': 0.8}",5.09505478725645,0.86333661724014,0.268355131149292
LightGBM,Baseline,6,"{'colsample_bytree': 0.8, 'learning_rate': 0.05, 'max_depth': 3, 'min_child_samples': 100, 'n_estimators': 1000, 'num_leaves': 15, 'subsample': 0.6}",5.09505478919969,0.863336617135894,0.276566028594971
LightGBM,Baseline,6,"{'colsample_bytree': 0.8, 'learning_rate': 0.05, 'max_depth': 3, 'min_child_samples': 100, 'n_estimators': 1000, 'num_leaves': 15, 'subsample': 0.8}",5.09507542134367,0.863335510311957,0.273980855941772
LightGBM,Baseline,6,"{'colsample_bytree': 0.8, 'learning_rate': 0.05, 'max_depth': 3, 'min_child_samples': 100, 'n_estimators': 1000, 'num_leaves': 31, 'subsample': 0.6}",5.09505479032566,0.863336617075491,0.27028226852417
LightGBM,Baseline,6,"{'colsample_bytree': 0.8, 'learning_rate': 0.05, 'max_depth': 3, 'min_child_samples': 100, 'n_estimators': 1000, 'num_leaves': 31, 'subsample': 0.8}",5.09505479113201,0.863336617032234,0.269129276275635
LightGBM,Baseline,6,"{'colsample_bytree': 0.8, 'learning_rate': 0.05, 'max_depth': 3, 'min_child_samples': 100, 'n_estimators': 1000, 'num_leaves': 62, 'subsample': 0.6}",5.09507542041387,0.863335510361837,0.275099992752075
LightGBM,Baseline,6,"{'colsample_bytree': 0.8, 'learning_rate': 0.05, 'max_depth': 3, 'min_child_samples': 100, 'n_estimators': 1000, 'num_leaves': 62, 'subsample': 0.8}",5.0950547893868,0.863336617125857,0.270322799682617
LightGBM,Baseline,6,"{'colsample_bytree': 0.8, 'learning_rate': 0.05, 'max_depth': 5, 'min_child_samples': 50, 'n_estimators': 500, 'num_leaves': 15, 'subsample': 0.6}",4.32147973296637,0.901685084374223,0.12893533706665
LightGBM,Baseline,6,"{'colsample_bytree': 0.8, 'learning_rate': 0.05, 'max_depth': 5, 'min_child_samples': 50, 'n_estimators': 500, 'num_leaves': 15, 'subsample': 0.8}",4.32147973439177,0.901685084309366,0.135156631469727
LightGBM,Baseline,6,"{'colsample_bytree': 0.8, 'learning_rate': 0.05, 'max_depth': 5, 'min_child_samples': 50, 'n_estimators': 500, 'num_leaves': 31, 'subsample': 0.6}",4.32147973326386,0.901685084360687,0.128847599029541
LightGBM,Baseline,6,"{'colsample_bytree': 0.8, 'learning_rate': 0.05, 'max_depth': 5, 'min_child_samples': 50, 'n_estimators': 500, 'num_leaves': 31, 'subsample': 0.8}",4.32147973374572,0.901685084338762,0.140753746032715
LightGBM,Baseline,6,"{'colsample_bytree': 0.8, 'learning_rate': 0.05, 'max_depth': 5, 'min_child_samples': 50, 'n_estimators': 500, 'num_leaves': 62, 'subsample': 0.6}",4.32147973325949,0.901685084360886,0.138219594955444
LightGBM,Baseline,6,"{'colsample_bytree': 0.8, 'learning_rate': 0.05, 'max_depth': 5, 'min_child_samples': 50, 'n_estimators': 500, 'num_leaves': 62, 'subsample': 0.8}",4.32147973405668,0.901685084324613,0.130773544311523
LightGBM,Baseline,6,"{'colsample_bytree': 0.8, 'learning_rate': 0.05, 'max_depth': 5, 'min_child_samples': 50, 'n_estimators': 750, 'num_leaves': 15, 'subsample': 0.6}",4.32147973325227,0.901685084361214,0.131907224655151
LightGBM,Baseline,6,"{'colsample_bytree': 0.8, 'learning_rate': 0.05, 'max_depth': 5, 'min_child_samples': 50, 'n_estimators': 750, 'num_leaves': 15, 'subsample': 0.8}",4.32147973340601,0.901685084354219,0.130815505981445
LightGBM,Baseline,6,"{'colsample_bytree': 0.8, 'learning_rate': 0.05, 'max_depth': 5, 'min_child_samples': 50, 'n_estimators': 750, 'num_leaves': 31, 'subsample': 0.6}",4.32147973523737,0.901685084270891,0.129019975662231
LightGBM,Baseline,6,"{'colsample_bytree': 0.8, 'learning_rate': 0.05, 'max_depth': 5, 'min_child_samples': 50, 'n_estimators': 750, 'num_leaves': 31, 'subsample': 0.8}",4.32147973277915,0.901685084382742,0.137672901153564
LightGBM,Baseline,6,"{'colsample_bytree': 0.8, 'learning_rate': 0.05, 'max_depth': 5, 'min_child_samples': 50, 'n_estimators': 750, 'num_leaves': 62, 'subsample': 0.6}",4.32147973341361,0.901685084353873,0.130913019180298
LightGBM,Baseline,6,"{'colsample_bytree': 0.8, 'learning_rate': 0.05, 'max_depth': 5, 'min_child_samples': 50, 'n_estimators': 750, 'num_leaves': 62, 'subsample': 0.8}",4.3214797338792,0.901685084332689,0.131579637527466
LightGBM,Baseline,6,"{'colsample_bytree': 0.8, 'learning_rate': 0.05, 'max_depth': 5, 'min_child_samples': 50, 'n_estimators': 1000, 'num_leaves': 15, 'subsample': 0.6}",4.32147973459104,0.9016850843003,0.138602495193481
LightGBM,Baseline,6,"{'colsample_bytree': 0.8, 'learning_rate': 0.05, 'max_depth': 5, 'min_child_samples': 50, 'n_estimators': 1000, 'num_leaves': 15, 'subsample': 0.8}",4.32147973473847,0.901685084293592,0.130324125289917
LightGBM,Baseline,6,"{'colsample_bytree': 0.8, 'learning_rate': 0.05, 'max_depth': 5, 'min_child_samples': 50, 'n_estimators': 1000, 'num_leaves': 31, 'subsample': 0.6}",4.32147973445904,0.901685084306306,0.135323524475098
LightGBM,Baseline,6,"{'colsample_bytree': 0.8, 'learning_rate': 0.05, 'max_depth': 5, 'min_child_samples': 50, 'n_estimators': 1000, 'num_leaves': 31, 'subsample': 0.8}",4.32147973424212,0.901685084316175,0.131747245788574
LightGBM,Baseline,6,"{'colsample_bytree': 0.8, 'learning_rate': 0.05, 'max_depth': 5, 'min_child_samples': 50, 'n_estimators': 1000, 'num_leaves': 62, 'subsample': 0.6}",4.32147973280862,0.901685084381401,0.134601354598999
LightGBM,Baseline,6,"{'colsample_bytree': 0.8, 'learning_rate': 0.05, 'max_depth': 5, 'min_child_samples': 50, 'n_estimators': 1000, 'num_leaves': 62, 'subsample': 0.8}",4.32147973454431,0.901685084302426,0.132535934448242
LightGBM,Baseline,6,"{'colsample_bytree': 0.8, 'learning_rate': 0.05, 'max_depth': 5, 'min_child_samples': 100, 'n_estimators': 500, 'num_leaves': 15, 'subsample': 0.6}",5.09255851346663,0.863470498292745,0.270253419876099
LightGBM,Baseline,6,"{'colsample_bytree': 0.8, 'learning_rate': 0.05, 'max_depth': 5, 'min_child_samples': 100, 'n_estimators': 500, 'num_leaves': 15, 'subsample': 0.8}",5.09255851229356,0.863470498355645,0.264111518859863
LightGBM,Baseline,6,"{'colsample_bytree': 0.8, 'learning_rate': 0.05, 'max_depth': 5, 'min_child_samples': 100, 'n_estimators': 500, 'num_leaves': 31, 'subsample': 0.6}",5.09252595852998,0.8634722438574,0.2606520652771
LightGBM,Baseline,6,"{'colsample_bytree': 0.8, 'learning_rate': 0.05, 'max_depth': 5, 'min_child_samples': 100, 'n_estimators': 500, 'num_leaves': 31, 'subsample': 0.8}",5.09255851145361,0.863470498400682,0.266346454620361
LightGBM,Baseline,6,"{'colsample_bytree': 0.8, 'learning_rate': 0.05, 'max_depth': 5, 'min_child_samples': 100, 'n_estimators': 500, 'num_leaves': 62, 'subsample': 0.6}",5.09252595954067,0.863472243803209,0.264645099639893
LightGBM,Baseline,6,"{'colsample_bytree': 0.8, 'learning_rate': 0.05, 'max_depth': 5, 'min_child_samples': 100, 'n_estimators': 500, 'num_leaves': 62, 'subsample': 0.8}",5.09255851244591,0.863470498347476,0.293978214263916
LightGBM,Baseline,6,"{'colsample_bytree': 0.8, 'learning_rate': 0.05, 'max_depth': 5, 'min_child_samples': 100, 'n_estimators': 750, 'num_leaves': 15, 'subsample': 0.6}",5.08305436971756,0.863979627512402,0.284774541854858
LightGBM,Baseline,6,"{'colsample_bytree': 0.8, 'learning_rate': 0.05, 'max_depth': 5, 'min_child_samples': 100, 'n_estimators': 750, 'num_leaves': 15, 'subsample': 0.8}",5.08305437053509,0.863979627468649,0.297346115112305
LightGBM,Baseline,6,"{'colsample_bytree': 0.8, 'learning_rate': 0.05, 'max_depth': 5, 'min_child_samples': 100, 'n_estimators': 750, 'num_leaves': 31, 'subsample': 0.6}",5.08305436914916,0.863979627542823,0.292278051376343
LightGBM,Baseline,6,"{'colsample_bytree': 0.8, 'learning_rate': 0.05, 'max_depth': 5, 'min_child_samples': 100, 'n_estimators': 750, 'num_leaves': 31, 'subsample': 0.8}",5.08305436858034,0.863979627573265,0.290236711502075
LightGBM,Baseline,6,"{'colsample_bytree': 0.8, 'learning_rate': 0.05, 'max_depth': 5, 'min_child_samples': 100, 'n_estimators': 750, 'num_leaves': 62, 'subsample': 0.6}",5.08305436967545,0.863979627514656,0.297498941421509
LightGBM,Baseline,6,"{'colsample_bytree': 0.8, 'learning_rate': 0.05, 'max_depth': 5, 'min_child_samples': 100, 'n_estimators': 750, 'num_leaves': 62, 'subsample': 0.8}",5.08305436756941,0.86397962762737,0.296977519989014
LightGBM,Baseline,6,"{'colsample_bytree': 0.8, 'learning_rate': 0.05, 'max_depth': 5, 'min_child_samples': 100, 'n_estimators': 1000, 'num_leaves': 15, 'subsample': 0.6}",5.08302131780907,0.863981396416671,0.294676780700684
LightGBM,Baseline,6,"{'colsample_bytree': 0.8, 'learning_rate': 0.05, 'max_depth': 5, 'min_child_samples': 100, 'n_estimators': 1000, 'num_leaves': 15, 'subsample': 0.8}",5.08302131752064,0.863981396432108,0.291754961013794
LightGBM,Baseline,6,"{'colsample_bytree': 0.8, 'learning_rate': 0.05, 'max_depth': 5, 'min_child_samples': 100, 'n_estimators': 1000, 'num_leaves': 31, 'subsample': 0.6}",5.0830543700661,0.863979627493749,0.303562641143799
LightGBM,Baseline,6,"{'colsample_bytree': 0.8, 'learning_rate': 0.05, 'max_depth': 5, 'min_child_samples': 100, 'n_estimators': 1000, 'num_leaves': 31, 'subsample': 0.8}",5.08305436828445,0.863979627589101,0.298252820968628
LightGBM,Baseline,6,"{'colsample_bytree': 0.8, 'learning_rate': 0.05, 'max_depth': 5, 'min_child_samples': 100, 'n_estimators': 1000, 'num_leaves': 62, 'subsample': 0.6}",5.08305436936337,0.863979627531358,0.307111978530884
LightGBM,Baseline,6,"{'colsample_bytree': 0.8, 'learning_rate': 0.05, 'max_depth': 5, 'min_child_samples': 100, 'n_estimators': 1000, 'num_leaves': 62, 'subsample': 0.8}",5.0830543713096,0.863979627427198,0.289640426635742
LightGBM,Baseline,6,"{'colsample_bytree': 0.8, 'learning_rate': 0.05, 'max_depth': 9, 'min_child_samples': 50, 'n_estimators': 500, 'num_leaves': 15, 'subsample': 0.6}",4.32737868317061,0.901416495531806,0.15614128112793
LightGBM,Baseline,6,"{'colsample_bytree': 0.8, 'learning_rate': 0.05, 'max_depth': 9, 'min_child_samples': 50, 'n_estimators': 500, 'num_leaves': 15, 'subsample': 0.8}",4.32737868197118,0.901416495586455,0.150829315185547
LightGBM,Baseline,6,"{'colsample_bytree': 0.8, 'learning_rate': 0.05, 'max_depth': 9, 'min_child_samples': 50, 'n_estimators': 500, 'num_leaves': 31, 'subsample': 0.6}",4.32737868139785,0.901416495612577,0.14992880821228
LightGBM,Baseline,6,"{'colsample_bytree': 0.8, 'learning_rate': 0.05, 'max_depth': 9, 'min_child_samples': 50, 'n_estimators': 500, 'num_leaves': 31, 'subsample': 0.8}",4.32737868389503,0.901416495498799,0.16400933265686
LightGBM,Baseline,6,"{'colsample_bytree': 0.8, 'learning_rate': 0.05, 'max_depth': 9, 'min_child_samples': 50, 'n_estimators': 500, 'num_leaves': 62, 'subsample': 0.6}",4.32737868344803,0.901416495519166,0.154332637786865
LightGBM,Baseline,6,"{'colsample_bytree': 0.8, 'learning_rate': 0.05, 'max_depth': 9, 'min_child_samples': 50, 'n_estimators': 500, 'num_leaves': 62, 'subsample': 0.8}",4.32737868275894,0.901416495550562,0.165620565414429
LightGBM,Baseline,6,"{'colsample_bytree': 0.8, 'learning_rate': 0.05, 'max_depth': 9, 'min_child_samples': 50, 'n_estimators': 750, 'num_leaves': 15, 'subsample': 0.6}",4.32737868206638,0.901416495582117,0.15046215057373
LightGBM,Baseline,6,"{'colsample_bytree': 0.8, 'learning_rate': 0.05, 'max_depth': 9, 'min_child_samples': 50, 'n_estimators': 750, 'num_leaves': 15, 'subsample': 0.8}",4.32737868258831,0.901416495558337,0.152539491653442
LightGBM,Baseline,6,"{'colsample_bytree': 0.8, 'learning_rate': 0.05, 'max_depth': 9, 'min_child_samples': 50, 'n_estimators': 750, 'num_leaves': 31, 'subsample': 0.6}",4.32737868241161,0.901416495566388,0.151453256607056
LightGBM,Baseline,6,"{'colsample_bytree': 0.8, 'learning_rate': 0.05, 'max_depth': 9, 'min_child_samples': 50, 'n_estimators': 750, 'num_leaves': 31, 'subsample': 0.8}",4.32737868316571,0.901416495532029,0.156808376312256
LightGBM,Baseline,6,"{'colsample_bytree': 0.8, 'learning_rate': 0.05, 'max_depth': 9, 'min_child_samples': 50, 'n_estimators': 750, 'num_leaves': 62, 'subsample': 0.6}",4.32737868187802,0.9014164955907,0.15207576751709
LightGBM,Baseline,6,"{'colsample_bytree': 0.8, 'learning_rate': 0.05, 'max_depth': 9, 'min_child_samples': 50, 'n_estimators': 750, 'num_leaves': 62, 'subsample': 0.8}",4.3273786823005,0.90141649557145,0.157181978225708
LightGBM,Baseline,6,"{'colsample_bytree': 0.8, 'learning_rate': 0.05, 'max_depth': 9, 'min_child_samples': 50, 'n_estimators': 1000, 'num_leaves': 15, 'subsample': 0.6}",4.32737868224877,0.901416495573807,0.15320897102356
LightGBM,Baseline,6,"{'colsample_bytree': 0.8, 'learning_rate': 0.05, 'max_depth': 9, 'min_child_samples': 50, 'n_estimators': 1000, 'num_leaves': 15, 'subsample': 0.8}",4.32737868281483,0.901416495548016,0.156682968139648
LightGBM,Baseline,6,"{'colsample_bytree': 0.8, 'learning_rate': 0.05, 'max_depth': 9, 'min_child_samples': 50, 'n_estimators': 1000, 'num_leaves': 31, 'subsample': 0.6}",4.32737868278315,0.901416495549459,0.160996198654175
LightGBM,Baseline,6,"{'colsample_bytree': 0.8, 'learning_rate': 0.05, 'max_depth': 9, 'min_child_samples': 50, 'n_estimators': 1000, 'num_leaves': 31, 'subsample': 0.8}",4.32737868285475,0.901416495546197,0.149150848388672
LightGBM,Baseline,6,"{'colsample_bytree': 0.8, 'learning_rate': 0.05, 'max_depth': 9, 'min_child_samples': 50, 'n_estimators': 1000, 'num_leaves': 62, 'subsample': 0.6}",4.32737868211342,0.901416495579974,0.159824371337891
LightGBM,Baseline,6,"{'colsample_bytree': 0.8, 'learning_rate': 0.05, 'max_depth': 9, 'min_child_samples': 50, 'n_estimators': 1000, 'num_leaves': 62, 'subsample': 0.8}",4.32737868230688,0.901416495571159,0.157050609588623
LightGBM,Baseline,6,"{'colsample_bytree': 0.8, 'learning_rate': 0.05, 'max_depth': 9, 'min_child_samples': 100, 'n_estimators': 500, 'num_leaves': 15, 'subsample': 0.6}",5.11526075306034,0.862250508703679,0.263939142227173
LightGBM,Baseline,6,"{'colsample_bytree': 0.8, 'learning_rate': 0.05, 'max_depth': 9, 'min_child_samples': 100, 'n_estimators': 500, 'num_leaves': 15, 'subsample': 0.8}",5.11524726769487,0.86225123500088,0.263595342636108
LightGBM,Baseline,6,"{'colsample_bytree': 0.8, 'learning_rate': 0.05, 'max_depth': 9, 'min_child_samples': 100, 'n_estimators': 500, 'num_leaves': 31, 'subsample': 0.6}",5.11526075333962,0.862250508688638,0.255695819854736
LightGBM,Baseline,6,"{'colsample_bytree': 0.8, 'learning_rate': 0.05, 'max_depth': 9, 'min_child_samples': 100, 'n_estimators': 500, 'num_leaves': 31, 'subsample': 0.8}",5.11524726768805,0.862251235001248,0.259008884429932
LightGBM,Baseline,6,"{'colsample_bytree': 0.8, 'learning_rate': 0.05, 'max_depth': 9, 'min_child_samples': 100, 'n_estimators': 500, 'num_leaves': 62, 'subsample': 0.6}",5.11524726744016,0.862251235014598,0.266632080078125
LightGBM,Baseline,6,"{'colsample_bytree': 0.8, 'learning_rate': 0.05, 'max_depth': 9, 'min_child_samples': 100, 'n_estimators': 500, 'num_leaves': 62, 'subsample': 0.8}",5.11524663076847,0.862251269304528,0.2658851146698
LightGBM,Baseline,6,"{'colsample_bytree': 0.8, 'learning_rate': 0.05, 'max_depth': 9, 'min_child_samples': 100, 'n_estimators': 750, 'num_leaves': 15, 'subsample': 0.6}",5.11526075400528,0.862250508652786,0.266817331314087
LightGBM,Baseline,6,"{'colsample_bytree': 0.8, 'learning_rate': 0.05, 'max_depth': 9, 'min_child_samples': 100, 'n_estimators': 750, 'num_leaves': 15, 'subsample': 0.8}",5.11527352959905,0.862249820580828,0.260383605957031
LightGBM,Baseline,6,"{'colsample_bytree': 0.8, 'learning_rate': 0.05, 'max_depth': 9, 'min_child_samples': 100, 'n_estimators': 750, 'num_leaves': 31, 'subsample': 0.6}",5.11523404696245,0.862251947043569,0.26952600479126
LightGBM,Baseline,6,"{'colsample_bytree': 0.8, 'learning_rate': 0.05, 'max_depth': 9, 'min_child_samples': 100, 'n_estimators': 750, 'num_leaves': 31, 'subsample': 0.8}",5.11524663269135,0.862251269200965,0.261183977127075
LightGBM,Baseline,6,"{'colsample_bytree': 0.8, 'learning_rate': 0.05, 'max_depth': 9, 'min_child_samples': 100, 'n_estimators': 750, 'num_leaves': 62, 'subsample': 0.6}",5.11524790689217,0.862251200574922,0.260182857513428
LightGBM,Baseline,6,"{'colsample_bytree': 0.8, 'learning_rate': 0.05, 'max_depth': 9, 'min_child_samples': 100, 'n_estimators': 750, 'num_leaves': 62, 'subsample': 0.8}",5.11524828689511,0.86225118010868,0.258674144744873
LightGBM,Baseline,6,"{'colsample_bytree': 0.8, 'learning_rate': 0.05, 'max_depth': 9, 'min_child_samples': 100, 'n_estimators': 1000, 'num_leaves': 15, 'subsample': 0.6}",5.11524790879207,0.862251200472597,0.268959999084473
LightGBM,Baseline,6,"{'colsample_bytree': 0.8, 'learning_rate': 0.05, 'max_depth': 9, 'min_child_samples': 100, 'n_estimators': 1000, 'num_leaves': 15, 'subsample': 0.8}",5.11526075407346,0.862250508649114,0.258620262145996
LightGBM,Baseline,6,"{'colsample_bytree': 0.8, 'learning_rate': 0.05, 'max_depth': 9, 'min_child_samples': 100, 'n_estimators': 1000, 'num_leaves': 31, 'subsample': 0.6}",5.11526075459223,0.862250508621174,0.259461641311646
LightGBM,Baseline,6,"{'colsample_bytree': 0.8, 'learning_rate': 0.05, 'max_depth': 9, 'min_child_samples': 100, 'n_estimators': 1000, 'num_leaves': 31, 'subsample': 0.8}",5.11526131409635,0.862250478487261,0.266533851623535
LightGBM,Baseline,6,"{'colsample_bytree': 0.8, 'learning_rate': 0.05, 'max_depth': 9, 'min_child_samples': 100, 'n_estimators': 1000, 'num_leaves': 62, 'subsample': 0.6}",5.11524850016206,0.862251168622524,0.260905265808105
LightGBM,Baseline,6,"{'colsample_bytree': 0.8, 'learning_rate': 0.05, 'max_depth': 9, 'min_child_samples': 100, 'n_estimators': 1000, 'num_leaves': 62, 'subsample': 0.8}",5.11527352896899,0.862249820614762,0.264433860778809
LightGBM,Baseline,7,"{'colsample_bytree': 0.6, 'learning_rate': 0.01, 'max_depth': 3, 'min_child_samples': 50, 'n_estimators': 500, 'num_leaves': 15, 'subsample': 0.6}",2.80470053991164,0.951909647542113,0.212409257888794
LightGBM,Baseline,7,"{'colsample_bytree': 0.6, 'learning_rate': 0.01, 'max_depth': 3, 'min_child_samples': 50, 'n_estimators': 500, 'num_leaves': 15, 'subsample': 0.8}",2.80470054091288,0.951909647507778,0.212716102600098
LightGBM,Baseline,7,"{'colsample_bytree': 0.6, 'learning_rate': 0.01, 'max_depth': 3, 'min_child_samples': 50, 'n_estimators': 500, 'num_leaves': 31, 'subsample': 0.6}",2.80470054032958,0.951909647527781,0.214186668395996
LightGBM,Baseline,7,"{'colsample_bytree': 0.6, 'learning_rate': 0.01, 'max_depth': 3, 'min_child_samples': 50, 'n_estimators': 500, 'num_leaves': 31, 'subsample': 0.8}",2.80470054126679,0.951909647495641,0.21793270111084
LightGBM,Baseline,7,"{'colsample_bytree': 0.6, 'learning_rate': 0.01, 'max_depth': 3, 'min_child_samples': 50, 'n_estimators': 500, 'num_leaves': 62, 'subsample': 0.6}",2.80470054026784,0.951909647529898,0.227747201919556
LightGBM,Baseline,7,"{'colsample_bytree': 0.6, 'learning_rate': 0.01, 'max_depth': 3, 'min_child_samples': 50, 'n_estimators': 500, 'num_leaves': 62, 'subsample': 0.8}",2.80470054033377,0.951909647527637,0.218112230300903
LightGBM,Baseline,7,"{'colsample_bytree': 0.6, 'learning_rate': 0.01, 'max_depth': 3, 'min_child_samples': 50, 'n_estimators': 750, 'num_leaves': 15, 'subsample': 0.6}",2.55127269082044,0.960207729104379,0.272840023040772
LightGBM,Baseline,7,"{'colsample_bytree': 0.6, 'learning_rate': 0.01, 'max_depth': 3, 'min_child_samples': 50, 'n_estimators': 750, 'num_leaves': 15, 'subsample': 0.8}",2.5512726897001,0.960207729139327,0.270207405090332
LightGBM,Baseline,7,"{'colsample_bytree': 0.6, 'learning_rate': 0.01, 'max_depth': 3, 'min_child_samples': 50, 'n_estimators': 750, 'num_leaves': 31, 'subsample': 0.6}",2.5512726906458,0.960207729109827,0.274184465408325
LightGBM,Baseline,7,"{'colsample_bytree': 0.6, 'learning_rate': 0.01, 'max_depth': 3, 'min_child_samples': 50, 'n_estimators': 750, 'num_leaves': 31, 'subsample': 0.8}",2.55127269099293,0.960207729098998,0.278485774993897
LightGBM,Baseline,7,"{'colsample_bytree': 0.6, 'learning_rate': 0.01, 'max_depth': 3, 'min_child_samples': 50, 'n_estimators': 750, 'num_leaves': 62, 'subsample': 0.6}",2.55127269137157,0.960207729087187,0.274340629577637
LightGBM,Baseline,7,"{'colsample_bytree': 0.6, 'learning_rate': 0.01, 'max_depth': 3, 'min_child_samples': 50, 'n_estimators': 750, 'num_leaves': 62, 'subsample': 0.8}",2.55127269023737,0.960207729122567,0.271647691726685
LightGBM,Baseline,7,"{'colsample_bytree': 0.6, 'learning_rate': 0.01, 'max_depth': 3, 'min_child_samples': 50, 'n_estimators': 1000, 'num_leaves': 15, 'subsample': 0.6}",2.42476438247312,0.964056194799477,0.331908702850342
LightGBM,Baseline,7,"{'colsample_bytree': 0.6, 'learning_rate': 0.01, 'max_depth': 3, 'min_child_samples': 50, 'n_estimators': 1000, 'num_leaves': 15, 'subsample': 0.8}",2.4247643805967,0.964056194855107,0.344704151153564
LightGBM,Baseline,7,"{'colsample_bytree': 0.6, 'learning_rate': 0.01, 'max_depth': 3, 'min_child_samples': 50, 'n_estimators': 1000, 'num_leaves': 31, 'subsample': 0.6}",2.42476438128363,0.964056194834742,0.332205057144165
LightGBM,Baseline,7,"{'colsample_bytree': 0.6, 'learning_rate': 0.01, 'max_depth': 3, 'min_child_samples': 50, 'n_estimators': 1000, 'num_leaves': 31, 'subsample': 0.8}",2.42476438219466,0.964056194807732,0.335788249969482
LightGBM,Baseline,7,"{'colsample_bytree': 0.6, 'learning_rate': 0.01, 'max_depth': 3, 'min_child_samples': 50, 'n_estimators': 1000, 'num_leaves': 62, 'subsample': 0.6}",2.42476438138567,0.964056194831716,0.343761444091797
LightGBM,Baseline,7,"{'colsample_bytree': 0.6, 'learning_rate': 0.01, 'max_depth': 3, 'min_child_samples': 50, 'n_estimators': 1000, 'num_leaves': 62, 'subsample': 0.8}",2.42476438136503,0.964056194832329,0.337088823318481
LightGBM,Baseline,7,"{'colsample_bytree': 0.6, 'learning_rate': 0.01, 'max_depth': 3, 'min_child_samples': 100, 'n_estimators': 500, 'num_leaves': 15, 'subsample': 0.6}",6.82379926487808,0.71533278708144,0.219271183013916
LightGBM,Baseline,7,"{'colsample_bytree': 0.6, 'learning_rate': 0.01, 'max_depth': 3, 'min_child_samples': 100, 'n_estimators': 500, 'num_leaves': 15, 'subsample': 0.8}",6.82379926443817,0.715332787118143,0.223620653152466
LightGBM,Baseline,7,"{'colsample_bytree': 0.6, 'learning_rate': 0.01, 'max_depth': 3, 'min_child_samples': 100, 'n_estimators': 500, 'num_leaves': 31, 'subsample': 0.6}",6.82379926431928,0.715332787128062,0.222795963287354
LightGBM,Baseline,7,"{'colsample_bytree': 0.6, 'learning_rate': 0.01, 'max_depth': 3, 'min_child_samples': 100, 'n_estimators': 500, 'num_leaves': 31, 'subsample': 0.8}",6.8237992653113,0.715332787045294,0.222340822219849
LightGBM,Baseline,7,"{'colsample_bytree': 0.6, 'learning_rate': 0.01, 'max_depth': 3, 'min_child_samples': 100, 'n_estimators': 500, 'num_leaves': 62, 'subsample': 0.6}",6.8237992636431,0.715332787184478,0.230014562606812
LightGBM,Baseline,7,"{'colsample_bytree': 0.6, 'learning_rate': 0.01, 'max_depth': 3, 'min_child_samples': 100, 'n_estimators': 500, 'num_leaves': 62, 'subsample': 0.8}",6.82379926294925,0.715332787242369,0.218968629837036
LightGBM,Baseline,7,"{'colsample_bytree': 0.6, 'learning_rate': 0.01, 'max_depth': 3, 'min_child_samples': 100, 'n_estimators': 750, 'num_leaves': 15, 'subsample': 0.6}",6.1388835410755,0.76960993195008,0.283992767333984
LightGBM,Baseline,7,"{'colsample_bytree': 0.6, 'learning_rate': 0.01, 'max_depth': 3, 'min_child_samples': 100, 'n_estimators': 750, 'num_leaves': 15, 'subsample': 0.8}",6.13888353339454,0.769609932526607,0.288384437561035
LightGBM,Baseline,7,"{'colsample_bytree': 0.6, 'learning_rate': 0.01, 'max_depth': 3, 'min_child_samples': 100, 'n_estimators': 750, 'num_leaves': 31, 'subsample': 0.6}",6.1388835387723,0.769609932122956,0.282740116119385
LightGBM,Baseline,7,"{'colsample_bytree': 0.6, 'learning_rate': 0.01, 'max_depth': 3, 'min_child_samples': 100, 'n_estimators': 750, 'num_leaves': 31, 'subsample': 0.8}",6.13888353859811,0.769609932136031,0.278477191925049
LightGBM,Baseline,7,"{'colsample_bytree': 0.6, 'learning_rate': 0.01, 'max_depth': 3, 'min_child_samples': 100, 'n_estimators': 750, 'num_leaves': 62, 'subsample': 0.6}",6.13888353777508,0.769609932197807,0.291076898574829
LightGBM,Baseline,7,"{'colsample_bytree': 0.6, 'learning_rate': 0.01, 'max_depth': 3, 'min_child_samples': 100, 'n_estimators': 750, 'num_leaves': 62, 'subsample': 0.8}",6.1388835391455,0.769609932094944,0.289220094680786
LightGBM,Baseline,7,"{'colsample_bytree': 0.6, 'learning_rate': 0.01, 'max_depth': 3, 'min_child_samples': 100, 'n_estimators': 1000, 'num_leaves': 15, 'subsample': 0.6}",5.72080866741262,0.79992178236585,0.34365725517273
LightGBM,Baseline,7,"{'colsample_bytree': 0.6, 'learning_rate': 0.01, 'max_depth': 3, 'min_child_samples': 100, 'n_estimators': 1000, 'num_leaves': 15, 'subsample': 0.8}",5.72080866835833,0.7999217822997,0.350040197372437
LightGBM,Baseline,7,"{'colsample_bytree': 0.6, 'learning_rate': 0.01, 'max_depth': 3, 'min_child_samples': 100, 'n_estimators': 1000, 'num_leaves': 31, 'subsample': 0.6}",5.72080866821023,0.799921782310058,0.349525690078735
LightGBM,Baseline,7,"{'colsample_bytree': 0.6, 'learning_rate': 0.01, 'max_depth': 3, 'min_child_samples': 100, 'n_estimators': 1000, 'num_leaves': 31, 'subsample': 0.8}",5.72080866607204,0.79992178245962,0.348597526550293
LightGBM,Baseline,7,"{'colsample_bytree': 0.6, 'learning_rate': 0.01, 'max_depth': 3, 'min_child_samples': 100, 'n_estimators': 1000, 'num_leaves': 62, 'subsample': 0.6}",5.72083233680436,0.799920126746938,0.387023210525513
LightGBM,Baseline,7,"{'colsample_bytree': 0.6, 'learning_rate': 0.01, 'max_depth': 3, 'min_child_samples': 100, 'n_estimators': 1000, 'num_leaves': 62, 'subsample': 0.8}",5.72080866728438,0.79992178237482,0.370198488235474
LightGBM,Baseline,7,"{'colsample_bytree': 0.6, 'learning_rate': 0.01, 'max_depth': 5, 'min_child_samples': 50, 'n_estimators': 500, 'num_leaves': 15, 'subsample': 0.6}",2.76594573510278,0.953229471781639,0.309338569641113
LightGBM,Baseline,7,"{'colsample_bytree': 0.6, 'learning_rate': 0.01, 'max_depth': 5, 'min_child_samples': 50, 'n_estimators': 500, 'num_leaves': 15, 'subsample': 0.8}",2.76594573404472,0.953229471817421,0.300243139266968
LightGBM,Baseline,7,"{'colsample_bytree': 0.6, 'learning_rate': 0.01, 'max_depth': 5, 'min_child_samples': 50, 'n_estimators': 500, 'num_leaves': 31, 'subsample': 0.6}",2.76594573531339,0.953229471774516,0.366805791854858
LightGBM,Baseline,7,"{'colsample_bytree': 0.6, 'learning_rate': 0.01, 'max_depth': 5, 'min_child_samples': 50, 'n_estimators': 500, 'num_leaves': 31, 'subsample': 0.8}",2.76594573646443,0.953229471735589,0.330325603485107
LightGBM,Baseline,7,"{'colsample_bytree': 0.6, 'learning_rate': 0.01, 'max_depth': 5, 'min_child_samples': 50, 'n_estimators': 500, 'num_leaves': 62, 'subsample': 0.6}",2.76594573566143,0.953229471762746,0.269252061843872
LightGBM,Baseline,7,"{'colsample_bytree': 0.6, 'learning_rate': 0.01, 'max_depth': 5, 'min_child_samples': 50, 'n_estimators': 500, 'num_leaves': 62, 'subsample': 0.8}",2.76594573519305,0.953229471778586,0.257447719573975
LightGBM,Baseline,7,"{'colsample_bytree': 0.6, 'learning_rate': 0.01, 'max_depth': 5, 'min_child_samples': 50, 'n_estimators': 750, 'num_leaves': 15, 'subsample': 0.6}",2.48659126628975,0.962199828371083,0.361059188842773
LightGBM,Baseline,7,"{'colsample_bytree': 0.6, 'learning_rate': 0.01, 'max_depth': 5, 'min_child_samples': 50, 'n_estimators': 750, 'num_leaves': 15, 'subsample': 0.8}",2.48659126456203,0.962199828423611,0.336111068725586
LightGBM,Baseline,7,"{'colsample_bytree': 0.6, 'learning_rate': 0.01, 'max_depth': 5, 'min_child_samples': 50, 'n_estimators': 750, 'num_leaves': 31, 'subsample': 0.6}",2.48659126350263,0.96219982845582,0.340595483779907
LightGBM,Baseline,7,"{'colsample_bytree': 0.6, 'learning_rate': 0.01, 'max_depth': 5, 'min_child_samples': 50, 'n_estimators': 750, 'num_leaves': 31, 'subsample': 0.8}",2.48659126439633,0.962199828428649,0.352981567382813
LightGBM,Baseline,7,"{'colsample_bytree': 0.6, 'learning_rate': 0.01, 'max_depth': 5, 'min_child_samples': 50, 'n_estimators': 750, 'num_leaves': 62, 'subsample': 0.6}",2.48659126346111,0.962199828457083,0.368386268615723
LightGBM,Baseline,7,"{'colsample_bytree': 0.6, 'learning_rate': 0.01, 'max_depth': 5, 'min_child_samples': 50, 'n_estimators': 750, 'num_leaves': 62, 'subsample': 0.8}",2.48659126343476,0.962199828457884,0.373152017593384
LightGBM,Baseline,7,"{'colsample_bytree': 0.6, 'learning_rate': 0.01, 'max_depth': 5, 'min_child_samples': 50, 'n_estimators': 1000, 'num_leaves': 15, 'subsample': 0.6}",2.33995759738849,0.966526514310904,0.459023237228394
LightGBM,Baseline,7,"{'colsample_bytree': 0.6, 'learning_rate': 0.01, 'max_depth': 5, 'min_child_samples': 50, 'n_estimators': 1000, 'num_leaves': 15, 'subsample': 0.8}",2.33995759807004,0.966526514291405,0.474596500396729
LightGBM,Baseline,7,"{'colsample_bytree': 0.6, 'learning_rate': 0.01, 'max_depth': 5, 'min_child_samples': 50, 'n_estimators': 1000, 'num_leaves': 31, 'subsample': 0.6}",2.33995759723914,0.966526514315177,0.478222846984863
LightGBM,Baseline,7,"{'colsample_bytree': 0.6, 'learning_rate': 0.01, 'max_depth': 5, 'min_child_samples': 50, 'n_estimators': 1000, 'num_leaves': 31, 'subsample': 0.8}",2.3399575966946,0.966526514330756,0.472580432891846
LightGBM,Baseline,7,"{'colsample_bytree': 0.6, 'learning_rate': 0.01, 'max_depth': 5, 'min_child_samples': 50, 'n_estimators': 1000, 'num_leaves': 62, 'subsample': 0.6}",2.33995759805451,0.966526514291849,0.473734378814697
LightGBM,Baseline,7,"{'colsample_bytree': 0.6, 'learning_rate': 0.01, 'max_depth': 5, 'min_child_samples': 50, 'n_estimators': 1000, 'num_leaves': 62, 'subsample': 0.8}",2.33995759776265,0.966526514300199,0.468578338623047
LightGBM,Baseline,7,"{'colsample_bytree': 0.6, 'learning_rate': 0.01, 'max_depth': 5, 'min_child_samples': 100, 'n_estimators': 500, 'num_leaves': 15, 'subsample': 0.6}",6.83503018923462,0.714394979048532,0.261046886444092
LightGBM,Baseline,7,"{'colsample_bytree': 0.6, 'learning_rate': 0.01, 'max_depth': 5, 'min_child_samples': 100, 'n_estimators': 500, 'num_leaves': 15, 'subsample': 0.8}",6.83503018832738,0.71439497912435,0.27092981338501
LightGBM,Baseline,7,"{'colsample_bytree': 0.6, 'learning_rate': 0.01, 'max_depth': 5, 'min_child_samples': 100, 'n_estimators': 500, 'num_leaves': 31, 'subsample': 0.6}",6.83503018725825,0.714394979213699,0.269582271575928
LightGBM,Baseline,7,"{'colsample_bytree': 0.6, 'learning_rate': 0.01, 'max_depth': 5, 'min_child_samples': 100, 'n_estimators': 500, 'num_leaves': 31, 'subsample': 0.8}",6.83503018673487,0.714394979257438,0.258566617965698
LightGBM,Baseline,7,"{'colsample_bytree': 0.6, 'learning_rate': 0.01, 'max_depth': 5, 'min_child_samples': 100, 'n_estimators': 500, 'num_leaves': 62, 'subsample': 0.6}",6.835030188543,0.714394979106331,0.262979984283447
LightGBM,Baseline,7,"{'colsample_bytree': 0.6, 'learning_rate': 0.01, 'max_depth': 5, 'min_child_samples': 100, 'n_estimators': 500, 'num_leaves': 62, 'subsample': 0.8}",6.8350301860623,0.714394979313645,0.269279718399048
LightGBM,Baseline,7,"{'colsample_bytree': 0.6, 'learning_rate': 0.01, 'max_depth': 5, 'min_child_samples': 100, 'n_estimators': 750, 'num_leaves': 15, 'subsample': 0.6}",6.15066440264583,0.768724820569348,0.354290723800659
LightGBM,Baseline,7,"{'colsample_bytree': 0.6, 'learning_rate': 0.01, 'max_depth': 5, 'min_child_samples': 100, 'n_estimators': 750, 'num_leaves': 15, 'subsample': 0.8}",6.15066799854791,0.768724550145508,0.348851919174194
LightGBM,Baseline,7,"{'colsample_bytree': 0.6, 'learning_rate': 0.01, 'max_depth': 5, 'min_child_samples': 100, 'n_estimators': 750, 'num_leaves': 31, 'subsample': 0.6}",6.15066440248861,0.768724820581171,0.352690696716309
LightGBM,Baseline,7,"{'colsample_bytree': 0.6, 'learning_rate': 0.01, 'max_depth': 5, 'min_child_samples': 100, 'n_estimators': 750, 'num_leaves': 31, 'subsample': 0.8}",6.15066799710744,0.768724550253837,0.352959871292114
LightGBM,Baseline,7,"{'colsample_bytree': 0.6, 'learning_rate': 0.01, 'max_depth': 5, 'min_child_samples': 100, 'n_estimators': 750, 'num_leaves': 62, 'subsample': 0.6}",6.15066043208632,0.768725119168493,0.354513645172119
LightGBM,Baseline,7,"{'colsample_bytree': 0.6, 'learning_rate': 0.01, 'max_depth': 5, 'min_child_samples': 100, 'n_estimators': 750, 'num_leaves': 62, 'subsample': 0.8}",6.1506679984971,0.76872455014933,0.355245113372803
LightGBM,Baseline,7,"{'colsample_bytree': 0.6, 'learning_rate': 0.01, 'max_depth': 5, 'min_child_samples': 100, 'n_estimators': 1000, 'num_leaves': 15, 'subsample': 0.6}",5.7326552803469,0.799092283081027,0.417725801467896
LightGBM,Baseline,7,"{'colsample_bytree': 0.6, 'learning_rate': 0.01, 'max_depth': 5, 'min_child_samples': 100, 'n_estimators': 1000, 'num_leaves': 15, 'subsample': 0.8}",5.73265528060441,0.799092283062977,0.430627107620239
LightGBM,Baseline,7,"{'colsample_bytree': 0.6, 'learning_rate': 0.01, 'max_depth': 5, 'min_child_samples': 100, 'n_estimators': 1000, 'num_leaves': 31, 'subsample': 0.6}",5.73265042246243,0.799092623581551,0.426989793777466
LightGBM,Baseline,7,"{'colsample_bytree': 0.6, 'learning_rate': 0.01, 'max_depth': 5, 'min_child_samples': 100, 'n_estimators': 1000, 'num_leaves': 31, 'subsample': 0.8}",5.73265528161706,0.799092282991998,0.436627626419067
LightGBM,Baseline,7,"{'colsample_bytree': 0.6, 'learning_rate': 0.01, 'max_depth': 5, 'min_child_samples': 100, 'n_estimators': 1000, 'num_leaves': 62, 'subsample': 0.6}",5.73268401371784,0.799090269085717,0.431023597717285
LightGBM,Baseline,7,"{'colsample_bytree': 0.6, 'learning_rate': 0.01, 'max_depth': 5, 'min_child_samples': 100, 'n_estimators': 1000, 'num_leaves': 62, 'subsample': 0.8}",5.73265967949104,0.79909197473444,0.429345607757568
LightGBM,Baseline,7,"{'colsample_bytree': 0.6, 'learning_rate': 0.01, 'max_depth': 9, 'min_child_samples': 50, 'n_estimators': 500, 'num_leaves': 15, 'subsample': 0.6}",2.76879490313706,0.953133066616828,0.400469303131104
LightGBM,Baseline,7,"{'colsample_bytree': 0.6, 'learning_rate': 0.01, 'max_depth': 9, 'min_child_samples': 50, 'n_estimators': 500, 'num_leaves': 15, 'subsample': 0.8}",2.76879760993306,0.953132974981806,0.391318798065186
LightGBM,Baseline,7,"{'colsample_bytree': 0.6, 'learning_rate': 0.01, 'max_depth': 9, 'min_child_samples': 50, 'n_estimators': 500, 'num_leaves': 31, 'subsample': 0.6}",2.76880182185185,0.953132832392653,0.393429040908814
LightGBM,Baseline,7,"{'colsample_bytree': 0.6, 'learning_rate': 0.01, 'max_depth': 9, 'min_child_samples': 50, 'n_estimators': 500, 'num_leaves': 31, 'subsample': 0.8}",2.76877911254558,0.953133601184764,0.398579359054565
LightGBM,Baseline,7,"{'colsample_bytree': 0.6, 'learning_rate': 0.01, 'max_depth': 9, 'min_child_samples': 50, 'n_estimators': 500, 'num_leaves': 62, 'subsample': 0.6}",2.76878636216006,0.953133355759792,0.395391702651978
LightGBM,Baseline,7,"{'colsample_bytree': 0.6, 'learning_rate': 0.01, 'max_depth': 9, 'min_child_samples': 50, 'n_estimators': 500, 'num_leaves': 62, 'subsample': 0.8}",2.76880449258809,0.953132741978162,0.395106792449951
LightGBM,Baseline,7,"{'colsample_bytree': 0.6, 'learning_rate': 0.01, 'max_depth': 9, 'min_child_samples': 50, 'n_estimators': 750, 'num_leaves': 15, 'subsample': 0.6}",2.48489750263805,0.962251306675663,0.540193557739258
LightGBM,Baseline,7,"{'colsample_bytree': 0.6, 'learning_rate': 0.01, 'max_depth': 9, 'min_child_samples': 50, 'n_estimators': 750, 'num_leaves': 15, 'subsample': 0.8}",2.48489750241487,0.962251306682444,0.537310838699341
LightGBM,Baseline,7,"{'colsample_bytree': 0.6, 'learning_rate': 0.01, 'max_depth': 9, 'min_child_samples': 50, 'n_estimators': 750, 'num_leaves': 31, 'subsample': 0.6}",2.48486801857425,0.962252202469778,0.551880598068237
LightGBM,Baseline,7,"{'colsample_bytree': 0.6, 'learning_rate': 0.01, 'max_depth': 9, 'min_child_samples': 50, 'n_estimators': 750, 'num_leaves': 31, 'subsample': 0.8}",2.48486775054113,0.962252210613196,0.545993328094482
LightGBM,Baseline,7,"{'colsample_bytree': 0.6, 'learning_rate': 0.01, 'max_depth': 9, 'min_child_samples': 50, 'n_estimators': 750, 'num_leaves': 62, 'subsample': 0.6}",2.48489510644705,0.96225137947789,0.547451257705689
LightGBM,Baseline,7,"{'colsample_bytree': 0.6, 'learning_rate': 0.01, 'max_depth': 9, 'min_child_samples': 50, 'n_estimators': 750, 'num_leaves': 62, 'subsample': 0.8}",2.48490573569462,0.962251056534446,0.597750663757324
LightGBM,Baseline,7,"{'colsample_bytree': 0.6, 'learning_rate': 0.01, 'max_depth': 9, 'min_child_samples': 50, 'n_estimators': 1000, 'num_leaves': 15, 'subsample': 0.6}",2.34057296277028,0.966508906186017,0.723427534103394
LightGBM,Baseline,7,"{'colsample_bytree': 0.6, 'learning_rate': 0.01, 'max_depth': 9, 'min_child_samples': 50, 'n_estimators': 1000, 'num_leaves': 15, 'subsample': 0.8}",2.34059683842356,0.966508222912447,0.622661828994751
LightGBM,Baseline,7,"{'colsample_bytree': 0.6, 'learning_rate': 0.01, 'max_depth': 9, 'min_child_samples': 50, 'n_estimators': 1000, 'num_leaves': 31, 'subsample': 0.6}",2.34061345971948,0.966507747239998,0.719114542007446
LightGBM,Baseline,7,"{'colsample_bytree': 0.6, 'learning_rate': 0.01, 'max_depth': 9, 'min_child_samples': 50, 'n_estimators': 1000, 'num_leaves': 31, 'subsample': 0.8}",2.34058384453551,0.966508594772467,0.673995494842529
LightGBM,Baseline,7,"{'colsample_bytree': 0.6, 'learning_rate': 0.01, 'max_depth': 9, 'min_child_samples': 50, 'n_estimators': 1000, 'num_leaves': 62, 'subsample': 0.6}",2.34060518866627,0.966507983943512,0.765305757522583
LightGBM,Baseline,7,"{'colsample_bytree': 0.6, 'learning_rate': 0.01, 'max_depth': 9, 'min_child_samples': 50, 'n_estimators': 1000, 'num_leaves': 62, 'subsample': 0.8}",2.34057984649327,0.966508709188312,0.844084978103638
LightGBM,Baseline,7,"{'colsample_bytree': 0.6, 'learning_rate': 0.01, 'max_depth': 9, 'min_child_samples': 100, 'n_estimators': 500, 'num_leaves': 15, 'subsample': 0.6}",6.83496143061826,0.71440072524328,0.298135280609131
LightGBM,Baseline,7,"{'colsample_bytree': 0.6, 'learning_rate': 0.01, 'max_depth': 9, 'min_child_samples': 100, 'n_estimators': 500, 'num_leaves': 15, 'subsample': 0.8}",6.83496143308565,0.71440072503708,0.299225091934204
LightGBM,Baseline,7,"{'colsample_bytree': 0.6, 'learning_rate': 0.01, 'max_depth': 9, 'min_child_samples': 100, 'n_estimators': 500, 'num_leaves': 31, 'subsample': 0.6}",6.83496143929349,0.71440072451829,0.315933227539063
LightGBM,Baseline,7,"{'colsample_bytree': 0.6, 'learning_rate': 0.01, 'max_depth': 9, 'min_child_samples': 100, 'n_estimators': 500, 'num_leaves': 31, 'subsample': 0.8}",6.83496143851683,0.714400724583196,0.252244472503662
LightGBM,Baseline,7,"{'colsample_bytree': 0.6, 'learning_rate': 0.01, 'max_depth': 9, 'min_child_samples': 100, 'n_estimators': 500, 'num_leaves': 62, 'subsample': 0.6}",6.83496143411015,0.714400724951463,0.245474100112915
LightGBM,Baseline,7,"{'colsample_bytree': 0.6, 'learning_rate': 0.01, 'max_depth': 9, 'min_child_samples': 100, 'n_estimators': 500, 'num_leaves': 62, 'subsample': 0.8}",6.83496144096879,0.714400724378285,0.259503602981567
LightGBM,Baseline,7,"{'colsample_bytree': 0.6, 'learning_rate': 0.01, 'max_depth': 9, 'min_child_samples': 100, 'n_estimators': 750, 'num_leaves': 15, 'subsample': 0.6}",6.15177037898482,0.768641640003358,0.370407104492188
LightGBM,Baseline,7,"{'colsample_bytree': 0.6, 'learning_rate': 0.01, 'max_depth': 9, 'min_child_samples': 100, 'n_estimators': 750, 'num_leaves': 15, 'subsample': 0.8}",6.15177038070576,0.768641639873914,0.365836620330811
LightGBM,Baseline,7,"{'colsample_bytree': 0.6, 'learning_rate': 0.01, 'max_depth': 9, 'min_child_samples': 100, 'n_estimators': 750, 'num_leaves': 31, 'subsample': 0.6}",6.15177037877835,0.768641640018888,0.41681957244873
LightGBM,Baseline,7,"{'colsample_bytree': 0.6, 'learning_rate': 0.01, 'max_depth': 9, 'min_child_samples': 100, 'n_estimators': 750, 'num_leaves': 31, 'subsample': 0.8}",6.15177037955418,0.768641639960532,0.395584344863892
LightGBM,Baseline,7,"{'colsample_bytree': 0.6, 'learning_rate': 0.01, 'max_depth': 9, 'min_child_samples': 100, 'n_estimators': 750, 'num_leaves': 62, 'subsample': 0.6}",6.15177038017868,0.768641639913559,0.387227773666382
LightGBM,Baseline,7,"{'colsample_bytree': 0.6, 'learning_rate': 0.01, 'max_depth': 9, 'min_child_samples': 100, 'n_estimators': 750, 'num_leaves': 62, 'subsample': 0.8}",6.15177078880428,0.768641609178033,0.401145458221436
LightGBM,Baseline,7,"{'colsample_bytree': 0.6, 'learning_rate': 0.01, 'max_depth': 9, 'min_child_samples': 100, 'n_estimators': 1000, 'num_leaves': 15, 'subsample': 0.6}",5.72812832828408,0.799409462626331,0.478839874267578
LightGBM,Baseline,7,"{'colsample_bytree': 0.6, 'learning_rate': 0.01, 'max_depth': 9, 'min_child_samples': 100, 'n_estimators': 1000, 'num_leaves': 15, 'subsample': 0.8}",5.72812832941516,0.799409462547114,0.482561826705933
LightGBM,Baseline,7,"{'colsample_bytree': 0.6, 'learning_rate': 0.01, 'max_depth': 9, 'min_child_samples': 100, 'n_estimators': 1000, 'num_leaves': 31, 'subsample': 0.6}",5.72812833022504,0.799409462490392,0.490325450897217
LightGBM,Baseline,7,"{'colsample_bytree': 0.6, 'learning_rate': 0.01, 'max_depth': 9, 'min_child_samples': 100, 'n_estimators': 1000, 'num_leaves': 31, 'subsample': 0.8}",5.7281283284342,0.799409462615817,0.424973964691162
LightGBM,Baseline,7,"{'colsample_bytree': 0.6, 'learning_rate': 0.01, 'max_depth': 9, 'min_child_samples': 100, 'n_estimators': 1000, 'num_leaves': 62, 'subsample': 0.6}",5.72812832922211,0.799409462560634,0.407196044921875
LightGBM,Baseline,7,"{'colsample_bytree': 0.6, 'learning_rate': 0.01, 'max_depth': 9, 'min_child_samples': 100, 'n_estimators': 1000, 'num_leaves': 62, 'subsample': 0.8}",5.72812832884084,0.799409462587337,0.391784906387329
LightGBM,Baseline,7,"{'colsample_bytree': 0.6, 'learning_rate': 0.05, 'max_depth': 3, 'min_child_samples': 50, 'n_estimators': 500, 'num_leaves': 15, 'subsample': 0.6}",2.2937337561682,0.967835931684613,0.172204732894897
LightGBM,Baseline,7,"{'colsample_bytree': 0.6, 'learning_rate': 0.05, 'max_depth': 3, 'min_child_samples': 50, 'n_estimators': 500, 'num_leaves': 15, 'subsample': 0.8}",2.29373375304013,0.96783593177234,0.180407285690308
LightGBM,Baseline,7,"{'colsample_bytree': 0.6, 'learning_rate': 0.05, 'max_depth': 3, 'min_child_samples': 50, 'n_estimators': 500, 'num_leaves': 31, 'subsample': 0.6}",2.29373375389801,0.96783593174828,0.173889398574829
LightGBM,Baseline,7,"{'colsample_bytree': 0.6, 'learning_rate': 0.05, 'max_depth': 3, 'min_child_samples': 50, 'n_estimators': 500, 'num_leaves': 31, 'subsample': 0.8}",2.29373375369874,0.967835931753869,0.184355974197388
LightGBM,Baseline,7,"{'colsample_bytree': 0.6, 'learning_rate': 0.05, 'max_depth': 3, 'min_child_samples': 50, 'n_estimators': 500, 'num_leaves': 62, 'subsample': 0.6}",2.2937337529334,0.967835931775333,0.182563304901123
LightGBM,Baseline,7,"{'colsample_bytree': 0.6, 'learning_rate': 0.05, 'max_depth': 3, 'min_child_samples': 50, 'n_estimators': 500, 'num_leaves': 62, 'subsample': 0.8}",2.29373375171615,0.967835931809471,0.188660621643066
LightGBM,Baseline,7,"{'colsample_bytree': 0.6, 'learning_rate': 0.05, 'max_depth': 3, 'min_child_samples': 50, 'n_estimators': 750, 'num_leaves': 15, 'subsample': 0.6}",2.29373375453154,0.967835931730513,0.188028812408447
LightGBM,Baseline,7,"{'colsample_bytree': 0.6, 'learning_rate': 0.05, 'max_depth': 3, 'min_child_samples': 50, 'n_estimators': 750, 'num_leaves': 15, 'subsample': 0.8}",2.29373375419311,0.967835931740004,0.189284563064575
LightGBM,Baseline,7,"{'colsample_bytree': 0.6, 'learning_rate': 0.05, 'max_depth': 3, 'min_child_samples': 50, 'n_estimators': 750, 'num_leaves': 31, 'subsample': 0.6}",2.29373375511295,0.967835931714207,0.180089473724365
LightGBM,Baseline,7,"{'colsample_bytree': 0.6, 'learning_rate': 0.05, 'max_depth': 3, 'min_child_samples': 50, 'n_estimators': 750, 'num_leaves': 31, 'subsample': 0.8}",2.29373375448043,0.967835931731947,0.186309576034546
LightGBM,Baseline,7,"{'colsample_bytree': 0.6, 'learning_rate': 0.05, 'max_depth': 3, 'min_child_samples': 50, 'n_estimators': 750, 'num_leaves': 62, 'subsample': 0.6}",2.29373375482558,0.967835931722267,0.193310976028442
LightGBM,Baseline,7,"{'colsample_bytree': 0.6, 'learning_rate': 0.05, 'max_depth': 3, 'min_child_samples': 50, 'n_estimators': 750, 'num_leaves': 62, 'subsample': 0.8}",2.2937337513958,0.967835931818455,0.192644596099854
LightGBM,Baseline,7,"{'colsample_bytree': 0.6, 'learning_rate': 0.05, 'max_depth': 3, 'min_child_samples': 50, 'n_estimators': 1000, 'num_leaves': 15, 'subsample': 0.6}",2.29373375487042,0.967835931721009,0.181695938110352
LightGBM,Baseline,7,"{'colsample_bytree': 0.6, 'learning_rate': 0.05, 'max_depth': 3, 'min_child_samples': 50, 'n_estimators': 1000, 'num_leaves': 15, 'subsample': 0.8}",2.29373375276463,0.967835931780066,0.196707248687744
LightGBM,Baseline,7,"{'colsample_bytree': 0.6, 'learning_rate': 0.05, 'max_depth': 3, 'min_child_samples': 50, 'n_estimators': 1000, 'num_leaves': 31, 'subsample': 0.6}",2.29373375448056,0.967835931731943,0.225678682327271
LightGBM,Baseline,7,"{'colsample_bytree': 0.6, 'learning_rate': 0.05, 'max_depth': 3, 'min_child_samples': 50, 'n_estimators': 1000, 'num_leaves': 31, 'subsample': 0.8}",2.29373375268524,0.967835931782293,0.188680171966553
LightGBM,Baseline,7,"{'colsample_bytree': 0.6, 'learning_rate': 0.05, 'max_depth': 3, 'min_child_samples': 50, 'n_estimators': 1000, 'num_leaves': 62, 'subsample': 0.6}",2.29373375366254,0.967835931754884,0.189472675323486
LightGBM,Baseline,7,"{'colsample_bytree': 0.6, 'learning_rate': 0.05, 'max_depth': 3, 'min_child_samples': 50, 'n_estimators': 1000, 'num_leaves': 62, 'subsample': 0.8}",2.29373375442225,0.967835931733578,0.190248966217041
LightGBM,Baseline,7,"{'colsample_bytree': 0.6, 'learning_rate': 0.05, 'max_depth': 3, 'min_child_samples': 100, 'n_estimators': 500, 'num_leaves': 15, 'subsample': 0.6}",4.46733579158486,0.877993727306417,0.223571300506592
LightGBM,Baseline,7,"{'colsample_bytree': 0.6, 'learning_rate': 0.05, 'max_depth': 3, 'min_child_samples': 100, 'n_estimators': 500, 'num_leaves': 15, 'subsample': 0.8}",4.46741286329352,0.877989517498399,0.221631288528442
LightGBM,Baseline,7,"{'colsample_bytree': 0.6, 'learning_rate': 0.05, 'max_depth': 3, 'min_child_samples': 100, 'n_estimators': 500, 'num_leaves': 31, 'subsample': 0.6}",4.4673391648904,0.877993543051367,0.231038331985474
LightGBM,Baseline,7,"{'colsample_bytree': 0.6, 'learning_rate': 0.05, 'max_depth': 3, 'min_child_samples': 100, 'n_estimators': 500, 'num_leaves': 31, 'subsample': 0.8}",4.46733579185044,0.877993727291911,0.227644205093384
LightGBM,Baseline,7,"{'colsample_bytree': 0.6, 'learning_rate': 0.05, 'max_depth': 3, 'min_child_samples': 100, 'n_estimators': 500, 'num_leaves': 62, 'subsample': 0.6}",4.46733579201609,0.877993727282863,0.231406688690186
LightGBM,Baseline,7,"{'colsample_bytree': 0.6, 'learning_rate': 0.05, 'max_depth': 3, 'min_child_samples': 100, 'n_estimators': 500, 'num_leaves': 62, 'subsample': 0.8}",4.46741286184606,0.877989517577463,0.228448629379272
LightGBM,Baseline,7,"{'colsample_bytree': 0.6, 'learning_rate': 0.05, 'max_depth': 3, 'min_child_samples': 100, 'n_estimators': 750, 'num_leaves': 15, 'subsample': 0.6}",3.9147817675243,0.906308524639167,0.295456886291504
LightGBM,Baseline,7,"{'colsample_bytree': 0.6, 'learning_rate': 0.05, 'max_depth': 3, 'min_child_samples': 100, 'n_estimators': 750, 'num_leaves': 15, 'subsample': 0.8}",3.9147833478922,0.906308448994067,0.283035039901733
LightGBM,Baseline,7,"{'colsample_bytree': 0.6, 'learning_rate': 0.05, 'max_depth': 3, 'min_child_samples': 100, 'n_estimators': 750, 'num_leaves': 31, 'subsample': 0.6}",3.91487147151943,0.906304230864219,0.28971004486084
LightGBM,Baseline,7,"{'colsample_bytree': 0.6, 'learning_rate': 0.05, 'max_depth': 3, 'min_child_samples': 100, 'n_estimators': 750, 'num_leaves': 31, 'subsample': 0.8}",3.9147817745866,0.906308524301127,0.293409585952759
LightGBM,Baseline,7,"{'colsample_bytree': 0.6, 'learning_rate': 0.05, 'max_depth': 3, 'min_child_samples': 100, 'n_estimators': 750, 'num_leaves': 62, 'subsample': 0.6}",3.914781770298,0.906308524506403,0.286706686019897
LightGBM,Baseline,7,"{'colsample_bytree': 0.6, 'learning_rate': 0.05, 'max_depth': 3, 'min_child_samples': 100, 'n_estimators': 750, 'num_leaves': 62, 'subsample': 0.8}",3.91469364892068,0.906312742431909,0.287157535552979
LightGBM,Baseline,7,"{'colsample_bytree': 0.6, 'learning_rate': 0.05, 'max_depth': 3, 'min_child_samples': 100, 'n_estimators': 1000, 'num_leaves': 15, 'subsample': 0.6}",3.65853404157772,0.918172522267622,0.34223484992981
LightGBM,Baseline,7,"{'colsample_bytree': 0.6, 'learning_rate': 0.05, 'max_depth': 3, 'min_child_samples': 100, 'n_estimators': 1000, 'num_leaves': 15, 'subsample': 0.8}",3.65844449606369,0.918176527803064,0.350307703018189
LightGBM,Baseline,7,"{'colsample_bytree': 0.6, 'learning_rate': 0.05, 'max_depth': 3, 'min_child_samples': 100, 'n_estimators': 1000, 'num_leaves': 31, 'subsample': 0.6}",3.65839961105789,0.918178535554992,0.359671831130981
LightGBM,Baseline,7,"{'colsample_bytree': 0.6, 'learning_rate': 0.05, 'max_depth': 3, 'min_child_samples': 100, 'n_estimators': 1000, 'num_leaves': 31, 'subsample': 0.8}",3.65833516356477,0.918181418313782,0.470952272415161
LightGBM,Baseline,7,"{'colsample_bytree': 0.6, 'learning_rate': 0.05, 'max_depth': 3, 'min_child_samples': 100, 'n_estimators': 1000, 'num_leaves': 62, 'subsample': 0.6}",3.65835545052554,0.918180510876445,0.411413908004761
LightGBM,Baseline,7,"{'colsample_bytree': 0.6, 'learning_rate': 0.05, 'max_depth': 3, 'min_child_samples': 100, 'n_estimators': 1000, 'num_leaves': 62, 'subsample': 0.8}",3.65844449487304,0.918176527856323,0.434897422790527
LightGBM,Baseline,7,"{'colsample_bytree': 0.6, 'learning_rate': 0.05, 'max_depth': 5, 'min_child_samples': 50, 'n_estimators': 500, 'num_leaves': 15, 'subsample': 0.6}",2.24059318896406,0.969309003706256,0.266493558883667
LightGBM,Baseline,7,"{'colsample_bytree': 0.6, 'learning_rate': 0.05, 'max_depth': 5, 'min_child_samples': 50, 'n_estimators': 500, 'num_leaves': 15, 'subsample': 0.8}",2.24059319084734,0.969309003654663,0.25789475440979
LightGBM,Baseline,7,"{'colsample_bytree': 0.6, 'learning_rate': 0.05, 'max_depth': 5, 'min_child_samples': 50, 'n_estimators': 500, 'num_leaves': 31, 'subsample': 0.6}",2.24059318710164,0.969309003757277,0.249398231506348
LightGBM,Baseline,7,"{'colsample_bytree': 0.6, 'learning_rate': 0.05, 'max_depth': 5, 'min_child_samples': 50, 'n_estimators': 500, 'num_leaves': 31, 'subsample': 0.8}",2.24059318837236,0.969309003722466,0.26334285736084
LightGBM,Baseline,7,"{'colsample_bytree': 0.6, 'learning_rate': 0.05, 'max_depth': 5, 'min_child_samples': 50, 'n_estimators': 500, 'num_leaves': 62, 'subsample': 0.6}",2.24059318816222,0.969309003728223,0.247454881668091
LightGBM,Baseline,7,"{'colsample_bytree': 0.6, 'learning_rate': 0.05, 'max_depth': 5, 'min_child_samples': 50, 'n_estimators': 500, 'num_leaves': 62, 'subsample': 0.8}",2.24059319026836,0.969309003670524,0.246985197067261
LightGBM,Baseline,7,"{'colsample_bytree': 0.6, 'learning_rate': 0.05, 'max_depth': 5, 'min_child_samples': 50, 'n_estimators': 750, 'num_leaves': 15, 'subsample': 0.6}",2.24059319403153,0.96930900356743,0.248802900314331
LightGBM,Baseline,7,"{'colsample_bytree': 0.6, 'learning_rate': 0.05, 'max_depth': 5, 'min_child_samples': 50, 'n_estimators': 750, 'num_leaves': 15, 'subsample': 0.8}",2.24059319001846,0.96930900367737,0.252326488494873
LightGBM,Baseline,7,"{'colsample_bytree': 0.6, 'learning_rate': 0.05, 'max_depth': 5, 'min_child_samples': 50, 'n_estimators': 750, 'num_leaves': 31, 'subsample': 0.6}",2.24059318943368,0.96930900369339,0.256841659545898
LightGBM,Baseline,7,"{'colsample_bytree': 0.6, 'learning_rate': 0.05, 'max_depth': 5, 'min_child_samples': 50, 'n_estimators': 750, 'num_leaves': 31, 'subsample': 0.8}",2.24059318855847,0.969309003717367,0.251519918441772
LightGBM,Baseline,7,"{'colsample_bytree': 0.6, 'learning_rate': 0.05, 'max_depth': 5, 'min_child_samples': 50, 'n_estimators': 750, 'num_leaves': 62, 'subsample': 0.6}",2.24059318940127,0.969309003694278,0.249623775482178
LightGBM,Baseline,7,"{'colsample_bytree': 0.6, 'learning_rate': 0.05, 'max_depth': 5, 'min_child_samples': 50, 'n_estimators': 750, 'num_leaves': 62, 'subsample': 0.8}",2.2405931867435,0.969309003767089,0.246129274368286
LightGBM,Baseline,7,"{'colsample_bytree': 0.6, 'learning_rate': 0.05, 'max_depth': 5, 'min_child_samples': 50, 'n_estimators': 1000, 'num_leaves': 15, 'subsample': 0.6}",2.24059318963704,0.969309003687819,0.260059595108032
LightGBM,Baseline,7,"{'colsample_bytree': 0.6, 'learning_rate': 0.05, 'max_depth': 5, 'min_child_samples': 50, 'n_estimators': 1000, 'num_leaves': 15, 'subsample': 0.8}",2.24059319103059,0.969309003649642,0.249900817871094
LightGBM,Baseline,7,"{'colsample_bytree': 0.6, 'learning_rate': 0.05, 'max_depth': 5, 'min_child_samples': 50, 'n_estimators': 1000, 'num_leaves': 31, 'subsample': 0.6}",2.24059318790506,0.969309003735267,0.251511335372925
LightGBM,Baseline,7,"{'colsample_bytree': 0.6, 'learning_rate': 0.05, 'max_depth': 5, 'min_child_samples': 50, 'n_estimators': 1000, 'num_leaves': 31, 'subsample': 0.8}",2.24059318960888,0.96930900368859,0.242455720901489
LightGBM,Baseline,7,"{'colsample_bytree': 0.6, 'learning_rate': 0.05, 'max_depth': 5, 'min_child_samples': 50, 'n_estimators': 1000, 'num_leaves': 62, 'subsample': 0.6}",2.24059318835294,0.969309003722998,0.206369400024414
LightGBM,Baseline,7,"{'colsample_bytree': 0.6, 'learning_rate': 0.05, 'max_depth': 5, 'min_child_samples': 50, 'n_estimators': 1000, 'num_leaves': 62, 'subsample': 0.8}",2.24059318684513,0.969309003764305,0.206491470336914
LightGBM,Baseline,7,"{'colsample_bytree': 0.6, 'learning_rate': 0.05, 'max_depth': 5, 'min_child_samples': 100, 'n_estimators': 500, 'num_leaves': 15, 'subsample': 0.6}",4.38992352299584,0.882185465196738,0.242932081222534
LightGBM,Baseline,7,"{'colsample_bytree': 0.6, 'learning_rate': 0.05, 'max_depth': 5, 'min_child_samples': 100, 'n_estimators': 500, 'num_leaves': 15, 'subsample': 0.8}",4.38962143777212,0.882201679058043,0.23824667930603
LightGBM,Baseline,7,"{'colsample_bytree': 0.6, 'learning_rate': 0.05, 'max_depth': 5, 'min_child_samples': 100, 'n_estimators': 500, 'num_leaves': 31, 'subsample': 0.6}",4.38961665252112,0.882201935888493,0.250709295272827
LightGBM,Baseline,7,"{'colsample_bytree': 0.6, 'learning_rate': 0.05, 'max_depth': 5, 'min_child_samples': 100, 'n_estimators': 500, 'num_leaves': 31, 'subsample': 0.8}",4.3897881937527,0.882192728879575,0.235805511474609
LightGBM,Baseline,7,"{'colsample_bytree': 0.6, 'learning_rate': 0.05, 'max_depth': 5, 'min_child_samples': 100, 'n_estimators': 500, 'num_leaves': 62, 'subsample': 0.6}",4.38961251201992,0.882202158114184,0.245254755020142
LightGBM,Baseline,7,"{'colsample_bytree': 0.6, 'learning_rate': 0.05, 'max_depth': 5, 'min_child_samples': 100, 'n_estimators': 500, 'num_leaves': 62, 'subsample': 0.8}",4.38978991636424,0.882192636421262,0.268013715744019
LightGBM,Baseline,7,"{'colsample_bytree': 0.6, 'learning_rate': 0.05, 'max_depth': 5, 'min_child_samples': 100, 'n_estimators': 750, 'num_leaves': 15, 'subsample': 0.6}",3.82312038035017,0.910644578045642,0.340647220611572
LightGBM,Baseline,7,"{'colsample_bytree': 0.6, 'learning_rate': 0.05, 'max_depth': 5, 'min_child_samples': 100, 'n_estimators': 750, 'num_leaves': 15, 'subsample': 0.8}",3.82292286510105,0.910653810610022,0.336573839187622
LightGBM,Baseline,7,"{'colsample_bytree': 0.6, 'learning_rate': 0.05, 'max_depth': 5, 'min_child_samples': 100, 'n_estimators': 750, 'num_leaves': 31, 'subsample': 0.6}",3.82273848875285,0.910662428585042,0.338341474533081
LightGBM,Baseline,7,"{'colsample_bytree': 0.6, 'learning_rate': 0.05, 'max_depth': 5, 'min_child_samples': 100, 'n_estimators': 750, 'num_leaves': 31, 'subsample': 0.8}",3.8227326310225,0.910662702375679,0.339122295379639
LightGBM,Baseline,7,"{'colsample_bytree': 0.6, 'learning_rate': 0.05, 'max_depth': 5, 'min_child_samples': 100, 'n_estimators': 750, 'num_leaves': 62, 'subsample': 0.6}",3.82269961498917,0.910664245539036,0.334753274917603
LightGBM,Baseline,7,"{'colsample_bytree': 0.6, 'learning_rate': 0.05, 'max_depth': 5, 'min_child_samples': 100, 'n_estimators': 750, 'num_leaves': 62, 'subsample': 0.8}",3.82273849027522,0.910662428513887,0.339855909347534
LightGBM,Baseline,7,"{'colsample_bytree': 0.6, 'learning_rate': 0.05, 'max_depth': 5, 'min_child_samples': 100, 'n_estimators': 1000, 'num_leaves': 15, 'subsample': 0.6}",3.52367187470374,0.924094038846501,0.419204473495483
LightGBM,Baseline,7,"{'colsample_bytree': 0.6, 'learning_rate': 0.05, 'max_depth': 5, 'min_child_samples': 100, 'n_estimators': 1000, 'num_leaves': 15, 'subsample': 0.8}",3.52366327204591,0.924094409478182,0.431332588195801
LightGBM,Baseline,7,"{'colsample_bytree': 0.6, 'learning_rate': 0.05, 'max_depth': 5, 'min_child_samples': 100, 'n_estimators': 1000, 'num_leaves': 31, 'subsample': 0.6}",3.52362836714497,0.924095913290431,0.426364898681641
LightGBM,Baseline,7,"{'colsample_bytree': 0.6, 'learning_rate': 0.05, 'max_depth': 5, 'min_child_samples': 100, 'n_estimators': 1000, 'num_leaves': 31, 'subsample': 0.8}",3.52404277765667,0.924078058228626,0.421323299407959
LightGBM,Baseline,7,"{'colsample_bytree': 0.6, 'learning_rate': 0.05, 'max_depth': 5, 'min_child_samples': 100, 'n_estimators': 1000, 'num_leaves': 62, 'subsample': 0.6}",3.52367233985784,0.924094018806059,0.425593376159668
LightGBM,Baseline,7,"{'colsample_bytree': 0.6, 'learning_rate': 0.05, 'max_depth': 5, 'min_child_samples': 100, 'n_estimators': 1000, 'num_leaves': 62, 'subsample': 0.8}",3.52367937356734,0.924093715769282,0.423454999923706
LightGBM,Baseline,7,"{'colsample_bytree': 0.6, 'learning_rate': 0.05, 'max_depth': 9, 'min_child_samples': 50, 'n_estimators': 500, 'num_leaves': 15, 'subsample': 0.6}",2.23875704435485,0.969359285048945,0.304921865463257
LightGBM,Baseline,7,"{'colsample_bytree': 0.6, 'learning_rate': 0.05, 'max_depth': 9, 'min_child_samples': 50, 'n_estimators': 500, 'num_leaves': 15, 'subsample': 0.8}",2.23878209073827,0.969358599451202,0.302873373031616
LightGBM,Baseline,7,"{'colsample_bytree': 0.6, 'learning_rate': 0.05, 'max_depth': 9, 'min_child_samples': 50, 'n_estimators': 500, 'num_leaves': 31, 'subsample': 0.6}",2.23880093430539,0.969358083638859,0.294108867645264
LightGBM,Baseline,7,"{'colsample_bytree': 0.6, 'learning_rate': 0.05, 'max_depth': 9, 'min_child_samples': 50, 'n_estimators': 500, 'num_leaves': 31, 'subsample': 0.8}",2.23880093599752,0.96935808359254,0.301558017730713
LightGBM,Baseline,7,"{'colsample_bytree': 0.6, 'learning_rate': 0.05, 'max_depth': 9, 'min_child_samples': 50, 'n_estimators': 500, 'num_leaves': 62, 'subsample': 0.6}",2.23874120838337,0.969359718524988,0.306619644165039
LightGBM,Baseline,7,"{'colsample_bytree': 0.6, 'learning_rate': 0.05, 'max_depth': 9, 'min_child_samples': 50, 'n_estimators': 500, 'num_leaves': 62, 'subsample': 0.8}",2.23882438653016,0.969357441665862,0.298198938369751
LightGBM,Baseline,7,"{'colsample_bytree': 0.6, 'learning_rate': 0.05, 'max_depth': 9, 'min_child_samples': 50, 'n_estimators': 750, 'num_leaves': 15, 'subsample': 0.6}",2.23882598333455,0.969357397955252,0.294776201248169
LightGBM,Baseline,7,"{'colsample_bytree': 0.6, 'learning_rate': 0.05, 'max_depth': 9, 'min_child_samples': 50, 'n_estimators': 750, 'num_leaves': 15, 'subsample': 0.8}",2.23882597978619,0.969357398052384,0.296601057052612
LightGBM,Baseline,7,"{'colsample_bytree': 0.6, 'learning_rate': 0.05, 'max_depth': 9, 'min_child_samples': 50, 'n_estimators': 750, 'num_leaves': 31, 'subsample': 0.6}",2.23878509672546,0.969358517167429,0.291877269744873
LightGBM,Baseline,7,"{'colsample_bytree': 0.6, 'learning_rate': 0.05, 'max_depth': 9, 'min_child_samples': 50, 'n_estimators': 750, 'num_leaves': 31, 'subsample': 0.8}",2.23875704485425,0.969359285035275,0.302236795425415
LightGBM,Baseline,7,"{'colsample_bytree': 0.6, 'learning_rate': 0.05, 'max_depth': 9, 'min_child_samples': 50, 'n_estimators': 750, 'num_leaves': 62, 'subsample': 0.6}",2.23879645339535,0.969358206296959,0.311930179595947
LightGBM,Baseline,7,"{'colsample_bytree': 0.6, 'learning_rate': 0.05, 'max_depth': 9, 'min_child_samples': 50, 'n_estimators': 750, 'num_leaves': 62, 'subsample': 0.8}",2.23880093304714,0.969358083673302,0.435016393661499
LightGBM,Baseline,7,"{'colsample_bytree': 0.6, 'learning_rate': 0.05, 'max_depth': 9, 'min_child_samples': 50, 'n_estimators': 1000, 'num_leaves': 15, 'subsample': 0.6}",2.23886379232068,0.969356362970392,0.345261096954346
LightGBM,Baseline,7,"{'colsample_bytree': 0.6, 'learning_rate': 0.05, 'max_depth': 9, 'min_child_samples': 50, 'n_estimators': 1000, 'num_leaves': 15, 'subsample': 0.8}",2.23882597718864,0.969357398123489,0.385971784591675
LightGBM,Baseline,7,"{'colsample_bytree': 0.6, 'learning_rate': 0.05, 'max_depth': 9, 'min_child_samples': 50, 'n_estimators': 1000, 'num_leaves': 31, 'subsample': 0.6}",2.23880151794914,0.969358067662481,0.348684310913086
LightGBM,Baseline,7,"{'colsample_bytree': 0.6, 'learning_rate': 0.05, 'max_depth': 9, 'min_child_samples': 50, 'n_estimators': 1000, 'num_leaves': 31, 'subsample': 0.8}",2.2387472119304,0.969359554191016,0.339245796203613
LightGBM,Baseline,7,"{'colsample_bytree': 0.6, 'learning_rate': 0.05, 'max_depth': 9, 'min_child_samples': 50, 'n_estimators': 1000, 'num_leaves': 62, 'subsample': 0.6}",2.23880093648773,0.969358083579121,0.311588048934937
LightGBM,Baseline,7,"{'colsample_bytree': 0.6, 'learning_rate': 0.05, 'max_depth': 9, 'min_child_samples': 50, 'n_estimators': 1000, 'num_leaves': 62, 'subsample': 0.8}",2.2388009353532,0.969358083610177,0.339678764343262
LightGBM,Baseline,7,"{'colsample_bytree': 0.6, 'learning_rate': 0.05, 'max_depth': 9, 'min_child_samples': 100, 'n_estimators': 500, 'num_leaves': 15, 'subsample': 0.6}",4.4124282018527,0.880974430734704,0.237969160079956
LightGBM,Baseline,7,"{'colsample_bytree': 0.6, 'learning_rate': 0.05, 'max_depth': 9, 'min_child_samples': 100, 'n_estimators': 500, 'num_leaves': 15, 'subsample': 0.8}",4.41258767629073,0.880965826910271,0.258659601211548
LightGBM,Baseline,7,"{'colsample_bytree': 0.6, 'learning_rate': 0.05, 'max_depth': 9, 'min_child_samples': 100, 'n_estimators': 500, 'num_leaves': 31, 'subsample': 0.6}",4.41258775510879,0.880965822657872,0.253763198852539
LightGBM,Baseline,7,"{'colsample_bytree': 0.6, 'learning_rate': 0.05, 'max_depth': 9, 'min_child_samples': 100, 'n_estimators': 500, 'num_leaves': 31, 'subsample': 0.8}",4.412587675023,0.880965826978668,0.254622459411621
LightGBM,Baseline,7,"{'colsample_bytree': 0.6, 'learning_rate': 0.05, 'max_depth': 9, 'min_child_samples': 100, 'n_estimators': 500, 'num_leaves': 62, 'subsample': 0.6}",4.41260423290292,0.880964933644694,0.265458345413208
LightGBM,Baseline,7,"{'colsample_bytree': 0.6, 'learning_rate': 0.05, 'max_depth': 9, 'min_child_samples': 100, 'n_estimators': 500, 'num_leaves': 62, 'subsample': 0.8}",4.41260422638998,0.880964933996082,0.257964134216309
LightGBM,Baseline,7,"{'colsample_bytree': 0.6, 'learning_rate': 0.05, 'max_depth': 9, 'min_child_samples': 100, 'n_estimators': 750, 'num_leaves': 15, 'subsample': 0.6}",3.83702738777303,0.909993315956868,0.35437273979187
LightGBM,Baseline,7,"{'colsample_bytree': 0.6, 'learning_rate': 0.05, 'max_depth': 9, 'min_child_samples': 100, 'n_estimators': 750, 'num_leaves': 15, 'subsample': 0.8}",3.83695423829226,0.909996747717332,0.348048210144043
LightGBM,Baseline,7,"{'colsample_bytree': 0.6, 'learning_rate': 0.05, 'max_depth': 9, 'min_child_samples': 100, 'n_estimators': 750, 'num_leaves': 31, 'subsample': 0.6}",3.8368388791104,0.910002159585613,0.370606422424316
LightGBM,Baseline,7,"{'colsample_bytree': 0.6, 'learning_rate': 0.05, 'max_depth': 9, 'min_child_samples': 100, 'n_estimators': 750, 'num_leaves': 31, 'subsample': 0.8}",3.83679289643537,0.910004316734652,0.42826771736145
LightGBM,Baseline,7,"{'colsample_bytree': 0.6, 'learning_rate': 0.05, 'max_depth': 9, 'min_child_samples': 100, 'n_estimators': 750, 'num_leaves': 62, 'subsample': 0.6}",3.83701127105284,0.909994072067966,0.333586931228638
LightGBM,Baseline,7,"{'colsample_bytree': 0.6, 'learning_rate': 0.05, 'max_depth': 9, 'min_child_samples': 100, 'n_estimators': 750, 'num_leaves': 62, 'subsample': 0.8}",3.83682714568647,0.910002710028951,0.326946258544922
LightGBM,Baseline,7,"{'colsample_bytree': 0.6, 'learning_rate': 0.05, 'max_depth': 9, 'min_child_samples': 100, 'n_estimators': 1000, 'num_leaves': 15, 'subsample': 0.6}",3.53311106165665,0.923686821461589,0.39743971824646
LightGBM,Baseline,7,"{'colsample_bytree': 0.6, 'learning_rate': 0.05, 'max_depth': 9, 'min_child_samples': 100, 'n_estimators': 1000, 'num_leaves': 15, 'subsample': 0.8}",3.53326993562723,0.923679958133454,0.401527881622314
LightGBM,Baseline,7,"{'colsample_bytree': 0.6, 'learning_rate': 0.05, 'max_depth': 9, 'min_child_samples': 100, 'n_estimators': 1000, 'num_leaves': 31, 'subsample': 0.6}",3.53310486327271,0.923687089224451,0.406171321868897
LightGBM,Baseline,7,"{'colsample_bytree': 0.6, 'learning_rate': 0.05, 'max_depth': 9, 'min_child_samples': 100, 'n_estimators': 1000, 'num_leaves': 31, 'subsample': 0.8}",3.53312263336008,0.923686321576416,0.424372434616089
LightGBM,Baseline,7,"{'colsample_bytree': 0.6, 'learning_rate': 0.05, 'max_depth': 9, 'min_child_samples': 100, 'n_estimators': 1000, 'num_leaves': 62, 'subsample': 0.6}",3.53318642468674,0.923683565830159,0.436165809631348
LightGBM,Baseline,7,"{'colsample_bytree': 0.6, 'learning_rate': 0.05, 'max_depth': 9, 'min_child_samples': 100, 'n_estimators': 1000, 'num_leaves': 62, 'subsample': 0.8}",3.53314185474345,0.92368549122966,0.503114223480225
LightGBM,Baseline,7,"{'colsample_bytree': 0.8, 'learning_rate': 0.01, 'max_depth': 3, 'min_child_samples': 50, 'n_estimators': 500, 'num_leaves': 15, 'subsample': 0.6}",2.83179033850262,0.950976179297289,0.199825286865234
LightGBM,Baseline,7,"{'colsample_bytree': 0.8, 'learning_rate': 0.01, 'max_depth': 3, 'min_child_samples': 50, 'n_estimators': 500, 'num_leaves': 15, 'subsample': 0.8}",2.83179033860188,0.950976179293852,0.197314739227295
LightGBM,Baseline,7,"{'colsample_bytree': 0.8, 'learning_rate': 0.01, 'max_depth': 3, 'min_child_samples': 50, 'n_estimators': 500, 'num_leaves': 31, 'subsample': 0.6}",2.83179033818973,0.950976179308122,0.200707912445068
LightGBM,Baseline,7,"{'colsample_bytree': 0.8, 'learning_rate': 0.01, 'max_depth': 3, 'min_child_samples': 50, 'n_estimators': 500, 'num_leaves': 31, 'subsample': 0.8}",2.83179033859276,0.950976179294168,0.190959453582764
LightGBM,Baseline,7,"{'colsample_bytree': 0.8, 'learning_rate': 0.01, 'max_depth': 3, 'min_child_samples': 50, 'n_estimators': 500, 'num_leaves': 62, 'subsample': 0.6}",2.83179033811394,0.950976179310746,0.200710296630859
LightGBM,Baseline,7,"{'colsample_bytree': 0.8, 'learning_rate': 0.01, 'max_depth': 3, 'min_child_samples': 50, 'n_estimators': 500, 'num_leaves': 62, 'subsample': 0.8}",2.83179034082394,0.950976179216916,0.192870616912842
LightGBM,Baseline,7,"{'colsample_bytree': 0.8, 'learning_rate': 0.01, 'max_depth': 3, 'min_child_samples': 50, 'n_estimators': 750, 'num_leaves': 15, 'subsample': 0.6}",2.58034509877841,0.95929567569715,0.246462345123291
LightGBM,Baseline,7,"{'colsample_bytree': 0.8, 'learning_rate': 0.01, 'max_depth': 3, 'min_child_samples': 50, 'n_estimators': 750, 'num_leaves': 15, 'subsample': 0.8}",2.58034510001426,0.95929567565816,0.252712965011597
LightGBM,Baseline,7,"{'colsample_bytree': 0.8, 'learning_rate': 0.01, 'max_depth': 3, 'min_child_samples': 50, 'n_estimators': 750, 'num_leaves': 31, 'subsample': 0.6}",2.58034509962761,0.959295675670358,0.341292142868042
LightGBM,Baseline,7,"{'colsample_bytree': 0.8, 'learning_rate': 0.01, 'max_depth': 3, 'min_child_samples': 50, 'n_estimators': 750, 'num_leaves': 31, 'subsample': 0.8}",2.58034510083819,0.959295675632165,0.267298698425293
LightGBM,Baseline,7,"{'colsample_bytree': 0.8, 'learning_rate': 0.01, 'max_depth': 3, 'min_child_samples': 50, 'n_estimators': 750, 'num_leaves': 62, 'subsample': 0.6}",2.58034509727443,0.9592956757446,0.269620418548584
LightGBM,Baseline,7,"{'colsample_bytree': 0.8, 'learning_rate': 0.01, 'max_depth': 3, 'min_child_samples': 50, 'n_estimators': 750, 'num_leaves': 62, 'subsample': 0.8}",2.58034509925415,0.959295675682141,0.267762899398804
LightGBM,Baseline,7,"{'colsample_bytree': 0.8, 'learning_rate': 0.01, 'max_depth': 3, 'min_child_samples': 50, 'n_estimators': 1000, 'num_leaves': 15, 'subsample': 0.6}",2.44230763623483,0.963534203959556,0.329885721206665
LightGBM,Baseline,7,"{'colsample_bytree': 0.8, 'learning_rate': 0.01, 'max_depth': 3, 'min_child_samples': 50, 'n_estimators': 1000, 'num_leaves': 15, 'subsample': 0.8}",2.44231444578514,0.96353400061415,0.400624513626099
LightGBM,Baseline,7,"{'colsample_bytree': 0.8, 'learning_rate': 0.01, 'max_depth': 3, 'min_child_samples': 50, 'n_estimators': 1000, 'num_leaves': 31, 'subsample': 0.6}",2.44230763611071,0.963534203963263,0.415147542953491
LightGBM,Baseline,7,"{'colsample_bytree': 0.8, 'learning_rate': 0.01, 'max_depth': 3, 'min_child_samples': 50, 'n_estimators': 1000, 'num_leaves': 31, 'subsample': 0.8}",2.44231444720099,0.96353400057187,0.332274436950684
LightGBM,Baseline,7,"{'colsample_bytree': 0.8, 'learning_rate': 0.01, 'max_depth': 3, 'min_child_samples': 50, 'n_estimators': 1000, 'num_leaves': 62, 'subsample': 0.6}",2.44232049534061,0.96353381996308,0.327309846878052
LightGBM,Baseline,7,"{'colsample_bytree': 0.8, 'learning_rate': 0.01, 'max_depth': 3, 'min_child_samples': 50, 'n_estimators': 1000, 'num_leaves': 62, 'subsample': 0.8}",2.44232049511478,0.963533819969824,0.353369951248169
LightGBM,Baseline,7,"{'colsample_bytree': 0.8, 'learning_rate': 0.01, 'max_depth': 3, 'min_child_samples': 100, 'n_estimators': 500, 'num_leaves': 15, 'subsample': 0.6}",6.7811073165797,0.718883589464619,0.213525295257568
LightGBM,Baseline,7,"{'colsample_bytree': 0.8, 'learning_rate': 0.01, 'max_depth': 3, 'min_child_samples': 100, 'n_estimators': 500, 'num_leaves': 15, 'subsample': 0.8}",6.78110731715958,0.71888358941654,0.210549831390381
LightGBM,Baseline,7,"{'colsample_bytree': 0.8, 'learning_rate': 0.01, 'max_depth': 3, 'min_child_samples': 100, 'n_estimators': 500, 'num_leaves': 31, 'subsample': 0.6}",6.7811073190868,0.718883589256751,0.215487718582153
LightGBM,Baseline,7,"{'colsample_bytree': 0.8, 'learning_rate': 0.01, 'max_depth': 3, 'min_child_samples': 100, 'n_estimators': 500, 'num_leaves': 31, 'subsample': 0.8}",6.7811073184835,0.718883589306771,0.21108889579773
LightGBM,Baseline,7,"{'colsample_bytree': 0.8, 'learning_rate': 0.01, 'max_depth': 3, 'min_child_samples': 100, 'n_estimators': 500, 'num_leaves': 62, 'subsample': 0.6}",6.78110731890421,0.718883589271889,0.223875045776367
LightGBM,Baseline,7,"{'colsample_bytree': 0.8, 'learning_rate': 0.01, 'max_depth': 3, 'min_child_samples': 100, 'n_estimators': 500, 'num_leaves': 62, 'subsample': 0.8}",6.78110732218586,0.718883588999803,0.261751174926758
LightGBM,Baseline,7,"{'colsample_bytree': 0.8, 'learning_rate': 0.01, 'max_depth': 3, 'min_child_samples': 100, 'n_estimators': 750, 'num_leaves': 15, 'subsample': 0.6}",6.11363198585311,0.771501397155095,0.339476346969605
LightGBM,Baseline,7,"{'colsample_bytree': 0.8, 'learning_rate': 0.01, 'max_depth': 3, 'min_child_samples': 100, 'n_estimators': 750, 'num_leaves': 15, 'subsample': 0.8}",6.1136319881864,0.771501396980681,0.349329948425293
LightGBM,Baseline,7,"{'colsample_bytree': 0.8, 'learning_rate': 0.01, 'max_depth': 3, 'min_child_samples': 100, 'n_estimators': 750, 'num_leaves': 31, 'subsample': 0.6}",6.11363198843775,0.771501396961893,0.283590316772461
LightGBM,Baseline,7,"{'colsample_bytree': 0.8, 'learning_rate': 0.01, 'max_depth': 3, 'min_child_samples': 100, 'n_estimators': 750, 'num_leaves': 31, 'subsample': 0.8}",6.11363198922502,0.771501396903044,0.275926828384399
LightGBM,Baseline,7,"{'colsample_bytree': 0.8, 'learning_rate': 0.01, 'max_depth': 3, 'min_child_samples': 100, 'n_estimators': 750, 'num_leaves': 62, 'subsample': 0.6}",6.11363198762079,0.771501397022961,0.290577173233032
LightGBM,Baseline,7,"{'colsample_bytree': 0.8, 'learning_rate': 0.01, 'max_depth': 3, 'min_child_samples': 100, 'n_estimators': 750, 'num_leaves': 62, 'subsample': 0.8}",6.11363198878342,0.771501396936054,0.267021656036377
LightGBM,Baseline,7,"{'colsample_bytree': 0.8, 'learning_rate': 0.01, 'max_depth': 3, 'min_child_samples': 100, 'n_estimators': 1000, 'num_leaves': 15, 'subsample': 0.6}",5.69584616035466,0.801664038632462,0.327853202819824
LightGBM,Baseline,7,"{'colsample_bytree': 0.8, 'learning_rate': 0.01, 'max_depth': 3, 'min_child_samples': 100, 'n_estimators': 1000, 'num_leaves': 15, 'subsample': 0.8}",5.69584616272747,0.801664038467213,0.343609094619751
LightGBM,Baseline,7,"{'colsample_bytree': 0.8, 'learning_rate': 0.01, 'max_depth': 3, 'min_child_samples': 100, 'n_estimators': 1000, 'num_leaves': 31, 'subsample': 0.6}",5.69584616128418,0.801664038567727,0.436419725418091
LightGBM,Baseline,7,"{'colsample_bytree': 0.8, 'learning_rate': 0.01, 'max_depth': 3, 'min_child_samples': 100, 'n_estimators': 1000, 'num_leaves': 31, 'subsample': 0.8}",5.69584616151332,0.80166403855177,0.421010494232178
LightGBM,Baseline,7,"{'colsample_bytree': 0.8, 'learning_rate': 0.01, 'max_depth': 3, 'min_child_samples': 100, 'n_estimators': 1000, 'num_leaves': 62, 'subsample': 0.6}",5.69584616064556,0.801664038612203,0.397911071777344
LightGBM,Baseline,7,"{'colsample_bytree': 0.8, 'learning_rate': 0.01, 'max_depth': 3, 'min_child_samples': 100, 'n_estimators': 1000, 'num_leaves': 62, 'subsample': 0.8}",5.69584616120798,0.801664038573034,0.415495157241821
LightGBM,Baseline,7,"{'colsample_bytree': 0.8, 'learning_rate': 0.01, 'max_depth': 5, 'min_child_samples': 50, 'n_estimators': 500, 'num_leaves': 15, 'subsample': 0.6}",2.78117276367712,0.952713093973148,0.336400270462036
LightGBM,Baseline,7,"{'colsample_bytree': 0.8, 'learning_rate': 0.01, 'max_depth': 5, 'min_child_samples': 50, 'n_estimators': 500, 'num_leaves': 15, 'subsample': 0.8}",2.78117276432374,0.95271309395116,0.308727264404297
LightGBM,Baseline,7,"{'colsample_bytree': 0.8, 'learning_rate': 0.01, 'max_depth': 5, 'min_child_samples': 50, 'n_estimators': 500, 'num_leaves': 31, 'subsample': 0.6}",2.78117276226702,0.952713094021099,0.271400451660156
LightGBM,Baseline,7,"{'colsample_bytree': 0.8, 'learning_rate': 0.01, 'max_depth': 5, 'min_child_samples': 50, 'n_estimators': 500, 'num_leaves': 31, 'subsample': 0.8}",2.78117276282178,0.952713094002234,0.265146255493164
LightGBM,Baseline,7,"{'colsample_bytree': 0.8, 'learning_rate': 0.01, 'max_depth': 5, 'min_child_samples': 50, 'n_estimators': 500, 'num_leaves': 62, 'subsample': 0.6}",2.78117276281318,0.952713094002527,0.267899513244629
LightGBM,Baseline,7,"{'colsample_bytree': 0.8, 'learning_rate': 0.01, 'max_depth': 5, 'min_child_samples': 50, 'n_estimators': 500, 'num_leaves': 62, 'subsample': 0.8}",2.78117276297812,0.952713093996918,0.271996021270752
LightGBM,Baseline,7,"{'colsample_bytree': 0.8, 'learning_rate': 0.01, 'max_depth': 5, 'min_child_samples': 50, 'n_estimators': 750, 'num_leaves': 15, 'subsample': 0.6}",2.50046487936997,0.961776849377192,0.35377025604248
LightGBM,Baseline,7,"{'colsample_bytree': 0.8, 'learning_rate': 0.01, 'max_depth': 5, 'min_child_samples': 50, 'n_estimators': 750, 'num_leaves': 15, 'subsample': 0.8}",2.50046488052488,0.961776849341883,0.346478939056397
LightGBM,Baseline,7,"{'colsample_bytree': 0.8, 'learning_rate': 0.01, 'max_depth': 5, 'min_child_samples': 50, 'n_estimators': 750, 'num_leaves': 31, 'subsample': 0.6}",2.50046488049943,0.961776849342661,0.353187561035156
LightGBM,Baseline,7,"{'colsample_bytree': 0.8, 'learning_rate': 0.01, 'max_depth': 5, 'min_child_samples': 50, 'n_estimators': 750, 'num_leaves': 31, 'subsample': 0.8}",2.50046487859129,0.961776849400999,0.372747421264648
LightGBM,Baseline,7,"{'colsample_bytree': 0.8, 'learning_rate': 0.01, 'max_depth': 5, 'min_child_samples': 50, 'n_estimators': 750, 'num_leaves': 62, 'subsample': 0.6}",2.50046487967906,0.961776849367742,0.37359356880188
LightGBM,Baseline,7,"{'colsample_bytree': 0.8, 'learning_rate': 0.01, 'max_depth': 5, 'min_child_samples': 50, 'n_estimators': 750, 'num_leaves': 62, 'subsample': 0.8}",2.50046487809573,0.961776849416149,0.383650302886963
LightGBM,Baseline,7,"{'colsample_bytree': 0.8, 'learning_rate': 0.01, 'max_depth': 5, 'min_child_samples': 50, 'n_estimators': 1000, 'num_leaves': 15, 'subsample': 0.6}",2.3609161025986,0.965924199071181,0.476813316345215
LightGBM,Baseline,7,"{'colsample_bytree': 0.8, 'learning_rate': 0.01, 'max_depth': 5, 'min_child_samples': 50, 'n_estimators': 1000, 'num_leaves': 15, 'subsample': 0.8}",2.36091610226829,0.965924199080716,0.496222257614136
LightGBM,Baseline,7,"{'colsample_bytree': 0.8, 'learning_rate': 0.01, 'max_depth': 5, 'min_child_samples': 50, 'n_estimators': 1000, 'num_leaves': 31, 'subsample': 0.6}",2.36091610135127,0.965924199107187,0.487591743469238
LightGBM,Baseline,7,"{'colsample_bytree': 0.8, 'learning_rate': 0.01, 'max_depth': 5, 'min_child_samples': 50, 'n_estimators': 1000, 'num_leaves': 31, 'subsample': 0.8}",2.3609161009264,0.965924199119452,0.483171939849854
LightGBM,Baseline,7,"{'colsample_bytree': 0.8, 'learning_rate': 0.01, 'max_depth': 5, 'min_child_samples': 50, 'n_estimators': 1000, 'num_leaves': 62, 'subsample': 0.6}",2.36091610027704,0.965924199138197,0.492657423019409
LightGBM,Baseline,7,"{'colsample_bytree': 0.8, 'learning_rate': 0.01, 'max_depth': 5, 'min_child_samples': 50, 'n_estimators': 1000, 'num_leaves': 62, 'subsample': 0.8}",2.36091610126089,0.965924199109796,0.487982749938965
LightGBM,Baseline,7,"{'colsample_bytree': 0.8, 'learning_rate': 0.01, 'max_depth': 5, 'min_child_samples': 100, 'n_estimators': 500, 'num_leaves': 15, 'subsample': 0.6}",6.78445730248486,0.718605767986186,0.281835556030273
LightGBM,Baseline,7,"{'colsample_bytree': 0.8, 'learning_rate': 0.01, 'max_depth': 5, 'min_child_samples': 100, 'n_estimators': 500, 'num_leaves': 15, 'subsample': 0.8}",6.78445730167293,0.718605768053537,0.275239944458008
LightGBM,Baseline,7,"{'colsample_bytree': 0.8, 'learning_rate': 0.01, 'max_depth': 5, 'min_child_samples': 100, 'n_estimators': 500, 'num_leaves': 31, 'subsample': 0.6}",6.78445730524249,0.718605767757433,0.270872592926025
LightGBM,Baseline,7,"{'colsample_bytree': 0.8, 'learning_rate': 0.01, 'max_depth': 5, 'min_child_samples': 100, 'n_estimators': 500, 'num_leaves': 31, 'subsample': 0.8}",6.78446696011012,0.718604966860361,0.275758504867554
LightGBM,Baseline,7,"{'colsample_bytree': 0.8, 'learning_rate': 0.01, 'max_depth': 5, 'min_child_samples': 100, 'n_estimators': 500, 'num_leaves': 62, 'subsample': 0.6}",6.78445730430706,0.718605767835029,0.277041912078857
LightGBM,Baseline,7,"{'colsample_bytree': 0.8, 'learning_rate': 0.01, 'max_depth': 5, 'min_child_samples': 100, 'n_estimators': 500, 'num_leaves': 62, 'subsample': 0.8}",6.78445730348683,0.71860576790307,0.274892568588257
LightGBM,Baseline,7,"{'colsample_bytree': 0.8, 'learning_rate': 0.01, 'max_depth': 5, 'min_child_samples': 100, 'n_estimators': 750, 'num_leaves': 15, 'subsample': 0.6}",6.10199833652104,0.772370191157381,0.364466428756714
LightGBM,Baseline,7,"{'colsample_bytree': 0.8, 'learning_rate': 0.01, 'max_depth': 5, 'min_child_samples': 100, 'n_estimators': 750, 'num_leaves': 15, 'subsample': 0.8}",6.10201129519274,0.772369224332111,0.351655721664429
LightGBM,Baseline,7,"{'colsample_bytree': 0.8, 'learning_rate': 0.01, 'max_depth': 5, 'min_child_samples': 100, 'n_estimators': 750, 'num_leaves': 31, 'subsample': 0.6}",6.10199833290883,0.772370191426882,0.358834743499756
LightGBM,Baseline,7,"{'colsample_bytree': 0.8, 'learning_rate': 0.01, 'max_depth': 5, 'min_child_samples': 100, 'n_estimators': 750, 'num_leaves': 31, 'subsample': 0.8}",6.10199833477388,0.772370191287734,0.35692024230957
LightGBM,Baseline,7,"{'colsample_bytree': 0.8, 'learning_rate': 0.01, 'max_depth': 5, 'min_child_samples': 100, 'n_estimators': 750, 'num_leaves': 62, 'subsample': 0.6}",6.10199833648844,0.772370191159813,0.353562116622925
LightGBM,Baseline,7,"{'colsample_bytree': 0.8, 'learning_rate': 0.01, 'max_depth': 5, 'min_child_samples': 100, 'n_estimators': 750, 'num_leaves': 62, 'subsample': 0.8}",6.1020112951303,0.77236922433677,0.362708806991577
LightGBM,Baseline,7,"{'colsample_bytree': 0.8, 'learning_rate': 0.01, 'max_depth': 5, 'min_child_samples': 100, 'n_estimators': 1000, 'num_leaves': 15, 'subsample': 0.6}",5.6849616786124,0.802421334888181,0.453199148178101
LightGBM,Baseline,7,"{'colsample_bytree': 0.8, 'learning_rate': 0.01, 'max_depth': 5, 'min_child_samples': 100, 'n_estimators': 1000, 'num_leaves': 15, 'subsample': 0.8}",5.68496168039497,0.802421334764276,0.442717790603638
LightGBM,Baseline,7,"{'colsample_bytree': 0.8, 'learning_rate': 0.01, 'max_depth': 5, 'min_child_samples': 100, 'n_estimators': 1000, 'num_leaves': 31, 'subsample': 0.6}",5.68497593270202,0.802420344096091,0.444736003875732
LightGBM,Baseline,7,"{'colsample_bytree': 0.8, 'learning_rate': 0.01, 'max_depth': 5, 'min_child_samples': 100, 'n_estimators': 1000, 'num_leaves': 31, 'subsample': 0.8}",5.68496167883619,0.802421334872626,0.447035551071167
LightGBM,Baseline,7,"{'colsample_bytree': 0.8, 'learning_rate': 0.01, 'max_depth': 5, 'min_child_samples': 100, 'n_estimators': 1000, 'num_leaves': 62, 'subsample': 0.6}",5.68497593279913,0.802420344089341,0.451340198516846
LightGBM,Baseline,7,"{'colsample_bytree': 0.8, 'learning_rate': 0.01, 'max_depth': 5, 'min_child_samples': 100, 'n_estimators': 1000, 'num_leaves': 62, 'subsample': 0.8}",5.68496167964531,0.802421334816384,0.456371784210205
LightGBM,Baseline,7,"{'colsample_bytree': 0.8, 'learning_rate': 0.01, 'max_depth': 9, 'min_child_samples': 50, 'n_estimators': 500, 'num_leaves': 15, 'subsample': 0.6}",2.78071289111407,0.952728730652098,0.413596153259277
LightGBM,Baseline,7,"{'colsample_bytree': 0.8, 'learning_rate': 0.01, 'max_depth': 9, 'min_child_samples': 50, 'n_estimators': 500, 'num_leaves': 15, 'subsample': 0.8}",2.78070101066062,0.952729134579391,0.416146039962769
LightGBM,Baseline,7,"{'colsample_bytree': 0.8, 'learning_rate': 0.01, 'max_depth': 9, 'min_child_samples': 50, 'n_estimators': 500, 'num_leaves': 31, 'subsample': 0.6}",2.78071014650717,0.952728823967009,0.415063142776489
LightGBM,Baseline,7,"{'colsample_bytree': 0.8, 'learning_rate': 0.01, 'max_depth': 9, 'min_child_samples': 50, 'n_estimators': 500, 'num_leaves': 31, 'subsample': 0.8}",2.78070095545578,0.952729136456314,0.409627914428711
LightGBM,Baseline,7,"{'colsample_bytree': 0.8, 'learning_rate': 0.01, 'max_depth': 9, 'min_child_samples': 50, 'n_estimators': 500, 'num_leaves': 62, 'subsample': 0.6}",2.78071289188819,0.952728730625779,0.408693552017212
LightGBM,Baseline,7,"{'colsample_bytree': 0.8, 'learning_rate': 0.01, 'max_depth': 9, 'min_child_samples': 50, 'n_estimators': 500, 'num_leaves': 62, 'subsample': 0.8}",2.78070820599107,0.952728889943282,0.413134813308716
LightGBM,Baseline,7,"{'colsample_bytree': 0.8, 'learning_rate': 0.01, 'max_depth': 9, 'min_child_samples': 50, 'n_estimators': 750, 'num_leaves': 15, 'subsample': 0.6}",2.49171128157477,0.962044003237475,0.562613964080811
LightGBM,Baseline,7,"{'colsample_bytree': 0.8, 'learning_rate': 0.01, 'max_depth': 9, 'min_child_samples': 50, 'n_estimators': 750, 'num_leaves': 15, 'subsample': 0.8}",2.49170432695911,0.962044215115154,0.56411623954773
LightGBM,Baseline,7,"{'colsample_bytree': 0.8, 'learning_rate': 0.01, 'max_depth': 9, 'min_child_samples': 50, 'n_estimators': 750, 'num_leaves': 31, 'subsample': 0.6}",2.4917146890415,0.962043899426182,0.560136795043945
LightGBM,Baseline,7,"{'colsample_bytree': 0.8, 'learning_rate': 0.01, 'max_depth': 9, 'min_child_samples': 50, 'n_estimators': 750, 'num_leaves': 31, 'subsample': 0.8}",2.49170432511487,0.96204421517134,0.5650475025177
LightGBM,Baseline,7,"{'colsample_bytree': 0.8, 'learning_rate': 0.01, 'max_depth': 9, 'min_child_samples': 50, 'n_estimators': 750, 'num_leaves': 62, 'subsample': 0.6}",2.49170054505626,0.962044330333465,0.556638479232788
LightGBM,Baseline,7,"{'colsample_bytree': 0.8, 'learning_rate': 0.01, 'max_depth': 9, 'min_child_samples': 50, 'n_estimators': 750, 'num_leaves': 62, 'subsample': 0.8}",2.491712431704,0.962043968197853,0.55852746963501
LightGBM,Baseline,7,"{'colsample_bytree': 0.8, 'learning_rate': 0.01, 'max_depth': 9, 'min_child_samples': 50, 'n_estimators': 1000, 'num_leaves': 15, 'subsample': 0.6}",2.34513321633132,0.966378274357072,0.723001003265381
LightGBM,Baseline,7,"{'colsample_bytree': 0.8, 'learning_rate': 0.01, 'max_depth': 9, 'min_child_samples': 50, 'n_estimators': 1000, 'num_leaves': 15, 'subsample': 0.8}",2.34513691315424,0.966378168355704,0.718644857406616
LightGBM,Baseline,7,"{'colsample_bytree': 0.8, 'learning_rate': 0.01, 'max_depth': 9, 'min_child_samples': 50, 'n_estimators': 1000, 'num_leaves': 31, 'subsample': 0.6}",2.34513961919142,0.966378090763664,0.725076198577881
LightGBM,Baseline,7,"{'colsample_bytree': 0.8, 'learning_rate': 0.01, 'max_depth': 9, 'min_child_samples': 50, 'n_estimators': 1000, 'num_leaves': 31, 'subsample': 0.8}",2.34513691521869,0.966378168296509,0.802170276641846
LightGBM,Baseline,7,"{'colsample_bytree': 0.8, 'learning_rate': 0.01, 'max_depth': 9, 'min_child_samples': 50, 'n_estimators': 1000, 'num_leaves': 62, 'subsample': 0.6}",2.34518965349816,0.966376656079902,0.805696964263916
LightGBM,Baseline,7,"{'colsample_bytree': 0.8, 'learning_rate': 0.01, 'max_depth': 9, 'min_child_samples': 50, 'n_estimators': 1000, 'num_leaves': 62, 'subsample': 0.8}",2.34512876776879,0.966378401913329,0.638965606689453
LightGBM,Baseline,7,"{'colsample_bytree': 0.8, 'learning_rate': 0.01, 'max_depth': 9, 'min_child_samples': 100, 'n_estimators': 500, 'num_leaves': 15, 'subsample': 0.6}",6.7769962904759,0.719224338116761,0.253137826919556
LightGBM,Baseline,7,"{'colsample_bytree': 0.8, 'learning_rate': 0.01, 'max_depth': 9, 'min_child_samples': 100, 'n_estimators': 500, 'num_leaves': 15, 'subsample': 0.8}",6.77699629131618,0.719224338047135,0.253027677536011
LightGBM,Baseline,7,"{'colsample_bytree': 0.8, 'learning_rate': 0.01, 'max_depth': 9, 'min_child_samples': 100, 'n_estimators': 500, 'num_leaves': 31, 'subsample': 0.6}",6.77699629100768,0.719224338072697,0.252894401550293
LightGBM,Baseline,7,"{'colsample_bytree': 0.8, 'learning_rate': 0.01, 'max_depth': 9, 'min_child_samples': 100, 'n_estimators': 500, 'num_leaves': 31, 'subsample': 0.8}",6.77699629061045,0.719224338105612,0.259403228759766
LightGBM,Baseline,7,"{'colsample_bytree': 0.8, 'learning_rate': 0.01, 'max_depth': 9, 'min_child_samples': 100, 'n_estimators': 500, 'num_leaves': 62, 'subsample': 0.6}",6.77698584589167,0.719225203568847,0.268085718154907
LightGBM,Baseline,7,"{'colsample_bytree': 0.8, 'learning_rate': 0.01, 'max_depth': 9, 'min_child_samples': 100, 'n_estimators': 500, 'num_leaves': 62, 'subsample': 0.8}",6.77699628997063,0.719224338158628,0.271728754043579
LightGBM,Baseline,7,"{'colsample_bytree': 0.8, 'learning_rate': 0.01, 'max_depth': 9, 'min_child_samples': 100, 'n_estimators': 750, 'num_leaves': 15, 'subsample': 0.6}",6.09429281040341,0.772944724243541,0.352971076965332
LightGBM,Baseline,7,"{'colsample_bytree': 0.8, 'learning_rate': 0.01, 'max_depth': 9, 'min_child_samples': 100, 'n_estimators': 750, 'num_leaves': 15, 'subsample': 0.8}",6.09429281138676,0.772944724170269,0.367667675018311
LightGBM,Baseline,7,"{'colsample_bytree': 0.8, 'learning_rate': 0.01, 'max_depth': 9, 'min_child_samples': 100, 'n_estimators': 750, 'num_leaves': 31, 'subsample': 0.6}",6.09429280905732,0.772944724343845,0.358449459075928
LightGBM,Baseline,7,"{'colsample_bytree': 0.8, 'learning_rate': 0.01, 'max_depth': 9, 'min_child_samples': 100, 'n_estimators': 750, 'num_leaves': 31, 'subsample': 0.8}",6.09429281063707,0.772944724226131,0.363511562347412
LightGBM,Baseline,7,"{'colsample_bytree': 0.8, 'learning_rate': 0.01, 'max_depth': 9, 'min_child_samples': 100, 'n_estimators': 750, 'num_leaves': 62, 'subsample': 0.6}",6.09429280904094,0.772944724345065,0.365322351455689
LightGBM,Baseline,7,"{'colsample_bytree': 0.8, 'learning_rate': 0.01, 'max_depth': 9, 'min_child_samples': 100, 'n_estimators': 750, 'num_leaves': 62, 'subsample': 0.8}",6.09429281009925,0.772944724266206,0.370220184326172
LightGBM,Baseline,7,"{'colsample_bytree': 0.8, 'learning_rate': 0.01, 'max_depth': 9, 'min_child_samples': 100, 'n_estimators': 1000, 'num_leaves': 15, 'subsample': 0.6}",5.67894432006638,0.802839375511186,0.449232816696167
LightGBM,Baseline,7,"{'colsample_bytree': 0.8, 'learning_rate': 0.01, 'max_depth': 9, 'min_child_samples': 100, 'n_estimators': 1000, 'num_leaves': 15, 'subsample': 0.8}",5.67894432055978,0.802839375476927,0.446046352386475
LightGBM,Baseline,7,"{'colsample_bytree': 0.8, 'learning_rate': 0.01, 'max_depth': 9, 'min_child_samples': 100, 'n_estimators': 1000, 'num_leaves': 31, 'subsample': 0.6}",5.67895898258105,0.802838357408483,0.43884539604187
LightGBM,Baseline,7,"{'colsample_bytree': 0.8, 'learning_rate': 0.01, 'max_depth': 9, 'min_child_samples': 100, 'n_estimators': 1000, 'num_leaves': 31, 'subsample': 0.8}",5.6789589845788,0.802838357269768,0.445233821868897
LightGBM,Baseline,7,"{'colsample_bytree': 0.8, 'learning_rate': 0.01, 'max_depth': 9, 'min_child_samples': 100, 'n_estimators': 1000, 'num_leaves': 62, 'subsample': 0.6}",5.67895898136404,0.802838357492987,0.444076299667358
LightGBM,Baseline,7,"{'colsample_bytree': 0.8, 'learning_rate': 0.01, 'max_depth': 9, 'min_child_samples': 100, 'n_estimators': 1000, 'num_leaves': 62, 'subsample': 0.8}",5.67895898104393,0.802838357515215,0.461267471313477
LightGBM,Baseline,7,"{'colsample_bytree': 0.8, 'learning_rate': 0.05, 'max_depth': 3, 'min_child_samples': 50, 'n_estimators': 500, 'num_leaves': 15, 'subsample': 0.6}",2.30556008097727,0.967503405443585,0.181670904159546
LightGBM,Baseline,7,"{'colsample_bytree': 0.8, 'learning_rate': 0.05, 'max_depth': 3, 'min_child_samples': 50, 'n_estimators': 500, 'num_leaves': 15, 'subsample': 0.8}",2.30556007845654,0.967503405514644,0.190127849578857
LightGBM,Baseline,7,"{'colsample_bytree': 0.8, 'learning_rate': 0.05, 'max_depth': 3, 'min_child_samples': 50, 'n_estimators': 500, 'num_leaves': 31, 'subsample': 0.6}",2.30556007659772,0.967503405567044,0.183343172073364
LightGBM,Baseline,7,"{'colsample_bytree': 0.8, 'learning_rate': 0.05, 'max_depth': 3, 'min_child_samples': 50, 'n_estimators': 500, 'num_leaves': 31, 'subsample': 0.8}",2.3055600782509,0.967503405520441,0.187479496002197
LightGBM,Baseline,7,"{'colsample_bytree': 0.8, 'learning_rate': 0.05, 'max_depth': 3, 'min_child_samples': 50, 'n_estimators': 500, 'num_leaves': 62, 'subsample': 0.6}",2.30556007666905,0.967503405565033,0.184356212615967
LightGBM,Baseline,7,"{'colsample_bytree': 0.8, 'learning_rate': 0.05, 'max_depth': 3, 'min_child_samples': 50, 'n_estimators': 500, 'num_leaves': 62, 'subsample': 0.8}",2.30556007875056,0.967503405506356,0.191091299057007
LightGBM,Baseline,7,"{'colsample_bytree': 0.8, 'learning_rate': 0.05, 'max_depth': 3, 'min_child_samples': 50, 'n_estimators': 750, 'num_leaves': 15, 'subsample': 0.6}",2.30556007889002,0.967503405502424,0.18146276473999
LightGBM,Baseline,7,"{'colsample_bytree': 0.8, 'learning_rate': 0.05, 'max_depth': 3, 'min_child_samples': 50, 'n_estimators': 750, 'num_leaves': 15, 'subsample': 0.8}",2.30556007928725,0.967503405491227,0.185256719589233
LightGBM,Baseline,7,"{'colsample_bytree': 0.8, 'learning_rate': 0.05, 'max_depth': 3, 'min_child_samples': 50, 'n_estimators': 750, 'num_leaves': 31, 'subsample': 0.6}",2.30556007998518,0.967503405471552,0.186475276947021
LightGBM,Baseline,7,"{'colsample_bytree': 0.8, 'learning_rate': 0.05, 'max_depth': 3, 'min_child_samples': 50, 'n_estimators': 750, 'num_leaves': 31, 'subsample': 0.8}",2.30556007955121,0.967503405483786,0.18372368812561
LightGBM,Baseline,7,"{'colsample_bytree': 0.8, 'learning_rate': 0.05, 'max_depth': 3, 'min_child_samples': 50, 'n_estimators': 750, 'num_leaves': 62, 'subsample': 0.6}",2.3055600814936,0.96750340542903,0.183379650115967
LightGBM,Baseline,7,"{'colsample_bytree': 0.8, 'learning_rate': 0.05, 'max_depth': 3, 'min_child_samples': 50, 'n_estimators': 750, 'num_leaves': 62, 'subsample': 0.8}",2.30556007969687,0.967503405479679,0.195043325424194
LightGBM,Baseline,7,"{'colsample_bytree': 0.8, 'learning_rate': 0.05, 'max_depth': 3, 'min_child_samples': 50, 'n_estimators': 1000, 'num_leaves': 15, 'subsample': 0.6}",2.30556007924379,0.967503405492452,0.183228492736816
LightGBM,Baseline,7,"{'colsample_bytree': 0.8, 'learning_rate': 0.05, 'max_depth': 3, 'min_child_samples': 50, 'n_estimators': 1000, 'num_leaves': 15, 'subsample': 0.8}",2.30556007755412,0.967503405540083,0.184995174407959
LightGBM,Baseline,7,"{'colsample_bytree': 0.8, 'learning_rate': 0.05, 'max_depth': 3, 'min_child_samples': 50, 'n_estimators': 1000, 'num_leaves': 31, 'subsample': 0.6}",2.30556007583849,0.967503405588446,0.188770294189453
LightGBM,Baseline,7,"{'colsample_bytree': 0.8, 'learning_rate': 0.05, 'max_depth': 3, 'min_child_samples': 50, 'n_estimators': 1000, 'num_leaves': 31, 'subsample': 0.8}",2.30556007925795,0.967503405492053,0.187377214431763
LightGBM,Baseline,7,"{'colsample_bytree': 0.8, 'learning_rate': 0.05, 'max_depth': 3, 'min_child_samples': 50, 'n_estimators': 1000, 'num_leaves': 62, 'subsample': 0.6}",2.30556007834106,0.9675034055179,0.186333894729614
LightGBM,Baseline,7,"{'colsample_bytree': 0.8, 'learning_rate': 0.05, 'max_depth': 3, 'min_child_samples': 50, 'n_estimators': 1000, 'num_leaves': 62, 'subsample': 0.8}",2.30556007980867,0.967503405476528,0.185340166091919
LightGBM,Baseline,7,"{'colsample_bytree': 0.8, 'learning_rate': 0.05, 'max_depth': 3, 'min_child_samples': 100, 'n_estimators': 500, 'num_leaves': 15, 'subsample': 0.6}",4.36693704457783,0.883416033827315,0.232826709747314
LightGBM,Baseline,7,"{'colsample_bytree': 0.8, 'learning_rate': 0.05, 'max_depth': 3, 'min_child_samples': 100, 'n_estimators': 500, 'num_leaves': 15, 'subsample': 0.8}",4.36693704511167,0.883416033798812,0.224376678466797
LightGBM,Baseline,7,"{'colsample_bytree': 0.8, 'learning_rate': 0.05, 'max_depth': 3, 'min_child_samples': 100, 'n_estimators': 500, 'num_leaves': 31, 'subsample': 0.6}",4.36697297387508,0.883414115413029,0.234355449676514
LightGBM,Baseline,7,"{'colsample_bytree': 0.8, 'learning_rate': 0.05, 'max_depth': 3, 'min_child_samples': 100, 'n_estimators': 500, 'num_leaves': 31, 'subsample': 0.8}",4.36689364072821,0.883418351317922,0.230751514434814
LightGBM,Baseline,7,"{'colsample_bytree': 0.8, 'learning_rate': 0.05, 'max_depth': 3, 'min_child_samples': 100, 'n_estimators': 500, 'num_leaves': 62, 'subsample': 0.6}",4.3668936399087,0.883418351361678,0.234940767288208
LightGBM,Baseline,7,"{'colsample_bytree': 0.8, 'learning_rate': 0.05, 'max_depth': 3, 'min_child_samples': 100, 'n_estimators': 500, 'num_leaves': 62, 'subsample': 0.8}",4.36689363521288,0.883418351612404,0.225842237472534
LightGBM,Baseline,7,"{'colsample_bytree': 0.8, 'learning_rate': 0.05, 'max_depth': 3, 'min_child_samples': 100, 'n_estimators': 750, 'num_leaves': 15, 'subsample': 0.6}",3.79679642729397,0.911870848603937,0.300881624221802
LightGBM,Baseline,7,"{'colsample_bytree': 0.8, 'learning_rate': 0.05, 'max_depth': 3, 'min_child_samples': 100, 'n_estimators': 750, 'num_leaves': 15, 'subsample': 0.8}",3.79686235709861,0.911867787924602,0.299675226211548
LightGBM,Baseline,7,"{'colsample_bytree': 0.8, 'learning_rate': 0.05, 'max_depth': 3, 'min_child_samples': 100, 'n_estimators': 750, 'num_leaves': 31, 'subsample': 0.6}",3.7968623623595,0.911867787680372,0.296810626983643
LightGBM,Baseline,7,"{'colsample_bytree': 0.8, 'learning_rate': 0.05, 'max_depth': 3, 'min_child_samples': 100, 'n_estimators': 750, 'num_leaves': 31, 'subsample': 0.8}",3.79686235782914,0.911867787890688,0.30870532989502
LightGBM,Baseline,7,"{'colsample_bytree': 0.8, 'learning_rate': 0.05, 'max_depth': 3, 'min_child_samples': 100, 'n_estimators': 750, 'num_leaves': 62, 'subsample': 0.6}",3.79679642822378,0.911870848560772,0.309057950973511
LightGBM,Baseline,7,"{'colsample_bytree': 0.8, 'learning_rate': 0.05, 'max_depth': 3, 'min_child_samples': 100, 'n_estimators': 750, 'num_leaves': 62, 'subsample': 0.8}",3.79682794659848,0.911869385380326,0.295161008834839
LightGBM,Baseline,7,"{'colsample_bytree': 0.8, 'learning_rate': 0.05, 'max_depth': 3, 'min_child_samples': 100, 'n_estimators': 1000, 'num_leaves': 15, 'subsample': 0.6}",3.55414753831368,0.922775364332447,0.365605592727661
LightGBM,Baseline,7,"{'colsample_bytree': 0.8, 'learning_rate': 0.05, 'max_depth': 3, 'min_child_samples': 100, 'n_estimators': 1000, 'num_leaves': 15, 'subsample': 0.8}",3.55401001834538,0.922781340293702,0.368029594421387
LightGBM,Baseline,7,"{'colsample_bytree': 0.8, 'learning_rate': 0.05, 'max_depth': 3, 'min_child_samples': 100, 'n_estimators': 1000, 'num_leaves': 31, 'subsample': 0.6}",3.5540369521599,0.922780169896923,0.360012292861939
LightGBM,Baseline,7,"{'colsample_bytree': 0.8, 'learning_rate': 0.05, 'max_depth': 3, 'min_child_samples': 100, 'n_estimators': 1000, 'num_leaves': 31, 'subsample': 0.8}",3.55409455334797,0.922777666833471,0.361902475357056
LightGBM,Baseline,7,"{'colsample_bytree': 0.8, 'learning_rate': 0.05, 'max_depth': 3, 'min_child_samples': 100, 'n_estimators': 1000, 'num_leaves': 62, 'subsample': 0.6}",3.55395954506956,0.922783533563284,0.364307880401611
LightGBM,Baseline,7,"{'colsample_bytree': 0.8, 'learning_rate': 0.05, 'max_depth': 3, 'min_child_samples': 100, 'n_estimators': 1000, 'num_leaves': 62, 'subsample': 0.8}",3.5539343120881,0.922784630027509,0.37555456161499
LightGBM,Baseline,7,"{'colsample_bytree': 0.8, 'learning_rate': 0.05, 'max_depth': 5, 'min_child_samples': 50, 'n_estimators': 500, 'num_leaves': 15, 'subsample': 0.6}",2.24888334243685,0.969081471310285,0.216188430786133
LightGBM,Baseline,7,"{'colsample_bytree': 0.8, 'learning_rate': 0.05, 'max_depth': 5, 'min_child_samples': 50, 'n_estimators': 500, 'num_leaves': 15, 'subsample': 0.8}",2.248883344283,0.969081471259522,0.213123321533203
LightGBM,Baseline,7,"{'colsample_bytree': 0.8, 'learning_rate': 0.05, 'max_depth': 5, 'min_child_samples': 50, 'n_estimators': 500, 'num_leaves': 31, 'subsample': 0.6}",2.24888334469106,0.969081471248302,0.222128868103027
LightGBM,Baseline,7,"{'colsample_bytree': 0.8, 'learning_rate': 0.05, 'max_depth': 5, 'min_child_samples': 50, 'n_estimators': 500, 'num_leaves': 31, 'subsample': 0.8}",2.24888334490884,0.969081471242313,0.212109804153442
LightGBM,Baseline,7,"{'colsample_bytree': 0.8, 'learning_rate': 0.05, 'max_depth': 5, 'min_child_samples': 50, 'n_estimators': 500, 'num_leaves': 62, 'subsample': 0.6}",2.24888334549136,0.969081471226296,0.216518640518188
LightGBM,Baseline,7,"{'colsample_bytree': 0.8, 'learning_rate': 0.05, 'max_depth': 5, 'min_child_samples': 50, 'n_estimators': 500, 'num_leaves': 62, 'subsample': 0.8}",2.24888334459885,0.969081471250837,0.223567008972168
LightGBM,Baseline,7,"{'colsample_bytree': 0.8, 'learning_rate': 0.05, 'max_depth': 5, 'min_child_samples': 50, 'n_estimators': 750, 'num_leaves': 15, 'subsample': 0.6}",2.24888334530599,0.969081471231393,0.267809867858887
LightGBM,Baseline,7,"{'colsample_bytree': 0.8, 'learning_rate': 0.05, 'max_depth': 5, 'min_child_samples': 50, 'n_estimators': 750, 'num_leaves': 15, 'subsample': 0.8}",2.24888334501398,0.969081471239422,0.252715826034546
LightGBM,Baseline,7,"{'colsample_bytree': 0.8, 'learning_rate': 0.05, 'max_depth': 5, 'min_child_samples': 50, 'n_estimators': 750, 'num_leaves': 31, 'subsample': 0.6}",2.24888334599771,0.969081471212373,0.233875513076782
LightGBM,Baseline,7,"{'colsample_bytree': 0.8, 'learning_rate': 0.05, 'max_depth': 5, 'min_child_samples': 50, 'n_estimators': 750, 'num_leaves': 31, 'subsample': 0.8}",2.24888334448432,0.969081471253986,0.23473596572876
LightGBM,Baseline,7,"{'colsample_bytree': 0.8, 'learning_rate': 0.05, 'max_depth': 5, 'min_child_samples': 50, 'n_estimators': 750, 'num_leaves': 62, 'subsample': 0.6}",2.24888334645883,0.969081471199694,0.201782703399658
LightGBM,Baseline,7,"{'colsample_bytree': 0.8, 'learning_rate': 0.05, 'max_depth': 5, 'min_child_samples': 50, 'n_estimators': 750, 'num_leaves': 62, 'subsample': 0.8}",2.24888334654308,0.969081471197377,0.192442417144775
LightGBM,Baseline,7,"{'colsample_bytree': 0.8, 'learning_rate': 0.05, 'max_depth': 5, 'min_child_samples': 50, 'n_estimators': 1000, 'num_leaves': 15, 'subsample': 0.6}",2.24888334440372,0.969081471256203,0.195107460021973
LightGBM,Baseline,7,"{'colsample_bytree': 0.8, 'learning_rate': 0.05, 'max_depth': 5, 'min_child_samples': 50, 'n_estimators': 1000, 'num_leaves': 15, 'subsample': 0.8}",2.24888334529222,0.969081471231772,0.191978216171265
LightGBM,Baseline,7,"{'colsample_bytree': 0.8, 'learning_rate': 0.05, 'max_depth': 5, 'min_child_samples': 50, 'n_estimators': 1000, 'num_leaves': 31, 'subsample': 0.6}",2.24888334690338,0.96908147118747,0.192323207855225
LightGBM,Baseline,7,"{'colsample_bytree': 0.8, 'learning_rate': 0.05, 'max_depth': 5, 'min_child_samples': 50, 'n_estimators': 1000, 'num_leaves': 31, 'subsample': 0.8}",2.24888334671599,0.969081471192623,0.193016052246094
LightGBM,Baseline,7,"{'colsample_bytree': 0.8, 'learning_rate': 0.05, 'max_depth': 5, 'min_child_samples': 50, 'n_estimators': 1000, 'num_leaves': 62, 'subsample': 0.6}",2.24888334485811,0.969081471243708,0.197502851486206
LightGBM,Baseline,7,"{'colsample_bytree': 0.8, 'learning_rate': 0.05, 'max_depth': 5, 'min_child_samples': 50, 'n_estimators': 1000, 'num_leaves': 62, 'subsample': 0.8}",2.24888334302686,0.969081471294062,0.195984840393066
LightGBM,Baseline,7,"{'colsample_bytree': 0.8, 'learning_rate': 0.05, 'max_depth': 5, 'min_child_samples': 100, 'n_estimators': 500, 'num_leaves': 15, 'subsample': 0.6}",4.32035864399158,0.885889774326658,0.32238507270813
LightGBM,Baseline,7,"{'colsample_bytree': 0.8, 'learning_rate': 0.05, 'max_depth': 5, 'min_child_samples': 100, 'n_estimators': 500, 'num_leaves': 15, 'subsample': 0.8}",4.32035839265837,0.885889787603189,0.277501821517944
LightGBM,Baseline,7,"{'colsample_bytree': 0.8, 'learning_rate': 0.05, 'max_depth': 5, 'min_child_samples': 100, 'n_estimators': 500, 'num_leaves': 31, 'subsample': 0.6}",4.32053045251796,0.885880698459975,0.300448179244995
LightGBM,Baseline,7,"{'colsample_bytree': 0.8, 'learning_rate': 0.05, 'max_depth': 5, 'min_child_samples': 100, 'n_estimators': 500, 'num_leaves': 31, 'subsample': 0.8}",4.32065101506259,0.885874329471028,0.265531539916992
LightGBM,Baseline,7,"{'colsample_bytree': 0.8, 'learning_rate': 0.05, 'max_depth': 5, 'min_child_samples': 100, 'n_estimators': 500, 'num_leaves': 62, 'subsample': 0.6}",4.32050687450496,0.885881944001032,0.263150691986084
LightGBM,Baseline,7,"{'colsample_bytree': 0.8, 'learning_rate': 0.05, 'max_depth': 5, 'min_child_samples': 100, 'n_estimators': 500, 'num_leaves': 62, 'subsample': 0.8}",4.320474761094,0.885883640425325,0.262616634368897
LightGBM,Baseline,7,"{'colsample_bytree': 0.8, 'learning_rate': 0.05, 'max_depth': 5, 'min_child_samples': 100, 'n_estimators': 750, 'num_leaves': 15, 'subsample': 0.6}",3.75527505670712,0.913787851357786,0.341911554336548
LightGBM,Baseline,7,"{'colsample_bytree': 0.8, 'learning_rate': 0.05, 'max_depth': 5, 'min_child_samples': 100, 'n_estimators': 750, 'num_leaves': 15, 'subsample': 0.8}",3.75517166300056,0.91379259863768,0.351101636886597
LightGBM,Baseline,7,"{'colsample_bytree': 0.8, 'learning_rate': 0.05, 'max_depth': 5, 'min_child_samples': 100, 'n_estimators': 750, 'num_leaves': 31, 'subsample': 0.6}",3.75505504299266,0.913797953040951,0.3473961353302
LightGBM,Baseline,7,"{'colsample_bytree': 0.8, 'learning_rate': 0.05, 'max_depth': 5, 'min_child_samples': 100, 'n_estimators': 750, 'num_leaves': 31, 'subsample': 0.8}",3.75504193020616,0.913798555081162,0.441859245300293
LightGBM,Baseline,7,"{'colsample_bytree': 0.8, 'learning_rate': 0.05, 'max_depth': 5, 'min_child_samples': 100, 'n_estimators': 750, 'num_leaves': 62, 'subsample': 0.6}",3.75506517602928,0.913797487806931,0.415785551071167
LightGBM,Baseline,7,"{'colsample_bytree': 0.8, 'learning_rate': 0.05, 'max_depth': 5, 'min_child_samples': 100, 'n_estimators': 750, 'num_leaves': 62, 'subsample': 0.8}",3.7551174188723,0.913795089182445,0.362759590148926
LightGBM,Baseline,7,"{'colsample_bytree': 0.8, 'learning_rate': 0.05, 'max_depth': 5, 'min_child_samples': 100, 'n_estimators': 1000, 'num_leaves': 15, 'subsample': 0.6}",3.4529393027908,0.927110855612992,0.39954662322998
LightGBM,Baseline,7,"{'colsample_bytree': 0.8, 'learning_rate': 0.05, 'max_depth': 5, 'min_child_samples': 100, 'n_estimators': 1000, 'num_leaves': 15, 'subsample': 0.8}",3.45275544145797,0.927118617775753,0.403024435043335
LightGBM,Baseline,7,"{'colsample_bytree': 0.8, 'learning_rate': 0.05, 'max_depth': 5, 'min_child_samples': 100, 'n_estimators': 1000, 'num_leaves': 31, 'subsample': 0.6}",3.45288994722954,0.927112939321164,0.407950639724731
LightGBM,Baseline,7,"{'colsample_bytree': 0.8, 'learning_rate': 0.05, 'max_depth': 5, 'min_child_samples': 100, 'n_estimators': 1000, 'num_leaves': 31, 'subsample': 0.8}",3.45266090617646,0.927122608656533,0.414167642593384
LightGBM,Baseline,7,"{'colsample_bytree': 0.8, 'learning_rate': 0.05, 'max_depth': 5, 'min_child_samples': 100, 'n_estimators': 1000, 'num_leaves': 62, 'subsample': 0.6}",3.45250902265681,0.927129020309192,0.494528293609619
LightGBM,Baseline,7,"{'colsample_bytree': 0.8, 'learning_rate': 0.05, 'max_depth': 5, 'min_child_samples': 100, 'n_estimators': 1000, 'num_leaves': 62, 'subsample': 0.8}",3.45322327314178,0.927098866287252,0.412381172180176
LightGBM,Baseline,7,"{'colsample_bytree': 0.8, 'learning_rate': 0.05, 'max_depth': 9, 'min_child_samples': 50, 'n_estimators': 500, 'num_leaves': 15, 'subsample': 0.6}",2.23276434178655,0.969523103569409,0.280662536621094
LightGBM,Baseline,7,"{'colsample_bytree': 0.8, 'learning_rate': 0.05, 'max_depth': 9, 'min_child_samples': 50, 'n_estimators': 500, 'num_leaves': 15, 'subsample': 0.8}",2.23281616507538,0.969521688792842,0.299607038497925
LightGBM,Baseline,7,"{'colsample_bytree': 0.8, 'learning_rate': 0.05, 'max_depth': 9, 'min_child_samples': 50, 'n_estimators': 500, 'num_leaves': 31, 'subsample': 0.6}",2.23286997668582,0.969520219700313,0.273566961288452
LightGBM,Baseline,7,"{'colsample_bytree': 0.8, 'learning_rate': 0.05, 'max_depth': 9, 'min_child_samples': 50, 'n_estimators': 500, 'num_leaves': 31, 'subsample': 0.8}",2.23279570444327,0.96952224737233,0.274385452270508
LightGBM,Baseline,7,"{'colsample_bytree': 0.8, 'learning_rate': 0.05, 'max_depth': 9, 'min_child_samples': 50, 'n_estimators': 500, 'num_leaves': 62, 'subsample': 0.6}",2.23279570220708,0.969522247433378,0.282088279724121
LightGBM,Baseline,7,"{'colsample_bytree': 0.8, 'learning_rate': 0.05, 'max_depth': 9, 'min_child_samples': 50, 'n_estimators': 500, 'num_leaves': 62, 'subsample': 0.8}",2.23275442328257,0.969523374340974,0.293943405151367
LightGBM,Baseline,7,"{'colsample_bytree': 0.8, 'learning_rate': 0.05, 'max_depth': 9, 'min_child_samples': 50, 'n_estimators': 750, 'num_leaves': 15, 'subsample': 0.6}",2.23283895609356,0.969521066587305,0.305695056915283
LightGBM,Baseline,7,"{'colsample_bytree': 0.8, 'learning_rate': 0.05, 'max_depth': 9, 'min_child_samples': 50, 'n_estimators': 750, 'num_leaves': 15, 'subsample': 0.8}",2.23283806717229,0.969521090855394,0.300907373428345
LightGBM,Baseline,7,"{'colsample_bytree': 0.8, 'learning_rate': 0.05, 'max_depth': 9, 'min_child_samples': 50, 'n_estimators': 750, 'num_leaves': 31, 'subsample': 0.6}",2.23281616236839,0.969521688866743,0.3060622215271
LightGBM,Baseline,7,"{'colsample_bytree': 0.8, 'learning_rate': 0.05, 'max_depth': 9, 'min_child_samples': 50, 'n_estimators': 750, 'num_leaves': 31, 'subsample': 0.8}",2.23278480212004,0.969522545005919,0.372068405151367
LightGBM,Baseline,7,"{'colsample_bytree': 0.8, 'learning_rate': 0.05, 'max_depth': 9, 'min_child_samples': 50, 'n_estimators': 750, 'num_leaves': 62, 'subsample': 0.6}",2.23276434068959,0.969523103599356,0.355191469192505
LightGBM,Baseline,7,"{'colsample_bytree': 0.8, 'learning_rate': 0.05, 'max_depth': 9, 'min_child_samples': 50, 'n_estimators': 750, 'num_leaves': 62, 'subsample': 0.8}",2.23281616567328,0.969521688776519,0.356233835220337
LightGBM,Baseline,7,"{'colsample_bytree': 0.8, 'learning_rate': 0.05, 'max_depth': 9, 'min_child_samples': 50, 'n_estimators': 1000, 'num_leaves': 15, 'subsample': 0.6}",2.23285246368607,0.969520697820667,0.296988487243652
LightGBM,Baseline,7,"{'colsample_bytree': 0.8, 'learning_rate': 0.05, 'max_depth': 9, 'min_child_samples': 50, 'n_estimators': 1000, 'num_leaves': 15, 'subsample': 0.8}",2.23285919536409,0.969520514040358,0.271533727645874
LightGBM,Baseline,7,"{'colsample_bytree': 0.8, 'learning_rate': 0.05, 'max_depth': 9, 'min_child_samples': 50, 'n_estimators': 1000, 'num_leaves': 31, 'subsample': 0.6}",2.23281616358921,0.969521688833415,0.279880523681641
LightGBM,Baseline,7,"{'colsample_bytree': 0.8, 'learning_rate': 0.05, 'max_depth': 9, 'min_child_samples': 50, 'n_estimators': 1000, 'num_leaves': 31, 'subsample': 0.8}",2.23276434120121,0.969523103585389,0.284876823425293
LightGBM,Baseline,7,"{'colsample_bytree': 0.8, 'learning_rate': 0.05, 'max_depth': 9, 'min_child_samples': 50, 'n_estimators': 1000, 'num_leaves': 62, 'subsample': 0.6}",2.23283895449882,0.969521066630843,0.271775007247925
LightGBM,Baseline,7,"{'colsample_bytree': 0.8, 'learning_rate': 0.05, 'max_depth': 9, 'min_child_samples': 50, 'n_estimators': 1000, 'num_leaves': 62, 'subsample': 0.8}",2.23278480154908,0.969522545021506,0.271498918533325
LightGBM,Baseline,7,"{'colsample_bytree': 0.8, 'learning_rate': 0.05, 'max_depth': 9, 'min_child_samples': 100, 'n_estimators': 500, 'num_leaves': 15, 'subsample': 0.6}",4.31320979181882,0.886267095882349,0.269587278366089
LightGBM,Baseline,7,"{'colsample_bytree': 0.8, 'learning_rate': 0.05, 'max_depth': 9, 'min_child_samples': 100, 'n_estimators': 500, 'num_leaves': 15, 'subsample': 0.8}",4.31307921189331,0.886273982173561,0.261966466903687
LightGBM,Baseline,7,"{'colsample_bytree': 0.8, 'learning_rate': 0.05, 'max_depth': 9, 'min_child_samples': 100, 'n_estimators': 500, 'num_leaves': 31, 'subsample': 0.6}",4.31323261671877,0.88626589216208,0.266827344894409
LightGBM,Baseline,7,"{'colsample_bytree': 0.8, 'learning_rate': 0.05, 'max_depth': 9, 'min_child_samples': 100, 'n_estimators': 500, 'num_leaves': 31, 'subsample': 0.8}",4.31309879398238,0.886272949501561,0.277382135391235
LightGBM,Baseline,7,"{'colsample_bytree': 0.8, 'learning_rate': 0.05, 'max_depth': 9, 'min_child_samples': 100, 'n_estimators': 500, 'num_leaves': 62, 'subsample': 0.6}",4.31323267009148,0.886265889347347,0.316842079162598
LightGBM,Baseline,7,"{'colsample_bytree': 0.8, 'learning_rate': 0.05, 'max_depth': 9, 'min_child_samples': 100, 'n_estimators': 500, 'num_leaves': 62, 'subsample': 0.8}",4.31307656442075,0.88627412178909,0.317960262298584
LightGBM,Baseline,7,"{'colsample_bytree': 0.8, 'learning_rate': 0.05, 'max_depth': 9, 'min_child_samples': 100, 'n_estimators': 750, 'num_leaves': 15, 'subsample': 0.6}",3.76307343982748,0.913429415059172,0.347455501556397
LightGBM,Baseline,7,"{'colsample_bytree': 0.8, 'learning_rate': 0.05, 'max_depth': 9, 'min_child_samples': 100, 'n_estimators': 750, 'num_leaves': 15, 'subsample': 0.8}",3.76308919370162,0.913428690212859,0.366397380828857
LightGBM,Baseline,7,"{'colsample_bytree': 0.8, 'learning_rate': 0.05, 'max_depth': 9, 'min_child_samples': 100, 'n_estimators': 750, 'num_leaves': 31, 'subsample': 0.6}",3.76346491084439,0.913411402316004,0.337649822235107
LightGBM,Baseline,7,"{'colsample_bytree': 0.8, 'learning_rate': 0.05, 'max_depth': 9, 'min_child_samples': 100, 'n_estimators': 750, 'num_leaves': 31, 'subsample': 0.8}",3.7629414142622,0.913435489524683,0.384132146835327
LightGBM,Baseline,7,"{'colsample_bytree': 0.8, 'learning_rate': 0.05, 'max_depth': 9, 'min_child_samples': 100, 'n_estimators': 750, 'num_leaves': 62, 'subsample': 0.6}",3.76300481382112,0.913432572552341,0.370382785797119
LightGBM,Baseline,7,"{'colsample_bytree': 0.8, 'learning_rate': 0.05, 'max_depth': 9, 'min_child_samples': 100, 'n_estimators': 750, 'num_leaves': 62, 'subsample': 0.8}",3.76298482240335,0.913433492349735,0.330066680908203
LightGBM,Baseline,7,"{'colsample_bytree': 0.8, 'learning_rate': 0.05, 'max_depth': 9, 'min_child_samples': 100, 'n_estimators': 1000, 'num_leaves': 15, 'subsample': 0.6}",3.46306601381411,0.92668269304216,0.401139974594116
LightGBM,Baseline,7,"{'colsample_bytree': 0.8, 'learning_rate': 0.05, 'max_depth': 9, 'min_child_samples': 100, 'n_estimators': 1000, 'num_leaves': 15, 'subsample': 0.8}",3.46310126221662,0.926681200531715,0.407433032989502
LightGBM,Baseline,7,"{'colsample_bytree': 0.8, 'learning_rate': 0.05, 'max_depth': 9, 'min_child_samples': 100, 'n_estimators': 1000, 'num_leaves': 31, 'subsample': 0.6}",3.46291741342576,0.926688985008003,0.40212345123291
LightGBM,Baseline,7,"{'colsample_bytree': 0.8, 'learning_rate': 0.05, 'max_depth': 9, 'min_child_samples': 100, 'n_estimators': 1000, 'num_leaves': 31, 'subsample': 0.8}",3.46331443711255,0.926672173819924,0.438310861587524
LightGBM,Baseline,7,"{'colsample_bytree': 0.8, 'learning_rate': 0.05, 'max_depth': 9, 'min_child_samples': 100, 'n_estimators': 1000, 'num_leaves': 62, 'subsample': 0.6}",3.46298127952539,0.926686280853555,0.528888940811157
LightGBM,Baseline,7,"{'colsample_bytree': 0.8, 'learning_rate': 0.05, 'max_depth': 9, 'min_child_samples': 100, 'n_estimators': 1000, 'num_leaves': 62, 'subsample': 0.8}",3.46316400478386,0.926678543808143,0.495805025100708
LightGBM,Baseline,8,"{'colsample_bytree': 0.6, 'learning_rate': 0.01, 'max_depth': 3, 'min_child_samples': 50, 'n_estimators': 500, 'num_leaves': 15, 'subsample': 0.6}",4.18518350165502,0.828328605358301,0.148465633392334
LightGBM,Baseline,8,"{'colsample_bytree': 0.6, 'learning_rate': 0.01, 'max_depth': 3, 'min_child_samples': 50, 'n_estimators': 500, 'num_leaves': 15, 'subsample': 0.8}",4.18518350180178,0.828328605346261,0.144759893417358
LightGBM,Baseline,8,"{'colsample_bytree': 0.6, 'learning_rate': 0.01, 'max_depth': 3, 'min_child_samples': 50, 'n_estimators': 500, 'num_leaves': 31, 'subsample': 0.6}",4.18518350098392,0.828328605413356,0.139218807220459
LightGBM,Baseline,8,"{'colsample_bytree': 0.6, 'learning_rate': 0.01, 'max_depth': 3, 'min_child_samples': 50, 'n_estimators': 500, 'num_leaves': 31, 'subsample': 0.8}",4.18518350256662,0.828328605283516,0.147757053375244
LightGBM,Baseline,8,"{'colsample_bytree': 0.6, 'learning_rate': 0.01, 'max_depth': 3, 'min_child_samples': 50, 'n_estimators': 500, 'num_leaves': 62, 'subsample': 0.6}",4.18518350127505,0.828328605389473,0.148736715316772
LightGBM,Baseline,8,"{'colsample_bytree': 0.6, 'learning_rate': 0.01, 'max_depth': 3, 'min_child_samples': 50, 'n_estimators': 500, 'num_leaves': 62, 'subsample': 0.8}",4.18518350163243,0.828328605360154,0.14189887046814
LightGBM,Baseline,8,"{'colsample_bytree': 0.6, 'learning_rate': 0.01, 'max_depth': 3, 'min_child_samples': 50, 'n_estimators': 750, 'num_leaves': 15, 'subsample': 0.6}",4.18518350212227,0.828328605319969,0.139965057373047
LightGBM,Baseline,8,"{'colsample_bytree': 0.6, 'learning_rate': 0.01, 'max_depth': 3, 'min_child_samples': 50, 'n_estimators': 750, 'num_leaves': 15, 'subsample': 0.8}",4.18518350297195,0.828328605250263,0.173062086105347
LightGBM,Baseline,8,"{'colsample_bytree': 0.6, 'learning_rate': 0.01, 'max_depth': 3, 'min_child_samples': 50, 'n_estimators': 750, 'num_leaves': 31, 'subsample': 0.6}",4.18518350253843,0.828328605285828,0.157527208328247
LightGBM,Baseline,8,"{'colsample_bytree': 0.6, 'learning_rate': 0.01, 'max_depth': 3, 'min_child_samples': 50, 'n_estimators': 750, 'num_leaves': 31, 'subsample': 0.8}",4.18518350221479,0.828328605312379,0.142138719558716
LightGBM,Baseline,8,"{'colsample_bytree': 0.6, 'learning_rate': 0.01, 'max_depth': 3, 'min_child_samples': 50, 'n_estimators': 750, 'num_leaves': 62, 'subsample': 0.6}",4.18518350211006,0.82832860532097,0.155334949493408
LightGBM,Baseline,8,"{'colsample_bytree': 0.6, 'learning_rate': 0.01, 'max_depth': 3, 'min_child_samples': 50, 'n_estimators': 750, 'num_leaves': 62, 'subsample': 0.8}",4.18518350188959,0.828328605339057,0.183218240737915
LightGBM,Baseline,8,"{'colsample_bytree': 0.6, 'learning_rate': 0.01, 'max_depth': 3, 'min_child_samples': 50, 'n_estimators': 1000, 'num_leaves': 15, 'subsample': 0.6}",4.18518350191164,0.828328605337248,0.162253618240356
LightGBM,Baseline,8,"{'colsample_bytree': 0.6, 'learning_rate': 0.01, 'max_depth': 3, 'min_child_samples': 50, 'n_estimators': 1000, 'num_leaves': 15, 'subsample': 0.8}",4.18518350221047,0.828328605312733,0.15214467048645
LightGBM,Baseline,8,"{'colsample_bytree': 0.6, 'learning_rate': 0.01, 'max_depth': 3, 'min_child_samples': 50, 'n_estimators': 1000, 'num_leaves': 31, 'subsample': 0.6}",4.18518350157579,0.8283286053648,0.15190863609314
LightGBM,Baseline,8,"{'colsample_bytree': 0.6, 'learning_rate': 0.01, 'max_depth': 3, 'min_child_samples': 50, 'n_estimators': 1000, 'num_leaves': 31, 'subsample': 0.8}",4.18518350205227,0.828328605325711,0.150892972946167
LightGBM,Baseline,8,"{'colsample_bytree': 0.6, 'learning_rate': 0.01, 'max_depth': 3, 'min_child_samples': 50, 'n_estimators': 1000, 'num_leaves': 62, 'subsample': 0.6}",4.18518350173364,0.828328605351851,0.154019594192505
LightGBM,Baseline,8,"{'colsample_bytree': 0.6, 'learning_rate': 0.01, 'max_depth': 3, 'min_child_samples': 50, 'n_estimators': 1000, 'num_leaves': 62, 'subsample': 0.8}",4.18518350141605,0.828328605377905,0.152139902114868
LightGBM,Baseline,8,"{'colsample_bytree': 0.6, 'learning_rate': 0.01, 'max_depth': 3, 'min_child_samples': 100, 'n_estimators': 500, 'num_leaves': 15, 'subsample': 0.6}",4.29915658502416,0.818851203580689,0.228212118148804
LightGBM,Baseline,8,"{'colsample_bytree': 0.6, 'learning_rate': 0.01, 'max_depth': 3, 'min_child_samples': 100, 'n_estimators': 500, 'num_leaves': 15, 'subsample': 0.8}",4.29915658411144,0.818851203657606,0.228603839874268
LightGBM,Baseline,8,"{'colsample_bytree': 0.6, 'learning_rate': 0.01, 'max_depth': 3, 'min_child_samples': 100, 'n_estimators': 500, 'num_leaves': 31, 'subsample': 0.6}",4.29920443570461,0.818847171096066,0.235202312469482
LightGBM,Baseline,8,"{'colsample_bytree': 0.6, 'learning_rate': 0.01, 'max_depth': 3, 'min_child_samples': 100, 'n_estimators': 500, 'num_leaves': 31, 'subsample': 0.8}",4.29920443615101,0.818847171058446,0.23729681968689
LightGBM,Baseline,8,"{'colsample_bytree': 0.6, 'learning_rate': 0.01, 'max_depth': 3, 'min_child_samples': 100, 'n_estimators': 500, 'num_leaves': 62, 'subsample': 0.6}",4.29920443630948,0.818847171045092,0.262835741043091
LightGBM,Baseline,8,"{'colsample_bytree': 0.6, 'learning_rate': 0.01, 'max_depth': 3, 'min_child_samples': 100, 'n_estimators': 500, 'num_leaves': 62, 'subsample': 0.8}",4.29915658606053,0.818851203493352,0.282154321670532
LightGBM,Baseline,8,"{'colsample_bytree': 0.6, 'learning_rate': 0.01, 'max_depth': 3, 'min_child_samples': 100, 'n_estimators': 750, 'num_leaves': 15, 'subsample': 0.6}",4.15228666453249,0.831016779279414,0.338737010955811
LightGBM,Baseline,8,"{'colsample_bytree': 0.6, 'learning_rate': 0.01, 'max_depth': 3, 'min_child_samples': 100, 'n_estimators': 750, 'num_leaves': 15, 'subsample': 0.8}",4.1523139522945,0.831014558243424,0.360795736312866
LightGBM,Baseline,8,"{'colsample_bytree': 0.6, 'learning_rate': 0.01, 'max_depth': 3, 'min_child_samples': 100, 'n_estimators': 750, 'num_leaves': 31, 'subsample': 0.6}",4.15228666353523,0.831016779360584,0.349783897399902
LightGBM,Baseline,8,"{'colsample_bytree': 0.6, 'learning_rate': 0.01, 'max_depth': 3, 'min_child_samples': 100, 'n_estimators': 750, 'num_leaves': 31, 'subsample': 0.8}",4.15237135261877,0.831009886204503,0.334216833114624
LightGBM,Baseline,8,"{'colsample_bytree': 0.6, 'learning_rate': 0.01, 'max_depth': 3, 'min_child_samples': 100, 'n_estimators': 750, 'num_leaves': 62, 'subsample': 0.6}",4.15234447136678,0.83101207418373,0.270573854446411
LightGBM,Baseline,8,"{'colsample_bytree': 0.6, 'learning_rate': 0.01, 'max_depth': 3, 'min_child_samples': 100, 'n_estimators': 750, 'num_leaves': 62, 'subsample': 0.8}",4.15228666338843,0.831016779372533,0.266409873962402
LightGBM,Baseline,8,"{'colsample_bytree': 0.6, 'learning_rate': 0.01, 'max_depth': 3, 'min_child_samples': 100, 'n_estimators': 1000, 'num_leaves': 15, 'subsample': 0.6}",4.13598918648156,0.832340674236111,0.326597929000855
LightGBM,Baseline,8,"{'colsample_bytree': 0.6, 'learning_rate': 0.01, 'max_depth': 3, 'min_child_samples': 100, 'n_estimators': 1000, 'num_leaves': 15, 'subsample': 0.8}",4.13598310960714,0.832341166908541,0.320714473724365
LightGBM,Baseline,8,"{'colsample_bytree': 0.6, 'learning_rate': 0.01, 'max_depth': 3, 'min_child_samples': 100, 'n_estimators': 1000, 'num_leaves': 31, 'subsample': 0.6}",4.13602041071666,0.832338142772063,0.323148965835571
LightGBM,Baseline,8,"{'colsample_bytree': 0.6, 'learning_rate': 0.01, 'max_depth': 3, 'min_child_samples': 100, 'n_estimators': 1000, 'num_leaves': 31, 'subsample': 0.8}",4.13602041032676,0.832338142803673,0.333014011383057
LightGBM,Baseline,8,"{'colsample_bytree': 0.6, 'learning_rate': 0.01, 'max_depth': 3, 'min_child_samples': 100, 'n_estimators': 1000, 'num_leaves': 62, 'subsample': 0.6}",4.13593390085886,0.832345156398834,0.337089776992798
LightGBM,Baseline,8,"{'colsample_bytree': 0.6, 'learning_rate': 0.01, 'max_depth': 3, 'min_child_samples': 100, 'n_estimators': 1000, 'num_leaves': 62, 'subsample': 0.8}",4.13598918605376,0.832340674270794,0.341456174850464
LightGBM,Baseline,8,"{'colsample_bytree': 0.6, 'learning_rate': 0.01, 'max_depth': 5, 'min_child_samples': 50, 'n_estimators': 500, 'num_leaves': 15, 'subsample': 0.6}",4.16578315214737,0.829916476404224,0.19271183013916
LightGBM,Baseline,8,"{'colsample_bytree': 0.6, 'learning_rate': 0.01, 'max_depth': 5, 'min_child_samples': 50, 'n_estimators': 500, 'num_leaves': 15, 'subsample': 0.8}",4.16578315154227,0.829916476453634,0.193987369537354
LightGBM,Baseline,8,"{'colsample_bytree': 0.6, 'learning_rate': 0.01, 'max_depth': 5, 'min_child_samples': 50, 'n_estimators': 500, 'num_leaves': 31, 'subsample': 0.6}",4.16578315212885,0.829916476405736,0.205865144729614
LightGBM,Baseline,8,"{'colsample_bytree': 0.6, 'learning_rate': 0.01, 'max_depth': 5, 'min_child_samples': 50, 'n_estimators': 500, 'num_leaves': 31, 'subsample': 0.8}",4.16578315111756,0.829916476488315,0.195823669433594
LightGBM,Baseline,8,"{'colsample_bytree': 0.6, 'learning_rate': 0.01, 'max_depth': 5, 'min_child_samples': 50, 'n_estimators': 500, 'num_leaves': 62, 'subsample': 0.6}",4.16578315130467,0.829916476473036,0.198461532592773
LightGBM,Baseline,8,"{'colsample_bytree': 0.6, 'learning_rate': 0.01, 'max_depth': 5, 'min_child_samples': 50, 'n_estimators': 500, 'num_leaves': 62, 'subsample': 0.8}",4.16578315158355,0.829916476450264,0.193563222885132
LightGBM,Baseline,8,"{'colsample_bytree': 0.6, 'learning_rate': 0.01, 'max_depth': 5, 'min_child_samples': 50, 'n_estimators': 750, 'num_leaves': 15, 'subsample': 0.6}",4.16578315099215,0.829916476498556,0.197628974914551
LightGBM,Baseline,8,"{'colsample_bytree': 0.6, 'learning_rate': 0.01, 'max_depth': 5, 'min_child_samples': 50, 'n_estimators': 750, 'num_leaves': 15, 'subsample': 0.8}",4.16578315185172,0.829916476428366,0.198710680007935
LightGBM,Baseline,8,"{'colsample_bytree': 0.6, 'learning_rate': 0.01, 'max_depth': 5, 'min_child_samples': 50, 'n_estimators': 750, 'num_leaves': 31, 'subsample': 0.6}",4.16578315245948,0.829916476378738,0.208749532699585
LightGBM,Baseline,8,"{'colsample_bytree': 0.6, 'learning_rate': 0.01, 'max_depth': 5, 'min_child_samples': 50, 'n_estimators': 750, 'num_leaves': 31, 'subsample': 0.8}",4.16578315131206,0.829916476472433,0.195291757583618
LightGBM,Baseline,8,"{'colsample_bytree': 0.6, 'learning_rate': 0.01, 'max_depth': 5, 'min_child_samples': 50, 'n_estimators': 750, 'num_leaves': 62, 'subsample': 0.6}",4.16578315113663,0.829916476486758,0.194689989089966
LightGBM,Baseline,8,"{'colsample_bytree': 0.6, 'learning_rate': 0.01, 'max_depth': 5, 'min_child_samples': 50, 'n_estimators': 750, 'num_leaves': 62, 'subsample': 0.8}",4.16578315182406,0.829916476430625,0.199825286865234
LightGBM,Baseline,8,"{'colsample_bytree': 0.6, 'learning_rate': 0.01, 'max_depth': 5, 'min_child_samples': 50, 'n_estimators': 1000, 'num_leaves': 15, 'subsample': 0.6}",4.16578315106578,0.829916476492543,0.203164100646973
LightGBM,Baseline,8,"{'colsample_bytree': 0.6, 'learning_rate': 0.01, 'max_depth': 5, 'min_child_samples': 50, 'n_estimators': 1000, 'num_leaves': 15, 'subsample': 0.8}",4.16578315203583,0.829916476413331,0.191399574279785
LightGBM,Baseline,8,"{'colsample_bytree': 0.6, 'learning_rate': 0.01, 'max_depth': 5, 'min_child_samples': 50, 'n_estimators': 1000, 'num_leaves': 31, 'subsample': 0.6}",4.16578315146909,0.82991647645961,0.19957709312439
LightGBM,Baseline,8,"{'colsample_bytree': 0.6, 'learning_rate': 0.01, 'max_depth': 5, 'min_child_samples': 50, 'n_estimators': 1000, 'num_leaves': 31, 'subsample': 0.8}",4.16578315148372,0.829916476458415,0.197437286376953
LightGBM,Baseline,8,"{'colsample_bytree': 0.6, 'learning_rate': 0.01, 'max_depth': 5, 'min_child_samples': 50, 'n_estimators': 1000, 'num_leaves': 62, 'subsample': 0.6}",4.16578315087568,0.829916476508066,0.198715448379517
LightGBM,Baseline,8,"{'colsample_bytree': 0.6, 'learning_rate': 0.01, 'max_depth': 5, 'min_child_samples': 50, 'n_estimators': 1000, 'num_leaves': 62, 'subsample': 0.8}",4.16578315089495,0.829916476506493,0.200522899627686
LightGBM,Baseline,8,"{'colsample_bytree': 0.6, 'learning_rate': 0.01, 'max_depth': 5, 'min_child_samples': 100, 'n_estimators': 500, 'num_leaves': 15, 'subsample': 0.6}",4.27838813480119,0.820597170484267,0.28290581703186
LightGBM,Baseline,8,"{'colsample_bytree': 0.6, 'learning_rate': 0.01, 'max_depth': 5, 'min_child_samples': 100, 'n_estimators': 500, 'num_leaves': 15, 'subsample': 0.8}",4.27831950822028,0.820602925784471,0.274872303009033
LightGBM,Baseline,8,"{'colsample_bytree': 0.6, 'learning_rate': 0.01, 'max_depth': 5, 'min_child_samples': 100, 'n_estimators': 500, 'num_leaves': 31, 'subsample': 0.6}",4.2783881341896,0.820597170535558,0.273043632507324
LightGBM,Baseline,8,"{'colsample_bytree': 0.6, 'learning_rate': 0.01, 'max_depth': 5, 'min_child_samples': 100, 'n_estimators': 500, 'num_leaves': 31, 'subsample': 0.8}",4.27838813377356,0.820597170570449,0.283504962921143
LightGBM,Baseline,8,"{'colsample_bytree': 0.6, 'learning_rate': 0.01, 'max_depth': 5, 'min_child_samples': 100, 'n_estimators': 500, 'num_leaves': 62, 'subsample': 0.6}",4.27838813398031,0.82059717055311,0.273959875106812
LightGBM,Baseline,8,"{'colsample_bytree': 0.6, 'learning_rate': 0.01, 'max_depth': 5, 'min_child_samples': 100, 'n_estimators': 500, 'num_leaves': 62, 'subsample': 0.8}",4.27838813336608,0.820597170604623,0.278602600097656
LightGBM,Baseline,8,"{'colsample_bytree': 0.6, 'learning_rate': 0.01, 'max_depth': 5, 'min_child_samples': 100, 'n_estimators': 750, 'num_leaves': 15, 'subsample': 0.6}",4.08841309255695,0.836175644967093,0.416070938110352
LightGBM,Baseline,8,"{'colsample_bytree': 0.6, 'learning_rate': 0.01, 'max_depth': 5, 'min_child_samples': 100, 'n_estimators': 750, 'num_leaves': 15, 'subsample': 0.8}",4.08835872515557,0.836180001985352,0.342170000076294
LightGBM,Baseline,8,"{'colsample_bytree': 0.6, 'learning_rate': 0.01, 'max_depth': 5, 'min_child_samples': 100, 'n_estimators': 750, 'num_leaves': 31, 'subsample': 0.6}",4.08838712259411,0.836177726214171,0.35922122001648
LightGBM,Baseline,8,"{'colsample_bytree': 0.6, 'learning_rate': 0.01, 'max_depth': 5, 'min_child_samples': 100, 'n_estimators': 750, 'num_leaves': 31, 'subsample': 0.8}",4.08850450137195,0.836168319309324,0.428175449371338
LightGBM,Baseline,8,"{'colsample_bytree': 0.6, 'learning_rate': 0.01, 'max_depth': 5, 'min_child_samples': 100, 'n_estimators': 750, 'num_leaves': 62, 'subsample': 0.6}",4.08856266529608,0.836163657868338,0.423811912536621
LightGBM,Baseline,8,"{'colsample_bytree': 0.6, 'learning_rate': 0.01, 'max_depth': 5, 'min_child_samples': 100, 'n_estimators': 750, 'num_leaves': 62, 'subsample': 0.8}",4.08832904780215,0.836182380312039,0.344094753265381
LightGBM,Baseline,8,"{'colsample_bytree': 0.6, 'learning_rate': 0.01, 'max_depth': 5, 'min_child_samples': 100, 'n_estimators': 1000, 'num_leaves': 15, 'subsample': 0.6}",4.05596602210305,0.838765660683427,0.400178909301758
LightGBM,Baseline,8,"{'colsample_bytree': 0.6, 'learning_rate': 0.01, 'max_depth': 5, 'min_child_samples': 100, 'n_estimators': 1000, 'num_leaves': 15, 'subsample': 0.8}",4.0558542624529,0.838774545987198,0.405272245407105
LightGBM,Baseline,8,"{'colsample_bytree': 0.6, 'learning_rate': 0.01, 'max_depth': 5, 'min_child_samples': 100, 'n_estimators': 1000, 'num_leaves': 31, 'subsample': 0.6}",4.05578627891365,0.838779950809172,0.50238847732544
LightGBM,Baseline,8,"{'colsample_bytree': 0.6, 'learning_rate': 0.01, 'max_depth': 5, 'min_child_samples': 100, 'n_estimators': 1000, 'num_leaves': 31, 'subsample': 0.8}",4.05576861857896,0.838781354824883,0.486603260040283
LightGBM,Baseline,8,"{'colsample_bytree': 0.6, 'learning_rate': 0.01, 'max_depth': 5, 'min_child_samples': 100, 'n_estimators': 1000, 'num_leaves': 62, 'subsample': 0.6}",4.05700408534889,0.838683119134116,0.401127338409424
LightGBM,Baseline,8,"{'colsample_bytree': 0.6, 'learning_rate': 0.01, 'max_depth': 5, 'min_child_samples': 100, 'n_estimators': 1000, 'num_leaves': 62, 'subsample': 0.8}",4.05699304282107,0.838683997291339,0.400975942611694
LightGBM,Baseline,8,"{'colsample_bytree': 0.6, 'learning_rate': 0.01, 'max_depth': 9, 'min_child_samples': 50, 'n_estimators': 500, 'num_leaves': 15, 'subsample': 0.6}",4.16120909060324,0.830289777349718,0.216692447662354
LightGBM,Baseline,8,"{'colsample_bytree': 0.6, 'learning_rate': 0.01, 'max_depth': 9, 'min_child_samples': 50, 'n_estimators': 500, 'num_leaves': 15, 'subsample': 0.8}",4.16120909003305,0.830289777396226,0.210229635238647
LightGBM,Baseline,8,"{'colsample_bytree': 0.6, 'learning_rate': 0.01, 'max_depth': 9, 'min_child_samples': 50, 'n_estimators': 500, 'num_leaves': 31, 'subsample': 0.6}",4.16120909116137,0.830289777304192,0.21385931968689
LightGBM,Baseline,8,"{'colsample_bytree': 0.6, 'learning_rate': 0.01, 'max_depth': 9, 'min_child_samples': 50, 'n_estimators': 500, 'num_leaves': 31, 'subsample': 0.8}",4.16120909051531,0.83028977735689,0.210760831832886
LightGBM,Baseline,8,"{'colsample_bytree': 0.6, 'learning_rate': 0.01, 'max_depth': 9, 'min_child_samples': 50, 'n_estimators': 500, 'num_leaves': 62, 'subsample': 0.6}",4.16120909086184,0.830289777328624,0.23534083366394
LightGBM,Baseline,8,"{'colsample_bytree': 0.6, 'learning_rate': 0.01, 'max_depth': 9, 'min_child_samples': 50, 'n_estimators': 500, 'num_leaves': 62, 'subsample': 0.8}",4.16120909157608,0.830289777270365,0.235766887664795
LightGBM,Baseline,8,"{'colsample_bytree': 0.6, 'learning_rate': 0.01, 'max_depth': 9, 'min_child_samples': 50, 'n_estimators': 750, 'num_leaves': 15, 'subsample': 0.6}",4.16120908924923,0.830289777460161,0.25625467300415
LightGBM,Baseline,8,"{'colsample_bytree': 0.6, 'learning_rate': 0.01, 'max_depth': 9, 'min_child_samples': 50, 'n_estimators': 750, 'num_leaves': 15, 'subsample': 0.8}",4.16120909121642,0.830289777299702,0.301939487457275
LightGBM,Baseline,8,"{'colsample_bytree': 0.6, 'learning_rate': 0.01, 'max_depth': 9, 'min_child_samples': 50, 'n_estimators': 750, 'num_leaves': 31, 'subsample': 0.6}",4.16120909053941,0.830289777354924,0.259506940841675
LightGBM,Baseline,8,"{'colsample_bytree': 0.6, 'learning_rate': 0.01, 'max_depth': 9, 'min_child_samples': 50, 'n_estimators': 750, 'num_leaves': 31, 'subsample': 0.8}",4.16120909032997,0.830289777372007,0.258160591125488
LightGBM,Baseline,8,"{'colsample_bytree': 0.6, 'learning_rate': 0.01, 'max_depth': 9, 'min_child_samples': 50, 'n_estimators': 750, 'num_leaves': 62, 'subsample': 0.6}",4.16120909096246,0.830289777320417,0.258289098739624
LightGBM,Baseline,8,"{'colsample_bytree': 0.6, 'learning_rate': 0.01, 'max_depth': 9, 'min_child_samples': 50, 'n_estimators': 750, 'num_leaves': 62, 'subsample': 0.8}",4.16120909018068,0.830289777384185,0.232469320297241
LightGBM,Baseline,8,"{'colsample_bytree': 0.6, 'learning_rate': 0.01, 'max_depth': 9, 'min_child_samples': 50, 'n_estimators': 1000, 'num_leaves': 15, 'subsample': 0.6}",4.16120909043561,0.830289777363391,0.224941968917847
LightGBM,Baseline,8,"{'colsample_bytree': 0.6, 'learning_rate': 0.01, 'max_depth': 9, 'min_child_samples': 50, 'n_estimators': 1000, 'num_leaves': 15, 'subsample': 0.8}",4.1612090905422,0.830289777354697,0.216429710388184
LightGBM,Baseline,8,"{'colsample_bytree': 0.6, 'learning_rate': 0.01, 'max_depth': 9, 'min_child_samples': 50, 'n_estimators': 1000, 'num_leaves': 31, 'subsample': 0.6}",4.16120909075134,0.830289777337638,0.215590000152588
LightGBM,Baseline,8,"{'colsample_bytree': 0.6, 'learning_rate': 0.01, 'max_depth': 9, 'min_child_samples': 50, 'n_estimators': 1000, 'num_leaves': 31, 'subsample': 0.8}",4.16120908984484,0.830289777411579,0.227013349533081
LightGBM,Baseline,8,"{'colsample_bytree': 0.6, 'learning_rate': 0.01, 'max_depth': 9, 'min_child_samples': 50, 'n_estimators': 1000, 'num_leaves': 62, 'subsample': 0.6}",4.16120909258721,0.83028977718789,0.225602626800537
LightGBM,Baseline,8,"{'colsample_bytree': 0.6, 'learning_rate': 0.01, 'max_depth': 9, 'min_child_samples': 50, 'n_estimators': 1000, 'num_leaves': 62, 'subsample': 0.8}",4.16120909158362,0.83028977726975,0.234696865081787
LightGBM,Baseline,8,"{'colsample_bytree': 0.6, 'learning_rate': 0.01, 'max_depth': 9, 'min_child_samples': 100, 'n_estimators': 500, 'num_leaves': 15, 'subsample': 0.6}",4.27809544287812,0.820621716159591,0.278794765472412
LightGBM,Baseline,8,"{'colsample_bytree': 0.6, 'learning_rate': 0.01, 'max_depth': 9, 'min_child_samples': 100, 'n_estimators': 500, 'num_leaves': 15, 'subsample': 0.8}",4.27809544379349,0.82062171608283,0.296440601348877
LightGBM,Baseline,8,"{'colsample_bytree': 0.6, 'learning_rate': 0.01, 'max_depth': 9, 'min_child_samples': 100, 'n_estimators': 500, 'num_leaves': 31, 'subsample': 0.6}",4.27816824700559,0.820615610830367,0.343146800994873
LightGBM,Baseline,8,"{'colsample_bytree': 0.6, 'learning_rate': 0.01, 'max_depth': 9, 'min_child_samples': 100, 'n_estimators': 500, 'num_leaves': 31, 'subsample': 0.8}",4.27809544526,0.820621715959849,0.315012693405151
LightGBM,Baseline,8,"{'colsample_bytree': 0.6, 'learning_rate': 0.01, 'max_depth': 9, 'min_child_samples': 100, 'n_estimators': 500, 'num_leaves': 62, 'subsample': 0.6}",4.27809544432802,0.820621716038004,0.324555158615112
LightGBM,Baseline,8,"{'colsample_bytree': 0.6, 'learning_rate': 0.01, 'max_depth': 9, 'min_child_samples': 100, 'n_estimators': 500, 'num_leaves': 62, 'subsample': 0.8}",4.27809544490406,0.820621715989698,0.31593656539917
LightGBM,Baseline,8,"{'colsample_bytree': 0.6, 'learning_rate': 0.01, 'max_depth': 9, 'min_child_samples': 100, 'n_estimators': 750, 'num_leaves': 15, 'subsample': 0.6}",4.09673048886726,0.835508404122296,0.352804899215698
LightGBM,Baseline,8,"{'colsample_bytree': 0.6, 'learning_rate': 0.01, 'max_depth': 9, 'min_child_samples': 100, 'n_estimators': 750, 'num_leaves': 15, 'subsample': 0.8}",4.09673048825925,0.83550840417112,0.340759992599487
LightGBM,Baseline,8,"{'colsample_bytree': 0.6, 'learning_rate': 0.01, 'max_depth': 9, 'min_child_samples': 100, 'n_estimators': 750, 'num_leaves': 31, 'subsample': 0.6}",4.09660638457438,0.835518370022683,0.340971946716309
LightGBM,Baseline,8,"{'colsample_bytree': 0.6, 'learning_rate': 0.01, 'max_depth': 9, 'min_child_samples': 100, 'n_estimators': 750, 'num_leaves': 31, 'subsample': 0.8}",4.09654969075396,0.835522922584775,0.36102032661438
LightGBM,Baseline,8,"{'colsample_bytree': 0.6, 'learning_rate': 0.01, 'max_depth': 9, 'min_child_samples': 100, 'n_estimators': 750, 'num_leaves': 62, 'subsample': 0.6}",4.09663748851493,0.835515872322986,0.341724634170532
LightGBM,Baseline,8,"{'colsample_bytree': 0.6, 'learning_rate': 0.01, 'max_depth': 9, 'min_child_samples': 100, 'n_estimators': 750, 'num_leaves': 62, 'subsample': 0.8}",4.09660638328753,0.835518370126019,0.418106079101563
LightGBM,Baseline,8,"{'colsample_bytree': 0.6, 'learning_rate': 0.01, 'max_depth': 9, 'min_child_samples': 100, 'n_estimators': 1000, 'num_leaves': 15, 'subsample': 0.6}",4.06619653028526,0.837951260598862,0.472408771514893
LightGBM,Baseline,8,"{'colsample_bytree': 0.6, 'learning_rate': 0.01, 'max_depth': 9, 'min_child_samples': 100, 'n_estimators': 1000, 'num_leaves': 15, 'subsample': 0.8}",4.06601630670869,0.837965625057618,0.419840335845947
LightGBM,Baseline,8,"{'colsample_bytree': 0.6, 'learning_rate': 0.01, 'max_depth': 9, 'min_child_samples': 100, 'n_estimators': 1000, 'num_leaves': 31, 'subsample': 0.6}",4.06608528038161,0.83796012768627,0.371137619018555
LightGBM,Baseline,8,"{'colsample_bytree': 0.6, 'learning_rate': 0.01, 'max_depth': 9, 'min_child_samples': 100, 'n_estimators': 1000, 'num_leaves': 31, 'subsample': 0.8}",4.06610782334496,0.837958330936435,0.371814012527466
LightGBM,Baseline,8,"{'colsample_bytree': 0.6, 'learning_rate': 0.01, 'max_depth': 9, 'min_child_samples': 100, 'n_estimators': 1000, 'num_leaves': 62, 'subsample': 0.6}",4.06608528014279,0.837960127705305,0.386078596115112
LightGBM,Baseline,8,"{'colsample_bytree': 0.6, 'learning_rate': 0.01, 'max_depth': 9, 'min_child_samples': 100, 'n_estimators': 1000, 'num_leaves': 62, 'subsample': 0.8}",4.06614740042635,0.837955176486128,0.374889373779297
LightGBM,Baseline,8,"{'colsample_bytree': 0.6, 'learning_rate': 0.05, 'max_depth': 3, 'min_child_samples': 50, 'n_estimators': 500, 'num_leaves': 15, 'subsample': 0.6}",4.19331629620417,0.827660761416267,0.114462852478027
LightGBM,Baseline,8,"{'colsample_bytree': 0.6, 'learning_rate': 0.05, 'max_depth': 3, 'min_child_samples': 50, 'n_estimators': 500, 'num_leaves': 15, 'subsample': 0.8}",4.19331629537813,0.827660761484165,0.116335391998291
LightGBM,Baseline,8,"{'colsample_bytree': 0.6, 'learning_rate': 0.05, 'max_depth': 3, 'min_child_samples': 50, 'n_estimators': 500, 'num_leaves': 31, 'subsample': 0.6}",4.19331629436213,0.827660761567677,0.118011713027954
LightGBM,Baseline,8,"{'colsample_bytree': 0.6, 'learning_rate': 0.05, 'max_depth': 3, 'min_child_samples': 50, 'n_estimators': 500, 'num_leaves': 31, 'subsample': 0.8}",4.19331629689118,0.827660761359797,0.114187479019165
LightGBM,Baseline,8,"{'colsample_bytree': 0.6, 'learning_rate': 0.05, 'max_depth': 3, 'min_child_samples': 50, 'n_estimators': 500, 'num_leaves': 62, 'subsample': 0.6}",4.19331629637048,0.827660761402597,0.11160135269165
LightGBM,Baseline,8,"{'colsample_bytree': 0.6, 'learning_rate': 0.05, 'max_depth': 3, 'min_child_samples': 50, 'n_estimators': 500, 'num_leaves': 62, 'subsample': 0.8}",4.1933162945899,0.827660761548955,0.116947650909424
LightGBM,Baseline,8,"{'colsample_bytree': 0.6, 'learning_rate': 0.05, 'max_depth': 3, 'min_child_samples': 50, 'n_estimators': 750, 'num_leaves': 15, 'subsample': 0.6}",4.19331629641445,0.827660761398982,0.11365008354187
LightGBM,Baseline,8,"{'colsample_bytree': 0.6, 'learning_rate': 0.05, 'max_depth': 3, 'min_child_samples': 50, 'n_estimators': 750, 'num_leaves': 15, 'subsample': 0.8}",4.19331629670115,0.827660761375416,0.131068468093872
LightGBM,Baseline,8,"{'colsample_bytree': 0.6, 'learning_rate': 0.05, 'max_depth': 3, 'min_child_samples': 50, 'n_estimators': 750, 'num_leaves': 31, 'subsample': 0.6}",4.19331629469415,0.827660761540386,0.133385896682739
LightGBM,Baseline,8,"{'colsample_bytree': 0.6, 'learning_rate': 0.05, 'max_depth': 3, 'min_child_samples': 50, 'n_estimators': 750, 'num_leaves': 31, 'subsample': 0.8}",4.19331629375862,0.827660761617284,0.127967596054077
LightGBM,Baseline,8,"{'colsample_bytree': 0.6, 'learning_rate': 0.05, 'max_depth': 3, 'min_child_samples': 50, 'n_estimators': 750, 'num_leaves': 62, 'subsample': 0.6}",4.19331629533219,0.827660761487941,0.132180452346802
LightGBM,Baseline,8,"{'colsample_bytree': 0.6, 'learning_rate': 0.05, 'max_depth': 3, 'min_child_samples': 50, 'n_estimators': 750, 'num_leaves': 62, 'subsample': 0.8}",4.19331629483497,0.827660761528811,0.121507167816162
LightGBM,Baseline,8,"{'colsample_bytree': 0.6, 'learning_rate': 0.05, 'max_depth': 3, 'min_child_samples': 50, 'n_estimators': 1000, 'num_leaves': 15, 'subsample': 0.6}",4.19331629633868,0.827660761405211,0.116046667098999
LightGBM,Baseline,8,"{'colsample_bytree': 0.6, 'learning_rate': 0.05, 'max_depth': 3, 'min_child_samples': 50, 'n_estimators': 1000, 'num_leaves': 15, 'subsample': 0.8}",4.19331629535724,0.827660761485882,0.112525463104248
LightGBM,Baseline,8,"{'colsample_bytree': 0.6, 'learning_rate': 0.05, 'max_depth': 3, 'min_child_samples': 50, 'n_estimators': 1000, 'num_leaves': 31, 'subsample': 0.6}",4.19331629618995,0.827660761417436,0.107131004333496
LightGBM,Baseline,8,"{'colsample_bytree': 0.6, 'learning_rate': 0.05, 'max_depth': 3, 'min_child_samples': 50, 'n_estimators': 1000, 'num_leaves': 31, 'subsample': 0.8}",4.19331629594996,0.827660761437162,0.115227460861206
LightGBM,Baseline,8,"{'colsample_bytree': 0.6, 'learning_rate': 0.05, 'max_depth': 3, 'min_child_samples': 50, 'n_estimators': 1000, 'num_leaves': 62, 'subsample': 0.6}",4.19331629380892,0.827660761613149,0.113983392715454
LightGBM,Baseline,8,"{'colsample_bytree': 0.6, 'learning_rate': 0.05, 'max_depth': 3, 'min_child_samples': 50, 'n_estimators': 1000, 'num_leaves': 62, 'subsample': 0.8}",4.19331629646458,0.827660761394862,0.11592960357666
LightGBM,Baseline,8,"{'colsample_bytree': 0.6, 'learning_rate': 0.05, 'max_depth': 3, 'min_child_samples': 100, 'n_estimators': 500, 'num_leaves': 15, 'subsample': 0.6}",4.04137238282293,0.839923837382142,0.152801752090454
LightGBM,Baseline,8,"{'colsample_bytree': 0.6, 'learning_rate': 0.05, 'max_depth': 3, 'min_child_samples': 100, 'n_estimators': 500, 'num_leaves': 15, 'subsample': 0.8}",4.04137238185253,0.839923837459016,0.15397310256958
LightGBM,Baseline,8,"{'colsample_bytree': 0.6, 'learning_rate': 0.05, 'max_depth': 3, 'min_child_samples': 100, 'n_estimators': 500, 'num_leaves': 31, 'subsample': 0.6}",4.04137238331517,0.839923837343147,0.193333864212036
LightGBM,Baseline,8,"{'colsample_bytree': 0.6, 'learning_rate': 0.05, 'max_depth': 3, 'min_child_samples': 100, 'n_estimators': 500, 'num_leaves': 31, 'subsample': 0.8}",4.0412611719838,0.839932647240646,0.188438177108765
LightGBM,Baseline,8,"{'colsample_bytree': 0.6, 'learning_rate': 0.05, 'max_depth': 3, 'min_child_samples': 100, 'n_estimators': 500, 'num_leaves': 62, 'subsample': 0.6}",4.04137238100186,0.839923837526405,0.15255880355835
LightGBM,Baseline,8,"{'colsample_bytree': 0.6, 'learning_rate': 0.05, 'max_depth': 3, 'min_child_samples': 100, 'n_estimators': 500, 'num_leaves': 62, 'subsample': 0.8}",4.04126117463835,0.839932647030363,0.152853488922119
LightGBM,Baseline,8,"{'colsample_bytree': 0.6, 'learning_rate': 0.05, 'max_depth': 3, 'min_child_samples': 100, 'n_estimators': 750, 'num_leaves': 15, 'subsample': 0.6}",4.04137238266899,0.839923837394337,0.150773048400879
LightGBM,Baseline,8,"{'colsample_bytree': 0.6, 'learning_rate': 0.05, 'max_depth': 3, 'min_child_samples': 100, 'n_estimators': 750, 'num_leaves': 15, 'subsample': 0.8}",4.04137238426452,0.839923837267941,0.152715921401978
LightGBM,Baseline,8,"{'colsample_bytree': 0.6, 'learning_rate': 0.05, 'max_depth': 3, 'min_child_samples': 100, 'n_estimators': 750, 'num_leaves': 31, 'subsample': 0.6}",4.04137238226491,0.839923837426348,0.147162437438965
LightGBM,Baseline,8,"{'colsample_bytree': 0.6, 'learning_rate': 0.05, 'max_depth': 3, 'min_child_samples': 100, 'n_estimators': 750, 'num_leaves': 31, 'subsample': 0.8}",4.04137238593491,0.839923837135615,0.172552824020386
LightGBM,Baseline,8,"{'colsample_bytree': 0.6, 'learning_rate': 0.05, 'max_depth': 3, 'min_child_samples': 100, 'n_estimators': 750, 'num_leaves': 62, 'subsample': 0.6}",4.04126116917589,0.839932647463079,0.16984748840332
LightGBM,Baseline,8,"{'colsample_bytree': 0.6, 'learning_rate': 0.05, 'max_depth': 3, 'min_child_samples': 100, 'n_estimators': 750, 'num_leaves': 62, 'subsample': 0.8}",4.04137238374165,0.839923837309362,0.152454614639282
LightGBM,Baseline,8,"{'colsample_bytree': 0.6, 'learning_rate': 0.05, 'max_depth': 3, 'min_child_samples': 100, 'n_estimators': 1000, 'num_leaves': 15, 'subsample': 0.6}",4.04137238096582,0.83992383752926,0.198059797286987
LightGBM,Baseline,8,"{'colsample_bytree': 0.6, 'learning_rate': 0.05, 'max_depth': 3, 'min_child_samples': 100, 'n_estimators': 1000, 'num_leaves': 15, 'subsample': 0.8}",4.04126116924229,0.83993264745782,0.175481081008911
LightGBM,Baseline,8,"{'colsample_bytree': 0.6, 'learning_rate': 0.05, 'max_depth': 3, 'min_child_samples': 100, 'n_estimators': 1000, 'num_leaves': 31, 'subsample': 0.6}",4.04137238202655,0.839923837445231,0.179396152496338
LightGBM,Baseline,8,"{'colsample_bytree': 0.6, 'learning_rate': 0.05, 'max_depth': 3, 'min_child_samples': 100, 'n_estimators': 1000, 'num_leaves': 31, 'subsample': 0.8}",4.04126117060015,0.839932647350255,0.178926944732666
LightGBM,Baseline,8,"{'colsample_bytree': 0.6, 'learning_rate': 0.05, 'max_depth': 3, 'min_child_samples': 100, 'n_estimators': 1000, 'num_leaves': 62, 'subsample': 0.6}",4.04137238632356,0.839923837104826,0.184894323348999
LightGBM,Baseline,8,"{'colsample_bytree': 0.6, 'learning_rate': 0.05, 'max_depth': 3, 'min_child_samples': 100, 'n_estimators': 1000, 'num_leaves': 62, 'subsample': 0.8}",4.04137238216659,0.839923837434137,0.156842947006226
LightGBM,Baseline,8,"{'colsample_bytree': 0.6, 'learning_rate': 0.05, 'max_depth': 5, 'min_child_samples': 50, 'n_estimators': 500, 'num_leaves': 15, 'subsample': 0.6}",4.17442539657572,0.82921004112162,0.125509023666382
LightGBM,Baseline,8,"{'colsample_bytree': 0.6, 'learning_rate': 0.05, 'max_depth': 5, 'min_child_samples': 50, 'n_estimators': 500, 'num_leaves': 15, 'subsample': 0.8}",4.17442539595358,0.829210041172528,0.121858596801758
LightGBM,Baseline,8,"{'colsample_bytree': 0.6, 'learning_rate': 0.05, 'max_depth': 5, 'min_child_samples': 50, 'n_estimators': 500, 'num_leaves': 31, 'subsample': 0.6}",4.1744253955381,0.829210041206525,0.119990110397339
LightGBM,Baseline,8,"{'colsample_bytree': 0.6, 'learning_rate': 0.05, 'max_depth': 5, 'min_child_samples': 50, 'n_estimators': 500, 'num_leaves': 31, 'subsample': 0.8}",4.17442539679993,0.829210041103274,0.144002676010132
LightGBM,Baseline,8,"{'colsample_bytree': 0.6, 'learning_rate': 0.05, 'max_depth': 5, 'min_child_samples': 50, 'n_estimators': 500, 'num_leaves': 62, 'subsample': 0.6}",4.17442539638757,0.829210041137016,0.134326219558716
LightGBM,Baseline,8,"{'colsample_bytree': 0.6, 'learning_rate': 0.05, 'max_depth': 5, 'min_child_samples': 50, 'n_estimators': 500, 'num_leaves': 62, 'subsample': 0.8}",4.1744253957543,0.829210041188835,0.120316743850708
LightGBM,Baseline,8,"{'colsample_bytree': 0.6, 'learning_rate': 0.05, 'max_depth': 5, 'min_child_samples': 50, 'n_estimators': 750, 'num_leaves': 15, 'subsample': 0.6}",4.17442539410556,0.829210041323746,0.119791030883789
LightGBM,Baseline,8,"{'colsample_bytree': 0.6, 'learning_rate': 0.05, 'max_depth': 5, 'min_child_samples': 50, 'n_estimators': 750, 'num_leaves': 15, 'subsample': 0.8}",4.17442539562648,0.829210041199294,0.120944499969482
LightGBM,Baseline,8,"{'colsample_bytree': 0.6, 'learning_rate': 0.05, 'max_depth': 5, 'min_child_samples': 50, 'n_estimators': 750, 'num_leaves': 31, 'subsample': 0.6}",4.17442539387014,0.829210041343009,0.134756326675415
LightGBM,Baseline,8,"{'colsample_bytree': 0.6, 'learning_rate': 0.05, 'max_depth': 5, 'min_child_samples': 50, 'n_estimators': 750, 'num_leaves': 31, 'subsample': 0.8}",4.17442539533431,0.829210041223201,0.124052762985229
LightGBM,Baseline,8,"{'colsample_bytree': 0.6, 'learning_rate': 0.05, 'max_depth': 5, 'min_child_samples': 50, 'n_estimators': 750, 'num_leaves': 62, 'subsample': 0.6}",4.17442539441856,0.829210041298134,0.124956130981445
LightGBM,Baseline,8,"{'colsample_bytree': 0.6, 'learning_rate': 0.05, 'max_depth': 5, 'min_child_samples': 50, 'n_estimators': 750, 'num_leaves': 62, 'subsample': 0.8}",4.17442539629327,0.829210041144732,0.127747058868408
LightGBM,Baseline,8,"{'colsample_bytree': 0.6, 'learning_rate': 0.05, 'max_depth': 5, 'min_child_samples': 50, 'n_estimators': 1000, 'num_leaves': 15, 'subsample': 0.6}",4.17442539641065,0.829210041135127,0.125773668289185
LightGBM,Baseline,8,"{'colsample_bytree': 0.6, 'learning_rate': 0.05, 'max_depth': 5, 'min_child_samples': 50, 'n_estimators': 1000, 'num_leaves': 15, 'subsample': 0.8}",4.17442539528607,0.829210041227148,0.123832941055298
LightGBM,Baseline,8,"{'colsample_bytree': 0.6, 'learning_rate': 0.05, 'max_depth': 5, 'min_child_samples': 50, 'n_estimators': 1000, 'num_leaves': 31, 'subsample': 0.6}",4.17442539695887,0.829210041090269,0.127194166183472
LightGBM,Baseline,8,"{'colsample_bytree': 0.6, 'learning_rate': 0.05, 'max_depth': 5, 'min_child_samples': 50, 'n_estimators': 1000, 'num_leaves': 31, 'subsample': 0.8}",4.17442539522875,0.829210041231839,0.125956773757935
LightGBM,Baseline,8,"{'colsample_bytree': 0.6, 'learning_rate': 0.05, 'max_depth': 5, 'min_child_samples': 50, 'n_estimators': 1000, 'num_leaves': 62, 'subsample': 0.6}",4.17442539606388,0.829210041163502,0.129736423492432
LightGBM,Baseline,8,"{'colsample_bytree': 0.6, 'learning_rate': 0.05, 'max_depth': 5, 'min_child_samples': 50, 'n_estimators': 1000, 'num_leaves': 62, 'subsample': 0.8}",4.17442539846663,0.829210040966893,0.122980833053589
LightGBM,Baseline,8,"{'colsample_bytree': 0.6, 'learning_rate': 0.05, 'max_depth': 5, 'min_child_samples': 100, 'n_estimators': 500, 'num_leaves': 15, 'subsample': 0.6}",4.01355726316923,0.842119732585739,0.16918158531189
LightGBM,Baseline,8,"{'colsample_bytree': 0.6, 'learning_rate': 0.05, 'max_depth': 5, 'min_child_samples': 100, 'n_estimators': 500, 'num_leaves': 15, 'subsample': 0.8}",4.01332371099918,0.842138106414142,0.200285196304321
LightGBM,Baseline,8,"{'colsample_bytree': 0.6, 'learning_rate': 0.05, 'max_depth': 5, 'min_child_samples': 100, 'n_estimators': 500, 'num_leaves': 31, 'subsample': 0.6}",4.01355726439866,0.842119732489015,0.171693325042725
LightGBM,Baseline,8,"{'colsample_bytree': 0.6, 'learning_rate': 0.05, 'max_depth': 5, 'min_child_samples': 100, 'n_estimators': 500, 'num_leaves': 31, 'subsample': 0.8}",4.01332371300339,0.842138106256473,0.167836904525757
LightGBM,Baseline,8,"{'colsample_bytree': 0.6, 'learning_rate': 0.05, 'max_depth': 5, 'min_child_samples': 100, 'n_estimators': 500, 'num_leaves': 62, 'subsample': 0.6}",4.01355726443689,0.842119732486008,0.181940793991089
LightGBM,Baseline,8,"{'colsample_bytree': 0.6, 'learning_rate': 0.05, 'max_depth': 5, 'min_child_samples': 100, 'n_estimators': 500, 'num_leaves': 62, 'subsample': 0.8}",4.01405658872033,0.842080446461136,0.16743016242981
LightGBM,Baseline,8,"{'colsample_bytree': 0.6, 'learning_rate': 0.05, 'max_depth': 5, 'min_child_samples': 100, 'n_estimators': 750, 'num_leaves': 15, 'subsample': 0.6}",4.0135616392782,0.842119388301811,0.160003662109375
LightGBM,Baseline,8,"{'colsample_bytree': 0.6, 'learning_rate': 0.05, 'max_depth': 5, 'min_child_samples': 100, 'n_estimators': 750, 'num_leaves': 15, 'subsample': 0.8}",4.01332371359106,0.842138106210242,0.207669258117676
LightGBM,Baseline,8,"{'colsample_bytree': 0.6, 'learning_rate': 0.05, 'max_depth': 5, 'min_child_samples': 100, 'n_estimators': 750, 'num_leaves': 31, 'subsample': 0.6}",4.01355726346444,0.842119732562514,0.16595458984375
LightGBM,Baseline,8,"{'colsample_bytree': 0.6, 'learning_rate': 0.05, 'max_depth': 5, 'min_child_samples': 100, 'n_estimators': 750, 'num_leaves': 31, 'subsample': 0.8}",4.01332370935125,0.842138106543783,0.203647375106812
LightGBM,Baseline,8,"{'colsample_bytree': 0.6, 'learning_rate': 0.05, 'max_depth': 5, 'min_child_samples': 100, 'n_estimators': 750, 'num_leaves': 62, 'subsample': 0.6}",4.01381590842921,0.842099383406248,0.179726362228394
LightGBM,Baseline,8,"{'colsample_bytree': 0.6, 'learning_rate': 0.05, 'max_depth': 5, 'min_child_samples': 100, 'n_estimators': 750, 'num_leaves': 62, 'subsample': 0.8}",4.01355726437402,0.842119732490954,0.176620483398438
LightGBM,Baseline,8,"{'colsample_bytree': 0.6, 'learning_rate': 0.05, 'max_depth': 5, 'min_child_samples': 100, 'n_estimators': 1000, 'num_leaves': 15, 'subsample': 0.6}",4.01355726207708,0.842119732671663,0.167025089263916
LightGBM,Baseline,8,"{'colsample_bytree': 0.6, 'learning_rate': 0.05, 'max_depth': 5, 'min_child_samples': 100, 'n_estimators': 1000, 'num_leaves': 15, 'subsample': 0.8}",4.01379866488356,0.842100740100578,0.161355257034302
LightGBM,Baseline,8,"{'colsample_bytree': 0.6, 'learning_rate': 0.05, 'max_depth': 5, 'min_child_samples': 100, 'n_estimators': 1000, 'num_leaves': 31, 'subsample': 0.6}",4.01355726396173,0.842119732523391,0.159635305404663
LightGBM,Baseline,8,"{'colsample_bytree': 0.6, 'learning_rate': 0.05, 'max_depth': 5, 'min_child_samples': 100, 'n_estimators': 1000, 'num_leaves': 31, 'subsample': 0.8}",4.01379866474662,0.842100740111352,0.201677322387695
LightGBM,Baseline,8,"{'colsample_bytree': 0.6, 'learning_rate': 0.05, 'max_depth': 5, 'min_child_samples': 100, 'n_estimators': 1000, 'num_leaves': 62, 'subsample': 0.6}",4.01355726361303,0.842119732550824,0.209264278411865
LightGBM,Baseline,8,"{'colsample_bytree': 0.6, 'learning_rate': 0.05, 'max_depth': 5, 'min_child_samples': 100, 'n_estimators': 1000, 'num_leaves': 62, 'subsample': 0.8}",4.01355726437741,0.842119732490687,0.207064867019653
LightGBM,Baseline,8,"{'colsample_bytree': 0.6, 'learning_rate': 0.05, 'max_depth': 9, 'min_child_samples': 50, 'n_estimators': 500, 'num_leaves': 15, 'subsample': 0.6}",4.17096540526073,0.829493043844179,0.168133735656738
LightGBM,Baseline,8,"{'colsample_bytree': 0.6, 'learning_rate': 0.05, 'max_depth': 9, 'min_child_samples': 50, 'n_estimators': 500, 'num_leaves': 15, 'subsample': 0.8}",4.17096540303915,0.829493044025813,0.169501781463623
LightGBM,Baseline,8,"{'colsample_bytree': 0.6, 'learning_rate': 0.05, 'max_depth': 9, 'min_child_samples': 50, 'n_estimators': 500, 'num_leaves': 31, 'subsample': 0.6}",4.1709654076601,0.829493043648009,0.178206205368042
LightGBM,Baseline,8,"{'colsample_bytree': 0.6, 'learning_rate': 0.05, 'max_depth': 9, 'min_child_samples': 50, 'n_estimators': 500, 'num_leaves': 31, 'subsample': 0.8}",4.17096540604506,0.829493043780052,0.14777684211731
LightGBM,Baseline,8,"{'colsample_bytree': 0.6, 'learning_rate': 0.05, 'max_depth': 9, 'min_child_samples': 50, 'n_estimators': 500, 'num_leaves': 62, 'subsample': 0.6}",4.17096540457216,0.829493043900476,0.145127534866333
LightGBM,Baseline,8,"{'colsample_bytree': 0.6, 'learning_rate': 0.05, 'max_depth': 9, 'min_child_samples': 50, 'n_estimators': 500, 'num_leaves': 62, 'subsample': 0.8}",4.17096540489916,0.829493043873741,0.138058423995972
LightGBM,Baseline,8,"{'colsample_bytree': 0.6, 'learning_rate': 0.05, 'max_depth': 9, 'min_child_samples': 50, 'n_estimators': 750, 'num_leaves': 15, 'subsample': 0.6}",4.17096540563632,0.829493043813471,0.140274047851563
LightGBM,Baseline,8,"{'colsample_bytree': 0.6, 'learning_rate': 0.05, 'max_depth': 9, 'min_child_samples': 50, 'n_estimators': 750, 'num_leaves': 15, 'subsample': 0.8}",4.17096540392206,0.829493043953627,0.142258882522583
LightGBM,Baseline,8,"{'colsample_bytree': 0.6, 'learning_rate': 0.05, 'max_depth': 9, 'min_child_samples': 50, 'n_estimators': 750, 'num_leaves': 31, 'subsample': 0.6}",4.17096540460678,0.829493043897645,0.139401912689209
LightGBM,Baseline,8,"{'colsample_bytree': 0.6, 'learning_rate': 0.05, 'max_depth': 9, 'min_child_samples': 50, 'n_estimators': 750, 'num_leaves': 31, 'subsample': 0.8}",4.17096540242296,0.829493044076192,0.151036262512207
LightGBM,Baseline,8,"{'colsample_bytree': 0.6, 'learning_rate': 0.05, 'max_depth': 9, 'min_child_samples': 50, 'n_estimators': 750, 'num_leaves': 62, 'subsample': 0.6}",4.1709654063794,0.829493043752717,0.138427972793579
LightGBM,Baseline,8,"{'colsample_bytree': 0.6, 'learning_rate': 0.05, 'max_depth': 9, 'min_child_samples': 50, 'n_estimators': 750, 'num_leaves': 62, 'subsample': 0.8}",4.17096540717801,0.829493043687424,0.141300678253174
LightGBM,Baseline,8,"{'colsample_bytree': 0.6, 'learning_rate': 0.05, 'max_depth': 9, 'min_child_samples': 50, 'n_estimators': 1000, 'num_leaves': 15, 'subsample': 0.6}",4.17096540472271,0.829493043888166,0.150202989578247
LightGBM,Baseline,8,"{'colsample_bytree': 0.6, 'learning_rate': 0.05, 'max_depth': 9, 'min_child_samples': 50, 'n_estimators': 1000, 'num_leaves': 15, 'subsample': 0.8}",4.17096540381429,0.829493043962438,0.143046379089355
LightGBM,Baseline,8,"{'colsample_bytree': 0.6, 'learning_rate': 0.05, 'max_depth': 9, 'min_child_samples': 50, 'n_estimators': 1000, 'num_leaves': 31, 'subsample': 0.6}",4.17096540392412,0.829493043953459,0.148255109786987
LightGBM,Baseline,8,"{'colsample_bytree': 0.6, 'learning_rate': 0.05, 'max_depth': 9, 'min_child_samples': 50, 'n_estimators': 1000, 'num_leaves': 31, 'subsample': 0.8}",4.1709654032537,0.829493044008271,0.14712929725647
LightGBM,Baseline,8,"{'colsample_bytree': 0.6, 'learning_rate': 0.05, 'max_depth': 9, 'min_child_samples': 50, 'n_estimators': 1000, 'num_leaves': 62, 'subsample': 0.6}",4.17096540651145,0.829493043741921,0.155600547790527
LightGBM,Baseline,8,"{'colsample_bytree': 0.6, 'learning_rate': 0.05, 'max_depth': 9, 'min_child_samples': 50, 'n_estimators': 1000, 'num_leaves': 62, 'subsample': 0.8}",4.17096540797679,0.829493043622117,0.145973205566406
LightGBM,Baseline,8,"{'colsample_bytree': 0.6, 'learning_rate': 0.05, 'max_depth': 9, 'min_child_samples': 100, 'n_estimators': 500, 'num_leaves': 15, 'subsample': 0.6}",3.98905919438722,0.844041198915473,0.178205013275146
LightGBM,Baseline,8,"{'colsample_bytree': 0.6, 'learning_rate': 0.05, 'max_depth': 9, 'min_child_samples': 100, 'n_estimators': 500, 'num_leaves': 15, 'subsample': 0.8}",3.98865237100306,0.844073008146074,0.177992582321167
LightGBM,Baseline,8,"{'colsample_bytree': 0.6, 'learning_rate': 0.05, 'max_depth': 9, 'min_child_samples': 100, 'n_estimators': 500, 'num_leaves': 31, 'subsample': 0.6}",3.98907173100398,0.844040218634812,0.171836137771606
LightGBM,Baseline,8,"{'colsample_bytree': 0.6, 'learning_rate': 0.05, 'max_depth': 9, 'min_child_samples': 100, 'n_estimators': 500, 'num_leaves': 31, 'subsample': 0.8}",3.9886024014995,0.844076915002246,0.17375111579895
LightGBM,Baseline,8,"{'colsample_bytree': 0.6, 'learning_rate': 0.05, 'max_depth': 9, 'min_child_samples': 100, 'n_estimators': 500, 'num_leaves': 62, 'subsample': 0.6}",3.9888488343497,0.844057647222008,0.189068555831909
LightGBM,Baseline,8,"{'colsample_bytree': 0.6, 'learning_rate': 0.05, 'max_depth': 9, 'min_child_samples': 100, 'n_estimators': 500, 'num_leaves': 62, 'subsample': 0.8}",3.98865236985569,0.844073008235781,0.180886268615723
LightGBM,Baseline,8,"{'colsample_bytree': 0.6, 'learning_rate': 0.05, 'max_depth': 9, 'min_child_samples': 100, 'n_estimators': 750, 'num_leaves': 15, 'subsample': 0.6}",3.98884883652352,0.844057647052039,0.171933174133301
LightGBM,Baseline,8,"{'colsample_bytree': 0.6, 'learning_rate': 0.05, 'max_depth': 9, 'min_child_samples': 100, 'n_estimators': 750, 'num_leaves': 15, 'subsample': 0.8}",3.98888827959698,0.844054563016345,0.177274703979492
LightGBM,Baseline,8,"{'colsample_bytree': 0.6, 'learning_rate': 0.05, 'max_depth': 9, 'min_child_samples': 100, 'n_estimators': 750, 'num_leaves': 31, 'subsample': 0.6}",3.98864185011703,0.844073830723623,0.176831722259521
LightGBM,Baseline,8,"{'colsample_bytree': 0.6, 'learning_rate': 0.05, 'max_depth': 9, 'min_child_samples': 100, 'n_estimators': 750, 'num_leaves': 31, 'subsample': 0.8}",3.98888827966689,0.844054563010879,0.182010173797607
LightGBM,Baseline,8,"{'colsample_bytree': 0.6, 'learning_rate': 0.05, 'max_depth': 9, 'min_child_samples': 100, 'n_estimators': 750, 'num_leaves': 62, 'subsample': 0.6}",3.9886918160459,0.844069924108302,0.178719520568848
LightGBM,Baseline,8,"{'colsample_bytree': 0.6, 'learning_rate': 0.05, 'max_depth': 9, 'min_child_samples': 100, 'n_estimators': 750, 'num_leaves': 62, 'subsample': 0.8}",3.98864185075028,0.844073830674112,0.17068338394165
LightGBM,Baseline,8,"{'colsample_bytree': 0.6, 'learning_rate': 0.05, 'max_depth': 9, 'min_child_samples': 100, 'n_estimators': 1000, 'num_leaves': 15, 'subsample': 0.6}",3.98878319151457,0.844062779737353,0.174564599990845
LightGBM,Baseline,8,"{'colsample_bytree': 0.6, 'learning_rate': 0.05, 'max_depth': 9, 'min_child_samples': 100, 'n_estimators': 1000, 'num_leaves': 15, 'subsample': 0.8}",3.98864184857831,0.844073830843928,0.18196964263916
LightGBM,Baseline,8,"{'colsample_bytree': 0.6, 'learning_rate': 0.05, 'max_depth': 9, 'min_child_samples': 100, 'n_estimators': 1000, 'num_leaves': 31, 'subsample': 0.6}",3.98864184918322,0.844073830796633,0.248132944107056
LightGBM,Baseline,8,"{'colsample_bytree': 0.6, 'learning_rate': 0.05, 'max_depth': 9, 'min_child_samples': 100, 'n_estimators': 1000, 'num_leaves': 31, 'subsample': 0.8}",3.98888828187126,0.84405456283852,0.203752517700195
LightGBM,Baseline,8,"{'colsample_bytree': 0.6, 'learning_rate': 0.05, 'max_depth': 9, 'min_child_samples': 100, 'n_estimators': 1000, 'num_leaves': 62, 'subsample': 0.6}",3.98888828038472,0.844054562954752,0.188813209533691
LightGBM,Baseline,8,"{'colsample_bytree': 0.6, 'learning_rate': 0.05, 'max_depth': 9, 'min_child_samples': 100, 'n_estimators': 1000, 'num_leaves': 62, 'subsample': 0.8}",3.98884883389758,0.844057647257358,0.165219306945801
LightGBM,Baseline,8,"{'colsample_bytree': 0.8, 'learning_rate': 0.01, 'max_depth': 3, 'min_child_samples': 50, 'n_estimators': 500, 'num_leaves': 15, 'subsample': 0.6}",4.23549275230055,0.824176544168365,0.151169776916504
LightGBM,Baseline,8,"{'colsample_bytree': 0.8, 'learning_rate': 0.01, 'max_depth': 3, 'min_child_samples': 50, 'n_estimators': 500, 'num_leaves': 15, 'subsample': 0.8}",4.23549275262308,0.824176544141587,0.134146213531494
LightGBM,Baseline,8,"{'colsample_bytree': 0.8, 'learning_rate': 0.01, 'max_depth': 3, 'min_child_samples': 50, 'n_estimators': 500, 'num_leaves': 31, 'subsample': 0.6}",4.23549275301197,0.8241765441093,0.14252233505249
LightGBM,Baseline,8,"{'colsample_bytree': 0.8, 'learning_rate': 0.01, 'max_depth': 3, 'min_child_samples': 50, 'n_estimators': 500, 'num_leaves': 31, 'subsample': 0.8}",4.23549275314055,0.824176544098625,0.143799304962158
LightGBM,Baseline,8,"{'colsample_bytree': 0.8, 'learning_rate': 0.01, 'max_depth': 3, 'min_child_samples': 50, 'n_estimators': 500, 'num_leaves': 62, 'subsample': 0.6}",4.23549275335442,0.824176544080869,0.13818097114563
LightGBM,Baseline,8,"{'colsample_bytree': 0.8, 'learning_rate': 0.01, 'max_depth': 3, 'min_child_samples': 50, 'n_estimators': 500, 'num_leaves': 62, 'subsample': 0.8}",4.23549275306646,0.824176544104776,0.137088775634766
LightGBM,Baseline,8,"{'colsample_bytree': 0.8, 'learning_rate': 0.01, 'max_depth': 3, 'min_child_samples': 50, 'n_estimators': 750, 'num_leaves': 15, 'subsample': 0.6}",4.23549275317988,0.82417654409536,0.139533758163452
LightGBM,Baseline,8,"{'colsample_bytree': 0.8, 'learning_rate': 0.01, 'max_depth': 3, 'min_child_samples': 50, 'n_estimators': 750, 'num_leaves': 15, 'subsample': 0.8}",4.23549275251008,0.824176544150969,0.13932991027832
LightGBM,Baseline,8,"{'colsample_bytree': 0.8, 'learning_rate': 0.01, 'max_depth': 3, 'min_child_samples': 50, 'n_estimators': 750, 'num_leaves': 31, 'subsample': 0.6}",4.23549275307891,0.824176544103742,0.13485312461853
LightGBM,Baseline,8,"{'colsample_bytree': 0.8, 'learning_rate': 0.01, 'max_depth': 3, 'min_child_samples': 50, 'n_estimators': 750, 'num_leaves': 31, 'subsample': 0.8}",4.23549275235549,0.824176544163804,0.132182359695435
LightGBM,Baseline,8,"{'colsample_bytree': 0.8, 'learning_rate': 0.01, 'max_depth': 3, 'min_child_samples': 50, 'n_estimators': 750, 'num_leaves': 62, 'subsample': 0.6}",4.2354927534046,0.824176544076702,0.14861011505127
LightGBM,Baseline,8,"{'colsample_bytree': 0.8, 'learning_rate': 0.01, 'max_depth': 3, 'min_child_samples': 50, 'n_estimators': 750, 'num_leaves': 62, 'subsample': 0.8}",4.2354927530886,0.824176544102939,0.141530513763428
LightGBM,Baseline,8,"{'colsample_bytree': 0.8, 'learning_rate': 0.01, 'max_depth': 3, 'min_child_samples': 50, 'n_estimators': 1000, 'num_leaves': 15, 'subsample': 0.6}",4.23549275289078,0.824176544119362,0.14650297164917
LightGBM,Baseline,8,"{'colsample_bytree': 0.8, 'learning_rate': 0.01, 'max_depth': 3, 'min_child_samples': 50, 'n_estimators': 1000, 'num_leaves': 15, 'subsample': 0.8}",4.23549275350544,0.824176544068331,0.151739120483398
LightGBM,Baseline,8,"{'colsample_bytree': 0.8, 'learning_rate': 0.01, 'max_depth': 3, 'min_child_samples': 50, 'n_estimators': 1000, 'num_leaves': 31, 'subsample': 0.6}",4.2354927526271,0.824176544141254,0.156050443649292
LightGBM,Baseline,8,"{'colsample_bytree': 0.8, 'learning_rate': 0.01, 'max_depth': 3, 'min_child_samples': 50, 'n_estimators': 1000, 'num_leaves': 31, 'subsample': 0.8}",4.23549275346673,0.824176544071544,0.149474143981934
LightGBM,Baseline,8,"{'colsample_bytree': 0.8, 'learning_rate': 0.01, 'max_depth': 3, 'min_child_samples': 50, 'n_estimators': 1000, 'num_leaves': 62, 'subsample': 0.6}",4.23549275284321,0.824176544123312,0.151026010513306
LightGBM,Baseline,8,"{'colsample_bytree': 0.8, 'learning_rate': 0.01, 'max_depth': 3, 'min_child_samples': 50, 'n_estimators': 1000, 'num_leaves': 62, 'subsample': 0.8}",4.23549275316103,0.824176544096925,0.151620388031006
LightGBM,Baseline,8,"{'colsample_bytree': 0.8, 'learning_rate': 0.01, 'max_depth': 3, 'min_child_samples': 100, 'n_estimators': 500, 'num_leaves': 15, 'subsample': 0.6}",4.25302382466373,0.822718034845248,0.255301475524902
LightGBM,Baseline,8,"{'colsample_bytree': 0.8, 'learning_rate': 0.01, 'max_depth': 3, 'min_child_samples': 100, 'n_estimators': 500, 'num_leaves': 15, 'subsample': 0.8}",4.25302382310731,0.822718034975003,0.270474433898926
LightGBM,Baseline,8,"{'colsample_bytree': 0.8, 'learning_rate': 0.01, 'max_depth': 3, 'min_child_samples': 100, 'n_estimators': 500, 'num_leaves': 31, 'subsample': 0.6}",4.25302382426056,0.822718034878859,0.279867649078369
LightGBM,Baseline,8,"{'colsample_bytree': 0.8, 'learning_rate': 0.01, 'max_depth': 3, 'min_child_samples': 100, 'n_estimators': 500, 'num_leaves': 31, 'subsample': 0.8}",4.25302382398091,0.822718034902173,0.23904275894165
LightGBM,Baseline,8,"{'colsample_bytree': 0.8, 'learning_rate': 0.01, 'max_depth': 3, 'min_child_samples': 100, 'n_estimators': 500, 'num_leaves': 62, 'subsample': 0.6}",4.25302382428959,0.822718034876439,0.250325202941895
LightGBM,Baseline,8,"{'colsample_bytree': 0.8, 'learning_rate': 0.01, 'max_depth': 3, 'min_child_samples': 100, 'n_estimators': 500, 'num_leaves': 62, 'subsample': 0.8}",4.25302382343068,0.822718034948044,0.259674310684204
LightGBM,Baseline,8,"{'colsample_bytree': 0.8, 'learning_rate': 0.01, 'max_depth': 3, 'min_child_samples': 100, 'n_estimators': 750, 'num_leaves': 15, 'subsample': 0.6}",4.11759071495617,0.833828982972328,0.302103519439697
LightGBM,Baseline,8,"{'colsample_bytree': 0.8, 'learning_rate': 0.01, 'max_depth': 3, 'min_child_samples': 100, 'n_estimators': 750, 'num_leaves': 15, 'subsample': 0.8}",4.11754591531601,0.833832598854423,0.303202629089355
LightGBM,Baseline,8,"{'colsample_bytree': 0.8, 'learning_rate': 0.01, 'max_depth': 3, 'min_child_samples': 100, 'n_estimators': 750, 'num_leaves': 31, 'subsample': 0.6}",4.11758616395239,0.833829350296116,0.31604266166687
LightGBM,Baseline,8,"{'colsample_bytree': 0.8, 'learning_rate': 0.01, 'max_depth': 3, 'min_child_samples': 100, 'n_estimators': 750, 'num_leaves': 31, 'subsample': 0.8}",4.11759464122783,0.833828666072029,0.331961870193481
LightGBM,Baseline,8,"{'colsample_bytree': 0.8, 'learning_rate': 0.01, 'max_depth': 3, 'min_child_samples': 100, 'n_estimators': 750, 'num_leaves': 62, 'subsample': 0.6}",4.11757907720124,0.833829922286103,0.414222002029419
LightGBM,Baseline,8,"{'colsample_bytree': 0.8, 'learning_rate': 0.01, 'max_depth': 3, 'min_child_samples': 100, 'n_estimators': 750, 'num_leaves': 62, 'subsample': 0.8}",4.11758616535864,0.833829350182614,0.401708126068115
LightGBM,Baseline,8,"{'colsample_bytree': 0.8, 'learning_rate': 0.01, 'max_depth': 3, 'min_child_samples': 100, 'n_estimators': 1000, 'num_leaves': 15, 'subsample': 0.6}",4.10073163116712,0.835186940124174,0.427600622177124
LightGBM,Baseline,8,"{'colsample_bytree': 0.8, 'learning_rate': 0.01, 'max_depth': 3, 'min_child_samples': 100, 'n_estimators': 1000, 'num_leaves': 15, 'subsample': 0.8}",4.1006800111962,0.83519108942853,0.401240587234497
LightGBM,Baseline,8,"{'colsample_bytree': 0.8, 'learning_rate': 0.01, 'max_depth': 3, 'min_child_samples': 100, 'n_estimators': 1000, 'num_leaves': 31, 'subsample': 0.6}",4.10074866582012,0.835185570837243,0.432825088500977
LightGBM,Baseline,8,"{'colsample_bytree': 0.8, 'learning_rate': 0.01, 'max_depth': 3, 'min_child_samples': 100, 'n_estimators': 1000, 'num_leaves': 31, 'subsample': 0.8}",4.10065330406966,0.835193236173989,0.438976526260376
LightGBM,Baseline,8,"{'colsample_bytree': 0.8, 'learning_rate': 0.01, 'max_depth': 3, 'min_child_samples': 100, 'n_estimators': 1000, 'num_leaves': 62, 'subsample': 0.6}",4.1007484960356,0.835185584484964,0.42910647392273
LightGBM,Baseline,8,"{'colsample_bytree': 0.8, 'learning_rate': 0.01, 'max_depth': 3, 'min_child_samples': 100, 'n_estimators': 1000, 'num_leaves': 62, 'subsample': 0.8}",4.10074051267848,0.835186226207351,0.430051803588867
LightGBM,Baseline,8,"{'colsample_bytree': 0.8, 'learning_rate': 0.01, 'max_depth': 5, 'min_child_samples': 50, 'n_estimators': 500, 'num_leaves': 15, 'subsample': 0.6}",4.22438592233996,0.825097466880716,0.253374814987183
LightGBM,Baseline,8,"{'colsample_bytree': 0.8, 'learning_rate': 0.01, 'max_depth': 5, 'min_child_samples': 50, 'n_estimators': 500, 'num_leaves': 15, 'subsample': 0.8}",4.22438592137074,0.825097466960974,0.183664560317993
LightGBM,Baseline,8,"{'colsample_bytree': 0.8, 'learning_rate': 0.01, 'max_depth': 5, 'min_child_samples': 50, 'n_estimators': 500, 'num_leaves': 31, 'subsample': 0.6}",4.22438592244759,0.825097466871804,0.200567007064819
LightGBM,Baseline,8,"{'colsample_bytree': 0.8, 'learning_rate': 0.01, 'max_depth': 5, 'min_child_samples': 50, 'n_estimators': 500, 'num_leaves': 31, 'subsample': 0.8}",4.22438592018202,0.825097467059407,0.179110050201416
LightGBM,Baseline,8,"{'colsample_bytree': 0.8, 'learning_rate': 0.01, 'max_depth': 5, 'min_child_samples': 50, 'n_estimators': 500, 'num_leaves': 62, 'subsample': 0.6}",4.22438592041664,0.825097467039979,0.179618835449219
LightGBM,Baseline,8,"{'colsample_bytree': 0.8, 'learning_rate': 0.01, 'max_depth': 5, 'min_child_samples': 50, 'n_estimators': 500, 'num_leaves': 62, 'subsample': 0.8}",4.2243859203423,0.825097467046135,0.192070722579956
LightGBM,Baseline,8,"{'colsample_bytree': 0.8, 'learning_rate': 0.01, 'max_depth': 5, 'min_child_samples': 50, 'n_estimators': 750, 'num_leaves': 15, 'subsample': 0.6}",4.22438592255178,0.825097466863176,0.179076910018921
LightGBM,Baseline,8,"{'colsample_bytree': 0.8, 'learning_rate': 0.01, 'max_depth': 5, 'min_child_samples': 50, 'n_estimators': 750, 'num_leaves': 15, 'subsample': 0.8}",4.22438592093634,0.825097466996944,0.180689811706543
LightGBM,Baseline,8,"{'colsample_bytree': 0.8, 'learning_rate': 0.01, 'max_depth': 5, 'min_child_samples': 50, 'n_estimators': 750, 'num_leaves': 31, 'subsample': 0.6}",4.22438592112672,0.82509746698118,0.189524173736572
LightGBM,Baseline,8,"{'colsample_bytree': 0.8, 'learning_rate': 0.01, 'max_depth': 5, 'min_child_samples': 50, 'n_estimators': 750, 'num_leaves': 31, 'subsample': 0.8}",4.22438592014027,0.825097467062864,0.208041906356812
LightGBM,Baseline,8,"{'colsample_bytree': 0.8, 'learning_rate': 0.01, 'max_depth': 5, 'min_child_samples': 50, 'n_estimators': 750, 'num_leaves': 62, 'subsample': 0.6}",4.22438592148338,0.825097466951646,0.226800441741943
LightGBM,Baseline,8,"{'colsample_bytree': 0.8, 'learning_rate': 0.01, 'max_depth': 5, 'min_child_samples': 50, 'n_estimators': 750, 'num_leaves': 62, 'subsample': 0.8}",4.22438592127509,0.825097466968894,0.215626239776611
LightGBM,Baseline,8,"{'colsample_bytree': 0.8, 'learning_rate': 0.01, 'max_depth': 5, 'min_child_samples': 50, 'n_estimators': 1000, 'num_leaves': 15, 'subsample': 0.6}",4.22438592354466,0.82509746678096,0.22317099571228
LightGBM,Baseline,8,"{'colsample_bytree': 0.8, 'learning_rate': 0.01, 'max_depth': 5, 'min_child_samples': 50, 'n_estimators': 1000, 'num_leaves': 15, 'subsample': 0.8}",4.22438592117471,0.825097466977206,0.203828096389771
LightGBM,Baseline,8,"{'colsample_bytree': 0.8, 'learning_rate': 0.01, 'max_depth': 5, 'min_child_samples': 50, 'n_estimators': 1000, 'num_leaves': 31, 'subsample': 0.6}",4.22438592231102,0.825097466883113,0.184621334075928
LightGBM,Baseline,8,"{'colsample_bytree': 0.8, 'learning_rate': 0.01, 'max_depth': 5, 'min_child_samples': 50, 'n_estimators': 1000, 'num_leaves': 31, 'subsample': 0.8}",4.22438592293419,0.82509746683151,0.179303884506226
LightGBM,Baseline,8,"{'colsample_bytree': 0.8, 'learning_rate': 0.01, 'max_depth': 5, 'min_child_samples': 50, 'n_estimators': 1000, 'num_leaves': 62, 'subsample': 0.6}",4.22438592100686,0.825097466991105,0.21784234046936
LightGBM,Baseline,8,"{'colsample_bytree': 0.8, 'learning_rate': 0.01, 'max_depth': 5, 'min_child_samples': 50, 'n_estimators': 1000, 'num_leaves': 62, 'subsample': 0.8}",4.22438592038105,0.825097467042926,0.220247745513916
LightGBM,Baseline,8,"{'colsample_bytree': 0.8, 'learning_rate': 0.01, 'max_depth': 5, 'min_child_samples': 100, 'n_estimators': 500, 'num_leaves': 15, 'subsample': 0.6}",4.22752040398975,0.824837816279327,0.315874338150024
LightGBM,Baseline,8,"{'colsample_bytree': 0.8, 'learning_rate': 0.01, 'max_depth': 5, 'min_child_samples': 100, 'n_estimators': 500, 'num_leaves': 15, 'subsample': 0.8}",4.22751697971848,0.824838100040271,0.286010265350342
LightGBM,Baseline,8,"{'colsample_bytree': 0.8, 'learning_rate': 0.01, 'max_depth': 5, 'min_child_samples': 100, 'n_estimators': 500, 'num_leaves': 31, 'subsample': 0.6}",4.22751697999945,0.824838100016988,0.340231418609619
LightGBM,Baseline,8,"{'colsample_bytree': 0.8, 'learning_rate': 0.01, 'max_depth': 5, 'min_child_samples': 100, 'n_estimators': 500, 'num_leaves': 31, 'subsample': 0.8}",4.22752040418439,0.824837816263198,0.362312316894531
LightGBM,Baseline,8,"{'colsample_bytree': 0.8, 'learning_rate': 0.01, 'max_depth': 5, 'min_child_samples': 100, 'n_estimators': 500, 'num_leaves': 62, 'subsample': 0.6}",4.22751697909764,0.824838100091719,0.341156959533691
LightGBM,Baseline,8,"{'colsample_bytree': 0.8, 'learning_rate': 0.01, 'max_depth': 5, 'min_child_samples': 100, 'n_estimators': 500, 'num_leaves': 62, 'subsample': 0.8}",4.22751697969558,0.824838100042169,0.317115545272827
LightGBM,Baseline,8,"{'colsample_bytree': 0.8, 'learning_rate': 0.01, 'max_depth': 5, 'min_child_samples': 100, 'n_estimators': 750, 'num_leaves': 15, 'subsample': 0.6}",4.07051359086424,0.837606985261081,0.426288604736328
LightGBM,Baseline,8,"{'colsample_bytree': 0.8, 'learning_rate': 0.01, 'max_depth': 5, 'min_child_samples': 100, 'n_estimators': 750, 'num_leaves': 15, 'subsample': 0.8}",4.07059676817545,0.837600348480719,0.315830945968628
LightGBM,Baseline,8,"{'colsample_bytree': 0.8, 'learning_rate': 0.01, 'max_depth': 5, 'min_child_samples': 100, 'n_estimators': 750, 'num_leaves': 31, 'subsample': 0.6}",4.07068296205272,0.837593470863195,0.312871217727661
LightGBM,Baseline,8,"{'colsample_bytree': 0.8, 'learning_rate': 0.01, 'max_depth': 5, 'min_child_samples': 100, 'n_estimators': 750, 'num_leaves': 31, 'subsample': 0.8}",4.07060509069135,0.837599684413438,0.310918807983398
LightGBM,Baseline,8,"{'colsample_bytree': 0.8, 'learning_rate': 0.01, 'max_depth': 5, 'min_child_samples': 100, 'n_estimators': 750, 'num_leaves': 62, 'subsample': 0.6}",4.07065440923399,0.837595749177653,0.357021331787109
LightGBM,Baseline,8,"{'colsample_bytree': 0.8, 'learning_rate': 0.01, 'max_depth': 5, 'min_child_samples': 100, 'n_estimators': 750, 'num_leaves': 62, 'subsample': 0.8}",4.07060436865103,0.83759974202628,0.340642929077148
LightGBM,Baseline,8,"{'colsample_bytree': 0.8, 'learning_rate': 0.01, 'max_depth': 5, 'min_child_samples': 100, 'n_estimators': 1000, 'num_leaves': 15, 'subsample': 0.6}",4.05660023791817,0.838715233553528,0.376347064971924
LightGBM,Baseline,8,"{'colsample_bytree': 0.8, 'learning_rate': 0.01, 'max_depth': 5, 'min_child_samples': 100, 'n_estimators': 1000, 'num_leaves': 15, 'subsample': 0.8}",4.056592394021,0.838715857277743,0.382421255111694
LightGBM,Baseline,8,"{'colsample_bytree': 0.8, 'learning_rate': 0.01, 'max_depth': 5, 'min_child_samples': 100, 'n_estimators': 1000, 'num_leaves': 31, 'subsample': 0.6}",4.05662892767707,0.838712952215879,0.475357294082642
LightGBM,Baseline,8,"{'colsample_bytree': 0.8, 'learning_rate': 0.01, 'max_depth': 5, 'min_child_samples': 100, 'n_estimators': 1000, 'num_leaves': 31, 'subsample': 0.8}",4.05658774383409,0.838716227046706,0.430851221084595
LightGBM,Baseline,8,"{'colsample_bytree': 0.8, 'learning_rate': 0.01, 'max_depth': 5, 'min_child_samples': 100, 'n_estimators': 1000, 'num_leaves': 62, 'subsample': 0.6}",4.05658657155877,0.838716320262467,0.35006856918335
LightGBM,Baseline,8,"{'colsample_bytree': 0.8, 'learning_rate': 0.01, 'max_depth': 5, 'min_child_samples': 100, 'n_estimators': 1000, 'num_leaves': 62, 'subsample': 0.8}",4.05663480363183,0.838712484972707,0.416775703430176
LightGBM,Baseline,8,"{'colsample_bytree': 0.8, 'learning_rate': 0.01, 'max_depth': 9, 'min_child_samples': 50, 'n_estimators': 500, 'num_leaves': 15, 'subsample': 0.6}",4.21870032773831,0.825567952162557,0.236265897750855
LightGBM,Baseline,8,"{'colsample_bytree': 0.8, 'learning_rate': 0.01, 'max_depth': 9, 'min_child_samples': 50, 'n_estimators': 500, 'num_leaves': 15, 'subsample': 0.8}",4.21870032835122,0.825567952111872,0.271326780319214
LightGBM,Baseline,8,"{'colsample_bytree': 0.8, 'learning_rate': 0.01, 'max_depth': 9, 'min_child_samples': 50, 'n_estimators': 500, 'num_leaves': 31, 'subsample': 0.6}",4.21870032865054,0.82556795208712,0.255853176116943
LightGBM,Baseline,8,"{'colsample_bytree': 0.8, 'learning_rate': 0.01, 'max_depth': 9, 'min_child_samples': 50, 'n_estimators': 500, 'num_leaves': 31, 'subsample': 0.8}",4.21870032926002,0.825567952036719,0.263439893722534
LightGBM,Baseline,8,"{'colsample_bytree': 0.8, 'learning_rate': 0.01, 'max_depth': 9, 'min_child_samples': 50, 'n_estimators': 500, 'num_leaves': 62, 'subsample': 0.6}",4.21870032855209,0.825567952095261,0.268973350524902
LightGBM,Baseline,8,"{'colsample_bytree': 0.8, 'learning_rate': 0.01, 'max_depth': 9, 'min_child_samples': 50, 'n_estimators': 500, 'num_leaves': 62, 'subsample': 0.8}",4.21870033002958,0.825567951973081,0.277559041976929
LightGBM,Baseline,8,"{'colsample_bytree': 0.8, 'learning_rate': 0.01, 'max_depth': 9, 'min_child_samples': 50, 'n_estimators': 750, 'num_leaves': 15, 'subsample': 0.6}",4.21870032853322,0.825567952096822,0.27204704284668
LightGBM,Baseline,8,"{'colsample_bytree': 0.8, 'learning_rate': 0.01, 'max_depth': 9, 'min_child_samples': 50, 'n_estimators': 750, 'num_leaves': 15, 'subsample': 0.8}",4.21870032893844,0.825567952063313,0.250379323959351
LightGBM,Baseline,8,"{'colsample_bytree': 0.8, 'learning_rate': 0.01, 'max_depth': 9, 'min_child_samples': 50, 'n_estimators': 750, 'num_leaves': 31, 'subsample': 0.6}",4.21870032775565,0.825567952161122,0.267223119735718
LightGBM,Baseline,8,"{'colsample_bytree': 0.8, 'learning_rate': 0.01, 'max_depth': 9, 'min_child_samples': 50, 'n_estimators': 750, 'num_leaves': 31, 'subsample': 0.8}",4.21870032869578,0.825567952083379,0.25282883644104
LightGBM,Baseline,8,"{'colsample_bytree': 0.8, 'learning_rate': 0.01, 'max_depth': 9, 'min_child_samples': 50, 'n_estimators': 750, 'num_leaves': 62, 'subsample': 0.6}",4.2187003285919,0.825567952091969,0.25599193572998
LightGBM,Baseline,8,"{'colsample_bytree': 0.8, 'learning_rate': 0.01, 'max_depth': 9, 'min_child_samples': 50, 'n_estimators': 750, 'num_leaves': 62, 'subsample': 0.8}",4.21870032883749,0.82556795207166,0.278954982757568
LightGBM,Baseline,8,"{'colsample_bytree': 0.8, 'learning_rate': 0.01, 'max_depth': 9, 'min_child_samples': 50, 'n_estimators': 1000, 'num_leaves': 15, 'subsample': 0.6}",4.21870032771219,0.825567952164717,0.203522920608521
LightGBM,Baseline,8,"{'colsample_bytree': 0.8, 'learning_rate': 0.01, 'max_depth': 9, 'min_child_samples': 50, 'n_estimators': 1000, 'num_leaves': 15, 'subsample': 0.8}",4.21870032832598,0.82556795211396,0.217666625976563
LightGBM,Baseline,8,"{'colsample_bytree': 0.8, 'learning_rate': 0.01, 'max_depth': 9, 'min_child_samples': 50, 'n_estimators': 1000, 'num_leaves': 31, 'subsample': 0.6}",4.21870032830575,0.825567952115632,0.204054832458496
LightGBM,Baseline,8,"{'colsample_bytree': 0.8, 'learning_rate': 0.01, 'max_depth': 9, 'min_child_samples': 50, 'n_estimators': 1000, 'num_leaves': 31, 'subsample': 0.8}",4.21870032705333,0.825567952219201,0.20756196975708
LightGBM,Baseline,8,"{'colsample_bytree': 0.8, 'learning_rate': 0.01, 'max_depth': 9, 'min_child_samples': 50, 'n_estimators': 1000, 'num_leaves': 62, 'subsample': 0.6}",4.21870032908775,0.825567952050965,0.21509575843811
LightGBM,Baseline,8,"{'colsample_bytree': 0.8, 'learning_rate': 0.01, 'max_depth': 9, 'min_child_samples': 50, 'n_estimators': 1000, 'num_leaves': 62, 'subsample': 0.8}",4.21870032795561,0.825567952144587,0.203475713729858
LightGBM,Baseline,8,"{'colsample_bytree': 0.8, 'learning_rate': 0.01, 'max_depth': 9, 'min_child_samples': 100, 'n_estimators': 500, 'num_leaves': 15, 'subsample': 0.6}",4.23079120333143,0.824566668215015,0.288367033004761
LightGBM,Baseline,8,"{'colsample_bytree': 0.8, 'learning_rate': 0.01, 'max_depth': 9, 'min_child_samples': 100, 'n_estimators': 500, 'num_leaves': 15, 'subsample': 0.8}",4.23079120324757,0.82456666822197,0.342710733413696
LightGBM,Baseline,8,"{'colsample_bytree': 0.8, 'learning_rate': 0.01, 'max_depth': 9, 'min_child_samples': 100, 'n_estimators': 500, 'num_leaves': 31, 'subsample': 0.6}",4.23072433826728,0.824572213403952,0.320400714874268
LightGBM,Baseline,8,"{'colsample_bytree': 0.8, 'learning_rate': 0.01, 'max_depth': 9, 'min_child_samples': 100, 'n_estimators': 500, 'num_leaves': 31, 'subsample': 0.8}",4.23072433731528,0.824572213482902,0.262779951095581
LightGBM,Baseline,8,"{'colsample_bytree': 0.8, 'learning_rate': 0.01, 'max_depth': 9, 'min_child_samples': 100, 'n_estimators': 500, 'num_leaves': 62, 'subsample': 0.6}",4.23072433598323,0.824572213593369,0.257656097412109
LightGBM,Baseline,8,"{'colsample_bytree': 0.8, 'learning_rate': 0.01, 'max_depth': 9, 'min_child_samples': 100, 'n_estimators': 500, 'num_leaves': 62, 'subsample': 0.8}",4.23079120280258,0.824566668258873,0.249921560287476
LightGBM,Baseline,8,"{'colsample_bytree': 0.8, 'learning_rate': 0.01, 'max_depth': 9, 'min_child_samples': 100, 'n_estimators': 750, 'num_leaves': 15, 'subsample': 0.6}",4.07384254243987,0.837341259805747,0.405565738677979
LightGBM,Baseline,8,"{'colsample_bytree': 0.8, 'learning_rate': 0.01, 'max_depth': 9, 'min_child_samples': 100, 'n_estimators': 750, 'num_leaves': 15, 'subsample': 0.8}",4.07392573926516,0.837334616039409,0.426284551620483
LightGBM,Baseline,8,"{'colsample_bytree': 0.8, 'learning_rate': 0.01, 'max_depth': 9, 'min_child_samples': 100, 'n_estimators': 750, 'num_leaves': 31, 'subsample': 0.6}",4.07388781251701,0.837337644734937,0.400375604629517
LightGBM,Baseline,8,"{'colsample_bytree': 0.8, 'learning_rate': 0.01, 'max_depth': 9, 'min_child_samples': 100, 'n_estimators': 750, 'num_leaves': 31, 'subsample': 0.8}",4.07376288684846,0.837347620656144,0.389421701431274
LightGBM,Baseline,8,"{'colsample_bytree': 0.8, 'learning_rate': 0.01, 'max_depth': 9, 'min_child_samples': 100, 'n_estimators': 750, 'num_leaves': 62, 'subsample': 0.6}",4.0737922530203,0.83734527565224,0.385313510894775
LightGBM,Baseline,8,"{'colsample_bytree': 0.8, 'learning_rate': 0.01, 'max_depth': 9, 'min_child_samples': 100, 'n_estimators': 750, 'num_leaves': 62, 'subsample': 0.8}",4.07386521552662,0.837339449237002,0.425680160522461
LightGBM,Baseline,8,"{'colsample_bytree': 0.8, 'learning_rate': 0.01, 'max_depth': 9, 'min_child_samples': 100, 'n_estimators': 1000, 'num_leaves': 15, 'subsample': 0.6}",4.05823415733617,0.838585282674519,0.35539722442627
LightGBM,Baseline,8,"{'colsample_bytree': 0.8, 'learning_rate': 0.01, 'max_depth': 9, 'min_child_samples': 100, 'n_estimators': 1000, 'num_leaves': 15, 'subsample': 0.8}",4.05840803933984,0.838571450197301,0.391122817993164
LightGBM,Baseline,8,"{'colsample_bytree': 0.8, 'learning_rate': 0.01, 'max_depth': 9, 'min_child_samples': 100, 'n_estimators': 1000, 'num_leaves': 31, 'subsample': 0.6}",4.05821927227745,0.838586466767426,0.351190090179443
LightGBM,Baseline,8,"{'colsample_bytree': 0.8, 'learning_rate': 0.01, 'max_depth': 9, 'min_child_samples': 100, 'n_estimators': 1000, 'num_leaves': 31, 'subsample': 0.8}",4.05826826464014,0.838582569453078,0.415381669998169
LightGBM,Baseline,8,"{'colsample_bytree': 0.8, 'learning_rate': 0.01, 'max_depth': 9, 'min_child_samples': 100, 'n_estimators': 1000, 'num_leaves': 62, 'subsample': 0.6}",4.05822188312622,0.83858625907709,0.50273060798645
LightGBM,Baseline,8,"{'colsample_bytree': 0.8, 'learning_rate': 0.01, 'max_depth': 9, 'min_child_samples': 100, 'n_estimators': 1000, 'num_leaves': 62, 'subsample': 0.8}",4.05817622222777,0.838589891335346,0.507871866226196
LightGBM,Baseline,8,"{'colsample_bytree': 0.8, 'learning_rate': 0.05, 'max_depth': 3, 'min_child_samples': 50, 'n_estimators': 500, 'num_leaves': 15, 'subsample': 0.6}",4.26405185942395,0.821797463274365,0.105694532394409
LightGBM,Baseline,8,"{'colsample_bytree': 0.8, 'learning_rate': 0.05, 'max_depth': 3, 'min_child_samples': 50, 'n_estimators': 500, 'num_leaves': 15, 'subsample': 0.8}",4.26405185890692,0.82179746331758,0.113862752914429
LightGBM,Baseline,8,"{'colsample_bytree': 0.8, 'learning_rate': 0.05, 'max_depth': 3, 'min_child_samples': 50, 'n_estimators': 500, 'num_leaves': 31, 'subsample': 0.6}",4.26405185869032,0.821797463335685,0.112474203109741
LightGBM,Baseline,8,"{'colsample_bytree': 0.8, 'learning_rate': 0.05, 'max_depth': 3, 'min_child_samples': 50, 'n_estimators': 500, 'num_leaves': 31, 'subsample': 0.8}",4.26405185903786,0.821797463306636,0.123428106307983
LightGBM,Baseline,8,"{'colsample_bytree': 0.8, 'learning_rate': 0.05, 'max_depth': 3, 'min_child_samples': 50, 'n_estimators': 500, 'num_leaves': 62, 'subsample': 0.6}",4.26405185823478,0.82179746337376,0.113052845001221
LightGBM,Baseline,8,"{'colsample_bytree': 0.8, 'learning_rate': 0.05, 'max_depth': 3, 'min_child_samples': 50, 'n_estimators': 500, 'num_leaves': 62, 'subsample': 0.8}",4.26405185926259,0.821797463287852,0.111668348312378
LightGBM,Baseline,8,"{'colsample_bytree': 0.8, 'learning_rate': 0.05, 'max_depth': 3, 'min_child_samples': 50, 'n_estimators': 750, 'num_leaves': 15, 'subsample': 0.6}",4.26405185905907,0.821797463304863,0.1082923412323
LightGBM,Baseline,8,"{'colsample_bytree': 0.8, 'learning_rate': 0.05, 'max_depth': 3, 'min_child_samples': 50, 'n_estimators': 750, 'num_leaves': 15, 'subsample': 0.8}",4.26405185877675,0.82179746332846,0.109288692474365
LightGBM,Baseline,8,"{'colsample_bytree': 0.8, 'learning_rate': 0.05, 'max_depth': 3, 'min_child_samples': 50, 'n_estimators': 750, 'num_leaves': 31, 'subsample': 0.6}",4.26405185899113,0.821797463310542,0.109711408615112
LightGBM,Baseline,8,"{'colsample_bytree': 0.8, 'learning_rate': 0.05, 'max_depth': 3, 'min_child_samples': 50, 'n_estimators': 750, 'num_leaves': 31, 'subsample': 0.8}",4.26405185935207,0.821797463280373,0.110513687133789
LightGBM,Baseline,8,"{'colsample_bytree': 0.8, 'learning_rate': 0.05, 'max_depth': 3, 'min_child_samples': 50, 'n_estimators': 750, 'num_leaves': 62, 'subsample': 0.6}",4.26405186056879,0.821797463178675,0.120299100875854
LightGBM,Baseline,8,"{'colsample_bytree': 0.8, 'learning_rate': 0.05, 'max_depth': 3, 'min_child_samples': 50, 'n_estimators': 750, 'num_leaves': 62, 'subsample': 0.8}",4.26405185897857,0.821797463311591,0.120468616485596
LightGBM,Baseline,8,"{'colsample_bytree': 0.8, 'learning_rate': 0.05, 'max_depth': 3, 'min_child_samples': 50, 'n_estimators': 1000, 'num_leaves': 15, 'subsample': 0.6}",4.26405185834975,0.821797463364151,0.114365577697754
LightGBM,Baseline,8,"{'colsample_bytree': 0.8, 'learning_rate': 0.05, 'max_depth': 3, 'min_child_samples': 50, 'n_estimators': 1000, 'num_leaves': 15, 'subsample': 0.8}",4.26405185716199,0.821797463463428,0.118326902389526
LightGBM,Baseline,8,"{'colsample_bytree': 0.8, 'learning_rate': 0.05, 'max_depth': 3, 'min_child_samples': 50, 'n_estimators': 1000, 'num_leaves': 31, 'subsample': 0.6}",4.26405185730654,0.821797463451346,0.116994380950928
LightGBM,Baseline,8,"{'colsample_bytree': 0.8, 'learning_rate': 0.05, 'max_depth': 3, 'min_child_samples': 50, 'n_estimators': 1000, 'num_leaves': 31, 'subsample': 0.8}",4.26405185826393,0.821797463371324,0.139328002929688
LightGBM,Baseline,8,"{'colsample_bytree': 0.8, 'learning_rate': 0.05, 'max_depth': 3, 'min_child_samples': 50, 'n_estimators': 1000, 'num_leaves': 62, 'subsample': 0.6}",4.26405185931565,0.821797463283417,0.111523151397705
LightGBM,Baseline,8,"{'colsample_bytree': 0.8, 'learning_rate': 0.05, 'max_depth': 3, 'min_child_samples': 50, 'n_estimators': 1000, 'num_leaves': 62, 'subsample': 0.8}",4.2640518584688,0.8217974633542,0.118088960647583
LightGBM,Baseline,8,"{'colsample_bytree': 0.8, 'learning_rate': 0.05, 'max_depth': 3, 'min_child_samples': 100, 'n_estimators': 500, 'num_leaves': 15, 'subsample': 0.6}",4.05051240364242,0.839198957909156,0.181672334671021
LightGBM,Baseline,8,"{'colsample_bytree': 0.8, 'learning_rate': 0.05, 'max_depth': 3, 'min_child_samples': 100, 'n_estimators': 500, 'num_leaves': 15, 'subsample': 0.8}",4.05028560410571,0.839216964806653,0.14882755279541
LightGBM,Baseline,8,"{'colsample_bytree': 0.8, 'learning_rate': 0.05, 'max_depth': 3, 'min_child_samples': 100, 'n_estimators': 500, 'num_leaves': 31, 'subsample': 0.6}",4.05049228551478,0.839200555241806,0.187317371368408
LightGBM,Baseline,8,"{'colsample_bytree': 0.8, 'learning_rate': 0.05, 'max_depth': 3, 'min_child_samples': 100, 'n_estimators': 500, 'num_leaves': 31, 'subsample': 0.8}",4.05038620511283,0.83920897764835,0.145614624023438
LightGBM,Baseline,8,"{'colsample_bytree': 0.8, 'learning_rate': 0.05, 'max_depth': 3, 'min_child_samples': 100, 'n_estimators': 500, 'num_leaves': 62, 'subsample': 0.6}",4.05028559967002,0.839216965158817,0.155688524246216
LightGBM,Baseline,8,"{'colsample_bytree': 0.8, 'learning_rate': 0.05, 'max_depth': 3, 'min_child_samples': 100, 'n_estimators': 500, 'num_leaves': 62, 'subsample': 0.8}",4.05028560005847,0.839216965127977,0.150216817855835
LightGBM,Baseline,8,"{'colsample_bytree': 0.8, 'learning_rate': 0.05, 'max_depth': 3, 'min_child_samples': 100, 'n_estimators': 750, 'num_leaves': 15, 'subsample': 0.6}",4.05028560020284,0.839216965116515,0.165159463882446
LightGBM,Baseline,8,"{'colsample_bytree': 0.8, 'learning_rate': 0.05, 'max_depth': 3, 'min_child_samples': 100, 'n_estimators': 750, 'num_leaves': 15, 'subsample': 0.8}",4.05049228760707,0.839200555075683,0.16096568107605
LightGBM,Baseline,8,"{'colsample_bytree': 0.8, 'learning_rate': 0.05, 'max_depth': 3, 'min_child_samples': 100, 'n_estimators': 750, 'num_leaves': 31, 'subsample': 0.6}",4.05051240534217,0.839198957774199,0.155690908432007
LightGBM,Baseline,8,"{'colsample_bytree': 0.8, 'learning_rate': 0.05, 'max_depth': 3, 'min_child_samples': 100, 'n_estimators': 750, 'num_leaves': 31, 'subsample': 0.8}",4.05028560219981,0.839216964957969,0.174432516098022
LightGBM,Baseline,8,"{'colsample_bytree': 0.8, 'learning_rate': 0.05, 'max_depth': 3, 'min_child_samples': 100, 'n_estimators': 750, 'num_leaves': 62, 'subsample': 0.6}",4.05051240305103,0.839198957956111,0.144262075424194
LightGBM,Baseline,8,"{'colsample_bytree': 0.8, 'learning_rate': 0.05, 'max_depth': 3, 'min_child_samples': 100, 'n_estimators': 750, 'num_leaves': 62, 'subsample': 0.8}",4.05051240322677,0.839198957942158,0.174270391464233
LightGBM,Baseline,8,"{'colsample_bytree': 0.8, 'learning_rate': 0.05, 'max_depth': 3, 'min_child_samples': 100, 'n_estimators': 1000, 'num_leaves': 15, 'subsample': 0.6}",4.05049228682372,0.839200555137879,0.152696371078491
LightGBM,Baseline,8,"{'colsample_bytree': 0.8, 'learning_rate': 0.05, 'max_depth': 3, 'min_child_samples': 100, 'n_estimators': 1000, 'num_leaves': 15, 'subsample': 0.8}",4.05051240473787,0.839198957822179,0.146543741226196
LightGBM,Baseline,8,"{'colsample_bytree': 0.8, 'learning_rate': 0.05, 'max_depth': 3, 'min_child_samples': 100, 'n_estimators': 1000, 'num_leaves': 31, 'subsample': 0.6}",4.05028560469663,0.839216964759737,0.147180318832397
LightGBM,Baseline,8,"{'colsample_bytree': 0.8, 'learning_rate': 0.05, 'max_depth': 3, 'min_child_samples': 100, 'n_estimators': 1000, 'num_leaves': 31, 'subsample': 0.8}",4.05028560189871,0.839216964981874,0.153864622116089
LightGBM,Baseline,8,"{'colsample_bytree': 0.8, 'learning_rate': 0.05, 'max_depth': 3, 'min_child_samples': 100, 'n_estimators': 1000, 'num_leaves': 62, 'subsample': 0.6}",4.05018131477655,0.839225244587707,0.146876573562622
LightGBM,Baseline,8,"{'colsample_bytree': 0.8, 'learning_rate': 0.05, 'max_depth': 3, 'min_child_samples': 100, 'n_estimators': 1000, 'num_leaves': 62, 'subsample': 0.8}",4.05049228521149,0.839200555265887,0.178454637527466
LightGBM,Baseline,8,"{'colsample_bytree': 0.8, 'learning_rate': 0.05, 'max_depth': 5, 'min_child_samples': 50, 'n_estimators': 500, 'num_leaves': 15, 'subsample': 0.6}",4.2492249683051,0.823034594532109,0.150254726409912
LightGBM,Baseline,8,"{'colsample_bytree': 0.8, 'learning_rate': 0.05, 'max_depth': 5, 'min_child_samples': 50, 'n_estimators': 500, 'num_leaves': 15, 'subsample': 0.8}",4.24922496502792,0.823034594805076,0.141439437866211
LightGBM,Baseline,8,"{'colsample_bytree': 0.8, 'learning_rate': 0.05, 'max_depth': 5, 'min_child_samples': 50, 'n_estimators': 500, 'num_leaves': 31, 'subsample': 0.6}",4.24922496495958,0.823034594810768,0.139399290084839
LightGBM,Baseline,8,"{'colsample_bytree': 0.8, 'learning_rate': 0.05, 'max_depth': 5, 'min_child_samples': 50, 'n_estimators': 500, 'num_leaves': 31, 'subsample': 0.8}",4.24922496383793,0.823034594904194,0.119283437728882
LightGBM,Baseline,8,"{'colsample_bytree': 0.8, 'learning_rate': 0.05, 'max_depth': 5, 'min_child_samples': 50, 'n_estimators': 500, 'num_leaves': 62, 'subsample': 0.6}",4.24922496773043,0.823034594579975,0.122658491134644
LightGBM,Baseline,8,"{'colsample_bytree': 0.8, 'learning_rate': 0.05, 'max_depth': 5, 'min_child_samples': 50, 'n_estimators': 500, 'num_leaves': 62, 'subsample': 0.8}",4.24922496810705,0.823034594548606,0.121212720870972
LightGBM,Baseline,8,"{'colsample_bytree': 0.8, 'learning_rate': 0.05, 'max_depth': 5, 'min_child_samples': 50, 'n_estimators': 750, 'num_leaves': 15, 'subsample': 0.6}",4.24922496586281,0.823034594735535,0.123886346817017
LightGBM,Baseline,8,"{'colsample_bytree': 0.8, 'learning_rate': 0.05, 'max_depth': 5, 'min_child_samples': 50, 'n_estimators': 750, 'num_leaves': 15, 'subsample': 0.8}",4.24922496567076,0.823034594751532,0.122258901596069
LightGBM,Baseline,8,"{'colsample_bytree': 0.8, 'learning_rate': 0.05, 'max_depth': 5, 'min_child_samples': 50, 'n_estimators': 750, 'num_leaves': 31, 'subsample': 0.6}",4.24922496744663,0.823034594603614,0.126052141189575
LightGBM,Baseline,8,"{'colsample_bytree': 0.8, 'learning_rate': 0.05, 'max_depth': 5, 'min_child_samples': 50, 'n_estimators': 750, 'num_leaves': 31, 'subsample': 0.8}",4.24922496776157,0.823034594577382,0.129078149795532
LightGBM,Baseline,8,"{'colsample_bytree': 0.8, 'learning_rate': 0.05, 'max_depth': 5, 'min_child_samples': 50, 'n_estimators': 750, 'num_leaves': 62, 'subsample': 0.6}",4.24922496090981,0.823034595148086,0.127810955047607
LightGBM,Baseline,8,"{'colsample_bytree': 0.8, 'learning_rate': 0.05, 'max_depth': 5, 'min_child_samples': 50, 'n_estimators': 750, 'num_leaves': 62, 'subsample': 0.8}",4.24922496414506,0.823034594878612,0.122532606124878
LightGBM,Baseline,8,"{'colsample_bytree': 0.8, 'learning_rate': 0.05, 'max_depth': 5, 'min_child_samples': 50, 'n_estimators': 1000, 'num_leaves': 15, 'subsample': 0.6}",4.24922496760538,0.823034594590391,0.149892330169678
LightGBM,Baseline,8,"{'colsample_bytree': 0.8, 'learning_rate': 0.05, 'max_depth': 5, 'min_child_samples': 50, 'n_estimators': 1000, 'num_leaves': 15, 'subsample': 0.8}",4.24922496534124,0.823034594778978,0.147465229034424
LightGBM,Baseline,8,"{'colsample_bytree': 0.8, 'learning_rate': 0.05, 'max_depth': 5, 'min_child_samples': 50, 'n_estimators': 1000, 'num_leaves': 31, 'subsample': 0.6}",4.24922496452843,0.82303459484668,0.147971391677856
LightGBM,Baseline,8,"{'colsample_bytree': 0.8, 'learning_rate': 0.05, 'max_depth': 5, 'min_child_samples': 50, 'n_estimators': 1000, 'num_leaves': 31, 'subsample': 0.8}",4.24922496839047,0.823034594524999,0.132807970046997
LightGBM,Baseline,8,"{'colsample_bytree': 0.8, 'learning_rate': 0.05, 'max_depth': 5, 'min_child_samples': 50, 'n_estimators': 1000, 'num_leaves': 62, 'subsample': 0.6}",4.24922496404087,0.82303459488729,0.144219875335693
LightGBM,Baseline,8,"{'colsample_bytree': 0.8, 'learning_rate': 0.05, 'max_depth': 5, 'min_child_samples': 50, 'n_estimators': 1000, 'num_leaves': 62, 'subsample': 0.8}",4.24922496525505,0.823034594786158,0.130871534347534
LightGBM,Baseline,8,"{'colsample_bytree': 0.8, 'learning_rate': 0.05, 'max_depth': 5, 'min_child_samples': 100, 'n_estimators': 500, 'num_leaves': 15, 'subsample': 0.6}",3.99804103811839,0.84333808846104,0.205634117126465
LightGBM,Baseline,8,"{'colsample_bytree': 0.8, 'learning_rate': 0.05, 'max_depth': 5, 'min_child_samples': 100, 'n_estimators': 500, 'num_leaves': 15, 'subsample': 0.8}",3.9982001236906,0.84332562078227,0.204767942428589
LightGBM,Baseline,8,"{'colsample_bytree': 0.8, 'learning_rate': 0.05, 'max_depth': 5, 'min_child_samples': 100, 'n_estimators': 500, 'num_leaves': 31, 'subsample': 0.6}",3.99804104137368,0.843338088205925,0.207141399383545
LightGBM,Baseline,8,"{'colsample_bytree': 0.8, 'learning_rate': 0.05, 'max_depth': 5, 'min_child_samples': 100, 'n_estimators': 500, 'num_leaves': 31, 'subsample': 0.8}",3.99804103749057,0.843338088510242,0.202932357788086
LightGBM,Baseline,8,"{'colsample_bytree': 0.8, 'learning_rate': 0.05, 'max_depth': 5, 'min_child_samples': 100, 'n_estimators': 500, 'num_leaves': 62, 'subsample': 0.6}",3.99829551954421,0.843318144285853,0.20556378364563
LightGBM,Baseline,8,"{'colsample_bytree': 0.8, 'learning_rate': 0.05, 'max_depth': 5, 'min_child_samples': 100, 'n_estimators': 500, 'num_leaves': 62, 'subsample': 0.8}",3.99820012223046,0.843325620896705,0.156987428665161
LightGBM,Baseline,8,"{'colsample_bytree': 0.8, 'learning_rate': 0.05, 'max_depth': 5, 'min_child_samples': 100, 'n_estimators': 750, 'num_leaves': 15, 'subsample': 0.6}",3.99820011989999,0.843325621079349,0.161871194839478
LightGBM,Baseline,8,"{'colsample_bytree': 0.8, 'learning_rate': 0.05, 'max_depth': 5, 'min_child_samples': 100, 'n_estimators': 750, 'num_leaves': 15, 'subsample': 0.8}",3.99815378034006,0.843329252803365,0.181946516036987
LightGBM,Baseline,8,"{'colsample_bytree': 0.8, 'learning_rate': 0.05, 'max_depth': 5, 'min_child_samples': 100, 'n_estimators': 750, 'num_leaves': 31, 'subsample': 0.6}",3.99845928122145,0.843305309312141,0.156968355178833
LightGBM,Baseline,8,"{'colsample_bytree': 0.8, 'learning_rate': 0.05, 'max_depth': 5, 'min_child_samples': 100, 'n_estimators': 750, 'num_leaves': 31, 'subsample': 0.8}",3.99845927976308,0.843305309426445,0.159012794494629
LightGBM,Baseline,8,"{'colsample_bytree': 0.8, 'learning_rate': 0.05, 'max_depth': 5, 'min_child_samples': 100, 'n_estimators': 750, 'num_leaves': 62, 'subsample': 0.6}",3.99763025500471,0.843370279607223,0.171088695526123
LightGBM,Baseline,8,"{'colsample_bytree': 0.8, 'learning_rate': 0.05, 'max_depth': 5, 'min_child_samples': 100, 'n_estimators': 750, 'num_leaves': 62, 'subsample': 0.8}",3.99804103894648,0.843338088396144,0.155153512954712
LightGBM,Baseline,8,"{'colsample_bytree': 0.8, 'learning_rate': 0.05, 'max_depth': 5, 'min_child_samples': 100, 'n_estimators': 1000, 'num_leaves': 15, 'subsample': 0.6}",3.99807796817456,0.843335194263678,0.162110090255737
LightGBM,Baseline,8,"{'colsample_bytree': 0.8, 'learning_rate': 0.05, 'max_depth': 5, 'min_child_samples': 100, 'n_estimators': 1000, 'num_leaves': 15, 'subsample': 0.8}",3.99829552062147,0.843318144201423,0.161386013031006
LightGBM,Baseline,8,"{'colsample_bytree': 0.8, 'learning_rate': 0.05, 'max_depth': 5, 'min_child_samples': 100, 'n_estimators': 1000, 'num_leaves': 31, 'subsample': 0.6}",3.99804103853795,0.84333808842816,0.166062593460083
LightGBM,Baseline,8,"{'colsample_bytree': 0.8, 'learning_rate': 0.05, 'max_depth': 5, 'min_child_samples': 100, 'n_estimators': 1000, 'num_leaves': 31, 'subsample': 0.8}",3.99763025290102,0.843370279772072,0.167258262634277
LightGBM,Baseline,8,"{'colsample_bytree': 0.8, 'learning_rate': 0.05, 'max_depth': 5, 'min_child_samples': 100, 'n_estimators': 1000, 'num_leaves': 62, 'subsample': 0.6}",3.99799470150569,0.843341719809586,0.21933126449585
LightGBM,Baseline,8,"{'colsample_bytree': 0.8, 'learning_rate': 0.05, 'max_depth': 5, 'min_child_samples': 100, 'n_estimators': 1000, 'num_leaves': 62, 'subsample': 0.8}",3.99799470041008,0.843341719895447,0.195054531097412
LightGBM,Baseline,8,"{'colsample_bytree': 0.8, 'learning_rate': 0.05, 'max_depth': 9, 'min_child_samples': 50, 'n_estimators': 500, 'num_leaves': 15, 'subsample': 0.6}",4.24620817718463,0.823285782998134,0.171832323074341
LightGBM,Baseline,8,"{'colsample_bytree': 0.8, 'learning_rate': 0.05, 'max_depth': 9, 'min_child_samples': 50, 'n_estimators': 500, 'num_leaves': 15, 'subsample': 0.8}",4.24620817626546,0.823285783074639,0.165365934371948
LightGBM,Baseline,8,"{'colsample_bytree': 0.8, 'learning_rate': 0.05, 'max_depth': 9, 'min_child_samples': 50, 'n_estimators': 500, 'num_leaves': 31, 'subsample': 0.6}",4.24620817503552,0.823285783177012,0.163677215576172
LightGBM,Baseline,8,"{'colsample_bytree': 0.8, 'learning_rate': 0.05, 'max_depth': 9, 'min_child_samples': 50, 'n_estimators': 500, 'num_leaves': 31, 'subsample': 0.8}",4.24620817409339,0.82328578325543,0.170771837234497
LightGBM,Baseline,8,"{'colsample_bytree': 0.8, 'learning_rate': 0.05, 'max_depth': 9, 'min_child_samples': 50, 'n_estimators': 500, 'num_leaves': 62, 'subsample': 0.6}",4.24620817548781,0.823285783139366,0.166406393051147
LightGBM,Baseline,8,"{'colsample_bytree': 0.8, 'learning_rate': 0.05, 'max_depth': 9, 'min_child_samples': 50, 'n_estimators': 500, 'num_leaves': 62, 'subsample': 0.8}",4.24620817429699,0.823285783238483,0.169801712036133
LightGBM,Baseline,8,"{'colsample_bytree': 0.8, 'learning_rate': 0.05, 'max_depth': 9, 'min_child_samples': 50, 'n_estimators': 750, 'num_leaves': 15, 'subsample': 0.6}",4.24620817743913,0.82328578297695,0.166525602340698
LightGBM,Baseline,8,"{'colsample_bytree': 0.8, 'learning_rate': 0.05, 'max_depth': 9, 'min_child_samples': 50, 'n_estimators': 750, 'num_leaves': 15, 'subsample': 0.8}",4.24620817124471,0.823285783492536,0.171918392181396
LightGBM,Baseline,8,"{'colsample_bytree': 0.8, 'learning_rate': 0.05, 'max_depth': 9, 'min_child_samples': 50, 'n_estimators': 750, 'num_leaves': 31, 'subsample': 0.6}",4.2462081721213,0.823285783419574,0.145596265792847
LightGBM,Baseline,8,"{'colsample_bytree': 0.8, 'learning_rate': 0.05, 'max_depth': 9, 'min_child_samples': 50, 'n_estimators': 750, 'num_leaves': 31, 'subsample': 0.8}",4.24620817406274,0.82328578325798,0.137282609939575
LightGBM,Baseline,8,"{'colsample_bytree': 0.8, 'learning_rate': 0.05, 'max_depth': 9, 'min_child_samples': 50, 'n_estimators': 750, 'num_leaves': 62, 'subsample': 0.6}",4.24620817835423,0.823285782900783,0.137238502502441
LightGBM,Baseline,8,"{'colsample_bytree': 0.8, 'learning_rate': 0.05, 'max_depth': 9, 'min_child_samples': 50, 'n_estimators': 750, 'num_leaves': 62, 'subsample': 0.8}",4.24620817842973,0.823285782894499,0.137764692306519
LightGBM,Baseline,8,"{'colsample_bytree': 0.8, 'learning_rate': 0.05, 'max_depth': 9, 'min_child_samples': 50, 'n_estimators': 1000, 'num_leaves': 15, 'subsample': 0.6}",4.24620817510147,0.823285783171523,0.13853645324707
LightGBM,Baseline,8,"{'colsample_bytree': 0.8, 'learning_rate': 0.05, 'max_depth': 9, 'min_child_samples': 50, 'n_estimators': 1000, 'num_leaves': 15, 'subsample': 0.8}",4.24620817194873,0.823285783433938,0.137104988098145
LightGBM,Baseline,8,"{'colsample_bytree': 0.8, 'learning_rate': 0.05, 'max_depth': 9, 'min_child_samples': 50, 'n_estimators': 1000, 'num_leaves': 31, 'subsample': 0.6}",4.24620817767603,0.823285782957232,0.139217376708984
LightGBM,Baseline,8,"{'colsample_bytree': 0.8, 'learning_rate': 0.05, 'max_depth': 9, 'min_child_samples': 50, 'n_estimators': 1000, 'num_leaves': 31, 'subsample': 0.8}",4.2462081764159,0.823285783062118,0.143362283706665
LightGBM,Baseline,8,"{'colsample_bytree': 0.8, 'learning_rate': 0.05, 'max_depth': 9, 'min_child_samples': 50, 'n_estimators': 1000, 'num_leaves': 62, 'subsample': 0.6}",4.24620817730988,0.823285782987708,0.143106460571289
LightGBM,Baseline,8,"{'colsample_bytree': 0.8, 'learning_rate': 0.05, 'max_depth': 9, 'min_child_samples': 50, 'n_estimators': 1000, 'num_leaves': 62, 'subsample': 0.8}",4.24620817507587,0.823285783173654,0.134152173995972
LightGBM,Baseline,8,"{'colsample_bytree': 0.8, 'learning_rate': 0.05, 'max_depth': 9, 'min_child_samples': 100, 'n_estimators': 500, 'num_leaves': 15, 'subsample': 0.6}",3.99629968189139,0.843474527673312,0.216346025466919
LightGBM,Baseline,8,"{'colsample_bytree': 0.8, 'learning_rate': 0.05, 'max_depth': 9, 'min_child_samples': 100, 'n_estimators': 500, 'num_leaves': 15, 'subsample': 0.8}",3.99649505223401,0.843459222923871,0.218880414962769
LightGBM,Baseline,8,"{'colsample_bytree': 0.8, 'learning_rate': 0.05, 'max_depth': 9, 'min_child_samples': 100, 'n_estimators': 500, 'num_leaves': 31, 'subsample': 0.6}",4.00267145135464,0.842974995908579,0.172478914260864
LightGBM,Baseline,8,"{'colsample_bytree': 0.8, 'learning_rate': 0.05, 'max_depth': 9, 'min_child_samples': 100, 'n_estimators': 500, 'num_leaves': 31, 'subsample': 0.8}",4.00263695019451,0.842977702861437,0.182238340377808
LightGBM,Baseline,8,"{'colsample_bytree': 0.8, 'learning_rate': 0.05, 'max_depth': 9, 'min_child_samples': 100, 'n_estimators': 500, 'num_leaves': 62, 'subsample': 0.6}",3.99628585790394,0.843475610576296,0.239986419677734
LightGBM,Baseline,8,"{'colsample_bytree': 0.8, 'learning_rate': 0.05, 'max_depth': 9, 'min_child_samples': 100, 'n_estimators': 500, 'num_leaves': 62, 'subsample': 0.8}",3.99652960983084,0.843456515703479,0.218178272247314
LightGBM,Baseline,8,"{'colsample_bytree': 0.8, 'learning_rate': 0.05, 'max_depth': 9, 'min_child_samples': 100, 'n_estimators': 750, 'num_leaves': 15, 'subsample': 0.6}",4.00263081423648,0.842978184284808,0.211778879165649
LightGBM,Baseline,8,"{'colsample_bytree': 0.8, 'learning_rate': 0.05, 'max_depth': 9, 'min_child_samples': 100, 'n_estimators': 750, 'num_leaves': 15, 'subsample': 0.8}",4.00263694785139,0.842977703045277,0.211029052734375
LightGBM,Baseline,8,"{'colsample_bytree': 0.8, 'learning_rate': 0.05, 'max_depth': 9, 'min_child_samples': 100, 'n_estimators': 750, 'num_leaves': 31, 'subsample': 0.6}",4.00284239537035,0.84296158333736,0.201340913772583
LightGBM,Baseline,8,"{'colsample_bytree': 0.8, 'learning_rate': 0.05, 'max_depth': 9, 'min_child_samples': 100, 'n_estimators': 750, 'num_leaves': 31, 'subsample': 0.8}",4.00263081292323,0.842978184387845,0.164333820343018
LightGBM,Baseline,8,"{'colsample_bytree': 0.8, 'learning_rate': 0.05, 'max_depth': 9, 'min_child_samples': 100, 'n_estimators': 750, 'num_leaves': 62, 'subsample': 0.6}",4.00258375234308,0.842981876706544,0.199859142303467
LightGBM,Baseline,8,"{'colsample_bytree': 0.8, 'learning_rate': 0.05, 'max_depth': 9, 'min_child_samples': 100, 'n_estimators': 750, 'num_leaves': 62, 'subsample': 0.8}",4.00265889610496,0.842975980993198,0.216368198394775
LightGBM,Baseline,8,"{'colsample_bytree': 0.8, 'learning_rate': 0.05, 'max_depth': 9, 'min_child_samples': 100, 'n_estimators': 1000, 'num_leaves': 15, 'subsample': 0.6}",3.99628585832157,0.84347561054358,0.209823846817017
LightGBM,Baseline,8,"{'colsample_bytree': 0.8, 'learning_rate': 0.05, 'max_depth': 9, 'min_child_samples': 100, 'n_estimators': 1000, 'num_leaves': 15, 'subsample': 0.8}",4.00240883159624,0.842995600405505,0.191437959671021
LightGBM,Baseline,8,"{'colsample_bytree': 0.8, 'learning_rate': 0.05, 'max_depth': 9, 'min_child_samples': 100, 'n_estimators': 1000, 'num_leaves': 31, 'subsample': 0.6}",4.00267145246427,0.842974995821518,0.162612438201904
LightGBM,Baseline,8,"{'colsample_bytree': 0.8, 'learning_rate': 0.05, 'max_depth': 9, 'min_child_samples': 100, 'n_estimators': 1000, 'num_leaves': 31, 'subsample': 0.8}",4.00237432443632,0.842998307651464,0.159854173660278
LightGBM,Baseline,8,"{'colsample_bytree': 0.8, 'learning_rate': 0.05, 'max_depth': 9, 'min_child_samples': 100, 'n_estimators': 1000, 'num_leaves': 62, 'subsample': 0.6}",4.0028423974827,0.842961583171618,0.173386812210083
LightGBM,Baseline,8,"{'colsample_bytree': 0.8, 'learning_rate': 0.05, 'max_depth': 9, 'min_child_samples': 100, 'n_estimators': 1000, 'num_leaves': 62, 'subsample': 0.8}",3.99628585793927,0.843475610573527,0.193678379058838
LightGBM,Baseline,9,"{'colsample_bytree': 0.6, 'learning_rate': 0.01, 'max_depth': 3, 'min_child_samples': 50, 'n_estimators': 500, 'num_leaves': 15, 'subsample': 0.6}",5.7925847383678,0.812875058440492,0.169380903244019
LightGBM,Baseline,9,"{'colsample_bytree': 0.6, 'learning_rate': 0.01, 'max_depth': 3, 'min_child_samples': 50, 'n_estimators': 500, 'num_leaves': 15, 'subsample': 0.8}",5.79258473766921,0.812875058485626,0.172141313552856
LightGBM,Baseline,9,"{'colsample_bytree': 0.6, 'learning_rate': 0.01, 'max_depth': 3, 'min_child_samples': 50, 'n_estimators': 500, 'num_leaves': 31, 'subsample': 0.6}",5.79258473778846,0.812875058477922,0.146978855133057
LightGBM,Baseline,9,"{'colsample_bytree': 0.6, 'learning_rate': 0.01, 'max_depth': 3, 'min_child_samples': 50, 'n_estimators': 500, 'num_leaves': 31, 'subsample': 0.8}",5.79258473806456,0.812875058460083,0.143385648727417
LightGBM,Baseline,9,"{'colsample_bytree': 0.6, 'learning_rate': 0.01, 'max_depth': 3, 'min_child_samples': 50, 'n_estimators': 500, 'num_leaves': 62, 'subsample': 0.6}",5.79258473802719,0.812875058462498,0.142809391021729
LightGBM,Baseline,9,"{'colsample_bytree': 0.6, 'learning_rate': 0.01, 'max_depth': 3, 'min_child_samples': 50, 'n_estimators': 500, 'num_leaves': 62, 'subsample': 0.8}",5.79258473784893,0.812875058474015,0.149572134017944
LightGBM,Baseline,9,"{'colsample_bytree': 0.6, 'learning_rate': 0.01, 'max_depth': 3, 'min_child_samples': 50, 'n_estimators': 750, 'num_leaves': 15, 'subsample': 0.6}",5.79258473877937,0.8128750584139,0.15521502494812
LightGBM,Baseline,9,"{'colsample_bytree': 0.6, 'learning_rate': 0.01, 'max_depth': 3, 'min_child_samples': 50, 'n_estimators': 750, 'num_leaves': 15, 'subsample': 0.8}",5.7925847384732,0.812875058433682,0.159193754196167
LightGBM,Baseline,9,"{'colsample_bytree': 0.6, 'learning_rate': 0.01, 'max_depth': 3, 'min_child_samples': 50, 'n_estimators': 750, 'num_leaves': 31, 'subsample': 0.6}",5.7925847376605,0.812875058486189,0.161033391952515
LightGBM,Baseline,9,"{'colsample_bytree': 0.6, 'learning_rate': 0.01, 'max_depth': 3, 'min_child_samples': 50, 'n_estimators': 750, 'num_leaves': 31, 'subsample': 0.8}",5.79258473712805,0.81287505852059,0.170810222625732
LightGBM,Baseline,9,"{'colsample_bytree': 0.6, 'learning_rate': 0.01, 'max_depth': 3, 'min_child_samples': 50, 'n_estimators': 750, 'num_leaves': 62, 'subsample': 0.6}",5.79258473727374,0.812875058511177,0.177532911300659
LightGBM,Baseline,9,"{'colsample_bytree': 0.6, 'learning_rate': 0.01, 'max_depth': 3, 'min_child_samples': 50, 'n_estimators': 750, 'num_leaves': 62, 'subsample': 0.8}",5.79258473831707,0.812875058443769,0.16079306602478
LightGBM,Baseline,9,"{'colsample_bytree': 0.6, 'learning_rate': 0.01, 'max_depth': 3, 'min_child_samples': 50, 'n_estimators': 1000, 'num_leaves': 15, 'subsample': 0.6}",5.79258473720034,0.812875058515919,0.157015800476074
LightGBM,Baseline,9,"{'colsample_bytree': 0.6, 'learning_rate': 0.01, 'max_depth': 3, 'min_child_samples': 50, 'n_estimators': 1000, 'num_leaves': 15, 'subsample': 0.8}",5.79258473791822,0.812875058469538,0.169878482818604
LightGBM,Baseline,9,"{'colsample_bytree': 0.6, 'learning_rate': 0.01, 'max_depth': 3, 'min_child_samples': 50, 'n_estimators': 1000, 'num_leaves': 31, 'subsample': 0.6}",5.79258473809156,0.812875058458339,0.183851003646851
LightGBM,Baseline,9,"{'colsample_bytree': 0.6, 'learning_rate': 0.01, 'max_depth': 3, 'min_child_samples': 50, 'n_estimators': 1000, 'num_leaves': 31, 'subsample': 0.8}",5.79258473777139,0.812875058479025,0.180578470230103
LightGBM,Baseline,9,"{'colsample_bytree': 0.6, 'learning_rate': 0.01, 'max_depth': 3, 'min_child_samples': 50, 'n_estimators': 1000, 'num_leaves': 62, 'subsample': 0.6}",5.79258473762205,0.812875058488674,0.150774955749512
LightGBM,Baseline,9,"{'colsample_bytree': 0.6, 'learning_rate': 0.01, 'max_depth': 3, 'min_child_samples': 50, 'n_estimators': 1000, 'num_leaves': 62, 'subsample': 0.8}",5.79258473758661,0.812875058490963,0.152827739715576
LightGBM,Baseline,9,"{'colsample_bytree': 0.6, 'learning_rate': 0.01, 'max_depth': 3, 'min_child_samples': 100, 'n_estimators': 500, 'num_leaves': 15, 'subsample': 0.6}",6.53844337524175,0.761583877633991,0.22629189491272
LightGBM,Baseline,9,"{'colsample_bytree': 0.6, 'learning_rate': 0.01, 'max_depth': 3, 'min_child_samples': 100, 'n_estimators': 500, 'num_leaves': 15, 'subsample': 0.8}",6.5384433761895,0.761583877564874,0.228142261505127
LightGBM,Baseline,9,"{'colsample_bytree': 0.6, 'learning_rate': 0.01, 'max_depth': 3, 'min_child_samples': 100, 'n_estimators': 500, 'num_leaves': 31, 'subsample': 0.6}",6.53844337522237,0.761583877635405,0.25033712387085
LightGBM,Baseline,9,"{'colsample_bytree': 0.6, 'learning_rate': 0.01, 'max_depth': 3, 'min_child_samples': 100, 'n_estimators': 500, 'num_leaves': 31, 'subsample': 0.8}",6.53844337545122,0.761583877618715,0.219775915145874
LightGBM,Baseline,9,"{'colsample_bytree': 0.6, 'learning_rate': 0.01, 'max_depth': 3, 'min_child_samples': 100, 'n_estimators': 500, 'num_leaves': 62, 'subsample': 0.6}",6.5384433740877,0.761583877718153,0.231577396392822
LightGBM,Baseline,9,"{'colsample_bytree': 0.6, 'learning_rate': 0.01, 'max_depth': 3, 'min_child_samples': 100, 'n_estimators': 500, 'num_leaves': 62, 'subsample': 0.8}",6.53844337506942,0.761583877646559,0.218822002410889
LightGBM,Baseline,9,"{'colsample_bytree': 0.6, 'learning_rate': 0.01, 'max_depth': 3, 'min_child_samples': 100, 'n_estimators': 750, 'num_leaves': 15, 'subsample': 0.6}",6.51348149544633,0.763400809906914,0.270380020141602
LightGBM,Baseline,9,"{'colsample_bytree': 0.6, 'learning_rate': 0.01, 'max_depth': 3, 'min_child_samples': 100, 'n_estimators': 750, 'num_leaves': 15, 'subsample': 0.8}",6.51348149606617,0.763400809861883,0.265304565429688
LightGBM,Baseline,9,"{'colsample_bytree': 0.6, 'learning_rate': 0.01, 'max_depth': 3, 'min_child_samples': 100, 'n_estimators': 750, 'num_leaves': 31, 'subsample': 0.6}",6.51348149575296,0.763400809884637,0.286104440689087
LightGBM,Baseline,9,"{'colsample_bytree': 0.6, 'learning_rate': 0.01, 'max_depth': 3, 'min_child_samples': 100, 'n_estimators': 750, 'num_leaves': 31, 'subsample': 0.8}",6.51348149654076,0.763400809827405,0.259839534759522
LightGBM,Baseline,9,"{'colsample_bytree': 0.6, 'learning_rate': 0.01, 'max_depth': 3, 'min_child_samples': 100, 'n_estimators': 750, 'num_leaves': 62, 'subsample': 0.6}",6.51348149569356,0.763400809888953,0.293025970458984
LightGBM,Baseline,9,"{'colsample_bytree': 0.6, 'learning_rate': 0.01, 'max_depth': 3, 'min_child_samples': 100, 'n_estimators': 750, 'num_leaves': 62, 'subsample': 0.8}",6.51348149520377,0.763400809924535,0.284222841262817
LightGBM,Baseline,9,"{'colsample_bytree': 0.6, 'learning_rate': 0.01, 'max_depth': 3, 'min_child_samples': 100, 'n_estimators': 1000, 'num_leaves': 15, 'subsample': 0.6}",6.51348149600678,0.763400809866197,0.302974462509155
LightGBM,Baseline,9,"{'colsample_bytree': 0.6, 'learning_rate': 0.01, 'max_depth': 3, 'min_child_samples': 100, 'n_estimators': 1000, 'num_leaves': 15, 'subsample': 0.8}",6.51348149547708,0.763400809904679,0.338921070098877
LightGBM,Baseline,9,"{'colsample_bytree': 0.6, 'learning_rate': 0.01, 'max_depth': 3, 'min_child_samples': 100, 'n_estimators': 1000, 'num_leaves': 31, 'subsample': 0.6}",6.51348149554568,0.763400809899696,0.324301242828369
LightGBM,Baseline,9,"{'colsample_bytree': 0.6, 'learning_rate': 0.01, 'max_depth': 3, 'min_child_samples': 100, 'n_estimators': 1000, 'num_leaves': 31, 'subsample': 0.8}",6.51348149657352,0.763400809825025,0.298378467559814
LightGBM,Baseline,9,"{'colsample_bytree': 0.6, 'learning_rate': 0.01, 'max_depth': 3, 'min_child_samples': 100, 'n_estimators': 1000, 'num_leaves': 62, 'subsample': 0.6}",6.51348149537496,0.763400809912098,0.298334360122681
LightGBM,Baseline,9,"{'colsample_bytree': 0.6, 'learning_rate': 0.01, 'max_depth': 3, 'min_child_samples': 100, 'n_estimators': 1000, 'num_leaves': 62, 'subsample': 0.8}",6.51348149550007,0.763400809903009,0.297175645828247
LightGBM,Baseline,9,"{'colsample_bytree': 0.6, 'learning_rate': 0.01, 'max_depth': 5, 'min_child_samples': 50, 'n_estimators': 500, 'num_leaves': 15, 'subsample': 0.6}",5.79294875351371,0.812851539249578,0.214532375335693
LightGBM,Baseline,9,"{'colsample_bytree': 0.6, 'learning_rate': 0.01, 'max_depth': 5, 'min_child_samples': 50, 'n_estimators': 500, 'num_leaves': 15, 'subsample': 0.8}",5.79294875369503,0.812851539237862,0.234106779098511
LightGBM,Baseline,9,"{'colsample_bytree': 0.6, 'learning_rate': 0.01, 'max_depth': 5, 'min_child_samples': 50, 'n_estimators': 500, 'num_leaves': 31, 'subsample': 0.6}",5.792948753675,0.812851539239156,0.186682224273682
LightGBM,Baseline,9,"{'colsample_bytree': 0.6, 'learning_rate': 0.01, 'max_depth': 5, 'min_child_samples': 50, 'n_estimators': 500, 'num_leaves': 31, 'subsample': 0.8}",5.79294875277074,0.812851539297583,0.209186315536499
LightGBM,Baseline,9,"{'colsample_bytree': 0.6, 'learning_rate': 0.01, 'max_depth': 5, 'min_child_samples': 50, 'n_estimators': 500, 'num_leaves': 62, 'subsample': 0.6}",5.79294875185921,0.812851539356479,0.214332818984985
LightGBM,Baseline,9,"{'colsample_bytree': 0.6, 'learning_rate': 0.01, 'max_depth': 5, 'min_child_samples': 50, 'n_estimators': 500, 'num_leaves': 62, 'subsample': 0.8}",5.79294875181903,0.812851539359075,0.217034578323364
LightGBM,Baseline,9,"{'colsample_bytree': 0.6, 'learning_rate': 0.01, 'max_depth': 5, 'min_child_samples': 50, 'n_estimators': 750, 'num_leaves': 15, 'subsample': 0.6}",5.79294875248982,0.812851539315734,0.238272905349731
LightGBM,Baseline,9,"{'colsample_bytree': 0.6, 'learning_rate': 0.01, 'max_depth': 5, 'min_child_samples': 50, 'n_estimators': 750, 'num_leaves': 15, 'subsample': 0.8}",5.79294875295452,0.812851539285708,0.194780349731445
LightGBM,Baseline,9,"{'colsample_bytree': 0.6, 'learning_rate': 0.01, 'max_depth': 5, 'min_child_samples': 50, 'n_estimators': 750, 'num_leaves': 31, 'subsample': 0.6}",5.79294875348132,0.812851539251671,0.189885377883911
LightGBM,Baseline,9,"{'colsample_bytree': 0.6, 'learning_rate': 0.01, 'max_depth': 5, 'min_child_samples': 50, 'n_estimators': 750, 'num_leaves': 31, 'subsample': 0.8}",5.79294875308948,0.812851539276988,0.22472620010376
LightGBM,Baseline,9,"{'colsample_bytree': 0.6, 'learning_rate': 0.01, 'max_depth': 5, 'min_child_samples': 50, 'n_estimators': 750, 'num_leaves': 62, 'subsample': 0.6}",5.79294875278897,0.812851539296405,0.188501596450806
LightGBM,Baseline,9,"{'colsample_bytree': 0.6, 'learning_rate': 0.01, 'max_depth': 5, 'min_child_samples': 50, 'n_estimators': 750, 'num_leaves': 62, 'subsample': 0.8}",5.79294875341837,0.812851539255738,0.169986724853516
LightGBM,Baseline,9,"{'colsample_bytree': 0.6, 'learning_rate': 0.01, 'max_depth': 5, 'min_child_samples': 50, 'n_estimators': 1000, 'num_leaves': 15, 'subsample': 0.6}",5.79294875255269,0.812851539311671,0.173549890518188
LightGBM,Baseline,9,"{'colsample_bytree': 0.6, 'learning_rate': 0.01, 'max_depth': 5, 'min_child_samples': 50, 'n_estimators': 1000, 'num_leaves': 15, 'subsample': 0.8}",5.79294875274309,0.81285153929937,0.172407865524292
LightGBM,Baseline,9,"{'colsample_bytree': 0.6, 'learning_rate': 0.01, 'max_depth': 5, 'min_child_samples': 50, 'n_estimators': 1000, 'num_leaves': 31, 'subsample': 0.6}",5.79294875228754,0.812851539328804,0.176516771316528
LightGBM,Baseline,9,"{'colsample_bytree': 0.6, 'learning_rate': 0.01, 'max_depth': 5, 'min_child_samples': 50, 'n_estimators': 1000, 'num_leaves': 31, 'subsample': 0.8}",5.79294875308067,0.812851539277557,0.18851375579834
LightGBM,Baseline,9,"{'colsample_bytree': 0.6, 'learning_rate': 0.01, 'max_depth': 5, 'min_child_samples': 50, 'n_estimators': 1000, 'num_leaves': 62, 'subsample': 0.6}",5.79294875215305,0.812851539337493,0.232413053512573
LightGBM,Baseline,9,"{'colsample_bytree': 0.6, 'learning_rate': 0.01, 'max_depth': 5, 'min_child_samples': 50, 'n_estimators': 1000, 'num_leaves': 62, 'subsample': 0.8}",5.79294875258416,0.812851539309638,0.229971885681152
LightGBM,Baseline,9,"{'colsample_bytree': 0.6, 'learning_rate': 0.01, 'max_depth': 5, 'min_child_samples': 100, 'n_estimators': 500, 'num_leaves': 15, 'subsample': 0.6}",6.52223620611874,0.762764360873533,0.280718326568604
LightGBM,Baseline,9,"{'colsample_bytree': 0.6, 'learning_rate': 0.01, 'max_depth': 5, 'min_child_samples': 100, 'n_estimators': 500, 'num_leaves': 15, 'subsample': 0.8}",6.52223620506019,0.762764360950539,0.266540288925171
LightGBM,Baseline,9,"{'colsample_bytree': 0.6, 'learning_rate': 0.01, 'max_depth': 5, 'min_child_samples': 100, 'n_estimators': 500, 'num_leaves': 31, 'subsample': 0.6}",6.52223620507874,0.76276436094919,0.266068458557129
LightGBM,Baseline,9,"{'colsample_bytree': 0.6, 'learning_rate': 0.01, 'max_depth': 5, 'min_child_samples': 100, 'n_estimators': 500, 'num_leaves': 31, 'subsample': 0.8}",6.52223620552652,0.762764360916616,0.276889085769653
LightGBM,Baseline,9,"{'colsample_bytree': 0.6, 'learning_rate': 0.01, 'max_depth': 5, 'min_child_samples': 100, 'n_estimators': 500, 'num_leaves': 62, 'subsample': 0.6}",6.52223620572679,0.762764360902047,0.26471209526062
LightGBM,Baseline,9,"{'colsample_bytree': 0.6, 'learning_rate': 0.01, 'max_depth': 5, 'min_child_samples': 100, 'n_estimators': 500, 'num_leaves': 62, 'subsample': 0.8}",6.52223620535122,0.762764360929368,0.269683837890625
LightGBM,Baseline,9,"{'colsample_bytree': 0.6, 'learning_rate': 0.01, 'max_depth': 5, 'min_child_samples': 100, 'n_estimators': 750, 'num_leaves': 15, 'subsample': 0.6}",6.49649918953626,0.764632950307519,0.430292844772339
LightGBM,Baseline,9,"{'colsample_bytree': 0.6, 'learning_rate': 0.01, 'max_depth': 5, 'min_child_samples': 100, 'n_estimators': 750, 'num_leaves': 15, 'subsample': 0.8}",6.49649919132655,0.764632950177795,0.330432176589966
LightGBM,Baseline,9,"{'colsample_bytree': 0.6, 'learning_rate': 0.01, 'max_depth': 5, 'min_child_samples': 100, 'n_estimators': 750, 'num_leaves': 31, 'subsample': 0.6}",6.4964986601594,0.764632988665982,0.332831621170044
LightGBM,Baseline,9,"{'colsample_bytree': 0.6, 'learning_rate': 0.01, 'max_depth': 5, 'min_child_samples': 100, 'n_estimators': 750, 'num_leaves': 31, 'subsample': 0.8}",6.49649866006912,0.764632988672524,0.278247833251953
LightGBM,Baseline,9,"{'colsample_bytree': 0.6, 'learning_rate': 0.01, 'max_depth': 5, 'min_child_samples': 100, 'n_estimators': 750, 'num_leaves': 62, 'subsample': 0.6}",6.49649919125971,0.764632950182638,0.313671827316284
LightGBM,Baseline,9,"{'colsample_bytree': 0.6, 'learning_rate': 0.01, 'max_depth': 5, 'min_child_samples': 100, 'n_estimators': 750, 'num_leaves': 62, 'subsample': 0.8}",6.49649866006319,0.764632988672954,0.338521718978882
LightGBM,Baseline,9,"{'colsample_bytree': 0.6, 'learning_rate': 0.01, 'max_depth': 5, 'min_child_samples': 100, 'n_estimators': 1000, 'num_leaves': 15, 'subsample': 0.6}",6.49649866027147,0.764632988657862,0.276689291000366
LightGBM,Baseline,9,"{'colsample_bytree': 0.6, 'learning_rate': 0.01, 'max_depth': 5, 'min_child_samples': 100, 'n_estimators': 1000, 'num_leaves': 15, 'subsample': 0.8}",6.49649865920617,0.764632988735053,0.313343524932861
LightGBM,Baseline,9,"{'colsample_bytree': 0.6, 'learning_rate': 0.01, 'max_depth': 5, 'min_child_samples': 100, 'n_estimators': 1000, 'num_leaves': 31, 'subsample': 0.6}",6.49649865987601,0.764632988686517,0.298187255859375
LightGBM,Baseline,9,"{'colsample_bytree': 0.6, 'learning_rate': 0.01, 'max_depth': 5, 'min_child_samples': 100, 'n_estimators': 1000, 'num_leaves': 31, 'subsample': 0.8}",6.49649919118841,0.764632950187804,0.298237800598145
LightGBM,Baseline,9,"{'colsample_bytree': 0.6, 'learning_rate': 0.01, 'max_depth': 5, 'min_child_samples': 100, 'n_estimators': 1000, 'num_leaves': 62, 'subsample': 0.6}",6.49649865852224,0.764632988784611,0.283294916152954
LightGBM,Baseline,9,"{'colsample_bytree': 0.6, 'learning_rate': 0.01, 'max_depth': 5, 'min_child_samples': 100, 'n_estimators': 1000, 'num_leaves': 62, 'subsample': 0.8}",6.49649865993846,0.764632988681992,0.297380208969116
LightGBM,Baseline,9,"{'colsample_bytree': 0.6, 'learning_rate': 0.01, 'max_depth': 9, 'min_child_samples': 50, 'n_estimators': 500, 'num_leaves': 15, 'subsample': 0.6}",5.79504268089793,0.812716220907417,0.236374139785767
LightGBM,Baseline,9,"{'colsample_bytree': 0.6, 'learning_rate': 0.01, 'max_depth': 9, 'min_child_samples': 50, 'n_estimators': 500, 'num_leaves': 15, 'subsample': 0.8}",5.79504268159291,0.812716220862496,0.237456798553467
LightGBM,Baseline,9,"{'colsample_bytree': 0.6, 'learning_rate': 0.01, 'max_depth': 9, 'min_child_samples': 50, 'n_estimators': 500, 'num_leaves': 31, 'subsample': 0.6}",5.79504118508192,0.812716317590756,0.24223518371582
LightGBM,Baseline,9,"{'colsample_bytree': 0.6, 'learning_rate': 0.01, 'max_depth': 9, 'min_child_samples': 50, 'n_estimators': 500, 'num_leaves': 31, 'subsample': 0.8}",5.79504268068073,0.812716220921456,0.242966413497925
LightGBM,Baseline,9,"{'colsample_bytree': 0.6, 'learning_rate': 0.01, 'max_depth': 9, 'min_child_samples': 50, 'n_estimators': 500, 'num_leaves': 62, 'subsample': 0.6}",5.79504028237694,0.812716375937847,0.341753244400024
LightGBM,Baseline,9,"{'colsample_bytree': 0.6, 'learning_rate': 0.01, 'max_depth': 9, 'min_child_samples': 50, 'n_estimators': 500, 'num_leaves': 62, 'subsample': 0.8}",5.79504028229797,0.812716375942952,0.263754606246948
LightGBM,Baseline,9,"{'colsample_bytree': 0.6, 'learning_rate': 0.01, 'max_depth': 9, 'min_child_samples': 50, 'n_estimators': 750, 'num_leaves': 15, 'subsample': 0.6}",5.79504028254607,0.812716375926915,0.234356880187988
LightGBM,Baseline,9,"{'colsample_bytree': 0.6, 'learning_rate': 0.01, 'max_depth': 9, 'min_child_samples': 50, 'n_estimators': 750, 'num_leaves': 15, 'subsample': 0.8}",5.79504268144444,0.812716220872092,0.223047494888306
LightGBM,Baseline,9,"{'colsample_bytree': 0.6, 'learning_rate': 0.01, 'max_depth': 9, 'min_child_samples': 50, 'n_estimators': 750, 'num_leaves': 31, 'subsample': 0.6}",5.79504175291241,0.812716280888552,0.22350811958313
LightGBM,Baseline,9,"{'colsample_bytree': 0.6, 'learning_rate': 0.01, 'max_depth': 9, 'min_child_samples': 50, 'n_estimators': 750, 'num_leaves': 31, 'subsample': 0.8}",5.79503909231198,0.812716452858678,0.224942445755005
LightGBM,Baseline,9,"{'colsample_bytree': 0.6, 'learning_rate': 0.01, 'max_depth': 9, 'min_child_samples': 50, 'n_estimators': 750, 'num_leaves': 62, 'subsample': 0.6}",5.79504028203591,0.81271637595989,0.225151062011719
LightGBM,Baseline,9,"{'colsample_bytree': 0.6, 'learning_rate': 0.01, 'max_depth': 9, 'min_child_samples': 50, 'n_estimators': 750, 'num_leaves': 62, 'subsample': 0.8}",5.79504175361451,0.812716280843172,0.237445592880249
LightGBM,Baseline,9,"{'colsample_bytree': 0.6, 'learning_rate': 0.01, 'max_depth': 9, 'min_child_samples': 50, 'n_estimators': 1000, 'num_leaves': 15, 'subsample': 0.6}",5.79504181008988,0.812716277192838,0.215891122817993
LightGBM,Baseline,9,"{'colsample_bytree': 0.6, 'learning_rate': 0.01, 'max_depth': 9, 'min_child_samples': 50, 'n_estimators': 1000, 'num_leaves': 15, 'subsample': 0.8}",5.79504090693064,0.812716335569298,0.235718965530396
LightGBM,Baseline,9,"{'colsample_bytree': 0.6, 'learning_rate': 0.01, 'max_depth': 9, 'min_child_samples': 50, 'n_estimators': 1000, 'num_leaves': 31, 'subsample': 0.6}",5.79504268083676,0.81271622091137,0.230849504470825
LightGBM,Baseline,9,"{'colsample_bytree': 0.6, 'learning_rate': 0.01, 'max_depth': 9, 'min_child_samples': 50, 'n_estimators': 1000, 'num_leaves': 31, 'subsample': 0.8}",5.79503999584381,0.812716394458154,0.25879955291748
LightGBM,Baseline,9,"{'colsample_bytree': 0.6, 'learning_rate': 0.01, 'max_depth': 9, 'min_child_samples': 50, 'n_estimators': 1000, 'num_leaves': 62, 'subsample': 0.6}",5.79504175377793,0.812716280832608,0.251703262329102
LightGBM,Baseline,9,"{'colsample_bytree': 0.6, 'learning_rate': 0.01, 'max_depth': 9, 'min_child_samples': 50, 'n_estimators': 1000, 'num_leaves': 62, 'subsample': 0.8}",5.79504085017362,0.812716339237835,0.297367095947266
LightGBM,Baseline,9,"{'colsample_bytree': 0.6, 'learning_rate': 0.01, 'max_depth': 9, 'min_child_samples': 100, 'n_estimators': 500, 'num_leaves': 15, 'subsample': 0.6}",6.52283341796015,0.762720913683057,0.301208257675171
LightGBM,Baseline,9,"{'colsample_bytree': 0.6, 'learning_rate': 0.01, 'max_depth': 9, 'min_child_samples': 100, 'n_estimators': 500, 'num_leaves': 15, 'subsample': 0.8}",6.52283341787298,0.762720913689399,0.275607585906982
LightGBM,Baseline,9,"{'colsample_bytree': 0.6, 'learning_rate': 0.01, 'max_depth': 9, 'min_child_samples': 100, 'n_estimators': 500, 'num_leaves': 31, 'subsample': 0.6}",6.52283341766067,0.762720913704845,0.31770658493042
LightGBM,Baseline,9,"{'colsample_bytree': 0.6, 'learning_rate': 0.01, 'max_depth': 9, 'min_child_samples': 100, 'n_estimators': 500, 'num_leaves': 31, 'subsample': 0.8}",6.52283341754056,0.762720913713584,0.318521499633789
LightGBM,Baseline,9,"{'colsample_bytree': 0.6, 'learning_rate': 0.01, 'max_depth': 9, 'min_child_samples': 100, 'n_estimators': 500, 'num_leaves': 62, 'subsample': 0.6}",6.52283341881331,0.762720913620987,0.25922155380249
LightGBM,Baseline,9,"{'colsample_bytree': 0.6, 'learning_rate': 0.01, 'max_depth': 9, 'min_child_samples': 100, 'n_estimators': 500, 'num_leaves': 62, 'subsample': 0.8}",6.52283341866178,0.762720913632011,0.277098417282105
LightGBM,Baseline,9,"{'colsample_bytree': 0.6, 'learning_rate': 0.01, 'max_depth': 9, 'min_child_samples': 100, 'n_estimators': 750, 'num_leaves': 15, 'subsample': 0.6}",6.40202497777265,0.771428743986136,0.410999536514282
LightGBM,Baseline,9,"{'colsample_bytree': 0.6, 'learning_rate': 0.01, 'max_depth': 9, 'min_child_samples': 100, 'n_estimators': 750, 'num_leaves': 15, 'subsample': 0.8}",6.40202497757814,0.771428744000026,0.365922689437866
LightGBM,Baseline,9,"{'colsample_bytree': 0.6, 'learning_rate': 0.01, 'max_depth': 9, 'min_child_samples': 100, 'n_estimators': 750, 'num_leaves': 31, 'subsample': 0.6}",6.40202497713988,0.77142874403132,0.469057321548462
LightGBM,Baseline,9,"{'colsample_bytree': 0.6, 'learning_rate': 0.01, 'max_depth': 9, 'min_child_samples': 100, 'n_estimators': 750, 'num_leaves': 31, 'subsample': 0.8}",6.40202497678423,0.771428744056715,0.435659170150757
LightGBM,Baseline,9,"{'colsample_bytree': 0.6, 'learning_rate': 0.01, 'max_depth': 9, 'min_child_samples': 100, 'n_estimators': 750, 'num_leaves': 62, 'subsample': 0.6}",6.40202497732794,0.771428744017892,0.447995662689209
LightGBM,Baseline,9,"{'colsample_bytree': 0.6, 'learning_rate': 0.01, 'max_depth': 9, 'min_child_samples': 100, 'n_estimators': 750, 'num_leaves': 62, 'subsample': 0.8}",6.40202497748088,0.771428744006971,0.42426872253418
LightGBM,Baseline,9,"{'colsample_bytree': 0.6, 'learning_rate': 0.01, 'max_depth': 9, 'min_child_samples': 100, 'n_estimators': 1000, 'num_leaves': 15, 'subsample': 0.6}",6.34888034896392,0.775207834427195,0.551185607910156
LightGBM,Baseline,9,"{'colsample_bytree': 0.6, 'learning_rate': 0.01, 'max_depth': 9, 'min_child_samples': 100, 'n_estimators': 1000, 'num_leaves': 15, 'subsample': 0.8}",6.34888152717488,0.775207750994336,0.458515644073486
LightGBM,Baseline,9,"{'colsample_bytree': 0.6, 'learning_rate': 0.01, 'max_depth': 9, 'min_child_samples': 100, 'n_estimators': 1000, 'num_leaves': 31, 'subsample': 0.6}",6.34888034798176,0.775207834496744,0.481437683105469
LightGBM,Baseline,9,"{'colsample_bytree': 0.6, 'learning_rate': 0.01, 'max_depth': 9, 'min_child_samples': 100, 'n_estimators': 1000, 'num_leaves': 31, 'subsample': 0.8}",6.34888152722427,0.775207750990839,0.420963048934937
LightGBM,Baseline,9,"{'colsample_bytree': 0.6, 'learning_rate': 0.01, 'max_depth': 9, 'min_child_samples': 100, 'n_estimators': 1000, 'num_leaves': 62, 'subsample': 0.6}",6.3488803490301,0.775207834422508,0.41924786567688
LightGBM,Baseline,9,"{'colsample_bytree': 0.6, 'learning_rate': 0.01, 'max_depth': 9, 'min_child_samples': 100, 'n_estimators': 1000, 'num_leaves': 62, 'subsample': 0.8}",6.34888034872781,0.775207834443915,0.507543087005615
LightGBM,Baseline,9,"{'colsample_bytree': 0.6, 'learning_rate': 0.05, 'max_depth': 3, 'min_child_samples': 50, 'n_estimators': 500, 'num_leaves': 15, 'subsample': 0.6}",5.78687279217008,0.813243916441748,0.114487409591675
LightGBM,Baseline,9,"{'colsample_bytree': 0.6, 'learning_rate': 0.05, 'max_depth': 3, 'min_child_samples': 50, 'n_estimators': 500, 'num_leaves': 15, 'subsample': 0.8}",5.78687279235139,0.813243916430045,0.111911058425903
LightGBM,Baseline,9,"{'colsample_bytree': 0.6, 'learning_rate': 0.05, 'max_depth': 3, 'min_child_samples': 50, 'n_estimators': 500, 'num_leaves': 31, 'subsample': 0.6}",5.78687279336759,0.813243916364455,0.111453533172607
LightGBM,Baseline,9,"{'colsample_bytree': 0.6, 'learning_rate': 0.05, 'max_depth': 3, 'min_child_samples': 50, 'n_estimators': 500, 'num_leaves': 31, 'subsample': 0.8}",5.78687279213515,0.813243916444002,0.113883018493652
LightGBM,Baseline,9,"{'colsample_bytree': 0.6, 'learning_rate': 0.05, 'max_depth': 3, 'min_child_samples': 50, 'n_estimators': 500, 'num_leaves': 62, 'subsample': 0.6}",5.78687279311027,0.813243916381064,0.110177755355835
LightGBM,Baseline,9,"{'colsample_bytree': 0.6, 'learning_rate': 0.05, 'max_depth': 3, 'min_child_samples': 50, 'n_estimators': 500, 'num_leaves': 62, 'subsample': 0.8}",5.78687279330426,0.813243916368542,0.116862773895264
LightGBM,Baseline,9,"{'colsample_bytree': 0.6, 'learning_rate': 0.05, 'max_depth': 3, 'min_child_samples': 50, 'n_estimators': 750, 'num_leaves': 15, 'subsample': 0.6}",5.78687279355773,0.813243916352182,0.112337589263916
LightGBM,Baseline,9,"{'colsample_bytree': 0.6, 'learning_rate': 0.05, 'max_depth': 3, 'min_child_samples': 50, 'n_estimators': 750, 'num_leaves': 15, 'subsample': 0.8}",5.78687279244322,0.813243916424118,0.118104696273804
LightGBM,Baseline,9,"{'colsample_bytree': 0.6, 'learning_rate': 0.05, 'max_depth': 3, 'min_child_samples': 50, 'n_estimators': 750, 'num_leaves': 31, 'subsample': 0.6}",5.7868727923225,0.81324391643191,0.116199970245361
LightGBM,Baseline,9,"{'colsample_bytree': 0.6, 'learning_rate': 0.05, 'max_depth': 3, 'min_child_samples': 50, 'n_estimators': 750, 'num_leaves': 31, 'subsample': 0.8}",5.78687279312452,0.813243916380144,0.116663694381714
LightGBM,Baseline,9,"{'colsample_bytree': 0.6, 'learning_rate': 0.05, 'max_depth': 3, 'min_child_samples': 50, 'n_estimators': 750, 'num_leaves': 62, 'subsample': 0.6}",5.78687279224697,0.813243916436785,0.110162734985352
LightGBM,Baseline,9,"{'colsample_bytree': 0.6, 'learning_rate': 0.05, 'max_depth': 3, 'min_child_samples': 50, 'n_estimators': 750, 'num_leaves': 62, 'subsample': 0.8}",5.78687279262985,0.813243916412072,0.134871959686279
LightGBM,Baseline,9,"{'colsample_bytree': 0.6, 'learning_rate': 0.05, 'max_depth': 3, 'min_child_samples': 50, 'n_estimators': 1000, 'num_leaves': 15, 'subsample': 0.6}",5.78687279251833,0.81324391641927,0.119339942932129
LightGBM,Baseline,9,"{'colsample_bytree': 0.6, 'learning_rate': 0.05, 'max_depth': 3, 'min_child_samples': 50, 'n_estimators': 1000, 'num_leaves': 15, 'subsample': 0.8}",5.78687279240531,0.813243916426565,0.12227725982666
LightGBM,Baseline,9,"{'colsample_bytree': 0.6, 'learning_rate': 0.05, 'max_depth': 3, 'min_child_samples': 50, 'n_estimators': 1000, 'num_leaves': 31, 'subsample': 0.6}",5.78687279279334,0.81324391640152,0.126766443252563
LightGBM,Baseline,9,"{'colsample_bytree': 0.6, 'learning_rate': 0.05, 'max_depth': 3, 'min_child_samples': 50, 'n_estimators': 1000, 'num_leaves': 31, 'subsample': 0.8}",5.78687279060574,0.813243916542718,0.128975868225098
LightGBM,Baseline,9,"{'colsample_bytree': 0.6, 'learning_rate': 0.05, 'max_depth': 3, 'min_child_samples': 50, 'n_estimators': 1000, 'num_leaves': 62, 'subsample': 0.6}",5.78687279264761,0.813243916410926,0.124831199645996
LightGBM,Baseline,9,"{'colsample_bytree': 0.6, 'learning_rate': 0.05, 'max_depth': 3, 'min_child_samples': 50, 'n_estimators': 1000, 'num_leaves': 62, 'subsample': 0.8}",5.78687279161243,0.813243916477741,0.131404876708984
LightGBM,Baseline,9,"{'colsample_bytree': 0.6, 'learning_rate': 0.05, 'max_depth': 3, 'min_child_samples': 100, 'n_estimators': 500, 'num_leaves': 15, 'subsample': 0.6}",6.38697277135615,0.772502297165816,0.184911727905273
LightGBM,Baseline,9,"{'colsample_bytree': 0.6, 'learning_rate': 0.05, 'max_depth': 3, 'min_child_samples': 100, 'n_estimators': 500, 'num_leaves': 15, 'subsample': 0.8}",6.38697277432673,0.772502296954198,0.186026573181152
LightGBM,Baseline,9,"{'colsample_bytree': 0.6, 'learning_rate': 0.05, 'max_depth': 3, 'min_child_samples': 100, 'n_estimators': 500, 'num_leaves': 31, 'subsample': 0.6}",6.38697277121118,0.772502297176143,0.191620826721191
LightGBM,Baseline,9,"{'colsample_bytree': 0.6, 'learning_rate': 0.05, 'max_depth': 3, 'min_child_samples': 100, 'n_estimators': 500, 'num_leaves': 31, 'subsample': 0.8}",6.38697277360105,0.772502297005894,0.188753843307495
LightGBM,Baseline,9,"{'colsample_bytree': 0.6, 'learning_rate': 0.05, 'max_depth': 3, 'min_child_samples': 100, 'n_estimators': 500, 'num_leaves': 62, 'subsample': 0.6}",6.38697277250256,0.772502297084148,0.169045686721802
LightGBM,Baseline,9,"{'colsample_bytree': 0.6, 'learning_rate': 0.05, 'max_depth': 3, 'min_child_samples': 100, 'n_estimators': 500, 'num_leaves': 62, 'subsample': 0.8}",6.38697277213423,0.772502297110387,0.162749767303467
LightGBM,Baseline,9,"{'colsample_bytree': 0.6, 'learning_rate': 0.05, 'max_depth': 3, 'min_child_samples': 100, 'n_estimators': 750, 'num_leaves': 15, 'subsample': 0.6}",6.38697277070507,0.772502297212198,0.169209718704224
LightGBM,Baseline,9,"{'colsample_bytree': 0.6, 'learning_rate': 0.05, 'max_depth': 3, 'min_child_samples': 100, 'n_estimators': 750, 'num_leaves': 15, 'subsample': 0.8}",6.38697277089862,0.772502297198409,0.164832592010498
LightGBM,Baseline,9,"{'colsample_bytree': 0.6, 'learning_rate': 0.05, 'max_depth': 3, 'min_child_samples': 100, 'n_estimators': 750, 'num_leaves': 31, 'subsample': 0.6}",6.38697277191039,0.772502297126333,0.157029628753662
LightGBM,Baseline,9,"{'colsample_bytree': 0.6, 'learning_rate': 0.05, 'max_depth': 3, 'min_child_samples': 100, 'n_estimators': 750, 'num_leaves': 31, 'subsample': 0.8}",6.38697277267318,0.772502297071994,0.194473028182983
LightGBM,Baseline,9,"{'colsample_bytree': 0.6, 'learning_rate': 0.05, 'max_depth': 3, 'min_child_samples': 100, 'n_estimators': 750, 'num_leaves': 62, 'subsample': 0.6}",6.38697277168132,0.772502297142651,0.200172424316406
LightGBM,Baseline,9,"{'colsample_bytree': 0.6, 'learning_rate': 0.05, 'max_depth': 3, 'min_child_samples': 100, 'n_estimators': 750, 'num_leaves': 62, 'subsample': 0.8}",6.38697277383263,0.772502296989396,0.169874429702759
LightGBM,Baseline,9,"{'colsample_bytree': 0.6, 'learning_rate': 0.05, 'max_depth': 3, 'min_child_samples': 100, 'n_estimators': 1000, 'num_leaves': 15, 'subsample': 0.6}",6.38697277319712,0.772502297034669,0.157992124557495
LightGBM,Baseline,9,"{'colsample_bytree': 0.6, 'learning_rate': 0.05, 'max_depth': 3, 'min_child_samples': 100, 'n_estimators': 1000, 'num_leaves': 15, 'subsample': 0.8}",6.38697277233688,0.772502297095951,0.166058301925659
LightGBM,Baseline,9,"{'colsample_bytree': 0.6, 'learning_rate': 0.05, 'max_depth': 3, 'min_child_samples': 100, 'n_estimators': 1000, 'num_leaves': 31, 'subsample': 0.6}",6.38697277336248,0.772502297022889,0.159955739974976
LightGBM,Baseline,9,"{'colsample_bytree': 0.6, 'learning_rate': 0.05, 'max_depth': 3, 'min_child_samples': 100, 'n_estimators': 1000, 'num_leaves': 31, 'subsample': 0.8}",6.38697277289137,0.77250229705645,0.15795373916626
LightGBM,Baseline,9,"{'colsample_bytree': 0.6, 'learning_rate': 0.05, 'max_depth': 3, 'min_child_samples': 100, 'n_estimators': 1000, 'num_leaves': 62, 'subsample': 0.6}",6.38697277168661,0.772502297142275,0.16595458984375
LightGBM,Baseline,9,"{'colsample_bytree': 0.6, 'learning_rate': 0.05, 'max_depth': 3, 'min_child_samples': 100, 'n_estimators': 1000, 'num_leaves': 62, 'subsample': 0.8}",6.38697277130521,0.772502297169445,0.163589715957642
LightGBM,Baseline,9,"{'colsample_bytree': 0.6, 'learning_rate': 0.05, 'max_depth': 5, 'min_child_samples': 50, 'n_estimators': 500, 'num_leaves': 15, 'subsample': 0.6}",5.78093834997008,0.813626757034735,0.128308057785034
LightGBM,Baseline,9,"{'colsample_bytree': 0.6, 'learning_rate': 0.05, 'max_depth': 5, 'min_child_samples': 50, 'n_estimators': 500, 'num_leaves': 15, 'subsample': 0.8}",5.78093835078759,0.813626756982023,0.157196521759033
LightGBM,Baseline,9,"{'colsample_bytree': 0.6, 'learning_rate': 0.05, 'max_depth': 5, 'min_child_samples': 50, 'n_estimators': 500, 'num_leaves': 31, 'subsample': 0.6}",5.78093834950471,0.813626757064741,0.152297973632813
LightGBM,Baseline,9,"{'colsample_bytree': 0.6, 'learning_rate': 0.05, 'max_depth': 5, 'min_child_samples': 50, 'n_estimators': 500, 'num_leaves': 31, 'subsample': 0.8}",5.78093834868334,0.813626757117702,0.15898871421814
LightGBM,Baseline,9,"{'colsample_bytree': 0.6, 'learning_rate': 0.05, 'max_depth': 5, 'min_child_samples': 50, 'n_estimators': 500, 'num_leaves': 62, 'subsample': 0.6}",5.78093834952978,0.813626757063125,0.155771970748901
LightGBM,Baseline,9,"{'colsample_bytree': 0.6, 'learning_rate': 0.05, 'max_depth': 5, 'min_child_samples': 50, 'n_estimators': 500, 'num_leaves': 62, 'subsample': 0.8}",5.78093834836689,0.813626757138106,0.151308536529541
LightGBM,Baseline,9,"{'colsample_bytree': 0.6, 'learning_rate': 0.05, 'max_depth': 5, 'min_child_samples': 50, 'n_estimators': 750, 'num_leaves': 15, 'subsample': 0.6}",5.78093834963321,0.813626757056456,0.147374391555786
LightGBM,Baseline,9,"{'colsample_bytree': 0.6, 'learning_rate': 0.05, 'max_depth': 5, 'min_child_samples': 50, 'n_estimators': 750, 'num_leaves': 15, 'subsample': 0.8}",5.78093835025318,0.813626757016481,0.152040243148804
LightGBM,Baseline,9,"{'colsample_bytree': 0.6, 'learning_rate': 0.05, 'max_depth': 5, 'min_child_samples': 50, 'n_estimators': 750, 'num_leaves': 31, 'subsample': 0.6}",5.78093834908632,0.813626757091718,0.135438203811646
LightGBM,Baseline,9,"{'colsample_bytree': 0.6, 'learning_rate': 0.05, 'max_depth': 5, 'min_child_samples': 50, 'n_estimators': 750, 'num_leaves': 31, 'subsample': 0.8}",5.78093834908355,0.813626757091897,0.124113798141479
LightGBM,Baseline,9,"{'colsample_bytree': 0.6, 'learning_rate': 0.05, 'max_depth': 5, 'min_child_samples': 50, 'n_estimators': 750, 'num_leaves': 62, 'subsample': 0.6}",5.78093834877153,0.813626757112016,0.120703458786011
LightGBM,Baseline,9,"{'colsample_bytree': 0.6, 'learning_rate': 0.05, 'max_depth': 5, 'min_child_samples': 50, 'n_estimators': 750, 'num_leaves': 62, 'subsample': 0.8}",5.78093834971896,0.813626757050927,0.121941566467285
LightGBM,Baseline,9,"{'colsample_bytree': 0.6, 'learning_rate': 0.05, 'max_depth': 5, 'min_child_samples': 50, 'n_estimators': 1000, 'num_leaves': 15, 'subsample': 0.6}",5.78093834888569,0.813626757104655,0.120062351226807
LightGBM,Baseline,9,"{'colsample_bytree': 0.6, 'learning_rate': 0.05, 'max_depth': 5, 'min_child_samples': 50, 'n_estimators': 1000, 'num_leaves': 15, 'subsample': 0.8}",5.78093835048013,0.813626757001848,0.12541675567627
LightGBM,Baseline,9,"{'colsample_bytree': 0.6, 'learning_rate': 0.05, 'max_depth': 5, 'min_child_samples': 50, 'n_estimators': 1000, 'num_leaves': 31, 'subsample': 0.6}",5.78093835023399,0.813626757017719,0.12224817276001
LightGBM,Baseline,9,"{'colsample_bytree': 0.6, 'learning_rate': 0.05, 'max_depth': 5, 'min_child_samples': 50, 'n_estimators': 1000, 'num_leaves': 31, 'subsample': 0.8}",5.78093834943991,0.81362675706892,0.117084741592407
LightGBM,Baseline,9,"{'colsample_bytree': 0.6, 'learning_rate': 0.05, 'max_depth': 5, 'min_child_samples': 50, 'n_estimators': 1000, 'num_leaves': 62, 'subsample': 0.6}",5.78093835136553,0.813626756944758,0.122851848602295
LightGBM,Baseline,9,"{'colsample_bytree': 0.6, 'learning_rate': 0.05, 'max_depth': 5, 'min_child_samples': 50, 'n_estimators': 1000, 'num_leaves': 62, 'subsample': 0.8}",5.78093834957623,0.81362675706013,0.116996288299561
LightGBM,Baseline,9,"{'colsample_bytree': 0.6, 'learning_rate': 0.05, 'max_depth': 5, 'min_child_samples': 100, 'n_estimators': 500, 'num_leaves': 15, 'subsample': 0.6}",6.35401343022083,0.774844197740424,0.180216550827026
LightGBM,Baseline,9,"{'colsample_bytree': 0.6, 'learning_rate': 0.05, 'max_depth': 5, 'min_child_samples': 100, 'n_estimators': 500, 'num_leaves': 15, 'subsample': 0.8}",6.35401343303521,0.774844197540967,0.188790082931519
LightGBM,Baseline,9,"{'colsample_bytree': 0.6, 'learning_rate': 0.05, 'max_depth': 5, 'min_child_samples': 100, 'n_estimators': 500, 'num_leaves': 31, 'subsample': 0.6}",6.35404117484796,0.774842231462735,0.175171852111816
LightGBM,Baseline,9,"{'colsample_bytree': 0.6, 'learning_rate': 0.05, 'max_depth': 5, 'min_child_samples': 100, 'n_estimators': 500, 'num_leaves': 31, 'subsample': 0.8}",6.35399725312442,0.774845344216591,0.195578098297119
LightGBM,Baseline,9,"{'colsample_bytree': 0.6, 'learning_rate': 0.05, 'max_depth': 5, 'min_child_samples': 100, 'n_estimators': 500, 'num_leaves': 62, 'subsample': 0.6}",6.35401467623564,0.774844109434821,0.254573106765747
LightGBM,Baseline,9,"{'colsample_bytree': 0.6, 'learning_rate': 0.05, 'max_depth': 5, 'min_child_samples': 100, 'n_estimators': 500, 'num_leaves': 62, 'subsample': 0.8}",6.35397582279416,0.774846862986683,0.238222122192383
LightGBM,Baseline,9,"{'colsample_bytree': 0.6, 'learning_rate': 0.05, 'max_depth': 5, 'min_child_samples': 100, 'n_estimators': 750, 'num_leaves': 15, 'subsample': 0.6}",6.35401343244968,0.774844197582464,0.194180011749268
LightGBM,Baseline,9,"{'colsample_bytree': 0.6, 'learning_rate': 0.05, 'max_depth': 5, 'min_child_samples': 100, 'n_estimators': 750, 'num_leaves': 15, 'subsample': 0.8}",6.35398934183013,0.774845904891569,0.200483798980713
LightGBM,Baseline,9,"{'colsample_bytree': 0.6, 'learning_rate': 0.05, 'max_depth': 5, 'min_child_samples': 100, 'n_estimators': 750, 'num_leaves': 31, 'subsample': 0.6}",6.3540120141706,0.774844298096488,0.187491416931152
LightGBM,Baseline,9,"{'colsample_bytree': 0.6, 'learning_rate': 0.05, 'max_depth': 5, 'min_child_samples': 100, 'n_estimators': 750, 'num_leaves': 31, 'subsample': 0.8}",6.3539914531471,0.774845755262189,0.189963340759277
LightGBM,Baseline,9,"{'colsample_bytree': 0.6, 'learning_rate': 0.05, 'max_depth': 5, 'min_child_samples': 100, 'n_estimators': 750, 'num_leaves': 62, 'subsample': 0.6}",6.35401343146836,0.77484419765201,0.191338777542114
LightGBM,Baseline,9,"{'colsample_bytree': 0.6, 'learning_rate': 0.05, 'max_depth': 5, 'min_child_samples': 100, 'n_estimators': 750, 'num_leaves': 62, 'subsample': 0.8}",6.35402920298243,0.774843079916787,0.225531339645386
LightGBM,Baseline,9,"{'colsample_bytree': 0.6, 'learning_rate': 0.05, 'max_depth': 5, 'min_child_samples': 100, 'n_estimators': 1000, 'num_leaves': 15, 'subsample': 0.6}",6.35401343317034,0.774844197531391,0.264575242996216
LightGBM,Baseline,9,"{'colsample_bytree': 0.6, 'learning_rate': 0.05, 'max_depth': 5, 'min_child_samples': 100, 'n_estimators': 1000, 'num_leaves': 15, 'subsample': 0.8}",6.35402207463806,0.774843585106521,0.249260902404785
LightGBM,Baseline,9,"{'colsample_bytree': 0.6, 'learning_rate': 0.05, 'max_depth': 5, 'min_child_samples': 100, 'n_estimators': 1000, 'num_leaves': 31, 'subsample': 0.6}",6.35401677262882,0.774843960862501,0.243458986282349
LightGBM,Baseline,9,"{'colsample_bytree': 0.6, 'learning_rate': 0.05, 'max_depth': 5, 'min_child_samples': 100, 'n_estimators': 1000, 'num_leaves': 31, 'subsample': 0.8}",6.35397916388118,0.77484662620378,0.237186431884766
LightGBM,Baseline,9,"{'colsample_bytree': 0.6, 'learning_rate': 0.05, 'max_depth': 5, 'min_child_samples': 100, 'n_estimators': 1000, 'num_leaves': 62, 'subsample': 0.6}",6.35401343355894,0.77484419750385,0.18900728225708
LightGBM,Baseline,9,"{'colsample_bytree': 0.6, 'learning_rate': 0.05, 'max_depth': 5, 'min_child_samples': 100, 'n_estimators': 1000, 'num_leaves': 62, 'subsample': 0.8}",6.35400937599905,0.774844485064735,0.182376623153687
LightGBM,Baseline,9,"{'colsample_bytree': 0.6, 'learning_rate': 0.05, 'max_depth': 9, 'min_child_samples': 50, 'n_estimators': 500, 'num_leaves': 15, 'subsample': 0.6}",5.77945056793487,0.813722674709411,0.138161182403564
LightGBM,Baseline,9,"{'colsample_bytree': 0.6, 'learning_rate': 0.05, 'max_depth': 9, 'min_child_samples': 50, 'n_estimators': 500, 'num_leaves': 15, 'subsample': 0.8}",5.77945056662071,0.813722674794125,0.134566068649292
LightGBM,Baseline,9,"{'colsample_bytree': 0.6, 'learning_rate': 0.05, 'max_depth': 9, 'min_child_samples': 50, 'n_estimators': 500, 'num_leaves': 31, 'subsample': 0.6}",5.77945056580947,0.813722674846418,0.146004676818848
LightGBM,Baseline,9,"{'colsample_bytree': 0.6, 'learning_rate': 0.05, 'max_depth': 9, 'min_child_samples': 50, 'n_estimators': 500, 'num_leaves': 31, 'subsample': 0.8}",5.7794505681592,0.81372267469495,0.137501001358032
LightGBM,Baseline,9,"{'colsample_bytree': 0.6, 'learning_rate': 0.05, 'max_depth': 9, 'min_child_samples': 50, 'n_estimators': 500, 'num_leaves': 62, 'subsample': 0.6}",5.77945056733558,0.813722674748042,0.140459060668945
LightGBM,Baseline,9,"{'colsample_bytree': 0.6, 'learning_rate': 0.05, 'max_depth': 9, 'min_child_samples': 50, 'n_estimators': 500, 'num_leaves': 62, 'subsample': 0.8}",5.7794505666264,0.813722674793758,0.136581420898438
LightGBM,Baseline,9,"{'colsample_bytree': 0.6, 'learning_rate': 0.05, 'max_depth': 9, 'min_child_samples': 50, 'n_estimators': 750, 'num_leaves': 15, 'subsample': 0.6}",5.77945056931443,0.813722674620482,0.134467840194702
LightGBM,Baseline,9,"{'colsample_bytree': 0.6, 'learning_rate': 0.05, 'max_depth': 9, 'min_child_samples': 50, 'n_estimators': 750, 'num_leaves': 15, 'subsample': 0.8}",5.77945056650855,0.813722674801355,0.131599903106689
LightGBM,Baseline,9,"{'colsample_bytree': 0.6, 'learning_rate': 0.05, 'max_depth': 9, 'min_child_samples': 50, 'n_estimators': 750, 'num_leaves': 31, 'subsample': 0.6}",5.77945056929441,0.813722674621773,0.178842782974243
LightGBM,Baseline,9,"{'colsample_bytree': 0.6, 'learning_rate': 0.05, 'max_depth': 9, 'min_child_samples': 50, 'n_estimators': 750, 'num_leaves': 31, 'subsample': 0.8}",5.77945056606814,0.813722674829744,0.204391002655029
LightGBM,Baseline,9,"{'colsample_bytree': 0.6, 'learning_rate': 0.05, 'max_depth': 9, 'min_child_samples': 50, 'n_estimators': 750, 'num_leaves': 62, 'subsample': 0.6}",5.77945056864265,0.813722674663786,0.182037830352783
LightGBM,Baseline,9,"{'colsample_bytree': 0.6, 'learning_rate': 0.05, 'max_depth': 9, 'min_child_samples': 50, 'n_estimators': 750, 'num_leaves': 62, 'subsample': 0.8}",5.77945056598428,0.81372267483515,0.174358367919922
LightGBM,Baseline,9,"{'colsample_bytree': 0.6, 'learning_rate': 0.05, 'max_depth': 9, 'min_child_samples': 50, 'n_estimators': 1000, 'num_leaves': 15, 'subsample': 0.6}",5.77945056652963,0.813722674799996,0.173702239990234
LightGBM,Baseline,9,"{'colsample_bytree': 0.6, 'learning_rate': 0.05, 'max_depth': 9, 'min_child_samples': 50, 'n_estimators': 1000, 'num_leaves': 15, 'subsample': 0.8}",5.77945056804334,0.813722674702419,0.145788669586182
LightGBM,Baseline,9,"{'colsample_bytree': 0.6, 'learning_rate': 0.05, 'max_depth': 9, 'min_child_samples': 50, 'n_estimators': 1000, 'num_leaves': 31, 'subsample': 0.6}",5.77945056640865,0.813722674807794,0.13709020614624
LightGBM,Baseline,9,"{'colsample_bytree': 0.6, 'learning_rate': 0.05, 'max_depth': 9, 'min_child_samples': 50, 'n_estimators': 1000, 'num_leaves': 31, 'subsample': 0.8}",5.77945056772478,0.813722674722954,0.147355318069458
LightGBM,Baseline,9,"{'colsample_bytree': 0.6, 'learning_rate': 0.05, 'max_depth': 9, 'min_child_samples': 50, 'n_estimators': 1000, 'num_leaves': 62, 'subsample': 0.6}",5.77945056752944,0.813722674735546,0.139032602310181
LightGBM,Baseline,9,"{'colsample_bytree': 0.6, 'learning_rate': 0.05, 'max_depth': 9, 'min_child_samples': 50, 'n_estimators': 1000, 'num_leaves': 62, 'subsample': 0.8}",5.77945056639579,0.813722674808623,0.166682004928589
LightGBM,Baseline,9,"{'colsample_bytree': 0.6, 'learning_rate': 0.05, 'max_depth': 9, 'min_child_samples': 100, 'n_estimators': 500, 'num_leaves': 15, 'subsample': 0.6}",6.35878686509173,0.774505775331535,0.221278190612793
LightGBM,Baseline,9,"{'colsample_bytree': 0.6, 'learning_rate': 0.05, 'max_depth': 9, 'min_child_samples': 100, 'n_estimators': 500, 'num_leaves': 15, 'subsample': 0.8}",6.3587868623476,0.774505775526159,0.189080476760864
LightGBM,Baseline,9,"{'colsample_bytree': 0.6, 'learning_rate': 0.05, 'max_depth': 9, 'min_child_samples': 100, 'n_estimators': 500, 'num_leaves': 31, 'subsample': 0.6}",6.35878106351054,0.774506186800731,0.182132005691528
LightGBM,Baseline,9,"{'colsample_bytree': 0.6, 'learning_rate': 0.05, 'max_depth': 9, 'min_child_samples': 100, 'n_estimators': 500, 'num_leaves': 31, 'subsample': 0.8}",6.35878106389153,0.774506186773709,0.176667928695679
LightGBM,Baseline,9,"{'colsample_bytree': 0.6, 'learning_rate': 0.05, 'max_depth': 9, 'min_child_samples': 100, 'n_estimators': 500, 'num_leaves': 62, 'subsample': 0.6}",6.35878686276571,0.774505775496506,0.188619136810303
LightGBM,Baseline,9,"{'colsample_bytree': 0.6, 'learning_rate': 0.05, 'max_depth': 9, 'min_child_samples': 100, 'n_estimators': 500, 'num_leaves': 62, 'subsample': 0.8}",6.35876515011594,0.774507315434506,0.197224140167236
LightGBM,Baseline,9,"{'colsample_bytree': 0.6, 'learning_rate': 0.05, 'max_depth': 9, 'min_child_samples': 100, 'n_estimators': 750, 'num_leaves': 15, 'subsample': 0.6}",6.35878526704584,0.774505888670787,0.187798500061035
LightGBM,Baseline,9,"{'colsample_bytree': 0.6, 'learning_rate': 0.05, 'max_depth': 9, 'min_child_samples': 100, 'n_estimators': 750, 'num_leaves': 15, 'subsample': 0.8}",6.3587852642847,0.774505888866618,0.189791440963745
LightGBM,Baseline,9,"{'colsample_bytree': 0.6, 'learning_rate': 0.05, 'max_depth': 9, 'min_child_samples': 100, 'n_estimators': 750, 'num_leaves': 31, 'subsample': 0.6}",6.35876515338114,0.774507315202926,0.187046051025391
LightGBM,Baseline,9,"{'colsample_bytree': 0.6, 'learning_rate': 0.05, 'max_depth': 9, 'min_child_samples': 100, 'n_estimators': 750, 'num_leaves': 31, 'subsample': 0.8}",6.35878180153878,0.774506134457109,0.189812898635864
LightGBM,Baseline,9,"{'colsample_bytree': 0.6, 'learning_rate': 0.05, 'max_depth': 9, 'min_child_samples': 100, 'n_estimators': 750, 'num_leaves': 62, 'subsample': 0.6}",6.35873020653193,0.774509793746168,0.19324517250061
LightGBM,Baseline,9,"{'colsample_bytree': 0.6, 'learning_rate': 0.05, 'max_depth': 9, 'min_child_samples': 100, 'n_estimators': 750, 'num_leaves': 62, 'subsample': 0.8}",6.35878686542303,0.774505775308039,0.184880495071411
LightGBM,Baseline,9,"{'colsample_bytree': 0.6, 'learning_rate': 0.05, 'max_depth': 9, 'min_child_samples': 100, 'n_estimators': 1000, 'num_leaves': 15, 'subsample': 0.6}",6.35878686321579,0.774505775464584,0.18569278717041
LightGBM,Baseline,9,"{'colsample_bytree': 0.6, 'learning_rate': 0.05, 'max_depth': 9, 'min_child_samples': 100, 'n_estimators': 1000, 'num_leaves': 15, 'subsample': 0.8}",6.35877946360236,0.774506300271959,0.188791513442993
LightGBM,Baseline,9,"{'colsample_bytree': 0.6, 'learning_rate': 0.05, 'max_depth': 9, 'min_child_samples': 100, 'n_estimators': 1000, 'num_leaves': 31, 'subsample': 0.6}",6.3587651536887,0.774507315181114,0.193207025527954
LightGBM,Baseline,9,"{'colsample_bytree': 0.6, 'learning_rate': 0.05, 'max_depth': 9, 'min_child_samples': 100, 'n_estimators': 1000, 'num_leaves': 31, 'subsample': 0.8}",6.3587810608615,0.77450618698861,0.190844058990479
LightGBM,Baseline,9,"{'colsample_bytree': 0.6, 'learning_rate': 0.05, 'max_depth': 9, 'min_child_samples': 100, 'n_estimators': 1000, 'num_leaves': 62, 'subsample': 0.6}",6.35879080929442,0.774505495594151,0.189933061599731
LightGBM,Baseline,9,"{'colsample_bytree': 0.6, 'learning_rate': 0.05, 'max_depth': 9, 'min_child_samples': 100, 'n_estimators': 1000, 'num_leaves': 62, 'subsample': 0.8}",6.35878686346334,0.774505775447027,0.20924186706543
LightGBM,Baseline,9,"{'colsample_bytree': 0.8, 'learning_rate': 0.01, 'max_depth': 3, 'min_child_samples': 50, 'n_estimators': 500, 'num_leaves': 15, 'subsample': 0.6}",5.79439402881406,0.812758144745219,0.183367490768433
LightGBM,Baseline,9,"{'colsample_bytree': 0.8, 'learning_rate': 0.01, 'max_depth': 3, 'min_child_samples': 50, 'n_estimators': 500, 'num_leaves': 15, 'subsample': 0.8}",5.79439402934099,0.812758144711164,0.180624961853027
LightGBM,Baseline,9,"{'colsample_bytree': 0.8, 'learning_rate': 0.01, 'max_depth': 3, 'min_child_samples': 50, 'n_estimators': 500, 'num_leaves': 31, 'subsample': 0.6}",5.79439402916989,0.812758144722222,0.174683332443237
LightGBM,Baseline,9,"{'colsample_bytree': 0.8, 'learning_rate': 0.01, 'max_depth': 3, 'min_child_samples': 50, 'n_estimators': 500, 'num_leaves': 31, 'subsample': 0.8}",5.79439402908654,0.812758144727609,0.158616542816162
LightGBM,Baseline,9,"{'colsample_bytree': 0.8, 'learning_rate': 0.01, 'max_depth': 3, 'min_child_samples': 50, 'n_estimators': 500, 'num_leaves': 62, 'subsample': 0.6}",5.79439402820876,0.812758144784339,0.174743413925171
LightGBM,Baseline,9,"{'colsample_bytree': 0.8, 'learning_rate': 0.01, 'max_depth': 3, 'min_child_samples': 50, 'n_estimators': 500, 'num_leaves': 62, 'subsample': 0.8}",5.79439402929594,0.812758144714076,0.150641202926636
LightGBM,Baseline,9,"{'colsample_bytree': 0.8, 'learning_rate': 0.01, 'max_depth': 3, 'min_child_samples': 50, 'n_estimators': 750, 'num_leaves': 15, 'subsample': 0.6}",5.79439402798905,0.812758144798538,0.144474983215332
LightGBM,Baseline,9,"{'colsample_bytree': 0.8, 'learning_rate': 0.01, 'max_depth': 3, 'min_child_samples': 50, 'n_estimators': 750, 'num_leaves': 15, 'subsample': 0.8}",5.79439402878772,0.812758144746921,0.149850606918335
LightGBM,Baseline,9,"{'colsample_bytree': 0.8, 'learning_rate': 0.01, 'max_depth': 3, 'min_child_samples': 50, 'n_estimators': 750, 'num_leaves': 31, 'subsample': 0.6}",5.79439402883993,0.812758144743547,0.144870281219482
LightGBM,Baseline,9,"{'colsample_bytree': 0.8, 'learning_rate': 0.01, 'max_depth': 3, 'min_child_samples': 50, 'n_estimators': 750, 'num_leaves': 31, 'subsample': 0.8}",5.79439402839536,0.812758144772279,0.149765253067017
LightGBM,Baseline,9,"{'colsample_bytree': 0.8, 'learning_rate': 0.01, 'max_depth': 3, 'min_child_samples': 50, 'n_estimators': 750, 'num_leaves': 62, 'subsample': 0.6}",5.79439402864471,0.812758144756164,0.151176691055298
LightGBM,Baseline,9,"{'colsample_bytree': 0.8, 'learning_rate': 0.01, 'max_depth': 3, 'min_child_samples': 50, 'n_estimators': 750, 'num_leaves': 62, 'subsample': 0.8}",5.7943940277198,0.812758144815939,0.145464420318604
LightGBM,Baseline,9,"{'colsample_bytree': 0.8, 'learning_rate': 0.01, 'max_depth': 3, 'min_child_samples': 50, 'n_estimators': 1000, 'num_leaves': 15, 'subsample': 0.6}",5.79439402907543,0.812758144728327,0.143596172332764
LightGBM,Baseline,9,"{'colsample_bytree': 0.8, 'learning_rate': 0.01, 'max_depth': 3, 'min_child_samples': 50, 'n_estimators': 1000, 'num_leaves': 15, 'subsample': 0.8}",5.79439402888516,0.812758144740624,0.152642488479614
LightGBM,Baseline,9,"{'colsample_bytree': 0.8, 'learning_rate': 0.01, 'max_depth': 3, 'min_child_samples': 50, 'n_estimators': 1000, 'num_leaves': 31, 'subsample': 0.6}",5.79439402844095,0.812758144769333,0.194360494613647
LightGBM,Baseline,9,"{'colsample_bytree': 0.8, 'learning_rate': 0.01, 'max_depth': 3, 'min_child_samples': 50, 'n_estimators': 1000, 'num_leaves': 31, 'subsample': 0.8}",5.79439402888384,0.812758144740709,0.195235252380371
LightGBM,Baseline,9,"{'colsample_bytree': 0.8, 'learning_rate': 0.01, 'max_depth': 3, 'min_child_samples': 50, 'n_estimators': 1000, 'num_leaves': 62, 'subsample': 0.6}",5.79439402848878,0.812758144766242,0.19153904914856
LightGBM,Baseline,9,"{'colsample_bytree': 0.8, 'learning_rate': 0.01, 'max_depth': 3, 'min_child_samples': 50, 'n_estimators': 1000, 'num_leaves': 62, 'subsample': 0.8}",5.79439402870186,0.81275814475247,0.191953897476196
LightGBM,Baseline,9,"{'colsample_bytree': 0.8, 'learning_rate': 0.01, 'max_depth': 3, 'min_child_samples': 100, 'n_estimators': 500, 'num_leaves': 15, 'subsample': 0.6}",6.50654794196011,0.7639042580259,0.218297481536865
LightGBM,Baseline,9,"{'colsample_bytree': 0.8, 'learning_rate': 0.01, 'max_depth': 3, 'min_child_samples': 100, 'n_estimators': 500, 'num_leaves': 15, 'subsample': 0.8}",6.50654794216776,0.763904258010831,0.218470335006714
LightGBM,Baseline,9,"{'colsample_bytree': 0.8, 'learning_rate': 0.01, 'max_depth': 3, 'min_child_samples': 100, 'n_estimators': 500, 'num_leaves': 31, 'subsample': 0.6}",6.50654794184842,0.763904258034006,0.268105983734131
LightGBM,Baseline,9,"{'colsample_bytree': 0.8, 'learning_rate': 0.01, 'max_depth': 3, 'min_child_samples': 100, 'n_estimators': 500, 'num_leaves': 31, 'subsample': 0.8}",6.50654794262859,0.763904257977387,0.296589851379395
LightGBM,Baseline,9,"{'colsample_bytree': 0.8, 'learning_rate': 0.01, 'max_depth': 3, 'min_child_samples': 100, 'n_estimators': 500, 'num_leaves': 62, 'subsample': 0.6}",6.50654794192005,0.763904258028807,0.262794494628906
LightGBM,Baseline,9,"{'colsample_bytree': 0.8, 'learning_rate': 0.01, 'max_depth': 3, 'min_child_samples': 100, 'n_estimators': 500, 'num_leaves': 62, 'subsample': 0.8}",6.50654794188069,0.763904258031664,0.263062953948975
LightGBM,Baseline,9,"{'colsample_bytree': 0.8, 'learning_rate': 0.01, 'max_depth': 3, 'min_child_samples': 100, 'n_estimators': 750, 'num_leaves': 15, 'subsample': 0.6}",6.49111918827382,0.765022621932801,0.28057861328125
LightGBM,Baseline,9,"{'colsample_bytree': 0.8, 'learning_rate': 0.01, 'max_depth': 3, 'min_child_samples': 100, 'n_estimators': 750, 'num_leaves': 15, 'subsample': 0.8}",6.49111918937432,0.765022621853125,0.265548467636108
LightGBM,Baseline,9,"{'colsample_bytree': 0.8, 'learning_rate': 0.01, 'max_depth': 3, 'min_child_samples': 100, 'n_estimators': 750, 'num_leaves': 31, 'subsample': 0.6}",6.49111918968271,0.765022621830798,0.231262683868408
LightGBM,Baseline,9,"{'colsample_bytree': 0.8, 'learning_rate': 0.01, 'max_depth': 3, 'min_child_samples': 100, 'n_estimators': 750, 'num_leaves': 31, 'subsample': 0.8}",6.49111918846676,0.765022621918832,0.288036346435547
LightGBM,Baseline,9,"{'colsample_bytree': 0.8, 'learning_rate': 0.01, 'max_depth': 3, 'min_child_samples': 100, 'n_estimators': 750, 'num_leaves': 62, 'subsample': 0.6}",6.49111918855284,0.7650226219126,0.231036424636841
LightGBM,Baseline,9,"{'colsample_bytree': 0.8, 'learning_rate': 0.01, 'max_depth': 3, 'min_child_samples': 100, 'n_estimators': 750, 'num_leaves': 62, 'subsample': 0.8}",6.49111919004649,0.765022621804461,0.2319495677948
LightGBM,Baseline,9,"{'colsample_bytree': 0.8, 'learning_rate': 0.01, 'max_depth': 3, 'min_child_samples': 100, 'n_estimators': 1000, 'num_leaves': 15, 'subsample': 0.6}",6.49111918779353,0.765022621967574,0.241158723831177
LightGBM,Baseline,9,"{'colsample_bytree': 0.8, 'learning_rate': 0.01, 'max_depth': 3, 'min_child_samples': 100, 'n_estimators': 1000, 'num_leaves': 15, 'subsample': 0.8}",6.49111918855729,0.765022621912278,0.24209451675415
LightGBM,Baseline,9,"{'colsample_bytree': 0.8, 'learning_rate': 0.01, 'max_depth': 3, 'min_child_samples': 100, 'n_estimators': 1000, 'num_leaves': 31, 'subsample': 0.6}",6.49111918794708,0.765022621956457,0.242161750793457
LightGBM,Baseline,9,"{'colsample_bytree': 0.8, 'learning_rate': 0.01, 'max_depth': 3, 'min_child_samples': 100, 'n_estimators': 1000, 'num_leaves': 31, 'subsample': 0.8}",6.49111918910035,0.765022621872961,0.272351741790772
LightGBM,Baseline,9,"{'colsample_bytree': 0.8, 'learning_rate': 0.01, 'max_depth': 3, 'min_child_samples': 100, 'n_estimators': 1000, 'num_leaves': 62, 'subsample': 0.6}",6.49111918887782,0.765022621889072,0.249363422393799
LightGBM,Baseline,9,"{'colsample_bytree': 0.8, 'learning_rate': 0.01, 'max_depth': 3, 'min_child_samples': 100, 'n_estimators': 1000, 'num_leaves': 62, 'subsample': 0.8}",6.4911191888829,0.765022621888704,0.258233308792114
LightGBM,Baseline,9,"{'colsample_bytree': 0.8, 'learning_rate': 0.01, 'max_depth': 5, 'min_child_samples': 50, 'n_estimators': 500, 'num_leaves': 15, 'subsample': 0.6}",5.78675428039683,0.813251565674344,0.269647836685181
LightGBM,Baseline,9,"{'colsample_bytree': 0.8, 'learning_rate': 0.01, 'max_depth': 5, 'min_child_samples': 50, 'n_estimators': 500, 'num_leaves': 15, 'subsample': 0.8}",5.7867542802516,0.813251565683717,0.239473819732666
LightGBM,Baseline,9,"{'colsample_bytree': 0.8, 'learning_rate': 0.01, 'max_depth': 5, 'min_child_samples': 50, 'n_estimators': 500, 'num_leaves': 31, 'subsample': 0.6}",5.78675427990159,0.813251565706308,0.189171314239502
LightGBM,Baseline,9,"{'colsample_bytree': 0.8, 'learning_rate': 0.01, 'max_depth': 5, 'min_child_samples': 50, 'n_estimators': 500, 'num_leaves': 31, 'subsample': 0.8}",5.78675428058828,0.813251565661987,0.181135416030884
LightGBM,Baseline,9,"{'colsample_bytree': 0.8, 'learning_rate': 0.01, 'max_depth': 5, 'min_child_samples': 50, 'n_estimators': 500, 'num_leaves': 62, 'subsample': 0.6}",5.78675428024848,0.813251565683919,0.178811073303223
LightGBM,Baseline,9,"{'colsample_bytree': 0.8, 'learning_rate': 0.01, 'max_depth': 5, 'min_child_samples': 50, 'n_estimators': 500, 'num_leaves': 62, 'subsample': 0.8}",5.78675428039376,0.813251565674542,0.178111791610718
LightGBM,Baseline,9,"{'colsample_bytree': 0.8, 'learning_rate': 0.01, 'max_depth': 5, 'min_child_samples': 50, 'n_estimators': 750, 'num_leaves': 15, 'subsample': 0.6}",5.78675428033914,0.813251565678067,0.172981023788452
LightGBM,Baseline,9,"{'colsample_bytree': 0.8, 'learning_rate': 0.01, 'max_depth': 5, 'min_child_samples': 50, 'n_estimators': 750, 'num_leaves': 15, 'subsample': 0.8}",5.78675428051615,0.813251565666642,0.181931734085083
LightGBM,Baseline,9,"{'colsample_bytree': 0.8, 'learning_rate': 0.01, 'max_depth': 5, 'min_child_samples': 50, 'n_estimators': 750, 'num_leaves': 31, 'subsample': 0.6}",5.78675428040921,0.813251565673544,0.217468738555908
LightGBM,Baseline,9,"{'colsample_bytree': 0.8, 'learning_rate': 0.01, 'max_depth': 5, 'min_child_samples': 50, 'n_estimators': 750, 'num_leaves': 31, 'subsample': 0.8}",5.7867542794215,0.813251565737294,0.231597900390625
LightGBM,Baseline,9,"{'colsample_bytree': 0.8, 'learning_rate': 0.01, 'max_depth': 5, 'min_child_samples': 50, 'n_estimators': 750, 'num_leaves': 62, 'subsample': 0.6}",5.78675428001032,0.81325156569929,0.231674432754517
LightGBM,Baseline,9,"{'colsample_bytree': 0.8, 'learning_rate': 0.01, 'max_depth': 5, 'min_child_samples': 50, 'n_estimators': 750, 'num_leaves': 62, 'subsample': 0.8}",5.78675428049706,0.813251565667875,0.223808288574219
LightGBM,Baseline,9,"{'colsample_bytree': 0.8, 'learning_rate': 0.01, 'max_depth': 5, 'min_child_samples': 50, 'n_estimators': 1000, 'num_leaves': 15, 'subsample': 0.6}",5.78675428028401,0.813251565681626,0.209517002105713
LightGBM,Baseline,9,"{'colsample_bytree': 0.8, 'learning_rate': 0.01, 'max_depth': 5, 'min_child_samples': 50, 'n_estimators': 1000, 'num_leaves': 15, 'subsample': 0.8}",5.78675428124544,0.813251565619571,0.226763963699341
LightGBM,Baseline,9,"{'colsample_bytree': 0.8, 'learning_rate': 0.01, 'max_depth': 5, 'min_child_samples': 50, 'n_estimators': 1000, 'num_leaves': 31, 'subsample': 0.6}",5.78675428063156,0.813251565659193,0.21524715423584
LightGBM,Baseline,9,"{'colsample_bytree': 0.8, 'learning_rate': 0.01, 'max_depth': 5, 'min_child_samples': 50, 'n_estimators': 1000, 'num_leaves': 31, 'subsample': 0.8}",5.78675428091489,0.813251565640906,0.190743684768677
LightGBM,Baseline,9,"{'colsample_bytree': 0.8, 'learning_rate': 0.01, 'max_depth': 5, 'min_child_samples': 50, 'n_estimators': 1000, 'num_leaves': 62, 'subsample': 0.6}",5.78675428019858,0.813251565687139,0.183942556381226
LightGBM,Baseline,9,"{'colsample_bytree': 0.8, 'learning_rate': 0.01, 'max_depth': 5, 'min_child_samples': 50, 'n_estimators': 1000, 'num_leaves': 62, 'subsample': 0.8}",5.78675428021876,0.813251565685837,0.196234703063965
LightGBM,Baseline,9,"{'colsample_bytree': 0.8, 'learning_rate': 0.01, 'max_depth': 5, 'min_child_samples': 100, 'n_estimators': 500, 'num_leaves': 15, 'subsample': 0.6}",6.50304735514012,0.764158233351835,0.24225378036499
LightGBM,Baseline,9,"{'colsample_bytree': 0.8, 'learning_rate': 0.01, 'max_depth': 5, 'min_child_samples': 100, 'n_estimators': 500, 'num_leaves': 15, 'subsample': 0.8}",6.50304735415111,0.76415823342357,0.270493507385254
LightGBM,Baseline,9,"{'colsample_bytree': 0.8, 'learning_rate': 0.01, 'max_depth': 5, 'min_child_samples': 100, 'n_estimators': 500, 'num_leaves': 31, 'subsample': 0.6}",6.50304655029193,0.764158291729637,0.271682500839233
LightGBM,Baseline,9,"{'colsample_bytree': 0.8, 'learning_rate': 0.01, 'max_depth': 5, 'min_child_samples': 100, 'n_estimators': 500, 'num_leaves': 31, 'subsample': 0.8}",6.50304655025862,0.764158291732053,0.279975891113281
LightGBM,Baseline,9,"{'colsample_bytree': 0.8, 'learning_rate': 0.01, 'max_depth': 5, 'min_child_samples': 100, 'n_estimators': 500, 'num_leaves': 62, 'subsample': 0.6}",6.503047353861,0.764158233444613,0.279696702957153
LightGBM,Baseline,9,"{'colsample_bytree': 0.8, 'learning_rate': 0.01, 'max_depth': 5, 'min_child_samples': 100, 'n_estimators': 500, 'num_leaves': 62, 'subsample': 0.8}",6.50304655094359,0.764158291682371,0.319627046585083
LightGBM,Baseline,9,"{'colsample_bytree': 0.8, 'learning_rate': 0.01, 'max_depth': 5, 'min_child_samples': 100, 'n_estimators': 750, 'num_leaves': 15, 'subsample': 0.6}",6.48538327922572,0.765437716258124,0.335587024688721
LightGBM,Baseline,9,"{'colsample_bytree': 0.8, 'learning_rate': 0.01, 'max_depth': 5, 'min_child_samples': 100, 'n_estimators': 750, 'num_leaves': 15, 'subsample': 0.8}",6.48538327938914,0.765437716246303,0.315115690231323
LightGBM,Baseline,9,"{'colsample_bytree': 0.8, 'learning_rate': 0.01, 'max_depth': 5, 'min_child_samples': 100, 'n_estimators': 750, 'num_leaves': 31, 'subsample': 0.6}",6.48538246079869,0.765437775459591,0.317174196243286
LightGBM,Baseline,9,"{'colsample_bytree': 0.8, 'learning_rate': 0.01, 'max_depth': 5, 'min_child_samples': 100, 'n_estimators': 750, 'num_leaves': 31, 'subsample': 0.8}",6.48538246069112,0.765437775467372,0.342535734176636
LightGBM,Baseline,9,"{'colsample_bytree': 0.8, 'learning_rate': 0.01, 'max_depth': 5, 'min_child_samples': 100, 'n_estimators': 750, 'num_leaves': 62, 'subsample': 0.6}",6.48538246065555,0.765437775469945,0.297844648361206
LightGBM,Baseline,9,"{'colsample_bytree': 0.8, 'learning_rate': 0.01, 'max_depth': 5, 'min_child_samples': 100, 'n_estimators': 750, 'num_leaves': 62, 'subsample': 0.8}",6.48538246047706,0.765437775482856,0.285921573638916
LightGBM,Baseline,9,"{'colsample_bytree': 0.8, 'learning_rate': 0.01, 'max_depth': 5, 'min_child_samples': 100, 'n_estimators': 1000, 'num_leaves': 15, 'subsample': 0.6}",6.48538246113713,0.765437775435109,0.345664262771606
LightGBM,Baseline,9,"{'colsample_bytree': 0.8, 'learning_rate': 0.01, 'max_depth': 5, 'min_child_samples': 100, 'n_estimators': 1000, 'num_leaves': 15, 'subsample': 0.8}",6.48538327898825,0.765437716275301,0.323961496353149
LightGBM,Baseline,9,"{'colsample_bytree': 0.8, 'learning_rate': 0.01, 'max_depth': 5, 'min_child_samples': 100, 'n_estimators': 1000, 'num_leaves': 31, 'subsample': 0.6}",6.48538327927669,0.765437716254437,0.329210042953491
LightGBM,Baseline,9,"{'colsample_bytree': 0.8, 'learning_rate': 0.01, 'max_depth': 5, 'min_child_samples': 100, 'n_estimators': 1000, 'num_leaves': 31, 'subsample': 0.8}",6.48538246060816,0.765437775473373,0.338953495025635
LightGBM,Baseline,9,"{'colsample_bytree': 0.8, 'learning_rate': 0.01, 'max_depth': 5, 'min_child_samples': 100, 'n_estimators': 1000, 'num_leaves': 62, 'subsample': 0.6}",6.48538327991153,0.765437716208515,0.282889842987061
LightGBM,Baseline,9,"{'colsample_bytree': 0.8, 'learning_rate': 0.01, 'max_depth': 5, 'min_child_samples': 100, 'n_estimators': 1000, 'num_leaves': 62, 'subsample': 0.8}",6.4853832791123,0.765437716266328,0.324191570281982
LightGBM,Baseline,9,"{'colsample_bytree': 0.8, 'learning_rate': 0.01, 'max_depth': 9, 'min_child_samples': 50, 'n_estimators': 500, 'num_leaves': 15, 'subsample': 0.6}",5.79082111729735,0.812988985906649,0.228755474090576
LightGBM,Baseline,9,"{'colsample_bytree': 0.8, 'learning_rate': 0.01, 'max_depth': 9, 'min_child_samples': 50, 'n_estimators': 500, 'num_leaves': 15, 'subsample': 0.8}",5.79082111745212,0.812988985896653,0.239005565643311
LightGBM,Baseline,9,"{'colsample_bytree': 0.8, 'learning_rate': 0.01, 'max_depth': 9, 'min_child_samples': 50, 'n_estimators': 500, 'num_leaves': 31, 'subsample': 0.6}",5.790821117065,0.812988985921656,0.322122097015381
LightGBM,Baseline,9,"{'colsample_bytree': 0.8, 'learning_rate': 0.01, 'max_depth': 9, 'min_child_samples': 50, 'n_estimators': 500, 'num_leaves': 31, 'subsample': 0.8}",5.79082111684913,0.812988985935599,0.230917692184448
LightGBM,Baseline,9,"{'colsample_bytree': 0.8, 'learning_rate': 0.01, 'max_depth': 9, 'min_child_samples': 50, 'n_estimators': 500, 'num_leaves': 62, 'subsample': 0.6}",5.79082111693567,0.81298898593001,0.210634469985962
LightGBM,Baseline,9,"{'colsample_bytree': 0.8, 'learning_rate': 0.01, 'max_depth': 9, 'min_child_samples': 50, 'n_estimators': 500, 'num_leaves': 62, 'subsample': 0.8}",5.79082111803643,0.812988985858913,0.258260488510132
LightGBM,Baseline,9,"{'colsample_bytree': 0.8, 'learning_rate': 0.01, 'max_depth': 9, 'min_child_samples': 50, 'n_estimators': 750, 'num_leaves': 15, 'subsample': 0.6}",5.79082111696618,0.812988985928039,0.227548837661743
LightGBM,Baseline,9,"{'colsample_bytree': 0.8, 'learning_rate': 0.01, 'max_depth': 9, 'min_child_samples': 50, 'n_estimators': 750, 'num_leaves': 15, 'subsample': 0.8}",5.79082111745975,0.81298898589616,0.211713075637817
LightGBM,Baseline,9,"{'colsample_bytree': 0.8, 'learning_rate': 0.01, 'max_depth': 9, 'min_child_samples': 50, 'n_estimators': 750, 'num_leaves': 31, 'subsample': 0.6}",5.79082111694565,0.812988985929365,0.214234828948975
LightGBM,Baseline,9,"{'colsample_bytree': 0.8, 'learning_rate': 0.01, 'max_depth': 9, 'min_child_samples': 50, 'n_estimators': 750, 'num_leaves': 31, 'subsample': 0.8}",5.79082111688662,0.812988985933178,0.214893102645874
LightGBM,Baseline,9,"{'colsample_bytree': 0.8, 'learning_rate': 0.01, 'max_depth': 9, 'min_child_samples': 50, 'n_estimators': 750, 'num_leaves': 62, 'subsample': 0.6}",5.79082111785793,0.812988985870442,0.21389627456665
LightGBM,Baseline,9,"{'colsample_bytree': 0.8, 'learning_rate': 0.01, 'max_depth': 9, 'min_child_samples': 50, 'n_estimators': 750, 'num_leaves': 62, 'subsample': 0.8}",5.79082111645024,0.812988985961363,0.236600637435913
LightGBM,Baseline,9,"{'colsample_bytree': 0.8, 'learning_rate': 0.01, 'max_depth': 9, 'min_child_samples': 50, 'n_estimators': 1000, 'num_leaves': 15, 'subsample': 0.6}",5.79082111742618,0.812988985898328,0.228402614593506
LightGBM,Baseline,9,"{'colsample_bytree': 0.8, 'learning_rate': 0.01, 'max_depth': 9, 'min_child_samples': 50, 'n_estimators': 1000, 'num_leaves': 15, 'subsample': 0.8}",5.79082111808505,0.812988985855773,0.229460000991821
LightGBM,Baseline,9,"{'colsample_bytree': 0.8, 'learning_rate': 0.01, 'max_depth': 9, 'min_child_samples': 50, 'n_estimators': 1000, 'num_leaves': 31, 'subsample': 0.6}",5.79082111711416,0.812988985918482,0.240645408630371
LightGBM,Baseline,9,"{'colsample_bytree': 0.8, 'learning_rate': 0.01, 'max_depth': 9, 'min_child_samples': 50, 'n_estimators': 1000, 'num_leaves': 31, 'subsample': 0.8}",5.79082111666045,0.812988985947786,0.234445810317993
LightGBM,Baseline,9,"{'colsample_bytree': 0.8, 'learning_rate': 0.01, 'max_depth': 9, 'min_child_samples': 50, 'n_estimators': 1000, 'num_leaves': 62, 'subsample': 0.6}",5.79082111702961,0.812988985923942,0.235985517501831
LightGBM,Baseline,9,"{'colsample_bytree': 0.8, 'learning_rate': 0.01, 'max_depth': 9, 'min_child_samples': 50, 'n_estimators': 1000, 'num_leaves': 62, 'subsample': 0.8}",5.79082111779722,0.812988985874363,0.236542940139771
LightGBM,Baseline,9,"{'colsample_bytree': 0.8, 'learning_rate': 0.01, 'max_depth': 9, 'min_child_samples': 100, 'n_estimators': 500, 'num_leaves': 15, 'subsample': 0.6}",6.49937986298157,0.764424171421296,0.354750871658325
LightGBM,Baseline,9,"{'colsample_bytree': 0.8, 'learning_rate': 0.01, 'max_depth': 9, 'min_child_samples': 100, 'n_estimators': 500, 'num_leaves': 15, 'subsample': 0.8}",6.4993798629325,0.764424171424853,0.321465730667114
LightGBM,Baseline,9,"{'colsample_bytree': 0.8, 'learning_rate': 0.01, 'max_depth': 9, 'min_child_samples': 100, 'n_estimators': 500, 'num_leaves': 31, 'subsample': 0.6}",6.4993798609747,0.764424171566777,0.306455373764038
LightGBM,Baseline,9,"{'colsample_bytree': 0.8, 'learning_rate': 0.01, 'max_depth': 9, 'min_child_samples': 100, 'n_estimators': 500, 'num_leaves': 31, 'subsample': 0.8}",6.49937986298151,0.7644241714213,0.324517011642456
LightGBM,Baseline,9,"{'colsample_bytree': 0.8, 'learning_rate': 0.01, 'max_depth': 9, 'min_child_samples': 100, 'n_estimators': 500, 'num_leaves': 62, 'subsample': 0.6}",6.49937986251052,0.764424171455443,0.319112539291382
LightGBM,Baseline,9,"{'colsample_bytree': 0.8, 'learning_rate': 0.01, 'max_depth': 9, 'min_child_samples': 100, 'n_estimators': 500, 'num_leaves': 62, 'subsample': 0.8}",6.49937986225933,0.764424171473652,0.322747468948364
LightGBM,Baseline,9,"{'colsample_bytree': 0.8, 'learning_rate': 0.01, 'max_depth': 9, 'min_child_samples': 100, 'n_estimators': 750, 'num_leaves': 15, 'subsample': 0.6}",6.48366806625783,0.765561770936606,0.345402956008911
LightGBM,Baseline,9,"{'colsample_bytree': 0.8, 'learning_rate': 0.01, 'max_depth': 9, 'min_child_samples': 100, 'n_estimators': 750, 'num_leaves': 15, 'subsample': 0.8}",6.48366761071942,0.765561803879567,0.341933488845825
LightGBM,Baseline,9,"{'colsample_bytree': 0.8, 'learning_rate': 0.01, 'max_depth': 9, 'min_child_samples': 100, 'n_estimators': 750, 'num_leaves': 31, 'subsample': 0.6}",6.48366806861657,0.76556177076603,0.40552830696106
LightGBM,Baseline,9,"{'colsample_bytree': 0.8, 'learning_rate': 0.01, 'max_depth': 9, 'min_child_samples': 100, 'n_estimators': 750, 'num_leaves': 31, 'subsample': 0.8}",6.4836676087267,0.765561804023674,0.369000911712647
LightGBM,Baseline,9,"{'colsample_bytree': 0.8, 'learning_rate': 0.01, 'max_depth': 9, 'min_child_samples': 100, 'n_estimators': 750, 'num_leaves': 62, 'subsample': 0.6}",6.48366806713093,0.765561770873466,0.289916753768921
LightGBM,Baseline,9,"{'colsample_bytree': 0.8, 'learning_rate': 0.01, 'max_depth': 9, 'min_child_samples': 100, 'n_estimators': 750, 'num_leaves': 62, 'subsample': 0.8}",6.48366806634104,0.765561770930588,0.279775857925415
LightGBM,Baseline,9,"{'colsample_bytree': 0.8, 'learning_rate': 0.01, 'max_depth': 9, 'min_child_samples': 100, 'n_estimators': 1000, 'num_leaves': 15, 'subsample': 0.6}",6.48366806686753,0.765561770892514,0.286009788513184
LightGBM,Baseline,9,"{'colsample_bytree': 0.8, 'learning_rate': 0.01, 'max_depth': 9, 'min_child_samples': 100, 'n_estimators': 1000, 'num_leaves': 15, 'subsample': 0.8}",6.48366761058946,0.765561803888966,0.277485847473145
LightGBM,Baseline,9,"{'colsample_bytree': 0.8, 'learning_rate': 0.01, 'max_depth': 9, 'min_child_samples': 100, 'n_estimators': 1000, 'num_leaves': 31, 'subsample': 0.6}",6.4836680664093,0.765561770925652,0.279502391815186
LightGBM,Baseline,9,"{'colsample_bytree': 0.8, 'learning_rate': 0.01, 'max_depth': 9, 'min_child_samples': 100, 'n_estimators': 1000, 'num_leaves': 31, 'subsample': 0.8}",6.48366760977322,0.765561803947994,0.279921770095825
LightGBM,Baseline,9,"{'colsample_bytree': 0.8, 'learning_rate': 0.01, 'max_depth': 9, 'min_child_samples': 100, 'n_estimators': 1000, 'num_leaves': 62, 'subsample': 0.6}",6.48366760996831,0.765561803933885,0.307526588439941
LightGBM,Baseline,9,"{'colsample_bytree': 0.8, 'learning_rate': 0.01, 'max_depth': 9, 'min_child_samples': 100, 'n_estimators': 1000, 'num_leaves': 62, 'subsample': 0.8}",6.48366761096996,0.765561803861449,0.303740739822388
LightGBM,Baseline,9,"{'colsample_bytree': 0.8, 'learning_rate': 0.05, 'max_depth': 3, 'min_child_samples': 50, 'n_estimators': 500, 'num_leaves': 15, 'subsample': 0.6}",5.78792890124756,0.813175743941691,0.113832235336304
LightGBM,Baseline,9,"{'colsample_bytree': 0.8, 'learning_rate': 0.05, 'max_depth': 3, 'min_child_samples': 50, 'n_estimators': 500, 'num_leaves': 15, 'subsample': 0.8}",5.78792890092094,0.813175743962776,0.142556667327881
LightGBM,Baseline,9,"{'colsample_bytree': 0.8, 'learning_rate': 0.05, 'max_depth': 3, 'min_child_samples': 50, 'n_estimators': 500, 'num_leaves': 31, 'subsample': 0.6}",5.7879289011407,0.813175743948589,0.137268543243408
LightGBM,Baseline,9,"{'colsample_bytree': 0.8, 'learning_rate': 0.05, 'max_depth': 3, 'min_child_samples': 50, 'n_estimators': 500, 'num_leaves': 31, 'subsample': 0.8}",5.78792890193837,0.813175743897095,0.136109113693237
LightGBM,Baseline,9,"{'colsample_bytree': 0.8, 'learning_rate': 0.05, 'max_depth': 3, 'min_child_samples': 50, 'n_estimators': 500, 'num_leaves': 62, 'subsample': 0.6}",5.78792890157733,0.813175743920402,0.111067533493042
LightGBM,Baseline,9,"{'colsample_bytree': 0.8, 'learning_rate': 0.05, 'max_depth': 3, 'min_child_samples': 50, 'n_estimators': 500, 'num_leaves': 62, 'subsample': 0.8}",5.78792890090568,0.813175743963761,0.115935802459717
LightGBM,Baseline,9,"{'colsample_bytree': 0.8, 'learning_rate': 0.05, 'max_depth': 3, 'min_child_samples': 50, 'n_estimators': 750, 'num_leaves': 15, 'subsample': 0.6}",5.78792890131873,0.813175743937097,0.116764068603516
LightGBM,Baseline,9,"{'colsample_bytree': 0.8, 'learning_rate': 0.05, 'max_depth': 3, 'min_child_samples': 50, 'n_estimators': 750, 'num_leaves': 15, 'subsample': 0.8}",5.78792890010356,0.813175744015544,0.119260549545288
LightGBM,Baseline,9,"{'colsample_bytree': 0.8, 'learning_rate': 0.05, 'max_depth': 3, 'min_child_samples': 50, 'n_estimators': 750, 'num_leaves': 31, 'subsample': 0.6}",5.78792890046373,0.813175743992292,0.119327783584595
LightGBM,Baseline,9,"{'colsample_bytree': 0.8, 'learning_rate': 0.05, 'max_depth': 3, 'min_child_samples': 50, 'n_estimators': 750, 'num_leaves': 31, 'subsample': 0.8}",5.78792889930996,0.813175744066776,0.116026639938354
LightGBM,Baseline,9,"{'colsample_bytree': 0.8, 'learning_rate': 0.05, 'max_depth': 3, 'min_child_samples': 50, 'n_estimators': 750, 'num_leaves': 62, 'subsample': 0.6}",5.78792890030035,0.813175744002839,0.121020793914795
LightGBM,Baseline,9,"{'colsample_bytree': 0.8, 'learning_rate': 0.05, 'max_depth': 3, 'min_child_samples': 50, 'n_estimators': 750, 'num_leaves': 62, 'subsample': 0.8}",5.787928900254,0.813175744005832,0.111677408218384
LightGBM,Baseline,9,"{'colsample_bytree': 0.8, 'learning_rate': 0.05, 'max_depth': 3, 'min_child_samples': 50, 'n_estimators': 1000, 'num_leaves': 15, 'subsample': 0.6}",5.78792890010787,0.813175744015265,0.115841388702393
LightGBM,Baseline,9,"{'colsample_bytree': 0.8, 'learning_rate': 0.05, 'max_depth': 3, 'min_child_samples': 50, 'n_estimators': 1000, 'num_leaves': 15, 'subsample': 0.8}",5.78792890108942,0.8131757439519,0.114644050598145
LightGBM,Baseline,9,"{'colsample_bytree': 0.8, 'learning_rate': 0.05, 'max_depth': 3, 'min_child_samples': 50, 'n_estimators': 1000, 'num_leaves': 31, 'subsample': 0.6}",5.78792890152108,0.813175743924034,0.11304497718811
LightGBM,Baseline,9,"{'colsample_bytree': 0.8, 'learning_rate': 0.05, 'max_depth': 3, 'min_child_samples': 50, 'n_estimators': 1000, 'num_leaves': 31, 'subsample': 0.8}",5.78792890197004,0.81317574389505,0.118194103240967
LightGBM,Baseline,9,"{'colsample_bytree': 0.8, 'learning_rate': 0.05, 'max_depth': 3, 'min_child_samples': 50, 'n_estimators': 1000, 'num_leaves': 62, 'subsample': 0.6}",5.78792890119714,0.813175743944945,0.114995956420898
LightGBM,Baseline,9,"{'colsample_bytree': 0.8, 'learning_rate': 0.05, 'max_depth': 3, 'min_child_samples': 50, 'n_estimators': 1000, 'num_leaves': 62, 'subsample': 0.8}",5.78792890000229,0.813175744022081,0.114592790603638
LightGBM,Baseline,9,"{'colsample_bytree': 0.8, 'learning_rate': 0.05, 'max_depth': 3, 'min_child_samples': 100, 'n_estimators': 500, 'num_leaves': 15, 'subsample': 0.6}",6.48997965883494,0.765105116223471,0.164462327957153
LightGBM,Baseline,9,"{'colsample_bytree': 0.8, 'learning_rate': 0.05, 'max_depth': 3, 'min_child_samples': 100, 'n_estimators': 500, 'num_leaves': 15, 'subsample': 0.8}",6.48997965779781,0.765105116298547,0.160981416702271
LightGBM,Baseline,9,"{'colsample_bytree': 0.8, 'learning_rate': 0.05, 'max_depth': 3, 'min_child_samples': 100, 'n_estimators': 500, 'num_leaves': 31, 'subsample': 0.6}",6.4899796598339,0.76510511615116,0.149675130844116
LightGBM,Baseline,9,"{'colsample_bytree': 0.8, 'learning_rate': 0.05, 'max_depth': 3, 'min_child_samples': 100, 'n_estimators': 500, 'num_leaves': 31, 'subsample': 0.8}",6.48997965704705,0.765105116352891,0.16740608215332
LightGBM,Baseline,9,"{'colsample_bytree': 0.8, 'learning_rate': 0.05, 'max_depth': 3, 'min_child_samples': 100, 'n_estimators': 500, 'num_leaves': 62, 'subsample': 0.6}",6.48997966078133,0.765105116082578,0.166610956192017
LightGBM,Baseline,9,"{'colsample_bytree': 0.8, 'learning_rate': 0.05, 'max_depth': 3, 'min_child_samples': 100, 'n_estimators': 500, 'num_leaves': 62, 'subsample': 0.8}",6.48997965930836,0.765105116189202,0.155919790267944
LightGBM,Baseline,9,"{'colsample_bytree': 0.8, 'learning_rate': 0.05, 'max_depth': 3, 'min_child_samples': 100, 'n_estimators': 750, 'num_leaves': 15, 'subsample': 0.6}",6.48997965841631,0.765105116253775,0.158578395843506
LightGBM,Baseline,9,"{'colsample_bytree': 0.8, 'learning_rate': 0.05, 'max_depth': 3, 'min_child_samples': 100, 'n_estimators': 750, 'num_leaves': 15, 'subsample': 0.8}",6.48997965821989,0.765105116267993,0.152756452560425
LightGBM,Baseline,9,"{'colsample_bytree': 0.8, 'learning_rate': 0.05, 'max_depth': 3, 'min_child_samples': 100, 'n_estimators': 750, 'num_leaves': 31, 'subsample': 0.6}",6.48997965962573,0.765105116166229,0.15411114692688
LightGBM,Baseline,9,"{'colsample_bytree': 0.8, 'learning_rate': 0.05, 'max_depth': 3, 'min_child_samples': 100, 'n_estimators': 750, 'num_leaves': 31, 'subsample': 0.8}",6.48997966149277,0.76510511603108,0.158095836639404
LightGBM,Baseline,9,"{'colsample_bytree': 0.8, 'learning_rate': 0.05, 'max_depth': 3, 'min_child_samples': 100, 'n_estimators': 750, 'num_leaves': 62, 'subsample': 0.6}",6.48997965863134,0.76510511623821,0.155059576034546
LightGBM,Baseline,9,"{'colsample_bytree': 0.8, 'learning_rate': 0.05, 'max_depth': 3, 'min_child_samples': 100, 'n_estimators': 750, 'num_leaves': 62, 'subsample': 0.8}",6.48997965812952,0.765105116274535,0.151909589767456
LightGBM,Baseline,9,"{'colsample_bytree': 0.8, 'learning_rate': 0.05, 'max_depth': 3, 'min_child_samples': 100, 'n_estimators': 1000, 'num_leaves': 15, 'subsample': 0.6}",6.48997965791463,0.76510511629009,0.167124271392822
LightGBM,Baseline,9,"{'colsample_bytree': 0.8, 'learning_rate': 0.05, 'max_depth': 3, 'min_child_samples': 100, 'n_estimators': 1000, 'num_leaves': 15, 'subsample': 0.8}",6.48997965851472,0.765105116246652,0.157557725906372
LightGBM,Baseline,9,"{'colsample_bytree': 0.8, 'learning_rate': 0.05, 'max_depth': 3, 'min_child_samples': 100, 'n_estimators': 1000, 'num_leaves': 31, 'subsample': 0.6}",6.48997965950861,0.765105116174707,0.154719352722168
LightGBM,Baseline,9,"{'colsample_bytree': 0.8, 'learning_rate': 0.05, 'max_depth': 3, 'min_child_samples': 100, 'n_estimators': 1000, 'num_leaves': 31, 'subsample': 0.8}",6.48997965877597,0.765105116227741,0.1554856300354
LightGBM,Baseline,9,"{'colsample_bytree': 0.8, 'learning_rate': 0.05, 'max_depth': 3, 'min_child_samples': 100, 'n_estimators': 1000, 'num_leaves': 62, 'subsample': 0.6}",6.48997966026528,0.765105116119934,0.160306215286255
LightGBM,Baseline,9,"{'colsample_bytree': 0.8, 'learning_rate': 0.05, 'max_depth': 3, 'min_child_samples': 100, 'n_estimators': 1000, 'num_leaves': 62, 'subsample': 0.8}",6.48997965813755,0.765105116273954,0.160566806793213
LightGBM,Baseline,9,"{'colsample_bytree': 0.8, 'learning_rate': 0.05, 'max_depth': 5, 'min_child_samples': 50, 'n_estimators': 500, 'num_leaves': 15, 'subsample': 0.6}",5.77912415206523,0.813743715518517,0.127984285354614
LightGBM,Baseline,9,"{'colsample_bytree': 0.8, 'learning_rate': 0.05, 'max_depth': 5, 'min_child_samples': 50, 'n_estimators': 500, 'num_leaves': 15, 'subsample': 0.8}",5.7791241523738,0.813743715498627,0.12470006942749
LightGBM,Baseline,9,"{'colsample_bytree': 0.8, 'learning_rate': 0.05, 'max_depth': 5, 'min_child_samples': 50, 'n_estimators': 500, 'num_leaves': 31, 'subsample': 0.6}",5.77912415140636,0.813743715560986,0.129103660583496
LightGBM,Baseline,9,"{'colsample_bytree': 0.8, 'learning_rate': 0.05, 'max_depth': 5, 'min_child_samples': 50, 'n_estimators': 500, 'num_leaves': 31, 'subsample': 0.8}",5.7791241525422,0.813743715487772,0.12690281867981
LightGBM,Baseline,9,"{'colsample_bytree': 0.8, 'learning_rate': 0.05, 'max_depth': 5, 'min_child_samples': 50, 'n_estimators': 500, 'num_leaves': 62, 'subsample': 0.6}",5.77912415085119,0.813743715596771,0.130270957946777
LightGBM,Baseline,9,"{'colsample_bytree': 0.8, 'learning_rate': 0.05, 'max_depth': 5, 'min_child_samples': 50, 'n_estimators': 500, 'num_leaves': 62, 'subsample': 0.8}",5.77912415245336,0.813743715493498,0.127342462539673
LightGBM,Baseline,9,"{'colsample_bytree': 0.8, 'learning_rate': 0.05, 'max_depth': 5, 'min_child_samples': 50, 'n_estimators': 750, 'num_leaves': 15, 'subsample': 0.6}",5.77912415200934,0.813743715522119,0.128775835037231
LightGBM,Baseline,9,"{'colsample_bytree': 0.8, 'learning_rate': 0.05, 'max_depth': 5, 'min_child_samples': 50, 'n_estimators': 750, 'num_leaves': 15, 'subsample': 0.8}",5.77912415305716,0.813743715454578,0.121737957000732
LightGBM,Baseline,9,"{'colsample_bytree': 0.8, 'learning_rate': 0.05, 'max_depth': 5, 'min_child_samples': 50, 'n_estimators': 750, 'num_leaves': 31, 'subsample': 0.6}",5.77912415188515,0.813743715530124,0.129922389984131
LightGBM,Baseline,9,"{'colsample_bytree': 0.8, 'learning_rate': 0.05, 'max_depth': 5, 'min_child_samples': 50, 'n_estimators': 750, 'num_leaves': 31, 'subsample': 0.8}",5.77912415067758,0.813743715607962,0.125327587127686
LightGBM,Baseline,9,"{'colsample_bytree': 0.8, 'learning_rate': 0.05, 'max_depth': 5, 'min_child_samples': 50, 'n_estimators': 750, 'num_leaves': 62, 'subsample': 0.6}",5.77912415342573,0.813743715430821,0.127086400985718
LightGBM,Baseline,9,"{'colsample_bytree': 0.8, 'learning_rate': 0.05, 'max_depth': 5, 'min_child_samples': 50, 'n_estimators': 750, 'num_leaves': 62, 'subsample': 0.8}",5.77912415277178,0.813743715472973,0.135136365890503
LightGBM,Baseline,9,"{'colsample_bytree': 0.8, 'learning_rate': 0.05, 'max_depth': 5, 'min_child_samples': 50, 'n_estimators': 1000, 'num_leaves': 15, 'subsample': 0.6}",5.77912415222608,0.813743715508148,0.128509044647217
LightGBM,Baseline,9,"{'colsample_bytree': 0.8, 'learning_rate': 0.05, 'max_depth': 5, 'min_child_samples': 50, 'n_estimators': 1000, 'num_leaves': 15, 'subsample': 0.8}",5.7791241522297,0.813743715507915,0.127259016036987
LightGBM,Baseline,9,"{'colsample_bytree': 0.8, 'learning_rate': 0.05, 'max_depth': 5, 'min_child_samples': 50, 'n_estimators': 1000, 'num_leaves': 31, 'subsample': 0.6}",5.77912415337367,0.813743715434177,0.12328314781189
LightGBM,Baseline,9,"{'colsample_bytree': 0.8, 'learning_rate': 0.05, 'max_depth': 5, 'min_child_samples': 50, 'n_estimators': 1000, 'num_leaves': 31, 'subsample': 0.8}",5.77912415207956,0.813743715517593,0.128394365310669
LightGBM,Baseline,9,"{'colsample_bytree': 0.8, 'learning_rate': 0.05, 'max_depth': 5, 'min_child_samples': 50, 'n_estimators': 1000, 'num_leaves': 62, 'subsample': 0.6}",5.77912415204064,0.813743715520101,0.128924369812012
LightGBM,Baseline,9,"{'colsample_bytree': 0.8, 'learning_rate': 0.05, 'max_depth': 5, 'min_child_samples': 50, 'n_estimators': 1000, 'num_leaves': 62, 'subsample': 0.8}",5.77912415323526,0.813743715443098,0.133466720581055
LightGBM,Baseline,9,"{'colsample_bytree': 0.8, 'learning_rate': 0.05, 'max_depth': 5, 'min_child_samples': 100, 'n_estimators': 500, 'num_leaves': 15, 'subsample': 0.6}",6.45608574100313,0.767552186575109,0.174851417541504
LightGBM,Baseline,9,"{'colsample_bytree': 0.8, 'learning_rate': 0.05, 'max_depth': 5, 'min_child_samples': 100, 'n_estimators': 500, 'num_leaves': 15, 'subsample': 0.8}",6.45608574215748,0.767552186491985,0.177317380905151
LightGBM,Baseline,9,"{'colsample_bytree': 0.8, 'learning_rate': 0.05, 'max_depth': 5, 'min_child_samples': 100, 'n_estimators': 500, 'num_leaves': 31, 'subsample': 0.6}",6.45608574445722,0.767552186326383,0.181380987167358
LightGBM,Baseline,9,"{'colsample_bytree': 0.8, 'learning_rate': 0.05, 'max_depth': 5, 'min_child_samples': 100, 'n_estimators': 500, 'num_leaves': 31, 'subsample': 0.8}",6.45609195696511,0.767551738970314,0.199046611785889
LightGBM,Baseline,9,"{'colsample_bytree': 0.8, 'learning_rate': 0.05, 'max_depth': 5, 'min_child_samples': 100, 'n_estimators': 500, 'num_leaves': 62, 'subsample': 0.6}",6.45609158950528,0.767551765430717,0.259215354919434
LightGBM,Baseline,9,"{'colsample_bytree': 0.8, 'learning_rate': 0.05, 'max_depth': 5, 'min_child_samples': 100, 'n_estimators': 500, 'num_leaves': 62, 'subsample': 0.8}",6.45609158652516,0.767551765645312,0.176282405853271
LightGBM,Baseline,9,"{'colsample_bytree': 0.8, 'learning_rate': 0.05, 'max_depth': 5, 'min_child_samples': 100, 'n_estimators': 750, 'num_leaves': 15, 'subsample': 0.6}",6.45608574259446,0.767552186460519,0.16771388053894
LightGBM,Baseline,9,"{'colsample_bytree': 0.8, 'learning_rate': 0.05, 'max_depth': 5, 'min_child_samples': 100, 'n_estimators': 750, 'num_leaves': 15, 'subsample': 0.8}",6.45608574439913,0.767552186330566,0.166992664337158
LightGBM,Baseline,9,"{'colsample_bytree': 0.8, 'learning_rate': 0.05, 'max_depth': 5, 'min_child_samples': 100, 'n_estimators': 750, 'num_leaves': 31, 'subsample': 0.6}",6.45608574072848,0.767552186594886,0.17001223564148
LightGBM,Baseline,9,"{'colsample_bytree': 0.8, 'learning_rate': 0.05, 'max_depth': 5, 'min_child_samples': 100, 'n_estimators': 750, 'num_leaves': 31, 'subsample': 0.8}",6.45609226461905,0.767551716816471,0.176690340042114
LightGBM,Baseline,9,"{'colsample_bytree': 0.8, 'learning_rate': 0.05, 'max_depth': 5, 'min_child_samples': 100, 'n_estimators': 750, 'num_leaves': 62, 'subsample': 0.6}",6.45608574598463,0.767552186216397,0.221382617950439
LightGBM,Baseline,9,"{'colsample_bytree': 0.8, 'learning_rate': 0.05, 'max_depth': 5, 'min_child_samples': 100, 'n_estimators': 750, 'num_leaves': 62, 'subsample': 0.8}",6.45609811272315,0.767551295700316,0.213187456130981
LightGBM,Baseline,9,"{'colsample_bytree': 0.8, 'learning_rate': 0.05, 'max_depth': 5, 'min_child_samples': 100, 'n_estimators': 1000, 'num_leaves': 15, 'subsample': 0.6}",6.45609811578552,0.767551295479798,0.171992540359497
LightGBM,Baseline,9,"{'colsample_bytree': 0.8, 'learning_rate': 0.05, 'max_depth': 5, 'min_child_samples': 100, 'n_estimators': 1000, 'num_leaves': 15, 'subsample': 0.8}",6.45605722521558,0.767554239961043,0.173801422119141
LightGBM,Baseline,9,"{'colsample_bytree': 0.8, 'learning_rate': 0.05, 'max_depth': 5, 'min_child_samples': 100, 'n_estimators': 1000, 'num_leaves': 31, 'subsample': 0.6}",6.45609226796609,0.767551716575454,0.171215534210205
LightGBM,Baseline,9,"{'colsample_bytree': 0.8, 'learning_rate': 0.05, 'max_depth': 5, 'min_child_samples': 100, 'n_estimators': 1000, 'num_leaves': 31, 'subsample': 0.8}",6.45608574134872,0.767552186550223,0.178624153137207
LightGBM,Baseline,9,"{'colsample_bytree': 0.8, 'learning_rate': 0.05, 'max_depth': 5, 'min_child_samples': 100, 'n_estimators': 1000, 'num_leaves': 62, 'subsample': 0.6}",6.45605137863809,0.767554660964602,0.18214225769043
LightGBM,Baseline,9,"{'colsample_bytree': 0.8, 'learning_rate': 0.05, 'max_depth': 5, 'min_child_samples': 100, 'n_estimators': 1000, 'num_leaves': 62, 'subsample': 0.8}",6.45608574266789,0.767552186455232,0.18367600440979
LightGBM,Baseline,9,"{'colsample_bytree': 0.8, 'learning_rate': 0.05, 'max_depth': 9, 'min_child_samples': 50, 'n_estimators': 500, 'num_leaves': 15, 'subsample': 0.6}",5.78113119568316,0.813614322416601,0.145940542221069
LightGBM,Baseline,9,"{'colsample_bytree': 0.8, 'learning_rate': 0.05, 'max_depth': 9, 'min_child_samples': 50, 'n_estimators': 500, 'num_leaves': 15, 'subsample': 0.8}",5.78113119506451,0.813614322456492,0.150041818618774
LightGBM,Baseline,9,"{'colsample_bytree': 0.8, 'learning_rate': 0.05, 'max_depth': 9, 'min_child_samples': 50, 'n_estimators': 500, 'num_leaves': 31, 'subsample': 0.6}",5.78113119634979,0.813614322373616,0.150099754333496
LightGBM,Baseline,9,"{'colsample_bytree': 0.8, 'learning_rate': 0.05, 'max_depth': 9, 'min_child_samples': 50, 'n_estimators': 500, 'num_leaves': 31, 'subsample': 0.8}",5.78113119789424,0.813614322274029,0.149450778961182
LightGBM,Baseline,9,"{'colsample_bytree': 0.8, 'learning_rate': 0.05, 'max_depth': 9, 'min_child_samples': 50, 'n_estimators': 500, 'num_leaves': 62, 'subsample': 0.6}",5.78113119671122,0.813614322350311,0.145531177520752
LightGBM,Baseline,9,"{'colsample_bytree': 0.8, 'learning_rate': 0.05, 'max_depth': 9, 'min_child_samples': 50, 'n_estimators': 500, 'num_leaves': 62, 'subsample': 0.8}",5.78113119475965,0.813614322476149,0.148327350616455
LightGBM,Baseline,9,"{'colsample_bytree': 0.8, 'learning_rate': 0.05, 'max_depth': 9, 'min_child_samples': 50, 'n_estimators': 750, 'num_leaves': 15, 'subsample': 0.6}",5.78113119787263,0.813614322275422,0.151577472686768
LightGBM,Baseline,9,"{'colsample_bytree': 0.8, 'learning_rate': 0.05, 'max_depth': 9, 'min_child_samples': 50, 'n_estimators': 750, 'num_leaves': 15, 'subsample': 0.8}",5.78113119609658,0.813614322389943,0.147254943847656
LightGBM,Baseline,9,"{'colsample_bytree': 0.8, 'learning_rate': 0.05, 'max_depth': 9, 'min_child_samples': 50, 'n_estimators': 750, 'num_leaves': 31, 'subsample': 0.6}",5.78113119643475,0.813614322368138,0.150913715362549
LightGBM,Baseline,9,"{'colsample_bytree': 0.8, 'learning_rate': 0.05, 'max_depth': 9, 'min_child_samples': 50, 'n_estimators': 750, 'num_leaves': 31, 'subsample': 0.8}",5.78113119589061,0.813614322403224,0.145820140838623
LightGBM,Baseline,9,"{'colsample_bytree': 0.8, 'learning_rate': 0.05, 'max_depth': 9, 'min_child_samples': 50, 'n_estimators': 750, 'num_leaves': 62, 'subsample': 0.6}",5.78113119714432,0.813614322322384,0.148734092712402
LightGBM,Baseline,9,"{'colsample_bytree': 0.8, 'learning_rate': 0.05, 'max_depth': 9, 'min_child_samples': 50, 'n_estimators': 750, 'num_leaves': 62, 'subsample': 0.8}",5.78113119662149,0.813614322356096,0.147561550140381
LightGBM,Baseline,9,"{'colsample_bytree': 0.8, 'learning_rate': 0.05, 'max_depth': 9, 'min_child_samples': 50, 'n_estimators': 1000, 'num_leaves': 15, 'subsample': 0.6}",5.78113119553013,0.813614322426468,0.143542051315308
LightGBM,Baseline,9,"{'colsample_bytree': 0.8, 'learning_rate': 0.05, 'max_depth': 9, 'min_child_samples': 50, 'n_estimators': 1000, 'num_leaves': 15, 'subsample': 0.8}",5.78113119640301,0.813614322370185,0.151150465011597
LightGBM,Baseline,9,"{'colsample_bytree': 0.8, 'learning_rate': 0.05, 'max_depth': 9, 'min_child_samples': 50, 'n_estimators': 1000, 'num_leaves': 31, 'subsample': 0.6}",5.78113119555549,0.813614322424833,0.14245080947876
LightGBM,Baseline,9,"{'colsample_bytree': 0.8, 'learning_rate': 0.05, 'max_depth': 9, 'min_child_samples': 50, 'n_estimators': 1000, 'num_leaves': 31, 'subsample': 0.8}",5.78113119571212,0.813614322414733,0.14556622505188
LightGBM,Baseline,9,"{'colsample_bytree': 0.8, 'learning_rate': 0.05, 'max_depth': 9, 'min_child_samples': 50, 'n_estimators': 1000, 'num_leaves': 62, 'subsample': 0.6}",5.78113119797122,0.813614322269065,0.148196220397949
LightGBM,Baseline,9,"{'colsample_bytree': 0.8, 'learning_rate': 0.05, 'max_depth': 9, 'min_child_samples': 50, 'n_estimators': 1000, 'num_leaves': 62, 'subsample': 0.8}",5.78113119675525,0.813614322347472,0.14949369430542
LightGBM,Baseline,9,"{'colsample_bytree': 0.8, 'learning_rate': 0.05, 'max_depth': 9, 'min_child_samples': 100, 'n_estimators': 500, 'num_leaves': 15, 'subsample': 0.6}",6.44863902813014,0.768088106916619,0.181725263595581
LightGBM,Baseline,9,"{'colsample_bytree': 0.8, 'learning_rate': 0.05, 'max_depth': 9, 'min_child_samples': 100, 'n_estimators': 500, 'num_leaves': 15, 'subsample': 0.8}",6.44863902780694,0.768088106939866,0.181931018829346
LightGBM,Baseline,9,"{'colsample_bytree': 0.8, 'learning_rate': 0.05, 'max_depth': 9, 'min_child_samples': 100, 'n_estimators': 500, 'num_leaves': 31, 'subsample': 0.6}",6.44868068822668,0.768085110469456,0.173881053924561
LightGBM,Baseline,9,"{'colsample_bytree': 0.8, 'learning_rate': 0.05, 'max_depth': 9, 'min_child_samples': 100, 'n_estimators': 500, 'num_leaves': 31, 'subsample': 0.8}",6.44863623254377,0.768088307991477,0.179165363311768
LightGBM,Baseline,9,"{'colsample_bytree': 0.8, 'learning_rate': 0.05, 'max_depth': 9, 'min_child_samples': 100, 'n_estimators': 500, 'num_leaves': 62, 'subsample': 0.6}",6.44868069046119,0.768085110308736,0.183125019073486
LightGBM,Baseline,9,"{'colsample_bytree': 0.8, 'learning_rate': 0.05, 'max_depth': 9, 'min_child_samples': 100, 'n_estimators': 500, 'num_leaves': 62, 'subsample': 0.8}",6.44868381595962,0.768084885503126,0.19070029258728
LightGBM,Baseline,9,"{'colsample_bytree': 0.8, 'learning_rate': 0.05, 'max_depth': 9, 'min_child_samples': 100, 'n_estimators': 750, 'num_leaves': 15, 'subsample': 0.6}",6.44863902591799,0.76808810707573,0.183932781219482
LightGBM,Baseline,9,"{'colsample_bytree': 0.8, 'learning_rate': 0.05, 'max_depth': 9, 'min_child_samples': 100, 'n_estimators': 750, 'num_leaves': 15, 'subsample': 0.8}",6.44863902649406,0.768088107034296,0.181127071380615
LightGBM,Baseline,9,"{'colsample_bytree': 0.8, 'learning_rate': 0.05, 'max_depth': 9, 'min_child_samples': 100, 'n_estimators': 750, 'num_leaves': 31, 'subsample': 0.6}",6.44868069107939,0.768085110264271,0.1775963306427
LightGBM,Baseline,9,"{'colsample_bytree': 0.8, 'learning_rate': 0.05, 'max_depth': 9, 'min_child_samples': 100, 'n_estimators': 750, 'num_leaves': 31, 'subsample': 0.8}",6.44868068883455,0.768085110425734,0.180857419967651
LightGBM,Baseline,9,"{'colsample_bytree': 0.8, 'learning_rate': 0.05, 'max_depth': 9, 'min_child_samples': 100, 'n_estimators': 750, 'num_leaves': 62, 'subsample': 0.6}",6.44868069022121,0.768085110325996,0.173335075378418
LightGBM,Baseline,9,"{'colsample_bytree': 0.8, 'learning_rate': 0.05, 'max_depth': 9, 'min_child_samples': 100, 'n_estimators': 750, 'num_leaves': 62, 'subsample': 0.8}",6.44863902727667,0.768088106978006,0.177911758422852
LightGBM,Baseline,9,"{'colsample_bytree': 0.8, 'learning_rate': 0.05, 'max_depth': 9, 'min_child_samples': 100, 'n_estimators': 1000, 'num_leaves': 15, 'subsample': 0.6}",6.44864844507554,0.768087429594407,0.183493852615356
LightGBM,Baseline,9,"{'colsample_bytree': 0.8, 'learning_rate': 0.05, 'max_depth': 9, 'min_child_samples': 100, 'n_estimators': 1000, 'num_leaves': 15, 'subsample': 0.8}",6.4486390281071,0.768088106918277,0.175683259963989
LightGBM,Baseline,9,"{'colsample_bytree': 0.8, 'learning_rate': 0.05, 'max_depth': 9, 'min_child_samples': 100, 'n_estimators': 1000, 'num_leaves': 31, 'subsample': 0.6}",6.44863902561337,0.76808810709764,0.172762155532837
LightGBM,Baseline,9,"{'colsample_bytree': 0.8, 'learning_rate': 0.05, 'max_depth': 9, 'min_child_samples': 100, 'n_estimators': 1000, 'num_leaves': 31, 'subsample': 0.8}",6.4486390260028,0.768088107069631,0.176044940948486
LightGBM,Baseline,9,"{'colsample_bytree': 0.8, 'learning_rate': 0.05, 'max_depth': 9, 'min_child_samples': 100, 'n_estimators': 1000, 'num_leaves': 62, 'subsample': 0.6}",6.44863902667775,0.768088107021084,0.193115472793579
LightGBM,Baseline,9,"{'colsample_bytree': 0.8, 'learning_rate': 0.05, 'max_depth': 9, 'min_child_samples': 100, 'n_estimators': 1000, 'num_leaves': 62, 'subsample': 0.8}",6.44867789199654,0.768085311591917,0.18178129196167
