model_type,version,fold,parameters,rmse,r2,training_time
LightGBM,Enhanced,0,"{'colsample_bytree': 0.6, 'learning_rate': 0.01, 'max_depth': 3, 'min_child_samples': 50, 'n_estimators': 500, 'num_leaves': 15, 'subsample': 0.6}",3.52442094693238,0.93407685766718,0.292991399765015
LightGBM,Enhanced,0,"{'colsample_bytree': 0.6, 'learning_rate': 0.01, 'max_depth': 3, 'min_child_samples': 50, 'n_estimators': 500, 'num_leaves': 15, 'subsample': 0.8}",3.5244209473657,0.934076857650969,0.252748966217041
LightGBM,Enhanced,0,"{'colsample_bytree': 0.6, 'learning_rate': 0.01, 'max_depth': 3, 'min_child_samples': 50, 'n_estimators': 500, 'num_leaves': 31, 'subsample': 0.6}",3.524420949192,0.934076857582649,0.247987270355225
LightGBM,Enhanced,0,"{'colsample_bytree': 0.6, 'learning_rate': 0.01, 'max_depth': 3, 'min_child_samples': 50, 'n_estimators': 500, 'num_leaves': 31, 'subsample': 0.8}",3.5244209479334,0.934076857629732,0.250677108764648
LightGBM,Enhanced,0,"{'colsample_bytree': 0.6, 'learning_rate': 0.01, 'max_depth': 3, 'min_child_samples': 50, 'n_estimators': 500, 'num_leaves': 62, 'subsample': 0.6}",3.524420947768,0.93407685763592,0.257972717285156
LightGBM,Enhanced,0,"{'colsample_bytree': 0.6, 'learning_rate': 0.01, 'max_depth': 3, 'min_child_samples': 50, 'n_estimators': 500, 'num_leaves': 62, 'subsample': 0.8}",3.52442094831398,0.934076857615495,0.254359006881714
LightGBM,Enhanced,0,"{'colsample_bytree': 0.6, 'learning_rate': 0.01, 'max_depth': 3, 'min_child_samples': 50, 'n_estimators': 750, 'num_leaves': 15, 'subsample': 0.6}",3.3559150979636,0.940229858636113,0.318694353103638
LightGBM,Enhanced,0,"{'colsample_bytree': 0.6, 'learning_rate': 0.01, 'max_depth': 3, 'min_child_samples': 50, 'n_estimators': 750, 'num_leaves': 15, 'subsample': 0.8}",3.35591509865403,0.94022985861152,0.313495874404907
LightGBM,Enhanced,0,"{'colsample_bytree': 0.6, 'learning_rate': 0.01, 'max_depth': 3, 'min_child_samples': 50, 'n_estimators': 750, 'num_leaves': 31, 'subsample': 0.6}",3.35591509751217,0.940229858652194,0.381855010986328
LightGBM,Enhanced,0,"{'colsample_bytree': 0.6, 'learning_rate': 0.01, 'max_depth': 3, 'min_child_samples': 50, 'n_estimators': 750, 'num_leaves': 31, 'subsample': 0.8}",3.35591509929127,0.940229858588821,0.358609914779663
LightGBM,Enhanced,0,"{'colsample_bytree': 0.6, 'learning_rate': 0.01, 'max_depth': 3, 'min_child_samples': 50, 'n_estimators': 750, 'num_leaves': 62, 'subsample': 0.6}",3.35591509885815,0.940229858604249,0.296947240829468
LightGBM,Enhanced,0,"{'colsample_bytree': 0.6, 'learning_rate': 0.01, 'max_depth': 3, 'min_child_samples': 50, 'n_estimators': 750, 'num_leaves': 62, 'subsample': 0.8}",3.35591509873779,0.940229858608536,0.298306226730347
LightGBM,Enhanced,0,"{'colsample_bytree': 0.6, 'learning_rate': 0.01, 'max_depth': 3, 'min_child_samples': 50, 'n_estimators': 1000, 'num_leaves': 15, 'subsample': 0.6}",3.30347405600801,0.94208325394573,0.416755199432373
LightGBM,Enhanced,0,"{'colsample_bytree': 0.6, 'learning_rate': 0.01, 'max_depth': 3, 'min_child_samples': 50, 'n_estimators': 1000, 'num_leaves': 15, 'subsample': 0.8}",3.30347405534763,0.942083253968886,0.398024797439575
LightGBM,Enhanced,0,"{'colsample_bytree': 0.6, 'learning_rate': 0.01, 'max_depth': 3, 'min_child_samples': 50, 'n_estimators': 1000, 'num_leaves': 31, 'subsample': 0.6}",3.30347405667732,0.942083253922261,0.473550796508789
LightGBM,Enhanced,0,"{'colsample_bytree': 0.6, 'learning_rate': 0.01, 'max_depth': 3, 'min_child_samples': 50, 'n_estimators': 1000, 'num_leaves': 31, 'subsample': 0.8}",3.30347405583772,0.942083253951701,0.361657619476318
LightGBM,Enhanced,0,"{'colsample_bytree': 0.6, 'learning_rate': 0.01, 'max_depth': 3, 'min_child_samples': 50, 'n_estimators': 1000, 'num_leaves': 62, 'subsample': 0.6}",3.30347405590169,0.942083253949458,0.374203205108643
LightGBM,Enhanced,0,"{'colsample_bytree': 0.6, 'learning_rate': 0.01, 'max_depth': 3, 'min_child_samples': 50, 'n_estimators': 1000, 'num_leaves': 62, 'subsample': 0.8}",3.30347405614035,0.94208325394109,0.477908849716187
LightGBM,Enhanced,0,"{'colsample_bytree': 0.6, 'learning_rate': 0.01, 'max_depth': 3, 'min_child_samples': 100, 'n_estimators': 500, 'num_leaves': 15, 'subsample': 0.6}",3.78788975902695,0.923852260582452,0.222947359085083
LightGBM,Enhanced,0,"{'colsample_bytree': 0.6, 'learning_rate': 0.01, 'max_depth': 3, 'min_child_samples': 100, 'n_estimators': 500, 'num_leaves': 15, 'subsample': 0.8}",3.78788975768953,0.923852260636224,0.225200891494751
LightGBM,Enhanced,0,"{'colsample_bytree': 0.6, 'learning_rate': 0.01, 'max_depth': 3, 'min_child_samples': 100, 'n_estimators': 500, 'num_leaves': 31, 'subsample': 0.6}",3.78788975932481,0.923852260570476,0.223994731903076
LightGBM,Enhanced,0,"{'colsample_bytree': 0.6, 'learning_rate': 0.01, 'max_depth': 3, 'min_child_samples': 100, 'n_estimators': 500, 'num_leaves': 31, 'subsample': 0.8}",3.78788975984381,0.923852260549609,0.222908973693848
LightGBM,Enhanced,0,"{'colsample_bytree': 0.6, 'learning_rate': 0.01, 'max_depth': 3, 'min_child_samples': 100, 'n_estimators': 500, 'num_leaves': 62, 'subsample': 0.6}",3.78788975763377,0.923852260638466,0.228387117385864
LightGBM,Enhanced,0,"{'colsample_bytree': 0.6, 'learning_rate': 0.01, 'max_depth': 3, 'min_child_samples': 100, 'n_estimators': 500, 'num_leaves': 62, 'subsample': 0.8}",3.78788975818364,0.923852260616358,0.224775791168213
LightGBM,Enhanced,0,"{'colsample_bytree': 0.6, 'learning_rate': 0.01, 'max_depth': 3, 'min_child_samples': 100, 'n_estimators': 750, 'num_leaves': 15, 'subsample': 0.6}",3.66684209815833,0.928641326130502,0.368180990219116
LightGBM,Enhanced,0,"{'colsample_bytree': 0.6, 'learning_rate': 0.01, 'max_depth': 3, 'min_child_samples': 100, 'n_estimators': 750, 'num_leaves': 15, 'subsample': 0.8}",3.66684209745307,0.928641326157951,0.290349721908569
LightGBM,Enhanced,0,"{'colsample_bytree': 0.6, 'learning_rate': 0.01, 'max_depth': 3, 'min_child_samples': 100, 'n_estimators': 750, 'num_leaves': 31, 'subsample': 0.6}",3.66684209684321,0.928641326181688,0.289002656936646
LightGBM,Enhanced,0,"{'colsample_bytree': 0.6, 'learning_rate': 0.01, 'max_depth': 3, 'min_child_samples': 100, 'n_estimators': 750, 'num_leaves': 31, 'subsample': 0.8}",3.66684209666844,0.92864132618849,0.278973817825317
LightGBM,Enhanced,0,"{'colsample_bytree': 0.6, 'learning_rate': 0.01, 'max_depth': 3, 'min_child_samples': 100, 'n_estimators': 750, 'num_leaves': 62, 'subsample': 0.6}",3.66684209668407,0.928641326187882,0.283245801925659
LightGBM,Enhanced,0,"{'colsample_bytree': 0.6, 'learning_rate': 0.01, 'max_depth': 3, 'min_child_samples': 100, 'n_estimators': 750, 'num_leaves': 62, 'subsample': 0.8}",3.6668420978259,0.92864132614344,0.359175682067871
LightGBM,Enhanced,0,"{'colsample_bytree': 0.6, 'learning_rate': 0.01, 'max_depth': 3, 'min_child_samples': 100, 'n_estimators': 1000, 'num_leaves': 15, 'subsample': 0.6}",3.58292288806561,0.931870174635403,0.447553396224976
LightGBM,Enhanced,0,"{'colsample_bytree': 0.6, 'learning_rate': 0.01, 'max_depth': 3, 'min_child_samples': 100, 'n_estimators': 1000, 'num_leaves': 15, 'subsample': 0.8}",3.58292288662157,0.93187017469032,0.391280174255371
LightGBM,Enhanced,0,"{'colsample_bytree': 0.6, 'learning_rate': 0.01, 'max_depth': 3, 'min_child_samples': 100, 'n_estimators': 1000, 'num_leaves': 31, 'subsample': 0.6}",3.58292288724139,0.931870174666749,0.340945959091187
LightGBM,Enhanced,0,"{'colsample_bytree': 0.6, 'learning_rate': 0.01, 'max_depth': 3, 'min_child_samples': 100, 'n_estimators': 1000, 'num_leaves': 31, 'subsample': 0.8}",3.58292288775989,0.93187017464703,0.388156652450562
LightGBM,Enhanced,0,"{'colsample_bytree': 0.6, 'learning_rate': 0.01, 'max_depth': 3, 'min_child_samples': 100, 'n_estimators': 1000, 'num_leaves': 62, 'subsample': 0.6}",3.5829228872052,0.931870174668125,0.389618873596191
LightGBM,Enhanced,0,"{'colsample_bytree': 0.6, 'learning_rate': 0.01, 'max_depth': 3, 'min_child_samples': 100, 'n_estimators': 1000, 'num_leaves': 62, 'subsample': 0.8}",3.5829228879787,0.931870174638708,0.373954296112061
LightGBM,Enhanced,0,"{'colsample_bytree': 0.6, 'learning_rate': 0.01, 'max_depth': 5, 'min_child_samples': 50, 'n_estimators': 500, 'num_leaves': 15, 'subsample': 0.6}",3.43327645943515,0.937442425106841,0.50734543800354
LightGBM,Enhanced,0,"{'colsample_bytree': 0.6, 'learning_rate': 0.01, 'max_depth': 5, 'min_child_samples': 50, 'n_estimators': 500, 'num_leaves': 15, 'subsample': 0.8}",3.43327653940192,0.937442422192699,0.522800922393799
LightGBM,Enhanced,0,"{'colsample_bytree': 0.6, 'learning_rate': 0.01, 'max_depth': 5, 'min_child_samples': 50, 'n_estimators': 500, 'num_leaves': 31, 'subsample': 0.6}",3.43447389996462,0.937398780477769,0.428184986114502
LightGBM,Enhanced,0,"{'colsample_bytree': 0.6, 'learning_rate': 0.01, 'max_depth': 5, 'min_child_samples': 50, 'n_estimators': 500, 'num_leaves': 31, 'subsample': 0.8}",3.43444040734529,0.937400001432508,0.569878816604614
LightGBM,Enhanced,0,"{'colsample_bytree': 0.6, 'learning_rate': 0.01, 'max_depth': 5, 'min_child_samples': 50, 'n_estimators': 500, 'num_leaves': 62, 'subsample': 0.6}",3.4344223496989,0.937400659708985,0.588785886764526
LightGBM,Enhanced,0,"{'colsample_bytree': 0.6, 'learning_rate': 0.01, 'max_depth': 5, 'min_child_samples': 50, 'n_estimators': 500, 'num_leaves': 62, 'subsample': 0.8}",3.43442168917884,0.937400683787629,0.519115209579468
LightGBM,Enhanced,0,"{'colsample_bytree': 0.6, 'learning_rate': 0.01, 'max_depth': 5, 'min_child_samples': 50, 'n_estimators': 750, 'num_leaves': 15, 'subsample': 0.6}",3.30960705016632,0.941868006129933,0.763900995254517
LightGBM,Enhanced,0,"{'colsample_bytree': 0.6, 'learning_rate': 0.01, 'max_depth': 5, 'min_child_samples': 50, 'n_estimators': 750, 'num_leaves': 15, 'subsample': 0.8}",3.30958144222431,0.94186890571405,0.696805715560913
LightGBM,Enhanced,0,"{'colsample_bytree': 0.6, 'learning_rate': 0.01, 'max_depth': 5, 'min_child_samples': 50, 'n_estimators': 750, 'num_leaves': 31, 'subsample': 0.6}",3.31124533671275,0.941810440120675,0.47482967376709
LightGBM,Enhanced,0,"{'colsample_bytree': 0.6, 'learning_rate': 0.01, 'max_depth': 5, 'min_child_samples': 50, 'n_estimators': 750, 'num_leaves': 31, 'subsample': 0.8}",3.31130736860981,0.941808259888024,0.473001956939697
LightGBM,Enhanced,0,"{'colsample_bytree': 0.6, 'learning_rate': 0.01, 'max_depth': 5, 'min_child_samples': 50, 'n_estimators': 750, 'num_leaves': 62, 'subsample': 0.6}",3.31120046838878,0.941812017080441,0.45232629776001
LightGBM,Enhanced,0,"{'colsample_bytree': 0.6, 'learning_rate': 0.01, 'max_depth': 5, 'min_child_samples': 50, 'n_estimators': 750, 'num_leaves': 62, 'subsample': 0.8}",3.3112055128839,0.941811839785697,0.458851099014282
LightGBM,Enhanced,0,"{'colsample_bytree': 0.6, 'learning_rate': 0.01, 'max_depth': 5, 'min_child_samples': 50, 'n_estimators': 1000, 'num_leaves': 15, 'subsample': 0.6}",3.27166733134886,0.943193160454991,0.584904432296753
LightGBM,Enhanced,0,"{'colsample_bytree': 0.6, 'learning_rate': 0.01, 'max_depth': 5, 'min_child_samples': 50, 'n_estimators': 1000, 'num_leaves': 15, 'subsample': 0.8}",3.27161857286166,0.94319485365582,0.607456207275391
LightGBM,Enhanced,0,"{'colsample_bytree': 0.6, 'learning_rate': 0.01, 'max_depth': 5, 'min_child_samples': 50, 'n_estimators': 1000, 'num_leaves': 31, 'subsample': 0.6}",3.2738052188613,0.943118894766864,0.612190961837769
LightGBM,Enhanced,0,"{'colsample_bytree': 0.6, 'learning_rate': 0.01, 'max_depth': 5, 'min_child_samples': 50, 'n_estimators': 1000, 'num_leaves': 31, 'subsample': 0.8}",3.27394005775707,0.943114209122572,0.579600334167481
LightGBM,Enhanced,0,"{'colsample_bytree': 0.6, 'learning_rate': 0.01, 'max_depth': 5, 'min_child_samples': 50, 'n_estimators': 1000, 'num_leaves': 62, 'subsample': 0.6}",3.27385087949091,0.94311730808408,0.582258462905884
LightGBM,Enhanced,0,"{'colsample_bytree': 0.6, 'learning_rate': 0.01, 'max_depth': 5, 'min_child_samples': 50, 'n_estimators': 1000, 'num_leaves': 62, 'subsample': 0.8}",3.27396137647036,0.943113468280777,0.663170576095581
LightGBM,Enhanced,0,"{'colsample_bytree': 0.6, 'learning_rate': 0.01, 'max_depth': 5, 'min_child_samples': 100, 'n_estimators': 500, 'num_leaves': 15, 'subsample': 0.6}",3.76919220941059,0.924602156829688,0.392438411712647
LightGBM,Enhanced,0,"{'colsample_bytree': 0.6, 'learning_rate': 0.01, 'max_depth': 5, 'min_child_samples': 100, 'n_estimators': 500, 'num_leaves': 15, 'subsample': 0.8}",3.76918969060702,0.924602257600507,0.385863780975342
LightGBM,Enhanced,0,"{'colsample_bytree': 0.6, 'learning_rate': 0.01, 'max_depth': 5, 'min_child_samples': 100, 'n_estimators': 500, 'num_leaves': 31, 'subsample': 0.6}",3.76860684615284,0.924625573889639,0.404258489608765
LightGBM,Enhanced,0,"{'colsample_bytree': 0.6, 'learning_rate': 0.01, 'max_depth': 5, 'min_child_samples': 100, 'n_estimators': 500, 'num_leaves': 31, 'subsample': 0.8}",3.76860684576051,0.924625573905332,0.389683723449707
LightGBM,Enhanced,0,"{'colsample_bytree': 0.6, 'learning_rate': 0.01, 'max_depth': 5, 'min_child_samples': 100, 'n_estimators': 500, 'num_leaves': 62, 'subsample': 0.6}",3.76860684596817,0.924625573897026,0.393441438674927
LightGBM,Enhanced,0,"{'colsample_bytree': 0.6, 'learning_rate': 0.01, 'max_depth': 5, 'min_child_samples': 100, 'n_estimators': 500, 'num_leaves': 62, 'subsample': 0.8}",3.76860684636288,0.924625573881237,0.365919828414917
LightGBM,Enhanced,0,"{'colsample_bytree': 0.6, 'learning_rate': 0.01, 'max_depth': 5, 'min_child_samples': 100, 'n_estimators': 750, 'num_leaves': 15, 'subsample': 0.6}",3.65094559437424,0.929258693648855,0.395865440368652
LightGBM,Enhanced,0,"{'colsample_bytree': 0.6, 'learning_rate': 0.01, 'max_depth': 5, 'min_child_samples': 100, 'n_estimators': 750, 'num_leaves': 15, 'subsample': 0.8}",3.65094339541601,0.929258778863563,0.521472454071045
LightGBM,Enhanced,0,"{'colsample_bytree': 0.6, 'learning_rate': 0.01, 'max_depth': 5, 'min_child_samples': 100, 'n_estimators': 750, 'num_leaves': 31, 'subsample': 0.6}",3.65079337020171,0.929264592565752,0.557164907455444
LightGBM,Enhanced,0,"{'colsample_bytree': 0.6, 'learning_rate': 0.01, 'max_depth': 5, 'min_child_samples': 100, 'n_estimators': 750, 'num_leaves': 31, 'subsample': 0.8}",3.65079348720729,0.929264588031704,0.598201990127564
LightGBM,Enhanced,0,"{'colsample_bytree': 0.6, 'learning_rate': 0.01, 'max_depth': 5, 'min_child_samples': 100, 'n_estimators': 750, 'num_leaves': 62, 'subsample': 0.6}",3.65079348693911,0.929264588042096,0.544711112976074
LightGBM,Enhanced,0,"{'colsample_bytree': 0.6, 'learning_rate': 0.01, 'max_depth': 5, 'min_child_samples': 100, 'n_estimators': 750, 'num_leaves': 62, 'subsample': 0.8}",3.65079348714549,0.929264588034099,0.407704830169678
LightGBM,Enhanced,0,"{'colsample_bytree': 0.6, 'learning_rate': 0.01, 'max_depth': 5, 'min_child_samples': 100, 'n_estimators': 1000, 'num_leaves': 15, 'subsample': 0.6}",3.5994682657079,0.931239496041911,0.478105068206787
LightGBM,Enhanced,0,"{'colsample_bytree': 0.6, 'learning_rate': 0.01, 'max_depth': 5, 'min_child_samples': 100, 'n_estimators': 1000, 'num_leaves': 15, 'subsample': 0.8}",3.59946835018006,0.931239492814574,0.534187078475952
LightGBM,Enhanced,0,"{'colsample_bytree': 0.6, 'learning_rate': 0.01, 'max_depth': 5, 'min_child_samples': 100, 'n_estimators': 1000, 'num_leaves': 31, 'subsample': 0.6}",3.59951060730675,0.931237878332525,0.736011266708374
LightGBM,Enhanced,0,"{'colsample_bytree': 0.6, 'learning_rate': 0.01, 'max_depth': 5, 'min_child_samples': 100, 'n_estimators': 1000, 'num_leaves': 31, 'subsample': 0.8}",3.59951060917936,0.931237878260979,0.721938133239746
LightGBM,Enhanced,0,"{'colsample_bytree': 0.6, 'learning_rate': 0.01, 'max_depth': 5, 'min_child_samples': 100, 'n_estimators': 1000, 'num_leaves': 62, 'subsample': 0.6}",3.59951060805265,0.931237878304027,0.695654392242432
LightGBM,Enhanced,0,"{'colsample_bytree': 0.6, 'learning_rate': 0.01, 'max_depth': 5, 'min_child_samples': 100, 'n_estimators': 1000, 'num_leaves': 62, 'subsample': 0.8}",3.59951060953071,0.931237878247555,0.653279066085815
LightGBM,Enhanced,0,"{'colsample_bytree': 0.6, 'learning_rate': 0.01, 'max_depth': 9, 'min_child_samples': 50, 'n_estimators': 500, 'num_leaves': 15, 'subsample': 0.6}",3.4318486395607,0.937494446769839,0.600530385971069
LightGBM,Enhanced,0,"{'colsample_bytree': 0.6, 'learning_rate': 0.01, 'max_depth': 9, 'min_child_samples': 50, 'n_estimators': 500, 'num_leaves': 15, 'subsample': 0.8}",3.43184873572267,0.937494443266971,0.478353023529053
LightGBM,Enhanced,0,"{'colsample_bytree': 0.6, 'learning_rate': 0.01, 'max_depth': 9, 'min_child_samples': 50, 'n_estimators': 500, 'num_leaves': 31, 'subsample': 0.6}",3.42523742289569,0.93773503996709,0.681300163269043
LightGBM,Enhanced,0,"{'colsample_bytree': 0.6, 'learning_rate': 0.01, 'max_depth': 9, 'min_child_samples': 50, 'n_estimators': 500, 'num_leaves': 31, 'subsample': 0.8}",3.42523358564119,0.937735179476464,0.677169799804688
LightGBM,Enhanced,0,"{'colsample_bytree': 0.6, 'learning_rate': 0.01, 'max_depth': 9, 'min_child_samples': 50, 'n_estimators': 500, 'num_leaves': 62, 'subsample': 0.6}",3.42600244369904,0.937707223320623,0.802825927734375
LightGBM,Enhanced,0,"{'colsample_bytree': 0.6, 'learning_rate': 0.01, 'max_depth': 9, 'min_child_samples': 50, 'n_estimators': 500, 'num_leaves': 62, 'subsample': 0.8}",3.42601855091456,0.937706637585175,0.932371854782105
LightGBM,Enhanced,0,"{'colsample_bytree': 0.6, 'learning_rate': 0.01, 'max_depth': 9, 'min_child_samples': 50, 'n_estimators': 750, 'num_leaves': 15, 'subsample': 0.6}",3.31073057665422,0.941828530796498,0.995053291320801
LightGBM,Enhanced,0,"{'colsample_bytree': 0.6, 'learning_rate': 0.01, 'max_depth': 9, 'min_child_samples': 50, 'n_estimators': 750, 'num_leaves': 15, 'subsample': 0.8}",3.31084509684131,0.941824506353796,0.692105293273926
LightGBM,Enhanced,0,"{'colsample_bytree': 0.6, 'learning_rate': 0.01, 'max_depth': 9, 'min_child_samples': 50, 'n_estimators': 750, 'num_leaves': 31, 'subsample': 0.6}",3.30587558636364,0.941999015729736,0.945355653762817
LightGBM,Enhanced,0,"{'colsample_bytree': 0.6, 'learning_rate': 0.01, 'max_depth': 9, 'min_child_samples': 50, 'n_estimators': 750, 'num_leaves': 31, 'subsample': 0.8}",3.30585859048647,0.941999612107334,0.84260630607605
LightGBM,Enhanced,0,"{'colsample_bytree': 0.6, 'learning_rate': 0.01, 'max_depth': 9, 'min_child_samples': 50, 'n_estimators': 750, 'num_leaves': 62, 'subsample': 0.6}",3.30735668919198,0.941947032729568,0.97456955909729
LightGBM,Enhanced,0,"{'colsample_bytree': 0.6, 'learning_rate': 0.01, 'max_depth': 9, 'min_child_samples': 50, 'n_estimators': 750, 'num_leaves': 62, 'subsample': 0.8}",3.30712378084318,0.941955208772213,0.939784288406372
LightGBM,Enhanced,0,"{'colsample_bytree': 0.6, 'learning_rate': 0.01, 'max_depth': 9, 'min_child_samples': 50, 'n_estimators': 1000, 'num_leaves': 15, 'subsample': 0.6}",3.26886061893146,0.943290586051825,0.827800989151001
LightGBM,Enhanced,0,"{'colsample_bytree': 0.6, 'learning_rate': 0.01, 'max_depth': 9, 'min_child_samples': 50, 'n_estimators': 1000, 'num_leaves': 15, 'subsample': 0.8}",3.26897614051894,0.943286577757776,0.864058017730713
LightGBM,Enhanced,0,"{'colsample_bytree': 0.6, 'learning_rate': 0.01, 'max_depth': 9, 'min_child_samples': 50, 'n_estimators': 1000, 'num_leaves': 31, 'subsample': 0.6}",3.25743949197413,0.943686169719824,1.11176538467407
LightGBM,Enhanced,0,"{'colsample_bytree': 0.6, 'learning_rate': 0.01, 'max_depth': 9, 'min_child_samples': 50, 'n_estimators': 1000, 'num_leaves': 31, 'subsample': 0.8}",3.25742309325183,0.943686736712729,1.15139389038086
LightGBM,Enhanced,0,"{'colsample_bytree': 0.6, 'learning_rate': 0.01, 'max_depth': 9, 'min_child_samples': 50, 'n_estimators': 1000, 'num_leaves': 62, 'subsample': 0.6}",3.25884101878098,0.943637700778555,1.40400338172913
LightGBM,Enhanced,0,"{'colsample_bytree': 0.6, 'learning_rate': 0.01, 'max_depth': 9, 'min_child_samples': 50, 'n_estimators': 1000, 'num_leaves': 62, 'subsample': 0.8}",3.25877759734942,0.943639894529584,1.51609706878662
LightGBM,Enhanced,0,"{'colsample_bytree': 0.6, 'learning_rate': 0.01, 'max_depth': 9, 'min_child_samples': 100, 'n_estimators': 500, 'num_leaves': 15, 'subsample': 0.6}",3.76526979178651,0.92475900101819,0.547623872756958
LightGBM,Enhanced,0,"{'colsample_bytree': 0.6, 'learning_rate': 0.01, 'max_depth': 9, 'min_child_samples': 100, 'n_estimators': 500, 'num_leaves': 15, 'subsample': 0.8}",3.76526944337318,0.924759014942805,0.464085340499878
LightGBM,Enhanced,0,"{'colsample_bytree': 0.6, 'learning_rate': 0.01, 'max_depth': 9, 'min_child_samples': 100, 'n_estimators': 500, 'num_leaves': 31, 'subsample': 0.6}",3.76896494988386,0.924611248624766,0.597333431243897
LightGBM,Enhanced,0,"{'colsample_bytree': 0.6, 'learning_rate': 0.01, 'max_depth': 9, 'min_child_samples': 100, 'n_estimators': 500, 'num_leaves': 31, 'subsample': 0.8}",3.76896470888219,0.924611258266042,0.560292720794678
LightGBM,Enhanced,0,"{'colsample_bytree': 0.6, 'learning_rate': 0.01, 'max_depth': 9, 'min_child_samples': 100, 'n_estimators': 500, 'num_leaves': 62, 'subsample': 0.6}",3.76896522377866,0.9246112376676,0.556964635848999
LightGBM,Enhanced,0,"{'colsample_bytree': 0.6, 'learning_rate': 0.01, 'max_depth': 9, 'min_child_samples': 100, 'n_estimators': 500, 'num_leaves': 62, 'subsample': 0.8}",3.7689649282216,0.924611249491365,0.569190502166748
LightGBM,Enhanced,0,"{'colsample_bytree': 0.6, 'learning_rate': 0.01, 'max_depth': 9, 'min_child_samples': 100, 'n_estimators': 750, 'num_leaves': 15, 'subsample': 0.6}",3.6496873707004,0.929307444333635,0.656262636184692
LightGBM,Enhanced,0,"{'colsample_bytree': 0.6, 'learning_rate': 0.01, 'max_depth': 9, 'min_child_samples': 100, 'n_estimators': 750, 'num_leaves': 15, 'subsample': 0.8}",3.64968929969602,0.929307369606321,0.662192344665527
LightGBM,Enhanced,0,"{'colsample_bytree': 0.6, 'learning_rate': 0.01, 'max_depth': 9, 'min_child_samples': 100, 'n_estimators': 750, 'num_leaves': 31, 'subsample': 0.6}",3.65329826110468,0.929167492979037,0.807377815246582
LightGBM,Enhanced,0,"{'colsample_bytree': 0.6, 'learning_rate': 0.01, 'max_depth': 9, 'min_child_samples': 100, 'n_estimators': 750, 'num_leaves': 31, 'subsample': 0.8}",3.65329851876485,0.929167482987673,0.812975406646729
LightGBM,Enhanced,0,"{'colsample_bytree': 0.6, 'learning_rate': 0.01, 'max_depth': 9, 'min_child_samples': 100, 'n_estimators': 750, 'num_leaves': 62, 'subsample': 0.6}",3.65329935762859,0.929167450458803,0.79286789894104
LightGBM,Enhanced,0,"{'colsample_bytree': 0.6, 'learning_rate': 0.01, 'max_depth': 9, 'min_child_samples': 100, 'n_estimators': 750, 'num_leaves': 62, 'subsample': 0.8}",3.65329865984277,0.929167477517053,0.803746700286865
LightGBM,Enhanced,0,"{'colsample_bytree': 0.6, 'learning_rate': 0.01, 'max_depth': 9, 'min_child_samples': 100, 'n_estimators': 1000, 'num_leaves': 15, 'subsample': 0.6}",3.59845294442575,0.93127828185775,0.850013494491577
LightGBM,Enhanced,0,"{'colsample_bytree': 0.6, 'learning_rate': 0.01, 'max_depth': 9, 'min_child_samples': 100, 'n_estimators': 1000, 'num_leaves': 15, 'subsample': 0.8}",3.59845535168797,0.931278189911987,0.845157384872437
LightGBM,Enhanced,0,"{'colsample_bytree': 0.6, 'learning_rate': 0.01, 'max_depth': 9, 'min_child_samples': 100, 'n_estimators': 1000, 'num_leaves': 31, 'subsample': 0.6}",3.60037821563213,0.931204726170665,1.01540184020996
LightGBM,Enhanced,0,"{'colsample_bytree': 0.6, 'learning_rate': 0.01, 'max_depth': 9, 'min_child_samples': 100, 'n_estimators': 1000, 'num_leaves': 31, 'subsample': 0.8}",3.60037799162956,0.931204734731053,0.969871520996094
LightGBM,Enhanced,0,"{'colsample_bytree': 0.6, 'learning_rate': 0.01, 'max_depth': 9, 'min_child_samples': 100, 'n_estimators': 1000, 'num_leaves': 62, 'subsample': 0.6}",3.60038008041713,0.931204654906803,0.994765281677246
LightGBM,Enhanced,0,"{'colsample_bytree': 0.6, 'learning_rate': 0.01, 'max_depth': 9, 'min_child_samples': 100, 'n_estimators': 1000, 'num_leaves': 62, 'subsample': 0.8}",3.60037859224774,0.931204711778079,0.974456548690796
LightGBM,Enhanced,0,"{'colsample_bytree': 0.6, 'learning_rate': 0.05, 'max_depth': 3, 'min_child_samples': 50, 'n_estimators': 500, 'num_leaves': 15, 'subsample': 0.6}",3.28481843624405,0.942735550232419,0.18761134147644
LightGBM,Enhanced,0,"{'colsample_bytree': 0.6, 'learning_rate': 0.05, 'max_depth': 3, 'min_child_samples': 50, 'n_estimators': 500, 'num_leaves': 15, 'subsample': 0.8}",3.28481843301051,0.94273555034516,0.18478798866272
LightGBM,Enhanced,0,"{'colsample_bytree': 0.6, 'learning_rate': 0.05, 'max_depth': 3, 'min_child_samples': 50, 'n_estimators': 500, 'num_leaves': 31, 'subsample': 0.6}",3.2848184348663,0.942735550280456,0.18891453742981
LightGBM,Enhanced,0,"{'colsample_bytree': 0.6, 'learning_rate': 0.05, 'max_depth': 3, 'min_child_samples': 50, 'n_estimators': 500, 'num_leaves': 31, 'subsample': 0.8}",3.28481843878319,0.942735550143889,0.187157392501831
LightGBM,Enhanced,0,"{'colsample_bytree': 0.6, 'learning_rate': 0.05, 'max_depth': 3, 'min_child_samples': 50, 'n_estimators': 500, 'num_leaves': 62, 'subsample': 0.6}",3.28481843564878,0.942735550253174,0.190599679946899
LightGBM,Enhanced,0,"{'colsample_bytree': 0.6, 'learning_rate': 0.05, 'max_depth': 3, 'min_child_samples': 50, 'n_estimators': 500, 'num_leaves': 62, 'subsample': 0.8}",3.28481843489343,0.94273555027951,0.185235261917114
LightGBM,Enhanced,0,"{'colsample_bytree': 0.6, 'learning_rate': 0.05, 'max_depth': 3, 'min_child_samples': 50, 'n_estimators': 750, 'num_leaves': 15, 'subsample': 0.6}",3.28481843578809,0.942735550248316,0.190910577774048
LightGBM,Enhanced,0,"{'colsample_bytree': 0.6, 'learning_rate': 0.05, 'max_depth': 3, 'min_child_samples': 50, 'n_estimators': 750, 'num_leaves': 15, 'subsample': 0.8}",3.28481843444212,0.942735550295245,0.186891317367554
LightGBM,Enhanced,0,"{'colsample_bytree': 0.6, 'learning_rate': 0.05, 'max_depth': 3, 'min_child_samples': 50, 'n_estimators': 750, 'num_leaves': 31, 'subsample': 0.6}",3.28481843582883,0.942735550246896,0.194666385650635
LightGBM,Enhanced,0,"{'colsample_bytree': 0.6, 'learning_rate': 0.05, 'max_depth': 3, 'min_child_samples': 50, 'n_estimators': 750, 'num_leaves': 31, 'subsample': 0.8}",3.28481843306442,0.94273555034328,0.185865879058838
LightGBM,Enhanced,0,"{'colsample_bytree': 0.6, 'learning_rate': 0.05, 'max_depth': 3, 'min_child_samples': 50, 'n_estimators': 750, 'num_leaves': 62, 'subsample': 0.6}",3.28481843947731,0.942735550119688,0.19301962852478
LightGBM,Enhanced,0,"{'colsample_bytree': 0.6, 'learning_rate': 0.05, 'max_depth': 3, 'min_child_samples': 50, 'n_estimators': 750, 'num_leaves': 62, 'subsample': 0.8}",3.28481844020775,0.94273555009422,0.188557863235474
LightGBM,Enhanced,0,"{'colsample_bytree': 0.6, 'learning_rate': 0.05, 'max_depth': 3, 'min_child_samples': 50, 'n_estimators': 1000, 'num_leaves': 15, 'subsample': 0.6}",3.28481843004882,0.942735550448423,0.196926116943359
LightGBM,Enhanced,0,"{'colsample_bytree': 0.6, 'learning_rate': 0.05, 'max_depth': 3, 'min_child_samples': 50, 'n_estimators': 1000, 'num_leaves': 15, 'subsample': 0.8}",3.28481843536195,0.942735550263174,0.188435316085815
LightGBM,Enhanced,0,"{'colsample_bytree': 0.6, 'learning_rate': 0.05, 'max_depth': 3, 'min_child_samples': 50, 'n_estimators': 1000, 'num_leaves': 31, 'subsample': 0.6}",3.28481843607422,0.94273555023834,0.183716297149658
LightGBM,Enhanced,0,"{'colsample_bytree': 0.6, 'learning_rate': 0.05, 'max_depth': 3, 'min_child_samples': 50, 'n_estimators': 1000, 'num_leaves': 31, 'subsample': 0.8}",3.28481843924496,0.942735550127789,0.187670707702637
LightGBM,Enhanced,0,"{'colsample_bytree': 0.6, 'learning_rate': 0.05, 'max_depth': 3, 'min_child_samples': 50, 'n_estimators': 1000, 'num_leaves': 62, 'subsample': 0.6}",3.28481843404071,0.942735550309241,0.19296669960022
LightGBM,Enhanced,0,"{'colsample_bytree': 0.6, 'learning_rate': 0.05, 'max_depth': 3, 'min_child_samples': 50, 'n_estimators': 1000, 'num_leaves': 62, 'subsample': 0.8}",3.28481843583057,0.942735550246835,0.188359975814819
LightGBM,Enhanced,0,"{'colsample_bytree': 0.6, 'learning_rate': 0.05, 'max_depth': 3, 'min_child_samples': 100, 'n_estimators': 500, 'num_leaves': 15, 'subsample': 0.6}",3.37107310174536,0.939688699456201,0.233621597290039
LightGBM,Enhanced,0,"{'colsample_bytree': 0.6, 'learning_rate': 0.05, 'max_depth': 3, 'min_child_samples': 100, 'n_estimators': 500, 'num_leaves': 15, 'subsample': 0.8}",3.37107310061806,0.939688699496538,0.2298264503479
LightGBM,Enhanced,0,"{'colsample_bytree': 0.6, 'learning_rate': 0.05, 'max_depth': 3, 'min_child_samples': 100, 'n_estimators': 500, 'num_leaves': 31, 'subsample': 0.6}",3.37107310047641,0.939688699501606,0.239622116088867
LightGBM,Enhanced,0,"{'colsample_bytree': 0.6, 'learning_rate': 0.05, 'max_depth': 3, 'min_child_samples': 100, 'n_estimators': 500, 'num_leaves': 31, 'subsample': 0.8}",3.37107309919506,0.939688699547455,0.239102602005005
LightGBM,Enhanced,0,"{'colsample_bytree': 0.6, 'learning_rate': 0.05, 'max_depth': 3, 'min_child_samples': 100, 'n_estimators': 500, 'num_leaves': 62, 'subsample': 0.6}",3.3710731020959,0.939688699443658,0.230060338973999
LightGBM,Enhanced,0,"{'colsample_bytree': 0.6, 'learning_rate': 0.05, 'max_depth': 3, 'min_child_samples': 100, 'n_estimators': 500, 'num_leaves': 62, 'subsample': 0.8}",3.37107310072865,0.939688699492581,0.235143184661865
LightGBM,Enhanced,0,"{'colsample_bytree': 0.6, 'learning_rate': 0.05, 'max_depth': 3, 'min_child_samples': 100, 'n_estimators': 750, 'num_leaves': 15, 'subsample': 0.6}",3.281336800613,0.942856877053143,0.299655437469482
LightGBM,Enhanced,0,"{'colsample_bytree': 0.6, 'learning_rate': 0.05, 'max_depth': 3, 'min_child_samples': 100, 'n_estimators': 750, 'num_leaves': 15, 'subsample': 0.8}",3.28133680065675,0.942856877051619,0.305189371109009
LightGBM,Enhanced,0,"{'colsample_bytree': 0.6, 'learning_rate': 0.05, 'max_depth': 3, 'min_child_samples': 100, 'n_estimators': 750, 'num_leaves': 31, 'subsample': 0.6}",3.28127474569081,0.942859038354303,0.300864219665527
LightGBM,Enhanced,0,"{'colsample_bytree': 0.6, 'learning_rate': 0.05, 'max_depth': 3, 'min_child_samples': 100, 'n_estimators': 750, 'num_leaves': 31, 'subsample': 0.8}",3.28133679737168,0.942856877166035,0.297337293624878
LightGBM,Enhanced,0,"{'colsample_bytree': 0.6, 'learning_rate': 0.05, 'max_depth': 3, 'min_child_samples': 100, 'n_estimators': 750, 'num_leaves': 62, 'subsample': 0.6}",3.28088158334503,0.942872730794189,0.30981183052063
LightGBM,Enhanced,0,"{'colsample_bytree': 0.6, 'learning_rate': 0.05, 'max_depth': 3, 'min_child_samples': 100, 'n_estimators': 750, 'num_leaves': 62, 'subsample': 0.8}",3.28111553080471,0.942864583437653,0.308856010437012
LightGBM,Enhanced,0,"{'colsample_bytree': 0.6, 'learning_rate': 0.05, 'max_depth': 3, 'min_child_samples': 100, 'n_estimators': 1000, 'num_leaves': 15, 'subsample': 0.6}",3.23319754645965,0.944521228693786,0.371138095855713
LightGBM,Enhanced,0,"{'colsample_bytree': 0.6, 'learning_rate': 0.05, 'max_depth': 3, 'min_child_samples': 100, 'n_estimators': 1000, 'num_leaves': 15, 'subsample': 0.8}",3.23340013830636,0.944514275887034,0.366014242172241
LightGBM,Enhanced,0,"{'colsample_bytree': 0.6, 'learning_rate': 0.05, 'max_depth': 3, 'min_child_samples': 100, 'n_estimators': 1000, 'num_leaves': 31, 'subsample': 0.6}",3.23292785305589,0.944530483701825,0.36775803565979
LightGBM,Enhanced,0,"{'colsample_bytree': 0.6, 'learning_rate': 0.05, 'max_depth': 3, 'min_child_samples': 100, 'n_estimators': 1000, 'num_leaves': 31, 'subsample': 0.8}",3.23340013517133,0.944514275994629,0.370125293731689
LightGBM,Enhanced,0,"{'colsample_bytree': 0.6, 'learning_rate': 0.05, 'max_depth': 3, 'min_child_samples': 100, 'n_estimators': 1000, 'num_leaves': 62, 'subsample': 0.6}",3.2334001388341,0.944514275868922,0.372010231018066
LightGBM,Enhanced,0,"{'colsample_bytree': 0.6, 'learning_rate': 0.05, 'max_depth': 3, 'min_child_samples': 100, 'n_estimators': 1000, 'num_leaves': 62, 'subsample': 0.8}",3.23334330093668,0.944516226548728,0.381322622299194
LightGBM,Enhanced,0,"{'colsample_bytree': 0.6, 'learning_rate': 0.05, 'max_depth': 5, 'min_child_samples': 50, 'n_estimators': 500, 'num_leaves': 15, 'subsample': 0.6}",3.24704625093262,0.944044948144595,0.232015132904053
LightGBM,Enhanced,0,"{'colsample_bytree': 0.6, 'learning_rate': 0.05, 'max_depth': 5, 'min_child_samples': 50, 'n_estimators': 500, 'num_leaves': 15, 'subsample': 0.8}",3.24690532574571,0.944049805054176,0.227559566497803
LightGBM,Enhanced,0,"{'colsample_bytree': 0.6, 'learning_rate': 0.05, 'max_depth': 5, 'min_child_samples': 50, 'n_estimators': 500, 'num_leaves': 31, 'subsample': 0.6}",3.17179484503223,0.946608449761159,0.32373046875
LightGBM,Enhanced,0,"{'colsample_bytree': 0.6, 'learning_rate': 0.05, 'max_depth': 5, 'min_child_samples': 50, 'n_estimators': 500, 'num_leaves': 31, 'subsample': 0.8}",3.17229767225793,0.946591520007243,0.324057579040527
LightGBM,Enhanced,0,"{'colsample_bytree': 0.6, 'learning_rate': 0.05, 'max_depth': 5, 'min_child_samples': 50, 'n_estimators': 500, 'num_leaves': 62, 'subsample': 0.6}",3.17229710528278,0.946591539098314,0.324102878570557
LightGBM,Enhanced,0,"{'colsample_bytree': 0.6, 'learning_rate': 0.05, 'max_depth': 5, 'min_child_samples': 50, 'n_estimators': 500, 'num_leaves': 62, 'subsample': 0.8}",3.1722971074024,0.946591539026942,0.334439754486084
LightGBM,Enhanced,0,"{'colsample_bytree': 0.6, 'learning_rate': 0.05, 'max_depth': 5, 'min_child_samples': 50, 'n_estimators': 750, 'num_leaves': 15, 'subsample': 0.6}",3.24690532604493,0.944049805043864,0.226171255111694
LightGBM,Enhanced,0,"{'colsample_bytree': 0.6, 'learning_rate': 0.05, 'max_depth': 5, 'min_child_samples': 50, 'n_estimators': 750, 'num_leaves': 15, 'subsample': 0.8}",3.24704625479097,0.944044948011616,0.223068952560425
LightGBM,Enhanced,0,"{'colsample_bytree': 0.6, 'learning_rate': 0.05, 'max_depth': 5, 'min_child_samples': 50, 'n_estimators': 750, 'num_leaves': 31, 'subsample': 0.6}",3.14358531286365,0.947553941492448,0.40545916557312
LightGBM,Enhanced,0,"{'colsample_bytree': 0.6, 'learning_rate': 0.05, 'max_depth': 5, 'min_child_samples': 50, 'n_estimators': 750, 'num_leaves': 31, 'subsample': 0.8}",3.14358531200225,0.947553941521191,0.407187223434448
LightGBM,Enhanced,0,"{'colsample_bytree': 0.6, 'learning_rate': 0.05, 'max_depth': 5, 'min_child_samples': 50, 'n_estimators': 750, 'num_leaves': 62, 'subsample': 0.6}",3.14444522457198,0.947525244865142,0.419689893722534
LightGBM,Enhanced,0,"{'colsample_bytree': 0.6, 'learning_rate': 0.05, 'max_depth': 5, 'min_child_samples': 50, 'n_estimators': 750, 'num_leaves': 62, 'subsample': 0.8}",3.14311972613169,0.947569475590176,0.41406774520874
LightGBM,Enhanced,0,"{'colsample_bytree': 0.6, 'learning_rate': 0.05, 'max_depth': 5, 'min_child_samples': 50, 'n_estimators': 1000, 'num_leaves': 15, 'subsample': 0.6}",3.24690532631444,0.944049805034576,0.235981225967407
LightGBM,Enhanced,0,"{'colsample_bytree': 0.6, 'learning_rate': 0.05, 'max_depth': 5, 'min_child_samples': 50, 'n_estimators': 1000, 'num_leaves': 15, 'subsample': 0.8}",3.24690532443923,0.944049805099202,0.231255292892456
LightGBM,Enhanced,0,"{'colsample_bytree': 0.6, 'learning_rate': 0.05, 'max_depth': 5, 'min_child_samples': 50, 'n_estimators': 1000, 'num_leaves': 31, 'subsample': 0.6}",3.14250469241312,0.94758999239403,0.406284332275391
LightGBM,Enhanced,0,"{'colsample_bytree': 0.6, 'learning_rate': 0.05, 'max_depth': 5, 'min_child_samples': 50, 'n_estimators': 1000, 'num_leaves': 31, 'subsample': 0.8}",3.1435853104754,0.947553941572137,0.413788795471191
LightGBM,Enhanced,0,"{'colsample_bytree': 0.6, 'learning_rate': 0.05, 'max_depth': 5, 'min_child_samples': 50, 'n_estimators': 1000, 'num_leaves': 62, 'subsample': 0.6}",3.14262690011346,0.947585916008044,0.409176826477051
LightGBM,Enhanced,0,"{'colsample_bytree': 0.6, 'learning_rate': 0.05, 'max_depth': 5, 'min_child_samples': 50, 'n_estimators': 1000, 'num_leaves': 62, 'subsample': 0.8}",3.14299796382666,0.94757353775669,0.411827325820923
LightGBM,Enhanced,0,"{'colsample_bytree': 0.6, 'learning_rate': 0.05, 'max_depth': 5, 'min_child_samples': 100, 'n_estimators': 500, 'num_leaves': 15, 'subsample': 0.6}",3.43872504280818,0.93724371077099,0.297855854034424
LightGBM,Enhanced,0,"{'colsample_bytree': 0.6, 'learning_rate': 0.05, 'max_depth': 5, 'min_child_samples': 100, 'n_estimators': 500, 'num_leaves': 15, 'subsample': 0.8}",3.4387526381782,0.93724270354305,0.302579402923584
LightGBM,Enhanced,0,"{'colsample_bytree': 0.6, 'learning_rate': 0.05, 'max_depth': 5, 'min_child_samples': 100, 'n_estimators': 500, 'num_leaves': 31, 'subsample': 0.6}",3.43640193718583,0.937328474886119,0.297513484954834
LightGBM,Enhanced,0,"{'colsample_bytree': 0.6, 'learning_rate': 0.05, 'max_depth': 5, 'min_child_samples': 100, 'n_estimators': 500, 'num_leaves': 31, 'subsample': 0.8}",3.43638956785146,0.937328926057821,0.309375286102295
LightGBM,Enhanced,0,"{'colsample_bytree': 0.6, 'learning_rate': 0.05, 'max_depth': 5, 'min_child_samples': 100, 'n_estimators': 500, 'num_leaves': 62, 'subsample': 0.6}",3.43639492616871,0.937328730613298,0.310024261474609
LightGBM,Enhanced,0,"{'colsample_bytree': 0.6, 'learning_rate': 0.05, 'max_depth': 5, 'min_child_samples': 100, 'n_estimators': 500, 'num_leaves': 62, 'subsample': 0.8}",3.43639419844593,0.937328757156991,0.297598361968994
LightGBM,Enhanced,0,"{'colsample_bytree': 0.6, 'learning_rate': 0.05, 'max_depth': 5, 'min_child_samples': 100, 'n_estimators': 750, 'num_leaves': 15, 'subsample': 0.6}",3.35005977598894,0.940438247763513,0.391713857650757
LightGBM,Enhanced,0,"{'colsample_bytree': 0.6, 'learning_rate': 0.05, 'max_depth': 5, 'min_child_samples': 100, 'n_estimators': 750, 'num_leaves': 15, 'subsample': 0.8}",3.35002271865887,0.940439565463765,0.393468856811523
LightGBM,Enhanced,0,"{'colsample_bytree': 0.6, 'learning_rate': 0.05, 'max_depth': 5, 'min_child_samples': 100, 'n_estimators': 750, 'num_leaves': 31, 'subsample': 0.6}",3.35277045078456,0.940341820911216,0.391407251358032
LightGBM,Enhanced,0,"{'colsample_bytree': 0.6, 'learning_rate': 0.05, 'max_depth': 5, 'min_child_samples': 100, 'n_estimators': 750, 'num_leaves': 31, 'subsample': 0.8}",3.35252974112745,0.940350386832772,0.399505138397217
LightGBM,Enhanced,0,"{'colsample_bytree': 0.6, 'learning_rate': 0.05, 'max_depth': 5, 'min_child_samples': 100, 'n_estimators': 750, 'num_leaves': 62, 'subsample': 0.6}",3.3524840779873,0.940352011737132,0.392056465148926
LightGBM,Enhanced,0,"{'colsample_bytree': 0.6, 'learning_rate': 0.05, 'max_depth': 5, 'min_child_samples': 100, 'n_estimators': 750, 'num_leaves': 62, 'subsample': 0.8}",3.35250451504398,0.940351284495478,0.400654077529907
LightGBM,Enhanced,0,"{'colsample_bytree': 0.6, 'learning_rate': 0.05, 'max_depth': 5, 'min_child_samples': 100, 'n_estimators': 1000, 'num_leaves': 15, 'subsample': 0.6}",3.26975887485768,0.943259415211599,0.490936994552612
LightGBM,Enhanced,0,"{'colsample_bytree': 0.6, 'learning_rate': 0.05, 'max_depth': 5, 'min_child_samples': 100, 'n_estimators': 1000, 'num_leaves': 15, 'subsample': 0.8}",3.26972433618629,0.943260613914095,0.493396520614624
LightGBM,Enhanced,0,"{'colsample_bytree': 0.6, 'learning_rate': 0.05, 'max_depth': 5, 'min_child_samples': 100, 'n_estimators': 1000, 'num_leaves': 31, 'subsample': 0.6}",3.27795029292655,0.942974765449135,0.494868993759155
LightGBM,Enhanced,0,"{'colsample_bytree': 0.6, 'learning_rate': 0.05, 'max_depth': 5, 'min_child_samples': 100, 'n_estimators': 1000, 'num_leaves': 31, 'subsample': 0.8}",3.27794976637418,0.94297478376959,0.486904382705689
LightGBM,Enhanced,0,"{'colsample_bytree': 0.6, 'learning_rate': 0.05, 'max_depth': 5, 'min_child_samples': 100, 'n_estimators': 1000, 'num_leaves': 62, 'subsample': 0.6}",3.27821991479954,0.942965384048257,0.499719381332397
LightGBM,Enhanced,0,"{'colsample_bytree': 0.6, 'learning_rate': 0.05, 'max_depth': 5, 'min_child_samples': 100, 'n_estimators': 1000, 'num_leaves': 62, 'subsample': 0.8}",3.2779502953732,0.942974765364009,0.501564025878906
LightGBM,Enhanced,0,"{'colsample_bytree': 0.6, 'learning_rate': 0.05, 'max_depth': 9, 'min_child_samples': 50, 'n_estimators': 500, 'num_leaves': 15, 'subsample': 0.6}",3.13786118501419,0.947744764766638,0.446566104888916
LightGBM,Enhanced,0,"{'colsample_bytree': 0.6, 'learning_rate': 0.05, 'max_depth': 9, 'min_child_samples': 50, 'n_estimators': 500, 'num_leaves': 15, 'subsample': 0.8}",3.13786118967887,0.947744764611275,0.444297313690186
LightGBM,Enhanced,0,"{'colsample_bytree': 0.6, 'learning_rate': 0.05, 'max_depth': 9, 'min_child_samples': 50, 'n_estimators': 500, 'num_leaves': 31, 'subsample': 0.6}",3.13226483465594,0.947930992140147,0.515656709671021
LightGBM,Enhanced,0,"{'colsample_bytree': 0.6, 'learning_rate': 0.05, 'max_depth': 9, 'min_child_samples': 50, 'n_estimators': 500, 'num_leaves': 31, 'subsample': 0.8}",3.13221799305267,0.947932549465406,0.508389472961426
LightGBM,Enhanced,0,"{'colsample_bytree': 0.6, 'learning_rate': 0.05, 'max_depth': 9, 'min_child_samples': 50, 'n_estimators': 500, 'num_leaves': 62, 'subsample': 0.6}",3.13992533189422,0.947675993108848,0.546331882476807
LightGBM,Enhanced,0,"{'colsample_bytree': 0.6, 'learning_rate': 0.05, 'max_depth': 9, 'min_child_samples': 50, 'n_estimators': 500, 'num_leaves': 62, 'subsample': 0.8}",3.13974280690283,0.947682076158801,0.548022270202637
LightGBM,Enhanced,0,"{'colsample_bytree': 0.6, 'learning_rate': 0.05, 'max_depth': 9, 'min_child_samples': 50, 'n_estimators': 750, 'num_leaves': 15, 'subsample': 0.6}",3.11171021295073,0.94861212683142,0.626567840576172
LightGBM,Enhanced,0,"{'colsample_bytree': 0.6, 'learning_rate': 0.05, 'max_depth': 9, 'min_child_samples': 50, 'n_estimators': 750, 'num_leaves': 15, 'subsample': 0.8}",3.11168843744681,0.948612846045513,0.618533134460449
LightGBM,Enhanced,0,"{'colsample_bytree': 0.6, 'learning_rate': 0.05, 'max_depth': 9, 'min_child_samples': 50, 'n_estimators': 750, 'num_leaves': 31, 'subsample': 0.6}",3.10033640999295,0.948987102216465,0.699506282806397
LightGBM,Enhanced,0,"{'colsample_bytree': 0.6, 'learning_rate': 0.05, 'max_depth': 9, 'min_child_samples': 50, 'n_estimators': 750, 'num_leaves': 31, 'subsample': 0.8}",3.100840361076,0.948970516858575,0.709200620651245
LightGBM,Enhanced,0,"{'colsample_bytree': 0.6, 'learning_rate': 0.05, 'max_depth': 9, 'min_child_samples': 50, 'n_estimators': 750, 'num_leaves': 62, 'subsample': 0.6}",3.11517259096736,0.948497705360446,0.724678754806519
LightGBM,Enhanced,0,"{'colsample_bytree': 0.6, 'learning_rate': 0.05, 'max_depth': 9, 'min_child_samples': 50, 'n_estimators': 750, 'num_leaves': 62, 'subsample': 0.8}",3.11470306884843,0.948513229151488,0.720962047576904
LightGBM,Enhanced,0,"{'colsample_bytree': 0.6, 'learning_rate': 0.05, 'max_depth': 9, 'min_child_samples': 50, 'n_estimators': 1000, 'num_leaves': 15, 'subsample': 0.6}",3.11167368068838,0.948613333437509,0.629506826400757
LightGBM,Enhanced,0,"{'colsample_bytree': 0.6, 'learning_rate': 0.05, 'max_depth': 9, 'min_child_samples': 50, 'n_estimators': 1000, 'num_leaves': 15, 'subsample': 0.8}",3.11166913283656,0.948613483645273,0.640807628631592
LightGBM,Enhanced,0,"{'colsample_bytree': 0.6, 'learning_rate': 0.05, 'max_depth': 9, 'min_child_samples': 50, 'n_estimators': 1000, 'num_leaves': 31, 'subsample': 0.6}",3.09882521164434,0.949036820575083,0.739883899688721
LightGBM,Enhanced,0,"{'colsample_bytree': 0.6, 'learning_rate': 0.05, 'max_depth': 9, 'min_child_samples': 50, 'n_estimators': 1000, 'num_leaves': 31, 'subsample': 0.8}",3.09862122558729,0.949043529850472,0.738657951354981
LightGBM,Enhanced,0,"{'colsample_bytree': 0.6, 'learning_rate': 0.05, 'max_depth': 9, 'min_child_samples': 50, 'n_estimators': 1000, 'num_leaves': 62, 'subsample': 0.6}",3.11519938017712,0.948496819559312,0.751659154891968
LightGBM,Enhanced,0,"{'colsample_bytree': 0.6, 'learning_rate': 0.05, 'max_depth': 9, 'min_child_samples': 50, 'n_estimators': 1000, 'num_leaves': 62, 'subsample': 0.8}",3.11615188938639,0.948465319326032,0.765568256378174
LightGBM,Enhanced,0,"{'colsample_bytree': 0.6, 'learning_rate': 0.05, 'max_depth': 9, 'min_child_samples': 100, 'n_estimators': 500, 'num_leaves': 15, 'subsample': 0.6}",3.40893161584404,0.938326452288856,0.468325614929199
LightGBM,Enhanced,0,"{'colsample_bytree': 0.6, 'learning_rate': 0.05, 'max_depth': 9, 'min_child_samples': 100, 'n_estimators': 500, 'num_leaves': 15, 'subsample': 0.8}",3.40892524109204,0.938326682949513,0.469665765762329
LightGBM,Enhanced,0,"{'colsample_bytree': 0.6, 'learning_rate': 0.05, 'max_depth': 9, 'min_child_samples': 100, 'n_estimators': 500, 'num_leaves': 31, 'subsample': 0.6}",3.41056423785611,0.938267364155518,0.497329711914063
LightGBM,Enhanced,0,"{'colsample_bytree': 0.6, 'learning_rate': 0.05, 'max_depth': 9, 'min_child_samples': 100, 'n_estimators': 500, 'num_leaves': 31, 'subsample': 0.8}",3.41056860068043,0.938267206217535,0.493624687194824
LightGBM,Enhanced,0,"{'colsample_bytree': 0.6, 'learning_rate': 0.05, 'max_depth': 9, 'min_child_samples': 100, 'n_estimators': 500, 'num_leaves': 62, 'subsample': 0.6}",3.4105642502261,0.938267363707714,0.490089178085327
LightGBM,Enhanced,0,"{'colsample_bytree': 0.6, 'learning_rate': 0.05, 'max_depth': 9, 'min_child_samples': 100, 'n_estimators': 500, 'num_leaves': 62, 'subsample': 0.8}",3.41055244739247,0.938267790979404,0.507447957992554
LightGBM,Enhanced,0,"{'colsample_bytree': 0.6, 'learning_rate': 0.05, 'max_depth': 9, 'min_child_samples': 100, 'n_estimators': 750, 'num_leaves': 15, 'subsample': 0.6}",3.32360869479238,0.941375098516115,0.637733697891235
LightGBM,Enhanced,0,"{'colsample_bytree': 0.6, 'learning_rate': 0.05, 'max_depth': 9, 'min_child_samples': 100, 'n_estimators': 750, 'num_leaves': 15, 'subsample': 0.8}",3.32358714824563,0.941375858629715,0.69245171546936
LightGBM,Enhanced,0,"{'colsample_bytree': 0.6, 'learning_rate': 0.05, 'max_depth': 9, 'min_child_samples': 100, 'n_estimators': 750, 'num_leaves': 31, 'subsample': 0.6}",3.31122973239351,0.941810988558641,0.88829493522644
LightGBM,Enhanced,0,"{'colsample_bytree': 0.6, 'learning_rate': 0.05, 'max_depth': 9, 'min_child_samples': 100, 'n_estimators': 750, 'num_leaves': 31, 'subsample': 0.8}",3.3112307048074,0.941810954381725,0.748547315597534
LightGBM,Enhanced,0,"{'colsample_bytree': 0.6, 'learning_rate': 0.05, 'max_depth': 9, 'min_child_samples': 100, 'n_estimators': 750, 'num_leaves': 62, 'subsample': 0.6}",3.31122968066784,0.941810990376616,0.946843862533569
LightGBM,Enhanced,0,"{'colsample_bytree': 0.6, 'learning_rate': 0.05, 'max_depth': 9, 'min_child_samples': 100, 'n_estimators': 750, 'num_leaves': 62, 'subsample': 0.8}",3.31123184667849,0.941810914248973,0.661933898925781
LightGBM,Enhanced,0,"{'colsample_bytree': 0.6, 'learning_rate': 0.05, 'max_depth': 9, 'min_child_samples': 100, 'n_estimators': 1000, 'num_leaves': 15, 'subsample': 0.6}",3.26611306595689,0.943385877136573,0.74924111366272
LightGBM,Enhanced,0,"{'colsample_bytree': 0.6, 'learning_rate': 0.05, 'max_depth': 9, 'min_child_samples': 100, 'n_estimators': 1000, 'num_leaves': 15, 'subsample': 0.8}",3.26614136791343,0.943384895971895,0.759059906005859
LightGBM,Enhanced,0,"{'colsample_bytree': 0.6, 'learning_rate': 0.05, 'max_depth': 9, 'min_child_samples': 100, 'n_estimators': 1000, 'num_leaves': 31, 'subsample': 0.6}",3.250821450061,0.943914759507121,0.845446586608887
LightGBM,Enhanced,0,"{'colsample_bytree': 0.6, 'learning_rate': 0.05, 'max_depth': 9, 'min_child_samples': 100, 'n_estimators': 1000, 'num_leaves': 31, 'subsample': 0.8}",3.25082480754589,0.943914643656129,1.04356122016907
LightGBM,Enhanced,0,"{'colsample_bytree': 0.6, 'learning_rate': 0.05, 'max_depth': 9, 'min_child_samples': 100, 'n_estimators': 1000, 'num_leaves': 62, 'subsample': 0.6}",3.25082562607991,0.943914615412356,0.961608409881592
LightGBM,Enhanced,0,"{'colsample_bytree': 0.6, 'learning_rate': 0.05, 'max_depth': 9, 'min_child_samples': 100, 'n_estimators': 1000, 'num_leaves': 62, 'subsample': 0.8}",3.25082576690911,0.943914610553,0.794945001602173
LightGBM,Enhanced,0,"{'colsample_bytree': 0.8, 'learning_rate': 0.01, 'max_depth': 3, 'min_child_samples': 50, 'n_estimators': 500, 'num_leaves': 15, 'subsample': 0.6}",3.50574051265149,0.934773828527299,0.231950998306274
LightGBM,Enhanced,0,"{'colsample_bytree': 0.8, 'learning_rate': 0.01, 'max_depth': 3, 'min_child_samples': 50, 'n_estimators': 500, 'num_leaves': 15, 'subsample': 0.8}",3.50575319546887,0.934773356585286,0.236840486526489
LightGBM,Enhanced,0,"{'colsample_bytree': 0.8, 'learning_rate': 0.01, 'max_depth': 3, 'min_child_samples': 50, 'n_estimators': 500, 'num_leaves': 31, 'subsample': 0.6}",3.5057405133885,0.934773828499874,0.24317193031311
LightGBM,Enhanced,0,"{'colsample_bytree': 0.8, 'learning_rate': 0.01, 'max_depth': 3, 'min_child_samples': 50, 'n_estimators': 500, 'num_leaves': 31, 'subsample': 0.8}",3.505753197137,0.934773356523213,0.252066612243652
LightGBM,Enhanced,0,"{'colsample_bytree': 0.8, 'learning_rate': 0.01, 'max_depth': 3, 'min_child_samples': 50, 'n_estimators': 500, 'num_leaves': 62, 'subsample': 0.6}",3.50575319690952,0.934773356531678,0.249162197113037
LightGBM,Enhanced,0,"{'colsample_bytree': 0.8, 'learning_rate': 0.01, 'max_depth': 3, 'min_child_samples': 50, 'n_estimators': 500, 'num_leaves': 62, 'subsample': 0.8}",3.50575319699949,0.93477335652833,0.248188018798828
LightGBM,Enhanced,0,"{'colsample_bytree': 0.8, 'learning_rate': 0.01, 'max_depth': 3, 'min_child_samples': 50, 'n_estimators': 750, 'num_leaves': 15, 'subsample': 0.6}",3.34234446880044,0.940712277530491,0.318485736846924
LightGBM,Enhanced,0,"{'colsample_bytree': 0.8, 'learning_rate': 0.01, 'max_depth': 3, 'min_child_samples': 50, 'n_estimators': 750, 'num_leaves': 15, 'subsample': 0.8}",3.3423444690919,0.940712277520152,0.320725679397583
LightGBM,Enhanced,0,"{'colsample_bytree': 0.8, 'learning_rate': 0.01, 'max_depth': 3, 'min_child_samples': 50, 'n_estimators': 750, 'num_leaves': 31, 'subsample': 0.6}",3.34234411707583,0.940712290008529,0.317785739898682
LightGBM,Enhanced,0,"{'colsample_bytree': 0.8, 'learning_rate': 0.01, 'max_depth': 3, 'min_child_samples': 50, 'n_estimators': 750, 'num_leaves': 31, 'subsample': 0.8}",3.34234446822751,0.940712277550817,0.31831169128418
LightGBM,Enhanced,0,"{'colsample_bytree': 0.8, 'learning_rate': 0.01, 'max_depth': 3, 'min_child_samples': 50, 'n_estimators': 750, 'num_leaves': 62, 'subsample': 0.6}",3.34234411681132,0.940712290017913,0.321453809738159
LightGBM,Enhanced,0,"{'colsample_bytree': 0.8, 'learning_rate': 0.01, 'max_depth': 3, 'min_child_samples': 50, 'n_estimators': 750, 'num_leaves': 62, 'subsample': 0.8}",3.34234411638496,0.940712290033039,0.319180727005005
LightGBM,Enhanced,0,"{'colsample_bytree': 0.8, 'learning_rate': 0.01, 'max_depth': 3, 'min_child_samples': 50, 'n_estimators': 1000, 'num_leaves': 15, 'subsample': 0.6}",3.29822238877775,0.942267252793507,0.394431352615356
LightGBM,Enhanced,0,"{'colsample_bytree': 0.8, 'learning_rate': 0.01, 'max_depth': 3, 'min_child_samples': 50, 'n_estimators': 1000, 'num_leaves': 15, 'subsample': 0.8}",3.29822238785908,0.942267252825668,0.486225843429565
LightGBM,Enhanced,0,"{'colsample_bytree': 0.8, 'learning_rate': 0.01, 'max_depth': 3, 'min_child_samples': 50, 'n_estimators': 1000, 'num_leaves': 31, 'subsample': 0.6}",3.29822238892334,0.94226725278841,0.511035680770874
LightGBM,Enhanced,0,"{'colsample_bytree': 0.8, 'learning_rate': 0.01, 'max_depth': 3, 'min_child_samples': 50, 'n_estimators': 1000, 'num_leaves': 31, 'subsample': 0.8}",3.29822270001457,0.942267241897603,0.495059967041016
LightGBM,Enhanced,0,"{'colsample_bytree': 0.8, 'learning_rate': 0.01, 'max_depth': 3, 'min_child_samples': 50, 'n_estimators': 1000, 'num_leaves': 62, 'subsample': 0.6}",3.29822270133413,0.942267241851407,0.433704853057861
LightGBM,Enhanced,0,"{'colsample_bytree': 0.8, 'learning_rate': 0.01, 'max_depth': 3, 'min_child_samples': 50, 'n_estimators': 1000, 'num_leaves': 62, 'subsample': 0.8}",3.29822269990926,0.942267241901289,0.517269372940064
LightGBM,Enhanced,0,"{'colsample_bytree': 0.8, 'learning_rate': 0.01, 'max_depth': 3, 'min_child_samples': 100, 'n_estimators': 500, 'num_leaves': 15, 'subsample': 0.6}",3.7675409171825,0.924668206313398,0.280318021774292
LightGBM,Enhanced,0,"{'colsample_bytree': 0.8, 'learning_rate': 0.01, 'max_depth': 3, 'min_child_samples': 100, 'n_estimators': 500, 'num_leaves': 15, 'subsample': 0.8}",3.76754091598623,0.924668206361237,0.22386360168457
LightGBM,Enhanced,0,"{'colsample_bytree': 0.8, 'learning_rate': 0.01, 'max_depth': 3, 'min_child_samples': 100, 'n_estimators': 500, 'num_leaves': 31, 'subsample': 0.6}",3.76754091557094,0.924668206377844,0.223191022872925
LightGBM,Enhanced,0,"{'colsample_bytree': 0.8, 'learning_rate': 0.01, 'max_depth': 3, 'min_child_samples': 100, 'n_estimators': 500, 'num_leaves': 31, 'subsample': 0.8}",3.7675409150365,0.924668206399216,0.229131460189819
LightGBM,Enhanced,0,"{'colsample_bytree': 0.8, 'learning_rate': 0.01, 'max_depth': 3, 'min_child_samples': 100, 'n_estimators': 500, 'num_leaves': 62, 'subsample': 0.6}",3.76754091492156,0.924668206403813,0.240472555160522
LightGBM,Enhanced,0,"{'colsample_bytree': 0.8, 'learning_rate': 0.01, 'max_depth': 3, 'min_child_samples': 100, 'n_estimators': 500, 'num_leaves': 62, 'subsample': 0.8}",3.76754091575901,0.924668206370323,0.222488164901733
LightGBM,Enhanced,0,"{'colsample_bytree': 0.8, 'learning_rate': 0.01, 'max_depth': 3, 'min_child_samples': 100, 'n_estimators': 750, 'num_leaves': 15, 'subsample': 0.6}",3.64303825730529,0.929564789471364,0.308978796005249
LightGBM,Enhanced,0,"{'colsample_bytree': 0.8, 'learning_rate': 0.01, 'max_depth': 3, 'min_child_samples': 100, 'n_estimators': 750, 'num_leaves': 15, 'subsample': 0.8}",3.64303825606333,0.929564789519388,0.299900531768799
LightGBM,Enhanced,0,"{'colsample_bytree': 0.8, 'learning_rate': 0.01, 'max_depth': 3, 'min_child_samples': 100, 'n_estimators': 750, 'num_leaves': 31, 'subsample': 0.6}",3.64303825835701,0.929564789430695,0.30716872215271
LightGBM,Enhanced,0,"{'colsample_bytree': 0.8, 'learning_rate': 0.01, 'max_depth': 3, 'min_child_samples': 100, 'n_estimators': 750, 'num_leaves': 31, 'subsample': 0.8}",3.6430382590186,0.929564789405112,0.313769817352295
LightGBM,Enhanced,0,"{'colsample_bytree': 0.8, 'learning_rate': 0.01, 'max_depth': 3, 'min_child_samples': 100, 'n_estimators': 750, 'num_leaves': 62, 'subsample': 0.6}",3.64303825809551,0.929564789440807,0.369162559509277
LightGBM,Enhanced,0,"{'colsample_bytree': 0.8, 'learning_rate': 0.01, 'max_depth': 3, 'min_child_samples': 100, 'n_estimators': 750, 'num_leaves': 62, 'subsample': 0.8}",3.64303825755426,0.929564789461736,0.303920984268189
LightGBM,Enhanced,0,"{'colsample_bytree': 0.8, 'learning_rate': 0.01, 'max_depth': 3, 'min_child_samples': 100, 'n_estimators': 1000, 'num_leaves': 15, 'subsample': 0.6}",3.55746210423584,0.93283501563771,0.377533912658691
LightGBM,Enhanced,0,"{'colsample_bytree': 0.8, 'learning_rate': 0.01, 'max_depth': 3, 'min_child_samples': 100, 'n_estimators': 1000, 'num_leaves': 15, 'subsample': 0.8}",3.55746210462538,0.932835015623001,0.380058288574219
LightGBM,Enhanced,0,"{'colsample_bytree': 0.8, 'learning_rate': 0.01, 'max_depth': 3, 'min_child_samples': 100, 'n_estimators': 1000, 'num_leaves': 31, 'subsample': 0.6}",3.55746210553154,0.932835015588784,0.356384754180908
LightGBM,Enhanced,0,"{'colsample_bytree': 0.8, 'learning_rate': 0.01, 'max_depth': 3, 'min_child_samples': 100, 'n_estimators': 1000, 'num_leaves': 31, 'subsample': 0.8}",3.55746210409205,0.932835015643139,0.380439043045044
LightGBM,Enhanced,0,"{'colsample_bytree': 0.8, 'learning_rate': 0.01, 'max_depth': 3, 'min_child_samples': 100, 'n_estimators': 1000, 'num_leaves': 62, 'subsample': 0.6}",3.55746210480052,0.932835015616387,0.391654014587402
LightGBM,Enhanced,0,"{'colsample_bytree': 0.8, 'learning_rate': 0.01, 'max_depth': 3, 'min_child_samples': 100, 'n_estimators': 1000, 'num_leaves': 62, 'subsample': 0.8}",3.55746210479495,0.932835015616598,0.373151540756226
LightGBM,Enhanced,0,"{'colsample_bytree': 0.8, 'learning_rate': 0.01, 'max_depth': 5, 'min_child_samples': 50, 'n_estimators': 500, 'num_leaves': 15, 'subsample': 0.6}",3.42943191272413,0.937582449287168,0.378629446029663
LightGBM,Enhanced,0,"{'colsample_bytree': 0.8, 'learning_rate': 0.01, 'max_depth': 5, 'min_child_samples': 50, 'n_estimators': 500, 'num_leaves': 15, 'subsample': 0.8}",3.42924798200571,0.937589144388497,0.388383388519287
LightGBM,Enhanced,0,"{'colsample_bytree': 0.8, 'learning_rate': 0.01, 'max_depth': 5, 'min_child_samples': 50, 'n_estimators': 500, 'num_leaves': 31, 'subsample': 0.6}",3.42581952749053,0.937713874836225,0.38356351852417
LightGBM,Enhanced,0,"{'colsample_bytree': 0.8, 'learning_rate': 0.01, 'max_depth': 5, 'min_child_samples': 50, 'n_estimators': 500, 'num_leaves': 31, 'subsample': 0.8}",3.42562214699314,0.937721051928948,0.39339542388916
LightGBM,Enhanced,0,"{'colsample_bytree': 0.8, 'learning_rate': 0.01, 'max_depth': 5, 'min_child_samples': 50, 'n_estimators': 500, 'num_leaves': 62, 'subsample': 0.6}",3.42525744654521,0.937734311973537,0.391013860702515
LightGBM,Enhanced,0,"{'colsample_bytree': 0.8, 'learning_rate': 0.01, 'max_depth': 5, 'min_child_samples': 50, 'n_estimators': 500, 'num_leaves': 62, 'subsample': 0.8}",3.42560067005145,0.937721832842362,0.408848285675049
LightGBM,Enhanced,0,"{'colsample_bytree': 0.8, 'learning_rate': 0.01, 'max_depth': 5, 'min_child_samples': 50, 'n_estimators': 750, 'num_leaves': 15, 'subsample': 0.6}",3.33211291934972,0.94107470384718,0.497557640075684
LightGBM,Enhanced,0,"{'colsample_bytree': 0.8, 'learning_rate': 0.01, 'max_depth': 5, 'min_child_samples': 50, 'n_estimators': 750, 'num_leaves': 15, 'subsample': 0.8}",3.33167862990376,0.941090062850411,0.52183723449707
LightGBM,Enhanced,0,"{'colsample_bytree': 0.8, 'learning_rate': 0.01, 'max_depth': 5, 'min_child_samples': 50, 'n_estimators': 750, 'num_leaves': 31, 'subsample': 0.6}",3.33042093185629,0.941134531081964,0.51080846786499
LightGBM,Enhanced,0,"{'colsample_bytree': 0.8, 'learning_rate': 0.01, 'max_depth': 5, 'min_child_samples': 50, 'n_estimators': 750, 'num_leaves': 31, 'subsample': 0.8}",3.33064253351768,0.941126697165492,0.489121675491333
LightGBM,Enhanced,0,"{'colsample_bytree': 0.8, 'learning_rate': 0.01, 'max_depth': 5, 'min_child_samples': 50, 'n_estimators': 750, 'num_leaves': 62, 'subsample': 0.6}",3.33048607911792,0.941132228092828,0.49067234992981
LightGBM,Enhanced,0,"{'colsample_bytree': 0.8, 'learning_rate': 0.01, 'max_depth': 5, 'min_child_samples': 50, 'n_estimators': 750, 'num_leaves': 62, 'subsample': 0.8}",3.33019667534231,0.941142458320398,0.482009887695313
LightGBM,Enhanced,0,"{'colsample_bytree': 0.8, 'learning_rate': 0.01, 'max_depth': 5, 'min_child_samples': 50, 'n_estimators': 1000, 'num_leaves': 15, 'subsample': 0.6}",3.2946187821736,0.942393340382513,0.653282642364502
LightGBM,Enhanced,0,"{'colsample_bytree': 0.8, 'learning_rate': 0.01, 'max_depth': 5, 'min_child_samples': 50, 'n_estimators': 1000, 'num_leaves': 15, 'subsample': 0.8}",3.29435146296516,0.942402688196588,0.571293592453003
LightGBM,Enhanced,0,"{'colsample_bytree': 0.8, 'learning_rate': 0.01, 'max_depth': 5, 'min_child_samples': 50, 'n_estimators': 1000, 'num_leaves': 31, 'subsample': 0.6}",3.28986875126593,0.942559329940437,0.506612300872803
LightGBM,Enhanced,0,"{'colsample_bytree': 0.8, 'learning_rate': 0.01, 'max_depth': 5, 'min_child_samples': 50, 'n_estimators': 1000, 'num_leaves': 31, 'subsample': 0.8}",3.28991788976951,0.942557614024171,0.691096544265747
LightGBM,Enhanced,0,"{'colsample_bytree': 0.8, 'learning_rate': 0.01, 'max_depth': 5, 'min_child_samples': 50, 'n_estimators': 1000, 'num_leaves': 62, 'subsample': 0.6}",3.28964167506603,0.94256725910717,0.71821403503418
LightGBM,Enhanced,0,"{'colsample_bytree': 0.8, 'learning_rate': 0.01, 'max_depth': 5, 'min_child_samples': 50, 'n_estimators': 1000, 'num_leaves': 62, 'subsample': 0.8}",3.28989206136025,0.942558515955271,0.676585674285889
LightGBM,Enhanced,0,"{'colsample_bytree': 0.8, 'learning_rate': 0.01, 'max_depth': 5, 'min_child_samples': 100, 'n_estimators': 500, 'num_leaves': 15, 'subsample': 0.6}",3.74580093584142,0.925535077702688,0.315571308135986
LightGBM,Enhanced,0,"{'colsample_bytree': 0.8, 'learning_rate': 0.01, 'max_depth': 5, 'min_child_samples': 100, 'n_estimators': 500, 'num_leaves': 15, 'subsample': 0.8}",3.74580105755528,0.925535072863449,0.315864324569702
LightGBM,Enhanced,0,"{'colsample_bytree': 0.8, 'learning_rate': 0.01, 'max_depth': 5, 'min_child_samples': 100, 'n_estimators': 500, 'num_leaves': 31, 'subsample': 0.6}",3.74632425029826,0.925514269713623,0.29951810836792
LightGBM,Enhanced,0,"{'colsample_bytree': 0.8, 'learning_rate': 0.01, 'max_depth': 5, 'min_child_samples': 100, 'n_estimators': 500, 'num_leaves': 31, 'subsample': 0.8}",3.74632424921273,0.925514269756789,0.297847509384155
LightGBM,Enhanced,0,"{'colsample_bytree': 0.8, 'learning_rate': 0.01, 'max_depth': 5, 'min_child_samples': 100, 'n_estimators': 500, 'num_leaves': 62, 'subsample': 0.6}",3.74632425176356,0.925514269655356,0.325053930282593
LightGBM,Enhanced,0,"{'colsample_bytree': 0.8, 'learning_rate': 0.01, 'max_depth': 5, 'min_child_samples': 100, 'n_estimators': 500, 'num_leaves': 62, 'subsample': 0.8}",3.74632237995807,0.925514344087122,0.324782371520996
LightGBM,Enhanced,0,"{'colsample_bytree': 0.8, 'learning_rate': 0.01, 'max_depth': 5, 'min_child_samples': 100, 'n_estimators': 750, 'num_leaves': 15, 'subsample': 0.6}",3.63028113347078,0.930057223190459,0.42203688621521
LightGBM,Enhanced,0,"{'colsample_bytree': 0.8, 'learning_rate': 0.01, 'max_depth': 5, 'min_child_samples': 100, 'n_estimators': 750, 'num_leaves': 15, 'subsample': 0.8}",3.63027950803226,0.930057285823437,0.417502403259277
LightGBM,Enhanced,0,"{'colsample_bytree': 0.8, 'learning_rate': 0.01, 'max_depth': 5, 'min_child_samples': 100, 'n_estimators': 750, 'num_leaves': 31, 'subsample': 0.6}",3.62992770188522,0.930070841300061,0.525251865386963
LightGBM,Enhanced,0,"{'colsample_bytree': 0.8, 'learning_rate': 0.01, 'max_depth': 5, 'min_child_samples': 100, 'n_estimators': 750, 'num_leaves': 31, 'subsample': 0.8}",3.62992770167471,0.930070841308171,0.511804819107056
LightGBM,Enhanced,0,"{'colsample_bytree': 0.8, 'learning_rate': 0.01, 'max_depth': 5, 'min_child_samples': 100, 'n_estimators': 750, 'num_leaves': 62, 'subsample': 0.6}",3.62992770157736,0.930070841311922,0.460909128189087
LightGBM,Enhanced,0,"{'colsample_bytree': 0.8, 'learning_rate': 0.01, 'max_depth': 5, 'min_child_samples': 100, 'n_estimators': 750, 'num_leaves': 62, 'subsample': 0.8}",3.62992770192978,0.930070841298344,0.443858623504639
LightGBM,Enhanced,0,"{'colsample_bytree': 0.8, 'learning_rate': 0.01, 'max_depth': 5, 'min_child_samples': 100, 'n_estimators': 1000, 'num_leaves': 15, 'subsample': 0.6}",3.58311922310596,0.931862707749331,0.65242075920105
LightGBM,Enhanced,0,"{'colsample_bytree': 0.8, 'learning_rate': 0.01, 'max_depth': 5, 'min_child_samples': 100, 'n_estimators': 1000, 'num_leaves': 15, 'subsample': 0.8}",3.58311922446373,0.931862707697692,0.534383773803711
LightGBM,Enhanced,0,"{'colsample_bytree': 0.8, 'learning_rate': 0.01, 'max_depth': 5, 'min_child_samples': 100, 'n_estimators': 1000, 'num_leaves': 31, 'subsample': 0.6}",3.5823655301263,0.931891369479249,0.531330585479736
LightGBM,Enhanced,0,"{'colsample_bytree': 0.8, 'learning_rate': 0.01, 'max_depth': 5, 'min_child_samples': 100, 'n_estimators': 1000, 'num_leaves': 31, 'subsample': 0.8}",3.58236730429852,0.931891302017417,0.599415063858032
LightGBM,Enhanced,0,"{'colsample_bytree': 0.8, 'learning_rate': 0.01, 'max_depth': 5, 'min_child_samples': 100, 'n_estimators': 1000, 'num_leaves': 62, 'subsample': 0.6}",3.58236730481571,0.931891301997752,0.61572527885437
LightGBM,Enhanced,0,"{'colsample_bytree': 0.8, 'learning_rate': 0.01, 'max_depth': 5, 'min_child_samples': 100, 'n_estimators': 1000, 'num_leaves': 62, 'subsample': 0.8}",3.58236552931928,0.931891369509936,0.601378440856934
LightGBM,Enhanced,0,"{'colsample_bytree': 0.8, 'learning_rate': 0.01, 'max_depth': 9, 'min_child_samples': 50, 'n_estimators': 500, 'num_leaves': 15, 'subsample': 0.6}",3.43120805750875,0.93751777891695,0.572558403015137
LightGBM,Enhanced,0,"{'colsample_bytree': 0.8, 'learning_rate': 0.01, 'max_depth': 9, 'min_child_samples': 50, 'n_estimators': 500, 'num_leaves': 15, 'subsample': 0.8}",3.4311971219876,0.9375181771875,0.589403867721558
LightGBM,Enhanced,0,"{'colsample_bytree': 0.8, 'learning_rate': 0.01, 'max_depth': 9, 'min_child_samples': 50, 'n_estimators': 500, 'num_leaves': 31, 'subsample': 0.6}",3.43046202611313,0.937544946392845,0.858324527740479
LightGBM,Enhanced,0,"{'colsample_bytree': 0.8, 'learning_rate': 0.01, 'max_depth': 9, 'min_child_samples': 50, 'n_estimators': 500, 'num_leaves': 31, 'subsample': 0.8}",3.4303972703859,0.93754730425847,0.897236824035645
LightGBM,Enhanced,0,"{'colsample_bytree': 0.8, 'learning_rate': 0.01, 'max_depth': 9, 'min_child_samples': 50, 'n_estimators': 500, 'num_leaves': 62, 'subsample': 0.6}",3.42594016597351,0.937709488010887,0.98027515411377
LightGBM,Enhanced,0,"{'colsample_bytree': 0.8, 'learning_rate': 0.01, 'max_depth': 9, 'min_child_samples': 50, 'n_estimators': 500, 'num_leaves': 62, 'subsample': 0.8}",3.42616358066236,0.937701363485384,0.977925539016724
LightGBM,Enhanced,0,"{'colsample_bytree': 0.8, 'learning_rate': 0.01, 'max_depth': 9, 'min_child_samples': 50, 'n_estimators': 750, 'num_leaves': 15, 'subsample': 0.6}",3.33296833248052,0.941044445603669,0.796839952468872
LightGBM,Enhanced,0,"{'colsample_bytree': 0.8, 'learning_rate': 0.01, 'max_depth': 9, 'min_child_samples': 50, 'n_estimators': 750, 'num_leaves': 15, 'subsample': 0.8}",3.33349204440155,0.941025916683301,0.741845846176148
LightGBM,Enhanced,0,"{'colsample_bytree': 0.8, 'learning_rate': 0.01, 'max_depth': 9, 'min_child_samples': 50, 'n_estimators': 750, 'num_leaves': 31, 'subsample': 0.6}",3.33265495998848,0.94105553132584,0.866856098175049
LightGBM,Enhanced,0,"{'colsample_bytree': 0.8, 'learning_rate': 0.01, 'max_depth': 9, 'min_child_samples': 50, 'n_estimators': 750, 'num_leaves': 31, 'subsample': 0.8}",3.33289157030867,0.941047161203598,0.853428840637207
LightGBM,Enhanced,0,"{'colsample_bytree': 0.8, 'learning_rate': 0.01, 'max_depth': 9, 'min_child_samples': 50, 'n_estimators': 750, 'num_leaves': 62, 'subsample': 0.6}",3.32924257899348,0.94117617868398,1.00806832313538
LightGBM,Enhanced,0,"{'colsample_bytree': 0.8, 'learning_rate': 0.01, 'max_depth': 9, 'min_child_samples': 50, 'n_estimators': 750, 'num_leaves': 62, 'subsample': 0.8}",3.32994497082657,0.941151355181817,1.08546257019043
LightGBM,Enhanced,0,"{'colsample_bytree': 0.8, 'learning_rate': 0.01, 'max_depth': 9, 'min_child_samples': 50, 'n_estimators': 1000, 'num_leaves': 15, 'subsample': 0.6}",3.28476239534796,0.942737504144799,0.827446460723877
LightGBM,Enhanced,0,"{'colsample_bytree': 0.8, 'learning_rate': 0.01, 'max_depth': 9, 'min_child_samples': 50, 'n_estimators': 1000, 'num_leaves': 15, 'subsample': 0.8}",3.28502016242541,0.942728516605624,0.92032265663147
LightGBM,Enhanced,0,"{'colsample_bytree': 0.8, 'learning_rate': 0.01, 'max_depth': 9, 'min_child_samples': 50, 'n_estimators': 1000, 'num_leaves': 31, 'subsample': 0.6}",3.28619844464407,0.942687424576038,1.17324280738831
LightGBM,Enhanced,0,"{'colsample_bytree': 0.8, 'learning_rate': 0.01, 'max_depth': 9, 'min_child_samples': 50, 'n_estimators': 1000, 'num_leaves': 31, 'subsample': 0.8}",3.28644681472881,0.942678760907436,1.00180506706238
LightGBM,Enhanced,0,"{'colsample_bytree': 0.8, 'learning_rate': 0.01, 'max_depth': 9, 'min_child_samples': 50, 'n_estimators': 1000, 'num_leaves': 62, 'subsample': 0.6}",3.27704462873633,0.943006272075939,1.11097526550293
LightGBM,Enhanced,0,"{'colsample_bytree': 0.8, 'learning_rate': 0.01, 'max_depth': 9, 'min_child_samples': 50, 'n_estimators': 1000, 'num_leaves': 62, 'subsample': 0.8}",3.27703571791522,0.943006582026081,1.14154386520386
LightGBM,Enhanced,0,"{'colsample_bytree': 0.8, 'learning_rate': 0.01, 'max_depth': 9, 'min_child_samples': 100, 'n_estimators': 500, 'num_leaves': 15, 'subsample': 0.6}",3.74412837864123,0.925601562301337,0.508169651031494
LightGBM,Enhanced,0,"{'colsample_bytree': 0.8, 'learning_rate': 0.01, 'max_depth': 9, 'min_child_samples': 100, 'n_estimators': 500, 'num_leaves': 15, 'subsample': 0.8}",3.74413005785782,0.925601495566916,0.488864183425903
LightGBM,Enhanced,0,"{'colsample_bytree': 0.8, 'learning_rate': 0.01, 'max_depth': 9, 'min_child_samples': 100, 'n_estimators': 500, 'num_leaves': 31, 'subsample': 0.6}",3.744387284113,0.925591272681617,0.714682340621948
LightGBM,Enhanced,0,"{'colsample_bytree': 0.8, 'learning_rate': 0.01, 'max_depth': 9, 'min_child_samples': 100, 'n_estimators': 500, 'num_leaves': 31, 'subsample': 0.8}",3.7443872793065,0.925591272872648,0.62225866317749
LightGBM,Enhanced,0,"{'colsample_bytree': 0.8, 'learning_rate': 0.01, 'max_depth': 9, 'min_child_samples': 100, 'n_estimators': 500, 'num_leaves': 62, 'subsample': 0.6}",3.74438729752227,0.925591272148678,0.620746374130249
LightGBM,Enhanced,0,"{'colsample_bytree': 0.8, 'learning_rate': 0.01, 'max_depth': 9, 'min_child_samples': 100, 'n_estimators': 500, 'num_leaves': 62, 'subsample': 0.8}",3.7443877216024,0.925591255293976,0.600387096405029
LightGBM,Enhanced,0,"{'colsample_bytree': 0.8, 'learning_rate': 0.01, 'max_depth': 9, 'min_child_samples': 100, 'n_estimators': 750, 'num_leaves': 15, 'subsample': 0.6}",3.62849111199275,0.930126181048817,0.694933652877808
LightGBM,Enhanced,0,"{'colsample_bytree': 0.8, 'learning_rate': 0.01, 'max_depth': 9, 'min_child_samples': 100, 'n_estimators': 750, 'num_leaves': 15, 'subsample': 0.8}",3.62849163119925,0.930126161052106,0.710180282592773
LightGBM,Enhanced,0,"{'colsample_bytree': 0.8, 'learning_rate': 0.01, 'max_depth': 9, 'min_child_samples': 100, 'n_estimators': 750, 'num_leaves': 31, 'subsample': 0.6}",3.6308014557492,0.930037172185201,0.951668500900269
LightGBM,Enhanced,0,"{'colsample_bytree': 0.8, 'learning_rate': 0.01, 'max_depth': 9, 'min_child_samples': 100, 'n_estimators': 750, 'num_leaves': 31, 'subsample': 0.8}",3.63079835918406,0.930037291522137,0.768075466156006
LightGBM,Enhanced,0,"{'colsample_bytree': 0.8, 'learning_rate': 0.01, 'max_depth': 9, 'min_child_samples': 100, 'n_estimators': 750, 'num_leaves': 62, 'subsample': 0.6}",3.63079936519035,0.930037252752188,0.779272079467773
LightGBM,Enhanced,0,"{'colsample_bytree': 0.8, 'learning_rate': 0.01, 'max_depth': 9, 'min_child_samples': 100, 'n_estimators': 750, 'num_leaves': 62, 'subsample': 0.8}",3.63079957127563,0.930037244809974,0.767233848571777
LightGBM,Enhanced,0,"{'colsample_bytree': 0.8, 'learning_rate': 0.01, 'max_depth': 9, 'min_child_samples': 100, 'n_estimators': 1000, 'num_leaves': 15, 'subsample': 0.6}",3.57917637090041,0.93201258133301,0.848742008209229
LightGBM,Enhanced,0,"{'colsample_bytree': 0.8, 'learning_rate': 0.01, 'max_depth': 9, 'min_child_samples': 100, 'n_estimators': 1000, 'num_leaves': 15, 'subsample': 0.8}",3.57917864563458,0.932012494914606,0.883044242858887
LightGBM,Enhanced,0,"{'colsample_bytree': 0.8, 'learning_rate': 0.01, 'max_depth': 9, 'min_child_samples': 100, 'n_estimators': 1000, 'num_leaves': 31, 'subsample': 0.6}",3.58157370027941,0.931921474997936,0.98698091506958
LightGBM,Enhanced,0,"{'colsample_bytree': 0.8, 'learning_rate': 0.01, 'max_depth': 9, 'min_child_samples': 100, 'n_estimators': 1000, 'num_leaves': 31, 'subsample': 0.8}",3.58157792978641,0.93192131420897,1.14391899108887
LightGBM,Enhanced,0,"{'colsample_bytree': 0.8, 'learning_rate': 0.01, 'max_depth': 9, 'min_child_samples': 100, 'n_estimators': 1000, 'num_leaves': 62, 'subsample': 0.6}",3.58157340771328,0.931921486120126,1.03264832496643
LightGBM,Enhanced,0,"{'colsample_bytree': 0.8, 'learning_rate': 0.01, 'max_depth': 9, 'min_child_samples': 100, 'n_estimators': 1000, 'num_leaves': 62, 'subsample': 0.8}",3.58157620353461,0.931921379834193,1.14102745056152
LightGBM,Enhanced,0,"{'colsample_bytree': 0.8, 'learning_rate': 0.05, 'max_depth': 3, 'min_child_samples': 50, 'n_estimators': 500, 'num_leaves': 15, 'subsample': 0.6}",3.27076906356078,0.943224349902974,0.230009078979492
LightGBM,Enhanced,0,"{'colsample_bytree': 0.8, 'learning_rate': 0.05, 'max_depth': 3, 'min_child_samples': 50, 'n_estimators': 500, 'num_leaves': 15, 'subsample': 0.8}",3.27076906353157,0.943224349903988,0.237500429153442
LightGBM,Enhanced,0,"{'colsample_bytree': 0.8, 'learning_rate': 0.05, 'max_depth': 3, 'min_child_samples': 50, 'n_estimators': 500, 'num_leaves': 31, 'subsample': 0.6}",3.27084688009875,0.943221648313836,0.236387729644775
LightGBM,Enhanced,0,"{'colsample_bytree': 0.8, 'learning_rate': 0.05, 'max_depth': 3, 'min_child_samples': 50, 'n_estimators': 500, 'num_leaves': 31, 'subsample': 0.8}",3.2708468801077,0.943221648313525,0.23018479347229
LightGBM,Enhanced,0,"{'colsample_bytree': 0.8, 'learning_rate': 0.05, 'max_depth': 3, 'min_child_samples': 50, 'n_estimators': 500, 'num_leaves': 62, 'subsample': 0.6}",3.27084688097678,0.943221648283352,0.225768327713013
LightGBM,Enhanced,0,"{'colsample_bytree': 0.8, 'learning_rate': 0.05, 'max_depth': 3, 'min_child_samples': 50, 'n_estimators': 500, 'num_leaves': 62, 'subsample': 0.8}",3.27076906485884,0.943224349857909,0.233349561691284
LightGBM,Enhanced,0,"{'colsample_bytree': 0.8, 'learning_rate': 0.05, 'max_depth': 3, 'min_child_samples': 50, 'n_estimators': 750, 'num_leaves': 15, 'subsample': 0.6}",3.27084687892542,0.943221648354571,0.227968215942383
LightGBM,Enhanced,0,"{'colsample_bytree': 0.8, 'learning_rate': 0.05, 'max_depth': 3, 'min_child_samples': 50, 'n_estimators': 750, 'num_leaves': 15, 'subsample': 0.8}",3.27076906791322,0.94322434975187,0.228140830993652
LightGBM,Enhanced,0,"{'colsample_bytree': 0.8, 'learning_rate': 0.05, 'max_depth': 3, 'min_child_samples': 50, 'n_estimators': 750, 'num_leaves': 31, 'subsample': 0.6}",3.27084687990269,0.943221648320642,0.231268882751465
LightGBM,Enhanced,0,"{'colsample_bytree': 0.8, 'learning_rate': 0.05, 'max_depth': 3, 'min_child_samples': 50, 'n_estimators': 750, 'num_leaves': 31, 'subsample': 0.8}",3.27076906688182,0.943224349787678,0.227655172348022
LightGBM,Enhanced,0,"{'colsample_bytree': 0.8, 'learning_rate': 0.05, 'max_depth': 3, 'min_child_samples': 50, 'n_estimators': 750, 'num_leaves': 62, 'subsample': 0.6}",3.27084688126652,0.943221648273293,0.217245817184448
LightGBM,Enhanced,0,"{'colsample_bytree': 0.8, 'learning_rate': 0.05, 'max_depth': 3, 'min_child_samples': 50, 'n_estimators': 750, 'num_leaves': 62, 'subsample': 0.8}",3.27084688030433,0.943221648306699,0.252284288406372
LightGBM,Enhanced,0,"{'colsample_bytree': 0.8, 'learning_rate': 0.05, 'max_depth': 3, 'min_child_samples': 50, 'n_estimators': 1000, 'num_leaves': 15, 'subsample': 0.6}",3.27076906607151,0.943224349815809,0.23521900177002
LightGBM,Enhanced,0,"{'colsample_bytree': 0.8, 'learning_rate': 0.05, 'max_depth': 3, 'min_child_samples': 50, 'n_estimators': 1000, 'num_leaves': 15, 'subsample': 0.8}",3.27084688149864,0.943221648265235,0.229149341583252
LightGBM,Enhanced,0,"{'colsample_bytree': 0.8, 'learning_rate': 0.05, 'max_depth': 3, 'min_child_samples': 50, 'n_estimators': 1000, 'num_leaves': 31, 'subsample': 0.6}",3.27084687884196,0.943221648357469,0.220184564590454
LightGBM,Enhanced,0,"{'colsample_bytree': 0.8, 'learning_rate': 0.05, 'max_depth': 3, 'min_child_samples': 50, 'n_estimators': 1000, 'num_leaves': 31, 'subsample': 0.8}",3.27084688066571,0.943221648294152,0.219622373580933
LightGBM,Enhanced,0,"{'colsample_bytree': 0.8, 'learning_rate': 0.05, 'max_depth': 3, 'min_child_samples': 50, 'n_estimators': 1000, 'num_leaves': 62, 'subsample': 0.6}",3.27084687663931,0.94322164843394,0.230639219284058
LightGBM,Enhanced,0,"{'colsample_bytree': 0.8, 'learning_rate': 0.05, 'max_depth': 3, 'min_child_samples': 50, 'n_estimators': 1000, 'num_leaves': 62, 'subsample': 0.8}",3.27084687749895,0.943221648404095,0.234236001968384
LightGBM,Enhanced,0,"{'colsample_bytree': 0.8, 'learning_rate': 0.05, 'max_depth': 3, 'min_child_samples': 100, 'n_estimators': 500, 'num_leaves': 15, 'subsample': 0.6}",3.3572913190538,0.940180826528325,0.397430658340454
LightGBM,Enhanced,0,"{'colsample_bytree': 0.8, 'learning_rate': 0.05, 'max_depth': 3, 'min_child_samples': 100, 'n_estimators': 500, 'num_leaves': 15, 'subsample': 0.8}",3.35739033482039,0.940177298011972,0.25976300239563
LightGBM,Enhanced,0,"{'colsample_bytree': 0.8, 'learning_rate': 0.05, 'max_depth': 3, 'min_child_samples': 100, 'n_estimators': 500, 'num_leaves': 31, 'subsample': 0.6}",3.35729132105942,0.940180826456854,0.255547761917114
LightGBM,Enhanced,0,"{'colsample_bytree': 0.8, 'learning_rate': 0.05, 'max_depth': 3, 'min_child_samples': 100, 'n_estimators': 500, 'num_leaves': 31, 'subsample': 0.8}",3.35729131995529,0.9401808264962,0.266199588775635
LightGBM,Enhanced,0,"{'colsample_bytree': 0.8, 'learning_rate': 0.05, 'max_depth': 3, 'min_child_samples': 100, 'n_estimators': 500, 'num_leaves': 62, 'subsample': 0.6}",3.3572913210361,0.940180826457685,0.272318124771118
LightGBM,Enhanced,0,"{'colsample_bytree': 0.8, 'learning_rate': 0.05, 'max_depth': 3, 'min_child_samples': 100, 'n_estimators': 500, 'num_leaves': 62, 'subsample': 0.8}",3.35729131959704,0.940180826508967,0.280251264572144
LightGBM,Enhanced,0,"{'colsample_bytree': 0.8, 'learning_rate': 0.05, 'max_depth': 3, 'min_child_samples': 100, 'n_estimators': 750, 'num_leaves': 15, 'subsample': 0.6}",3.27901446846861,0.942937733337582,0.371383905410767
LightGBM,Enhanced,0,"{'colsample_bytree': 0.8, 'learning_rate': 0.05, 'max_depth': 3, 'min_child_samples': 100, 'n_estimators': 750, 'num_leaves': 15, 'subsample': 0.8}",3.27901447124038,0.942937733241112,0.344203472137451
LightGBM,Enhanced,0,"{'colsample_bytree': 0.8, 'learning_rate': 0.05, 'max_depth': 3, 'min_child_samples': 100, 'n_estimators': 750, 'num_leaves': 31, 'subsample': 0.6}",3.27912194603094,0.942933992571025,0.346193790435791
LightGBM,Enhanced,0,"{'colsample_bytree': 0.8, 'learning_rate': 0.05, 'max_depth': 3, 'min_child_samples': 100, 'n_estimators': 750, 'num_leaves': 31, 'subsample': 0.8}",3.2790144696745,0.942937733295611,0.362191438674927
LightGBM,Enhanced,0,"{'colsample_bytree': 0.8, 'learning_rate': 0.05, 'max_depth': 3, 'min_child_samples': 100, 'n_estimators': 750, 'num_leaves': 62, 'subsample': 0.6}",3.27901447177071,0.942937733222654,0.349501848220825
LightGBM,Enhanced,0,"{'colsample_bytree': 0.8, 'learning_rate': 0.05, 'max_depth': 3, 'min_child_samples': 100, 'n_estimators': 750, 'num_leaves': 62, 'subsample': 0.8}",3.27901447193156,0.942937733217055,0.350502967834473
LightGBM,Enhanced,0,"{'colsample_bytree': 0.8, 'learning_rate': 0.05, 'max_depth': 3, 'min_child_samples': 100, 'n_estimators': 1000, 'num_leaves': 15, 'subsample': 0.6}",3.21446618519152,0.94516219333527,0.42216968536377
LightGBM,Enhanced,0,"{'colsample_bytree': 0.8, 'learning_rate': 0.05, 'max_depth': 3, 'min_child_samples': 100, 'n_estimators': 1000, 'num_leaves': 15, 'subsample': 0.8}",3.21446618625508,0.945162193298982,0.432434320449829
LightGBM,Enhanced,0,"{'colsample_bytree': 0.8, 'learning_rate': 0.05, 'max_depth': 3, 'min_child_samples': 100, 'n_estimators': 1000, 'num_leaves': 31, 'subsample': 0.6}",3.21446618365361,0.945162193387743,0.426811456680298
LightGBM,Enhanced,0,"{'colsample_bytree': 0.8, 'learning_rate': 0.05, 'max_depth': 3, 'min_child_samples': 100, 'n_estimators': 1000, 'num_leaves': 31, 'subsample': 0.8}",3.21446618553375,0.945162193323593,0.425104379653931
LightGBM,Enhanced,0,"{'colsample_bytree': 0.8, 'learning_rate': 0.05, 'max_depth': 3, 'min_child_samples': 100, 'n_estimators': 1000, 'num_leaves': 62, 'subsample': 0.6}",3.21446618350495,0.945162193392815,0.446977376937866
LightGBM,Enhanced,0,"{'colsample_bytree': 0.8, 'learning_rate': 0.05, 'max_depth': 3, 'min_child_samples': 100, 'n_estimators': 1000, 'num_leaves': 62, 'subsample': 0.8}",3.21446618373516,0.94516219338496,0.425987958908081
LightGBM,Enhanced,0,"{'colsample_bytree': 0.8, 'learning_rate': 0.05, 'max_depth': 5, 'min_child_samples': 50, 'n_estimators': 500, 'num_leaves': 15, 'subsample': 0.6}",3.14779757369276,0.947413296677761,0.35908031463623
LightGBM,Enhanced,0,"{'colsample_bytree': 0.8, 'learning_rate': 0.05, 'max_depth': 5, 'min_child_samples': 50, 'n_estimators': 500, 'num_leaves': 15, 'subsample': 0.8}",3.14779800202644,0.947413282366385,0.372179746627808
LightGBM,Enhanced,0,"{'colsample_bytree': 0.8, 'learning_rate': 0.05, 'max_depth': 5, 'min_child_samples': 50, 'n_estimators': 500, 'num_leaves': 31, 'subsample': 0.6}",3.1465836327622,0.947453848740431,0.35987663269043
LightGBM,Enhanced,0,"{'colsample_bytree': 0.8, 'learning_rate': 0.05, 'max_depth': 5, 'min_child_samples': 50, 'n_estimators': 500, 'num_leaves': 31, 'subsample': 0.8}",3.1467885267166,0.947447005293372,0.359017133712769
LightGBM,Enhanced,0,"{'colsample_bytree': 0.8, 'learning_rate': 0.05, 'max_depth': 5, 'min_child_samples': 50, 'n_estimators': 500, 'num_leaves': 62, 'subsample': 0.6}",3.14658363259946,0.947453848745866,0.374349117279053
LightGBM,Enhanced,0,"{'colsample_bytree': 0.8, 'learning_rate': 0.05, 'max_depth': 5, 'min_child_samples': 50, 'n_estimators': 500, 'num_leaves': 62, 'subsample': 0.8}",3.1467885266072,0.947447005297026,0.366437435150147
LightGBM,Enhanced,0,"{'colsample_bytree': 0.8, 'learning_rate': 0.05, 'max_depth': 5, 'min_child_samples': 50, 'n_estimators': 750, 'num_leaves': 15, 'subsample': 0.6}",3.10700755884841,0.948767332020191,0.480812072753906
LightGBM,Enhanced,0,"{'colsample_bytree': 0.8, 'learning_rate': 0.05, 'max_depth': 5, 'min_child_samples': 50, 'n_estimators': 750, 'num_leaves': 15, 'subsample': 0.8}",3.10700817586096,0.948767311671865,0.488099813461304
LightGBM,Enhanced,0,"{'colsample_bytree': 0.8, 'learning_rate': 0.05, 'max_depth': 5, 'min_child_samples': 50, 'n_estimators': 750, 'num_leaves': 31, 'subsample': 0.6}",3.1108164666334,0.94864164187207,0.460780382156372
LightGBM,Enhanced,0,"{'colsample_bytree': 0.8, 'learning_rate': 0.05, 'max_depth': 5, 'min_child_samples': 50, 'n_estimators': 750, 'num_leaves': 31, 'subsample': 0.8}",3.11195276416923,0.948604115367512,0.451030254364014
LightGBM,Enhanced,0,"{'colsample_bytree': 0.8, 'learning_rate': 0.05, 'max_depth': 5, 'min_child_samples': 50, 'n_estimators': 750, 'num_leaves': 62, 'subsample': 0.6}",3.11204178638565,0.948601174808092,0.472167491912842
LightGBM,Enhanced,0,"{'colsample_bytree': 0.8, 'learning_rate': 0.05, 'max_depth': 5, 'min_child_samples': 50, 'n_estimators': 750, 'num_leaves': 62, 'subsample': 0.8}",3.11081646717865,0.948641641854066,0.472324132919312
LightGBM,Enhanced,0,"{'colsample_bytree': 0.8, 'learning_rate': 0.05, 'max_depth': 5, 'min_child_samples': 50, 'n_estimators': 1000, 'num_leaves': 15, 'subsample': 0.6}",3.10130279030745,0.948955295640147,0.45039701461792
LightGBM,Enhanced,0,"{'colsample_bytree': 0.8, 'learning_rate': 0.05, 'max_depth': 5, 'min_child_samples': 50, 'n_estimators': 1000, 'num_leaves': 15, 'subsample': 0.8}",3.10235366970295,0.948920696686106,0.454040765762329
LightGBM,Enhanced,0,"{'colsample_bytree': 0.8, 'learning_rate': 0.05, 'max_depth': 5, 'min_child_samples': 50, 'n_estimators': 1000, 'num_leaves': 31, 'subsample': 0.6}",3.11101079794355,0.948635225004428,0.393425941467285
LightGBM,Enhanced,0,"{'colsample_bytree': 0.8, 'learning_rate': 0.05, 'max_depth': 5, 'min_child_samples': 50, 'n_estimators': 1000, 'num_leaves': 31, 'subsample': 0.8}",3.11081646460064,0.94864164193919,0.389308214187622
LightGBM,Enhanced,0,"{'colsample_bytree': 0.8, 'learning_rate': 0.05, 'max_depth': 5, 'min_child_samples': 50, 'n_estimators': 1000, 'num_leaves': 62, 'subsample': 0.6}",3.11175113483054,0.948610775225999,0.410340785980225
LightGBM,Enhanced,0,"{'colsample_bytree': 0.8, 'learning_rate': 0.05, 'max_depth': 5, 'min_child_samples': 50, 'n_estimators': 1000, 'num_leaves': 62, 'subsample': 0.8}",3.11281191435033,0.948575732623714,0.500060081481934
LightGBM,Enhanced,0,"{'colsample_bytree': 0.8, 'learning_rate': 0.05, 'max_depth': 5, 'min_child_samples': 100, 'n_estimators': 500, 'num_leaves': 15, 'subsample': 0.6}",3.43850230889559,0.937251840238146,0.358269691467285
LightGBM,Enhanced,0,"{'colsample_bytree': 0.8, 'learning_rate': 0.05, 'max_depth': 5, 'min_child_samples': 100, 'n_estimators': 500, 'num_leaves': 15, 'subsample': 0.8}",3.43865899367781,0.937246121524086,0.278110504150391
LightGBM,Enhanced,0,"{'colsample_bytree': 0.8, 'learning_rate': 0.05, 'max_depth': 5, 'min_child_samples': 100, 'n_estimators': 500, 'num_leaves': 31, 'subsample': 0.6}",3.43850230922318,0.93725184022619,0.289209604263306
LightGBM,Enhanced,0,"{'colsample_bytree': 0.8, 'learning_rate': 0.05, 'max_depth': 5, 'min_child_samples': 100, 'n_estimators': 500, 'num_leaves': 31, 'subsample': 0.8}",3.43865899371962,0.93724612152256,0.295729637145996
LightGBM,Enhanced,0,"{'colsample_bytree': 0.8, 'learning_rate': 0.05, 'max_depth': 5, 'min_child_samples': 100, 'n_estimators': 500, 'num_leaves': 62, 'subsample': 0.6}",3.43865898689196,0.937246121771763,0.286056995391846
LightGBM,Enhanced,0,"{'colsample_bytree': 0.8, 'learning_rate': 0.05, 'max_depth': 5, 'min_child_samples': 100, 'n_estimators': 500, 'num_leaves': 62, 'subsample': 0.8}",3.43865899148924,0.937246121603966,0.350185394287109
LightGBM,Enhanced,0,"{'colsample_bytree': 0.8, 'learning_rate': 0.05, 'max_depth': 5, 'min_child_samples': 100, 'n_estimators': 750, 'num_leaves': 15, 'subsample': 0.6}",3.35491550355516,0.940265459656631,0.465049266815186
LightGBM,Enhanced,0,"{'colsample_bytree': 0.8, 'learning_rate': 0.05, 'max_depth': 5, 'min_child_samples': 100, 'n_estimators': 750, 'num_leaves': 15, 'subsample': 0.8}",3.35491550846607,0.940265459481753,0.481192350387573
LightGBM,Enhanced,0,"{'colsample_bytree': 0.8, 'learning_rate': 0.05, 'max_depth': 5, 'min_child_samples': 100, 'n_estimators': 750, 'num_leaves': 31, 'subsample': 0.6}",3.35476202711196,0.940270924852448,0.473905324935913
LightGBM,Enhanced,0,"{'colsample_bytree': 0.8, 'learning_rate': 0.05, 'max_depth': 5, 'min_child_samples': 100, 'n_estimators': 750, 'num_leaves': 31, 'subsample': 0.8}",3.35491550698003,0.940265459534671,0.458467245101929
LightGBM,Enhanced,0,"{'colsample_bytree': 0.8, 'learning_rate': 0.05, 'max_depth': 5, 'min_child_samples': 100, 'n_estimators': 750, 'num_leaves': 62, 'subsample': 0.6}",3.3549155065881,0.940265459548627,0.447755575180054
LightGBM,Enhanced,0,"{'colsample_bytree': 0.8, 'learning_rate': 0.05, 'max_depth': 5, 'min_child_samples': 100, 'n_estimators': 750, 'num_leaves': 62, 'subsample': 0.8}",3.35484171430126,0.940268087274934,0.450658321380615
LightGBM,Enhanced,0,"{'colsample_bytree': 0.8, 'learning_rate': 0.05, 'max_depth': 5, 'min_child_samples': 100, 'n_estimators': 1000, 'num_leaves': 15, 'subsample': 0.6}",3.27905702189765,0.942936252276187,0.584136247634888
LightGBM,Enhanced,0,"{'colsample_bytree': 0.8, 'learning_rate': 0.05, 'max_depth': 5, 'min_child_samples': 100, 'n_estimators': 1000, 'num_leaves': 15, 'subsample': 0.8}",3.27892424086804,0.942940873622943,0.58616042137146
LightGBM,Enhanced,0,"{'colsample_bytree': 0.8, 'learning_rate': 0.05, 'max_depth': 5, 'min_child_samples': 100, 'n_estimators': 1000, 'num_leaves': 31, 'subsample': 0.6}",3.27891995355876,0.942941022836493,0.596934795379639
LightGBM,Enhanced,0,"{'colsample_bytree': 0.8, 'learning_rate': 0.05, 'max_depth': 5, 'min_child_samples': 100, 'n_estimators': 1000, 'num_leaves': 31, 'subsample': 0.8}",3.27887218798253,0.942942685234545,0.617439031600952
LightGBM,Enhanced,0,"{'colsample_bytree': 0.8, 'learning_rate': 0.05, 'max_depth': 5, 'min_child_samples': 100, 'n_estimators': 1000, 'num_leaves': 62, 'subsample': 0.6}",3.27896398921385,0.942939490230424,0.573882579803467
LightGBM,Enhanced,0,"{'colsample_bytree': 0.8, 'learning_rate': 0.05, 'max_depth': 5, 'min_child_samples': 100, 'n_estimators': 1000, 'num_leaves': 62, 'subsample': 0.8}",3.27896922308604,0.94293930807066,0.59306526184082
LightGBM,Enhanced,0,"{'colsample_bytree': 0.8, 'learning_rate': 0.05, 'max_depth': 9, 'min_child_samples': 50, 'n_estimators': 500, 'num_leaves': 15, 'subsample': 0.6}",3.11282340088697,0.948575353103308,0.525835514068604
LightGBM,Enhanced,0,"{'colsample_bytree': 0.8, 'learning_rate': 0.05, 'max_depth': 9, 'min_child_samples': 50, 'n_estimators': 500, 'num_leaves': 15, 'subsample': 0.8}",3.11285355111282,0.94857435691944,0.512254238128662
LightGBM,Enhanced,0,"{'colsample_bytree': 0.8, 'learning_rate': 0.05, 'max_depth': 9, 'min_child_samples': 50, 'n_estimators': 500, 'num_leaves': 31, 'subsample': 0.6}",3.11993547014524,0.948340098215303,0.567370414733887
LightGBM,Enhanced,0,"{'colsample_bytree': 0.8, 'learning_rate': 0.05, 'max_depth': 9, 'min_child_samples': 50, 'n_estimators': 500, 'num_leaves': 31, 'subsample': 0.8}",3.1199381468288,0.948340009574195,0.574755191802979
LightGBM,Enhanced,0,"{'colsample_bytree': 0.8, 'learning_rate': 0.05, 'max_depth': 9, 'min_child_samples': 50, 'n_estimators': 500, 'num_leaves': 62, 'subsample': 0.6}",3.10796827010441,0.948735644031381,0.596532106399536
LightGBM,Enhanced,0,"{'colsample_bytree': 0.8, 'learning_rate': 0.05, 'max_depth': 9, 'min_child_samples': 50, 'n_estimators': 500, 'num_leaves': 62, 'subsample': 0.8}",3.10820478049172,0.948727841497405,0.616214036941528
LightGBM,Enhanced,0,"{'colsample_bytree': 0.8, 'learning_rate': 0.05, 'max_depth': 9, 'min_child_samples': 50, 'n_estimators': 750, 'num_leaves': 15, 'subsample': 0.6}",3.06190737218318,0.950243886493966,0.724075555801392
LightGBM,Enhanced,0,"{'colsample_bytree': 0.8, 'learning_rate': 0.05, 'max_depth': 9, 'min_child_samples': 50, 'n_estimators': 750, 'num_leaves': 15, 'subsample': 0.8}",3.06096223433107,0.950274598806633,0.700231075286865
LightGBM,Enhanced,0,"{'colsample_bytree': 0.8, 'learning_rate': 0.05, 'max_depth': 9, 'min_child_samples': 50, 'n_estimators': 750, 'num_leaves': 31, 'subsample': 0.6}",3.06183057205934,0.950246382472643,0.768793344497681
LightGBM,Enhanced,0,"{'colsample_bytree': 0.8, 'learning_rate': 0.05, 'max_depth': 9, 'min_child_samples': 50, 'n_estimators': 750, 'num_leaves': 31, 'subsample': 0.8}",3.0619933552771,0.95024109199751,0.786607265472412
LightGBM,Enhanced,0,"{'colsample_bytree': 0.8, 'learning_rate': 0.05, 'max_depth': 9, 'min_child_samples': 50, 'n_estimators': 750, 'num_leaves': 62, 'subsample': 0.6}",3.06610959736579,0.950107220132131,0.846195936203003
LightGBM,Enhanced,0,"{'colsample_bytree': 0.8, 'learning_rate': 0.05, 'max_depth': 9, 'min_child_samples': 50, 'n_estimators': 750, 'num_leaves': 62, 'subsample': 0.8}",3.06584721023865,0.950115759072184,0.812835454940796
LightGBM,Enhanced,0,"{'colsample_bytree': 0.8, 'learning_rate': 0.05, 'max_depth': 9, 'min_child_samples': 50, 'n_estimators': 1000, 'num_leaves': 15, 'subsample': 0.6}",3.03124145977888,0.951235540179297,0.934896469116211
LightGBM,Enhanced,0,"{'colsample_bytree': 0.8, 'learning_rate': 0.05, 'max_depth': 9, 'min_child_samples': 50, 'n_estimators': 1000, 'num_leaves': 15, 'subsample': 0.8}",3.03034984882913,0.951264223167738,0.929669141769409
LightGBM,Enhanced,0,"{'colsample_bytree': 0.8, 'learning_rate': 0.05, 'max_depth': 9, 'min_child_samples': 50, 'n_estimators': 1000, 'num_leaves': 31, 'subsample': 0.6}",3.05437223970722,0.950488477552473,0.901216506958008
LightGBM,Enhanced,0,"{'colsample_bytree': 0.8, 'learning_rate': 0.05, 'max_depth': 9, 'min_child_samples': 50, 'n_estimators': 1000, 'num_leaves': 31, 'subsample': 0.8}",3.05696168523242,0.950404491891121,0.895231485366821
LightGBM,Enhanced,0,"{'colsample_bytree': 0.8, 'learning_rate': 0.05, 'max_depth': 9, 'min_child_samples': 50, 'n_estimators': 1000, 'num_leaves': 62, 'subsample': 0.6}",3.03874468138646,0.950993828394023,1.0062255859375
LightGBM,Enhanced,0,"{'colsample_bytree': 0.8, 'learning_rate': 0.05, 'max_depth': 9, 'min_child_samples': 50, 'n_estimators': 1000, 'num_leaves': 62, 'subsample': 0.8}",3.03825721265625,0.951009550057171,1.06991648674011
LightGBM,Enhanced,0,"{'colsample_bytree': 0.8, 'learning_rate': 0.05, 'max_depth': 9, 'min_child_samples': 100, 'n_estimators': 500, 'num_leaves': 15, 'subsample': 0.6}",3.41238262138363,0.938201519606063,0.563399791717529
LightGBM,Enhanced,0,"{'colsample_bytree': 0.8, 'learning_rate': 0.05, 'max_depth': 9, 'min_child_samples': 100, 'n_estimators': 500, 'num_leaves': 15, 'subsample': 0.8}",3.41238385961819,0.938201474757032,0.539366722106934
LightGBM,Enhanced,0,"{'colsample_bytree': 0.8, 'learning_rate': 0.05, 'max_depth': 9, 'min_child_samples': 100, 'n_estimators': 500, 'num_leaves': 31, 'subsample': 0.6}",3.41009628827462,0.938284303158748,0.559324741363525
LightGBM,Enhanced,0,"{'colsample_bytree': 0.8, 'learning_rate': 0.05, 'max_depth': 9, 'min_child_samples': 100, 'n_estimators': 500, 'num_leaves': 31, 'subsample': 0.8}",3.41009694183535,0.938284279502548,0.549216508865356
LightGBM,Enhanced,0,"{'colsample_bytree': 0.8, 'learning_rate': 0.05, 'max_depth': 9, 'min_child_samples': 100, 'n_estimators': 500, 'num_leaves': 62, 'subsample': 0.6}",3.41010638783433,0.938283937595881,0.589585781097412
LightGBM,Enhanced,0,"{'colsample_bytree': 0.8, 'learning_rate': 0.05, 'max_depth': 9, 'min_child_samples': 100, 'n_estimators': 500, 'num_leaves': 62, 'subsample': 0.8}",3.41010764410105,0.938283892124075,0.576475381851196
LightGBM,Enhanced,0,"{'colsample_bytree': 0.8, 'learning_rate': 0.05, 'max_depth': 9, 'min_child_samples': 100, 'n_estimators': 750, 'num_leaves': 15, 'subsample': 0.6}",3.32446337778236,0.941344943252268,0.738567352294922
LightGBM,Enhanced,0,"{'colsample_bytree': 0.8, 'learning_rate': 0.05, 'max_depth': 9, 'min_child_samples': 100, 'n_estimators': 750, 'num_leaves': 15, 'subsample': 0.8}",3.32446209031463,0.941344988683046,0.751771211624146
LightGBM,Enhanced,0,"{'colsample_bytree': 0.8, 'learning_rate': 0.05, 'max_depth': 9, 'min_child_samples': 100, 'n_estimators': 750, 'num_leaves': 31, 'subsample': 0.6}",3.30850972672834,0.941906547880333,0.788798809051514
LightGBM,Enhanced,0,"{'colsample_bytree': 0.8, 'learning_rate': 0.05, 'max_depth': 9, 'min_child_samples': 100, 'n_estimators': 750, 'num_leaves': 31, 'subsample': 0.8}",3.30851207204425,0.94190646551845,0.774173021316528
LightGBM,Enhanced,0,"{'colsample_bytree': 0.8, 'learning_rate': 0.05, 'max_depth': 9, 'min_child_samples': 100, 'n_estimators': 750, 'num_leaves': 62, 'subsample': 0.6}",3.30853525751344,0.941905651297106,0.785114765167236
LightGBM,Enhanced,0,"{'colsample_bytree': 0.8, 'learning_rate': 0.05, 'max_depth': 9, 'min_child_samples': 100, 'n_estimators': 750, 'num_leaves': 62, 'subsample': 0.8}",3.30850972151809,0.941906548063305,0.777982234954834
LightGBM,Enhanced,0,"{'colsample_bytree': 0.8, 'learning_rate': 0.05, 'max_depth': 9, 'min_child_samples': 100, 'n_estimators': 1000, 'num_leaves': 15, 'subsample': 0.6}",3.26676184767388,0.943363383208687,0.770873069763184
LightGBM,Enhanced,0,"{'colsample_bytree': 0.8, 'learning_rate': 0.05, 'max_depth': 9, 'min_child_samples': 100, 'n_estimators': 1000, 'num_leaves': 15, 'subsample': 0.8}",3.26676054068411,0.943363428527855,0.797593116760254
LightGBM,Enhanced,0,"{'colsample_bytree': 0.8, 'learning_rate': 0.05, 'max_depth': 9, 'min_child_samples': 100, 'n_estimators': 1000, 'num_leaves': 31, 'subsample': 0.6}",3.24536041183045,0.944103035845914,0.948497772216797
LightGBM,Enhanced,0,"{'colsample_bytree': 0.8, 'learning_rate': 0.05, 'max_depth': 9, 'min_child_samples': 100, 'n_estimators': 1000, 'num_leaves': 31, 'subsample': 0.8}",3.2453605704207,0.944103030382906,0.890371322631836
LightGBM,Enhanced,0,"{'colsample_bytree': 0.8, 'learning_rate': 0.05, 'max_depth': 9, 'min_child_samples': 100, 'n_estimators': 1000, 'num_leaves': 62, 'subsample': 0.6}",3.24536059361833,0.94410302958381,0.839324235916138
LightGBM,Enhanced,0,"{'colsample_bytree': 0.8, 'learning_rate': 0.05, 'max_depth': 9, 'min_child_samples': 100, 'n_estimators': 1000, 'num_leaves': 62, 'subsample': 0.8}",3.24536345406653,0.944102931049022,0.818679809570313
LightGBM,Enhanced,1,"{'colsample_bytree': 0.6, 'learning_rate': 0.01, 'max_depth': 3, 'min_child_samples': 50, 'n_estimators': 500, 'num_leaves': 15, 'subsample': 0.6}",1.64916336909608,0.979057147180324,0.251914501190186
LightGBM,Enhanced,1,"{'colsample_bytree': 0.6, 'learning_rate': 0.01, 'max_depth': 3, 'min_child_samples': 50, 'n_estimators': 500, 'num_leaves': 15, 'subsample': 0.8}",1.64916336742103,0.979057147222867,0.244609355926514
LightGBM,Enhanced,1,"{'colsample_bytree': 0.6, 'learning_rate': 0.01, 'max_depth': 3, 'min_child_samples': 50, 'n_estimators': 500, 'num_leaves': 31, 'subsample': 0.6}",1.6491633689326,0.979057147184476,0.266122579574585
LightGBM,Enhanced,1,"{'colsample_bytree': 0.6, 'learning_rate': 0.01, 'max_depth': 3, 'min_child_samples': 50, 'n_estimators': 500, 'num_leaves': 31, 'subsample': 0.8}",1.64916336893202,0.979057147184491,0.257941961288452
LightGBM,Enhanced,1,"{'colsample_bytree': 0.6, 'learning_rate': 0.01, 'max_depth': 3, 'min_child_samples': 50, 'n_estimators': 500, 'num_leaves': 62, 'subsample': 0.6}",1.64916337023723,0.979057147151341,0.301200389862061
LightGBM,Enhanced,1,"{'colsample_bytree': 0.6, 'learning_rate': 0.01, 'max_depth': 3, 'min_child_samples': 50, 'n_estimators': 500, 'num_leaves': 62, 'subsample': 0.8}",1.64916336896566,0.979057147183636,0.302428960800171
LightGBM,Enhanced,1,"{'colsample_bytree': 0.6, 'learning_rate': 0.01, 'max_depth': 3, 'min_child_samples': 50, 'n_estimators': 750, 'num_leaves': 15, 'subsample': 0.6}",1.58384817271827,0.980683182493504,0.402601003646851
LightGBM,Enhanced,1,"{'colsample_bytree': 0.6, 'learning_rate': 0.01, 'max_depth': 3, 'min_child_samples': 50, 'n_estimators': 750, 'num_leaves': 15, 'subsample': 0.8}",1.58384817147255,0.98068318252389,0.345900058746338
LightGBM,Enhanced,1,"{'colsample_bytree': 0.6, 'learning_rate': 0.01, 'max_depth': 3, 'min_child_samples': 50, 'n_estimators': 750, 'num_leaves': 31, 'subsample': 0.6}",1.58384817268768,0.98068318249425,0.405673265457153
LightGBM,Enhanced,1,"{'colsample_bytree': 0.6, 'learning_rate': 0.01, 'max_depth': 3, 'min_child_samples': 50, 'n_estimators': 750, 'num_leaves': 31, 'subsample': 0.8}",1.58384817317473,0.980683182482369,0.387748241424561
LightGBM,Enhanced,1,"{'colsample_bytree': 0.6, 'learning_rate': 0.01, 'max_depth': 3, 'min_child_samples': 50, 'n_estimators': 750, 'num_leaves': 62, 'subsample': 0.6}",1.58384817251162,0.980683182498544,0.424682140350342
LightGBM,Enhanced,1,"{'colsample_bytree': 0.6, 'learning_rate': 0.01, 'max_depth': 3, 'min_child_samples': 50, 'n_estimators': 750, 'num_leaves': 62, 'subsample': 0.8}",1.5840115855122,0.980679196280666,0.40430736541748
LightGBM,Enhanced,1,"{'colsample_bytree': 0.6, 'learning_rate': 0.01, 'max_depth': 3, 'min_child_samples': 50, 'n_estimators': 1000, 'num_leaves': 15, 'subsample': 0.6}",1.55371230179634,0.981411271264984,0.499906539916992
LightGBM,Enhanced,1,"{'colsample_bytree': 0.6, 'learning_rate': 0.01, 'max_depth': 3, 'min_child_samples': 50, 'n_estimators': 1000, 'num_leaves': 15, 'subsample': 0.8}",1.55357870330404,0.981414467892003,0.411134958267212
LightGBM,Enhanced,1,"{'colsample_bytree': 0.6, 'learning_rate': 0.01, 'max_depth': 3, 'min_child_samples': 50, 'n_estimators': 1000, 'num_leaves': 31, 'subsample': 0.6}",1.55353487842218,0.981415516435291,0.39592719078064
LightGBM,Enhanced,1,"{'colsample_bytree': 0.6, 'learning_rate': 0.01, 'max_depth': 3, 'min_child_samples': 50, 'n_estimators': 1000, 'num_leaves': 31, 'subsample': 0.8}",1.5535526253117,0.981415091831164,0.387339353561401
LightGBM,Enhanced,1,"{'colsample_bytree': 0.6, 'learning_rate': 0.01, 'max_depth': 3, 'min_child_samples': 50, 'n_estimators': 1000, 'num_leaves': 62, 'subsample': 0.6}",1.55369901876524,0.981411589101955,0.399404525756836
LightGBM,Enhanced,1,"{'colsample_bytree': 0.6, 'learning_rate': 0.01, 'max_depth': 3, 'min_child_samples': 50, 'n_estimators': 1000, 'num_leaves': 62, 'subsample': 0.8}",1.55371230055955,0.981411271294578,0.436145782470703
LightGBM,Enhanced,1,"{'colsample_bytree': 0.6, 'learning_rate': 0.01, 'max_depth': 3, 'min_child_samples': 100, 'n_estimators': 500, 'num_leaves': 15, 'subsample': 0.6}",2.08160489886231,0.966633927918256,0.306619167327881
LightGBM,Enhanced,1,"{'colsample_bytree': 0.6, 'learning_rate': 0.01, 'max_depth': 3, 'min_child_samples': 100, 'n_estimators': 500, 'num_leaves': 15, 'subsample': 0.8}",2.0816048987424,0.9666339279221,0.297961711883545
LightGBM,Enhanced,1,"{'colsample_bytree': 0.6, 'learning_rate': 0.01, 'max_depth': 3, 'min_child_samples': 100, 'n_estimators': 500, 'num_leaves': 31, 'subsample': 0.6}",2.08160489887687,0.966633927917789,0.249553918838501
LightGBM,Enhanced,1,"{'colsample_bytree': 0.6, 'learning_rate': 0.01, 'max_depth': 3, 'min_child_samples': 100, 'n_estimators': 500, 'num_leaves': 31, 'subsample': 0.8}",2.08160489788703,0.966633927949521,0.246700286865234
LightGBM,Enhanced,1,"{'colsample_bytree': 0.6, 'learning_rate': 0.01, 'max_depth': 3, 'min_child_samples': 100, 'n_estimators': 500, 'num_leaves': 62, 'subsample': 0.6}",2.08160489852044,0.966633927929215,0.254789113998413
LightGBM,Enhanced,1,"{'colsample_bytree': 0.6, 'learning_rate': 0.01, 'max_depth': 3, 'min_child_samples': 100, 'n_estimators': 500, 'num_leaves': 62, 'subsample': 0.8}",2.08160489774632,0.966633927954032,0.252561092376709
LightGBM,Enhanced,1,"{'colsample_bytree': 0.6, 'learning_rate': 0.01, 'max_depth': 3, 'min_child_samples': 100, 'n_estimators': 750, 'num_leaves': 15, 'subsample': 0.6}",1.99204280266373,0.969443344868005,0.302712202072144
LightGBM,Enhanced,1,"{'colsample_bytree': 0.6, 'learning_rate': 0.01, 'max_depth': 3, 'min_child_samples': 100, 'n_estimators': 750, 'num_leaves': 15, 'subsample': 0.8}",1.9920427992866,0.969443344971611,0.32187557220459
LightGBM,Enhanced,1,"{'colsample_bytree': 0.6, 'learning_rate': 0.01, 'max_depth': 3, 'min_child_samples': 100, 'n_estimators': 750, 'num_leaves': 31, 'subsample': 0.6}",1.99204279873672,0.969443344988481,0.327989101409912
LightGBM,Enhanced,1,"{'colsample_bytree': 0.6, 'learning_rate': 0.01, 'max_depth': 3, 'min_child_samples': 100, 'n_estimators': 750, 'num_leaves': 31, 'subsample': 0.8}",1.99204280155284,0.969443344902086,0.330143690109253
LightGBM,Enhanced,1,"{'colsample_bytree': 0.6, 'learning_rate': 0.01, 'max_depth': 3, 'min_child_samples': 100, 'n_estimators': 750, 'num_leaves': 62, 'subsample': 0.6}",1.9920427992704,0.969443344972108,0.325746774673462
LightGBM,Enhanced,1,"{'colsample_bytree': 0.6, 'learning_rate': 0.01, 'max_depth': 3, 'min_child_samples': 100, 'n_estimators': 750, 'num_leaves': 62, 'subsample': 0.8}",1.99204279980678,0.969443344955653,0.333656072616577
LightGBM,Enhanced,1,"{'colsample_bytree': 0.6, 'learning_rate': 0.01, 'max_depth': 3, 'min_child_samples': 100, 'n_estimators': 1000, 'num_leaves': 15, 'subsample': 0.6}",1.93619773489038,0.971132584945073,0.500713348388672
LightGBM,Enhanced,1,"{'colsample_bytree': 0.6, 'learning_rate': 0.01, 'max_depth': 3, 'min_child_samples': 100, 'n_estimators': 1000, 'num_leaves': 15, 'subsample': 0.8}",1.93619773396422,0.97113258497269,0.473691701889038
LightGBM,Enhanced,1,"{'colsample_bytree': 0.6, 'learning_rate': 0.01, 'max_depth': 3, 'min_child_samples': 100, 'n_estimators': 1000, 'num_leaves': 31, 'subsample': 0.6}",1.93619773482202,0.971132584947112,0.372127294540405
LightGBM,Enhanced,1,"{'colsample_bytree': 0.6, 'learning_rate': 0.01, 'max_depth': 3, 'min_child_samples': 100, 'n_estimators': 1000, 'num_leaves': 31, 'subsample': 0.8}",1.93619773656297,0.971132584895199,0.37196683883667
LightGBM,Enhanced,1,"{'colsample_bytree': 0.6, 'learning_rate': 0.01, 'max_depth': 3, 'min_child_samples': 100, 'n_estimators': 1000, 'num_leaves': 62, 'subsample': 0.6}",1.93619773437226,0.971132584960523,0.373653411865234
LightGBM,Enhanced,1,"{'colsample_bytree': 0.6, 'learning_rate': 0.01, 'max_depth': 3, 'min_child_samples': 100, 'n_estimators': 1000, 'num_leaves': 62, 'subsample': 0.8}",1.9361977359714,0.971132584912839,0.368707895278931
LightGBM,Enhanced,1,"{'colsample_bytree': 0.6, 'learning_rate': 0.01, 'max_depth': 5, 'min_child_samples': 50, 'n_estimators': 500, 'num_leaves': 15, 'subsample': 0.6}",1.58504384352482,0.980654006372794,0.399332046508789
LightGBM,Enhanced,1,"{'colsample_bytree': 0.6, 'learning_rate': 0.01, 'max_depth': 5, 'min_child_samples': 50, 'n_estimators': 500, 'num_leaves': 15, 'subsample': 0.8}",1.58504384323641,0.980654006379835,0.39710259437561
LightGBM,Enhanced,1,"{'colsample_bytree': 0.6, 'learning_rate': 0.01, 'max_depth': 5, 'min_child_samples': 50, 'n_estimators': 500, 'num_leaves': 31, 'subsample': 0.6}",1.58550919314205,0.980642645207864,0.403056383132935
LightGBM,Enhanced,1,"{'colsample_bytree': 0.6, 'learning_rate': 0.01, 'max_depth': 5, 'min_child_samples': 50, 'n_estimators': 500, 'num_leaves': 31, 'subsample': 0.8}",1.58550919379537,0.980642645191912,0.405210018157959
LightGBM,Enhanced,1,"{'colsample_bytree': 0.6, 'learning_rate': 0.01, 'max_depth': 5, 'min_child_samples': 50, 'n_estimators': 500, 'num_leaves': 62, 'subsample': 0.6}",1.58550919350815,0.980642645198925,0.414850234985352
LightGBM,Enhanced,1,"{'colsample_bytree': 0.6, 'learning_rate': 0.01, 'max_depth': 5, 'min_child_samples': 50, 'n_estimators': 500, 'num_leaves': 62, 'subsample': 0.8}",1.58550919483474,0.980642645166532,0.419862747192383
LightGBM,Enhanced,1,"{'colsample_bytree': 0.6, 'learning_rate': 0.01, 'max_depth': 5, 'min_child_samples': 50, 'n_estimators': 750, 'num_leaves': 15, 'subsample': 0.6}",1.56164387715755,0.981220998932157,0.621671676635742
LightGBM,Enhanced,1,"{'colsample_bytree': 0.6, 'learning_rate': 0.01, 'max_depth': 5, 'min_child_samples': 50, 'n_estimators': 750, 'num_leaves': 15, 'subsample': 0.8}",1.56164388125005,0.981220998833731,0.577435255050659
LightGBM,Enhanced,1,"{'colsample_bytree': 0.6, 'learning_rate': 0.01, 'max_depth': 5, 'min_child_samples': 50, 'n_estimators': 750, 'num_leaves': 31, 'subsample': 0.6}",1.55818959003004,0.98130398368939,0.460192680358887
LightGBM,Enhanced,1,"{'colsample_bytree': 0.6, 'learning_rate': 0.01, 'max_depth': 5, 'min_child_samples': 50, 'n_estimators': 750, 'num_leaves': 31, 'subsample': 0.8}",1.55818959433301,0.981303983586132,0.467819690704346
LightGBM,Enhanced,1,"{'colsample_bytree': 0.6, 'learning_rate': 0.01, 'max_depth': 5, 'min_child_samples': 50, 'n_estimators': 750, 'num_leaves': 62, 'subsample': 0.6}",1.55818959164287,0.981303983650687,0.460006475448608
LightGBM,Enhanced,1,"{'colsample_bytree': 0.6, 'learning_rate': 0.01, 'max_depth': 5, 'min_child_samples': 50, 'n_estimators': 750, 'num_leaves': 62, 'subsample': 0.8}",1.55818959432984,0.981303983586207,0.597109079360962
LightGBM,Enhanced,1,"{'colsample_bytree': 0.6, 'learning_rate': 0.01, 'max_depth': 5, 'min_child_samples': 50, 'n_estimators': 1000, 'num_leaves': 15, 'subsample': 0.6}",1.55327298839054,0.98142178173492,0.617074728012085
LightGBM,Enhanced,1,"{'colsample_bytree': 0.6, 'learning_rate': 0.01, 'max_depth': 5, 'min_child_samples': 50, 'n_estimators': 1000, 'num_leaves': 15, 'subsample': 0.8}",1.55327298665901,0.981421781776341,0.507323741912842
LightGBM,Enhanced,1,"{'colsample_bytree': 0.6, 'learning_rate': 0.01, 'max_depth': 5, 'min_child_samples': 50, 'n_estimators': 1000, 'num_leaves': 31, 'subsample': 0.6}",1.55111780419101,0.981473300952904,0.514277696609497
LightGBM,Enhanced,1,"{'colsample_bytree': 0.6, 'learning_rate': 0.01, 'max_depth': 5, 'min_child_samples': 50, 'n_estimators': 1000, 'num_leaves': 31, 'subsample': 0.8}",1.5511178039266,0.98147330095922,0.522580862045288
LightGBM,Enhanced,1,"{'colsample_bytree': 0.6, 'learning_rate': 0.01, 'max_depth': 5, 'min_child_samples': 50, 'n_estimators': 1000, 'num_leaves': 62, 'subsample': 0.6}",1.55111780757736,0.98147330087201,0.534915208816528
LightGBM,Enhanced,1,"{'colsample_bytree': 0.6, 'learning_rate': 0.01, 'max_depth': 5, 'min_child_samples': 50, 'n_estimators': 1000, 'num_leaves': 62, 'subsample': 0.8}",1.55111780754308,0.981473300872829,0.540821313858032
LightGBM,Enhanced,1,"{'colsample_bytree': 0.6, 'learning_rate': 0.01, 'max_depth': 5, 'min_child_samples': 100, 'n_estimators': 500, 'num_leaves': 15, 'subsample': 0.6}",2.07789547242846,0.966752738852529,0.339032173156738
LightGBM,Enhanced,1,"{'colsample_bytree': 0.6, 'learning_rate': 0.01, 'max_depth': 5, 'min_child_samples': 100, 'n_estimators': 500, 'num_leaves': 15, 'subsample': 0.8}",2.07789547345056,0.966752738819821,0.336684465408325
LightGBM,Enhanced,1,"{'colsample_bytree': 0.6, 'learning_rate': 0.01, 'max_depth': 5, 'min_child_samples': 100, 'n_estimators': 500, 'num_leaves': 31, 'subsample': 0.6}",2.07884513334102,0.966722341905397,0.333444356918335
LightGBM,Enhanced,1,"{'colsample_bytree': 0.6, 'learning_rate': 0.01, 'max_depth': 5, 'min_child_samples': 100, 'n_estimators': 500, 'num_leaves': 31, 'subsample': 0.8}",2.0788451342429,0.966722341876522,0.343039274215698
LightGBM,Enhanced,1,"{'colsample_bytree': 0.6, 'learning_rate': 0.01, 'max_depth': 5, 'min_child_samples': 100, 'n_estimators': 500, 'num_leaves': 62, 'subsample': 0.6}",2.07884513328396,0.966722341907223,0.333580493927002
LightGBM,Enhanced,1,"{'colsample_bytree': 0.6, 'learning_rate': 0.01, 'max_depth': 5, 'min_child_samples': 100, 'n_estimators': 500, 'num_leaves': 62, 'subsample': 0.8}",2.07884513298748,0.966722341916715,0.338574647903442
LightGBM,Enhanced,1,"{'colsample_bytree': 0.6, 'learning_rate': 0.01, 'max_depth': 5, 'min_child_samples': 100, 'n_estimators': 750, 'num_leaves': 15, 'subsample': 0.6}",1.99528098238784,0.969343920936224,0.454243183135986
LightGBM,Enhanced,1,"{'colsample_bytree': 0.6, 'learning_rate': 0.01, 'max_depth': 5, 'min_child_samples': 100, 'n_estimators': 750, 'num_leaves': 15, 'subsample': 0.8}",1.99528098097291,0.969343920979703,0.450742959976196
LightGBM,Enhanced,1,"{'colsample_bytree': 0.6, 'learning_rate': 0.01, 'max_depth': 5, 'min_child_samples': 100, 'n_estimators': 750, 'num_leaves': 31, 'subsample': 0.6}",1.99674899365715,0.969298794434845,0.45923900604248
LightGBM,Enhanced,1,"{'colsample_bytree': 0.6, 'learning_rate': 0.01, 'max_depth': 5, 'min_child_samples': 100, 'n_estimators': 750, 'num_leaves': 31, 'subsample': 0.8}",1.9967489927448,0.969298794462901,0.451510667800903
LightGBM,Enhanced,1,"{'colsample_bytree': 0.6, 'learning_rate': 0.01, 'max_depth': 5, 'min_child_samples': 100, 'n_estimators': 750, 'num_leaves': 62, 'subsample': 0.6}",1.99674899222985,0.969298794478736,0.455502986907959
LightGBM,Enhanced,1,"{'colsample_bytree': 0.6, 'learning_rate': 0.01, 'max_depth': 5, 'min_child_samples': 100, 'n_estimators': 750, 'num_leaves': 62, 'subsample': 0.8}",1.99674899385888,0.969298794428641,0.445042371749878
LightGBM,Enhanced,1,"{'colsample_bytree': 0.6, 'learning_rate': 0.01, 'max_depth': 5, 'min_child_samples': 100, 'n_estimators': 1000, 'num_leaves': 15, 'subsample': 0.6}",1.93037548520156,0.971305935623692,0.555344104766846
LightGBM,Enhanced,1,"{'colsample_bytree': 0.6, 'learning_rate': 0.01, 'max_depth': 5, 'min_child_samples': 100, 'n_estimators': 1000, 'num_leaves': 15, 'subsample': 0.8}",1.93037548612992,0.971305935596093,0.560029745101929
LightGBM,Enhanced,1,"{'colsample_bytree': 0.6, 'learning_rate': 0.01, 'max_depth': 5, 'min_child_samples': 100, 'n_estimators': 1000, 'num_leaves': 31, 'subsample': 0.6}",1.92783176575732,0.971381508028764,0.559080600738525
LightGBM,Enhanced,1,"{'colsample_bytree': 0.6, 'learning_rate': 0.01, 'max_depth': 5, 'min_child_samples': 100, 'n_estimators': 1000, 'num_leaves': 31, 'subsample': 0.8}",1.9278317661607,0.971381508016788,0.556399583816528
LightGBM,Enhanced,1,"{'colsample_bytree': 0.6, 'learning_rate': 0.01, 'max_depth': 5, 'min_child_samples': 100, 'n_estimators': 1000, 'num_leaves': 62, 'subsample': 0.6}",1.92783176584599,0.971381508026131,0.557310342788696
LightGBM,Enhanced,1,"{'colsample_bytree': 0.6, 'learning_rate': 0.01, 'max_depth': 5, 'min_child_samples': 100, 'n_estimators': 1000, 'num_leaves': 62, 'subsample': 0.8}",1.9278317671552,0.971381507987261,0.560949563980103
LightGBM,Enhanced,1,"{'colsample_bytree': 0.6, 'learning_rate': 0.01, 'max_depth': 9, 'min_child_samples': 50, 'n_estimators': 500, 'num_leaves': 15, 'subsample': 0.6}",1.58749457776586,0.980594136051315,0.51208758354187
LightGBM,Enhanced,1,"{'colsample_bytree': 0.6, 'learning_rate': 0.01, 'max_depth': 9, 'min_child_samples': 50, 'n_estimators': 500, 'num_leaves': 15, 'subsample': 0.8}",1.58749457923465,0.980594136015406,0.517251253128052
LightGBM,Enhanced,1,"{'colsample_bytree': 0.6, 'learning_rate': 0.01, 'max_depth': 9, 'min_child_samples': 50, 'n_estimators': 500, 'num_leaves': 31, 'subsample': 0.6}",1.58557697517987,0.980640990081541,0.756443500518799
LightGBM,Enhanced,1,"{'colsample_bytree': 0.6, 'learning_rate': 0.01, 'max_depth': 9, 'min_child_samples': 50, 'n_estimators': 500, 'num_leaves': 31, 'subsample': 0.8}",1.58557707510962,0.980640987641367,0.745054483413696
LightGBM,Enhanced,1,"{'colsample_bytree': 0.6, 'learning_rate': 0.01, 'max_depth': 9, 'min_child_samples': 50, 'n_estimators': 500, 'num_leaves': 62, 'subsample': 0.6}",1.5891109221496,0.980554598873754,0.859474182128906
LightGBM,Enhanced,1,"{'colsample_bytree': 0.6, 'learning_rate': 0.01, 'max_depth': 9, 'min_child_samples': 50, 'n_estimators': 500, 'num_leaves': 62, 'subsample': 0.8}",1.58911181975526,0.980554576906367,0.87848687171936
LightGBM,Enhanced,1,"{'colsample_bytree': 0.6, 'learning_rate': 0.01, 'max_depth': 9, 'min_child_samples': 50, 'n_estimators': 750, 'num_leaves': 15, 'subsample': 0.6}",1.57495764877165,0.980899433813408,0.58876633644104
LightGBM,Enhanced,1,"{'colsample_bytree': 0.6, 'learning_rate': 0.01, 'max_depth': 9, 'min_child_samples': 50, 'n_estimators': 750, 'num_leaves': 15, 'subsample': 0.8}",1.57495764283759,0.98089943395734,0.579921245574951
LightGBM,Enhanced,1,"{'colsample_bytree': 0.6, 'learning_rate': 0.01, 'max_depth': 9, 'min_child_samples': 50, 'n_estimators': 750, 'num_leaves': 31, 'subsample': 0.6}",1.56569139909829,0.981123528669482,0.88327169418335
LightGBM,Enhanced,1,"{'colsample_bytree': 0.6, 'learning_rate': 0.01, 'max_depth': 9, 'min_child_samples': 50, 'n_estimators': 750, 'num_leaves': 31, 'subsample': 0.8}",1.56569328294667,0.981123483244909,1.10324358940125
LightGBM,Enhanced,1,"{'colsample_bytree': 0.6, 'learning_rate': 0.01, 'max_depth': 9, 'min_child_samples': 50, 'n_estimators': 750, 'num_leaves': 62, 'subsample': 0.6}",1.5686540991928,0.981052022578128,1.02180695533752
LightGBM,Enhanced,1,"{'colsample_bytree': 0.6, 'learning_rate': 0.01, 'max_depth': 9, 'min_child_samples': 50, 'n_estimators': 750, 'num_leaves': 62, 'subsample': 0.8}",1.56865759033863,0.981051938238022,0.984500646591187
LightGBM,Enhanced,1,"{'colsample_bytree': 0.6, 'learning_rate': 0.01, 'max_depth': 9, 'min_child_samples': 50, 'n_estimators': 1000, 'num_leaves': 15, 'subsample': 0.6}",1.57495764512455,0.980899433901869,0.810839176177979
LightGBM,Enhanced,1,"{'colsample_bytree': 0.6, 'learning_rate': 0.01, 'max_depth': 9, 'min_child_samples': 50, 'n_estimators': 1000, 'num_leaves': 15, 'subsample': 0.8}",1.5749576440369,0.980899433928251,0.715197801589966
LightGBM,Enhanced,1,"{'colsample_bytree': 0.6, 'learning_rate': 0.01, 'max_depth': 9, 'min_child_samples': 50, 'n_estimators': 1000, 'num_leaves': 31, 'subsample': 0.6}",1.55930086278942,0.981277306855665,1.20797991752625
LightGBM,Enhanced,1,"{'colsample_bytree': 0.6, 'learning_rate': 0.01, 'max_depth': 9, 'min_child_samples': 50, 'n_estimators': 1000, 'num_leaves': 31, 'subsample': 0.8}",1.55930016070172,0.981277323715746,1.23092913627625
LightGBM,Enhanced,1,"{'colsample_bytree': 0.6, 'learning_rate': 0.01, 'max_depth': 9, 'min_child_samples': 50, 'n_estimators': 1000, 'num_leaves': 62, 'subsample': 0.6}",1.55911737368988,0.98128171294311,1.36593794822693
LightGBM,Enhanced,1,"{'colsample_bytree': 0.6, 'learning_rate': 0.01, 'max_depth': 9, 'min_child_samples': 50, 'n_estimators': 1000, 'num_leaves': 62, 'subsample': 0.8}",1.55911866607732,0.981281681911079,1.4570746421814
LightGBM,Enhanced,1,"{'colsample_bytree': 0.6, 'learning_rate': 0.01, 'max_depth': 9, 'min_child_samples': 100, 'n_estimators': 500, 'num_leaves': 15, 'subsample': 0.6}",2.07031694388477,0.966994816315309,0.609169483184815
LightGBM,Enhanced,1,"{'colsample_bytree': 0.6, 'learning_rate': 0.01, 'max_depth': 9, 'min_child_samples': 100, 'n_estimators': 500, 'num_leaves': 15, 'subsample': 0.8}",2.07031849729261,0.966994766786148,0.623405694961548
LightGBM,Enhanced,1,"{'colsample_bytree': 0.6, 'learning_rate': 0.01, 'max_depth': 9, 'min_child_samples': 100, 'n_estimators': 500, 'num_leaves': 31, 'subsample': 0.6}",2.07800281338893,0.966749303756614,0.743133783340454
LightGBM,Enhanced,1,"{'colsample_bytree': 0.6, 'learning_rate': 0.01, 'max_depth': 9, 'min_child_samples': 100, 'n_estimators': 500, 'num_leaves': 31, 'subsample': 0.8}",2.07800271063597,0.966749307044971,0.731652736663818
LightGBM,Enhanced,1,"{'colsample_bytree': 0.6, 'learning_rate': 0.01, 'max_depth': 9, 'min_child_samples': 100, 'n_estimators': 500, 'num_leaves': 62, 'subsample': 0.6}",2.07800362693178,0.966749277721162,0.776421546936035
LightGBM,Enhanced,1,"{'colsample_bytree': 0.6, 'learning_rate': 0.01, 'max_depth': 9, 'min_child_samples': 100, 'n_estimators': 500, 'num_leaves': 62, 'subsample': 0.8}",2.0780025082995,0.966749313520254,0.6823410987854
LightGBM,Enhanced,1,"{'colsample_bytree': 0.6, 'learning_rate': 0.01, 'max_depth': 9, 'min_child_samples': 100, 'n_estimators': 750, 'num_leaves': 15, 'subsample': 0.6}",1.98665289955421,0.969608476458592,0.694305181503296
LightGBM,Enhanced,1,"{'colsample_bytree': 0.6, 'learning_rate': 0.01, 'max_depth': 9, 'min_child_samples': 100, 'n_estimators': 750, 'num_leaves': 15, 'subsample': 0.8}",1.98665110712484,0.969608531299209,0.830489873886108
LightGBM,Enhanced,1,"{'colsample_bytree': 0.6, 'learning_rate': 0.01, 'max_depth': 9, 'min_child_samples': 100, 'n_estimators': 750, 'num_leaves': 31, 'subsample': 0.6}",1.99511734822944,0.969348948975927,0.879607677459717
LightGBM,Enhanced,1,"{'colsample_bytree': 0.6, 'learning_rate': 0.01, 'max_depth': 9, 'min_child_samples': 100, 'n_estimators': 750, 'num_leaves': 31, 'subsample': 0.8}",1.99511647250484,0.96934897588349,0.803441762924194
LightGBM,Enhanced,1,"{'colsample_bytree': 0.6, 'learning_rate': 0.01, 'max_depth': 9, 'min_child_samples': 100, 'n_estimators': 750, 'num_leaves': 62, 'subsample': 0.6}",1.99511647283823,0.969348975873247,0.793087482452393
LightGBM,Enhanced,1,"{'colsample_bytree': 0.6, 'learning_rate': 0.01, 'max_depth': 9, 'min_child_samples': 100, 'n_estimators': 750, 'num_leaves': 62, 'subsample': 0.8}",1.99511727256689,0.969348951300739,1.01951217651367
LightGBM,Enhanced,1,"{'colsample_bytree': 0.6, 'learning_rate': 0.01, 'max_depth': 9, 'min_child_samples': 100, 'n_estimators': 1000, 'num_leaves': 15, 'subsample': 0.6}",1.92051137886225,0.971598436375169,0.87695837020874
LightGBM,Enhanced,1,"{'colsample_bytree': 0.6, 'learning_rate': 0.01, 'max_depth': 9, 'min_child_samples': 100, 'n_estimators': 1000, 'num_leaves': 15, 'subsample': 0.8}",1.92051137801116,0.971598436400342,0.827739477157593
LightGBM,Enhanced,1,"{'colsample_bytree': 0.6, 'learning_rate': 0.01, 'max_depth': 9, 'min_child_samples': 100, 'n_estimators': 1000, 'num_leaves': 31, 'subsample': 0.6}",1.92829064558475,0.971367882346438,1.04136633872986
LightGBM,Enhanced,1,"{'colsample_bytree': 0.6, 'learning_rate': 0.01, 'max_depth': 9, 'min_child_samples': 100, 'n_estimators': 1000, 'num_leaves': 31, 'subsample': 0.8}",1.92829170791965,0.971367850798387,1.25683879852295
LightGBM,Enhanced,1,"{'colsample_bytree': 0.6, 'learning_rate': 0.01, 'max_depth': 9, 'min_child_samples': 100, 'n_estimators': 1000, 'num_leaves': 62, 'subsample': 0.6}",1.92829288374418,0.971367815880025,1.21861362457275
LightGBM,Enhanced,1,"{'colsample_bytree': 0.6, 'learning_rate': 0.01, 'max_depth': 9, 'min_child_samples': 100, 'n_estimators': 1000, 'num_leaves': 62, 'subsample': 0.8}",1.92829128774196,0.971367863276363,1.23641586303711
LightGBM,Enhanced,1,"{'colsample_bytree': 0.6, 'learning_rate': 0.05, 'max_depth': 3, 'min_child_samples': 50, 'n_estimators': 500, 'num_leaves': 15, 'subsample': 0.6}",1.49771846083277,0.982726957287119,0.293662309646606
LightGBM,Enhanced,1,"{'colsample_bytree': 0.6, 'learning_rate': 0.05, 'max_depth': 3, 'min_child_samples': 50, 'n_estimators': 500, 'num_leaves': 15, 'subsample': 0.8}",1.49771845494061,0.982726957423026,0.279268503189087
LightGBM,Enhanced,1,"{'colsample_bytree': 0.6, 'learning_rate': 0.05, 'max_depth': 3, 'min_child_samples': 50, 'n_estimators': 500, 'num_leaves': 31, 'subsample': 0.6}",1.49693005505516,0.982745137716479,0.28080677986145
LightGBM,Enhanced,1,"{'colsample_bytree': 0.6, 'learning_rate': 0.05, 'max_depth': 3, 'min_child_samples': 50, 'n_estimators': 500, 'num_leaves': 31, 'subsample': 0.8}",1.49693005995565,0.982745137603505,0.277265310287476
LightGBM,Enhanced,1,"{'colsample_bytree': 0.6, 'learning_rate': 0.05, 'max_depth': 3, 'min_child_samples': 50, 'n_estimators': 500, 'num_leaves': 62, 'subsample': 0.6}",1.49697573661416,0.982744084573035,0.283572435379028
LightGBM,Enhanced,1,"{'colsample_bytree': 0.6, 'learning_rate': 0.05, 'max_depth': 3, 'min_child_samples': 50, 'n_estimators': 500, 'num_leaves': 62, 'subsample': 0.8}",1.49693005407188,0.982745137739147,0.268970012664795
LightGBM,Enhanced,1,"{'colsample_bytree': 0.6, 'learning_rate': 0.05, 'max_depth': 3, 'min_child_samples': 50, 'n_estimators': 750, 'num_leaves': 15, 'subsample': 0.6}",1.48563378432692,0.983004575557431,0.320621252059937
LightGBM,Enhanced,1,"{'colsample_bytree': 0.6, 'learning_rate': 0.05, 'max_depth': 3, 'min_child_samples': 50, 'n_estimators': 750, 'num_leaves': 15, 'subsample': 0.8}",1.48563378836816,0.983004575464969,0.340322971343994
LightGBM,Enhanced,1,"{'colsample_bytree': 0.6, 'learning_rate': 0.05, 'max_depth': 3, 'min_child_samples': 50, 'n_estimators': 750, 'num_leaves': 31, 'subsample': 0.6}",1.48568079148839,0.983003500030866,0.332384586334229
LightGBM,Enhanced,1,"{'colsample_bytree': 0.6, 'learning_rate': 0.05, 'max_depth': 3, 'min_child_samples': 50, 'n_estimators': 750, 'num_leaves': 31, 'subsample': 0.8}",1.4871874265704,0.982969010108644,0.356388092041016
LightGBM,Enhanced,1,"{'colsample_bytree': 0.6, 'learning_rate': 0.05, 'max_depth': 3, 'min_child_samples': 50, 'n_estimators': 750, 'num_leaves': 62, 'subsample': 0.6}",1.48640051274413,0.982987028517769,0.334681749343872
LightGBM,Enhanced,1,"{'colsample_bytree': 0.6, 'learning_rate': 0.05, 'max_depth': 3, 'min_child_samples': 50, 'n_estimators': 750, 'num_leaves': 62, 'subsample': 0.8}",1.48640352162515,0.982986959639888,0.335205316543579
LightGBM,Enhanced,1,"{'colsample_bytree': 0.6, 'learning_rate': 0.05, 'max_depth': 3, 'min_child_samples': 50, 'n_estimators': 1000, 'num_leaves': 15, 'subsample': 0.6}",1.48563378257213,0.98300457559758,0.329788446426392
LightGBM,Enhanced,1,"{'colsample_bytree': 0.6, 'learning_rate': 0.05, 'max_depth': 3, 'min_child_samples': 50, 'n_estimators': 1000, 'num_leaves': 15, 'subsample': 0.8}",1.4864035223184,0.982986959624018,0.335871934890747
LightGBM,Enhanced,1,"{'colsample_bytree': 0.6, 'learning_rate': 0.05, 'max_depth': 3, 'min_child_samples': 50, 'n_estimators': 1000, 'num_leaves': 31, 'subsample': 0.6}",1.48640352202696,0.98298695963069,0.318373441696167
LightGBM,Enhanced,1,"{'colsample_bytree': 0.6, 'learning_rate': 0.05, 'max_depth': 3, 'min_child_samples': 50, 'n_estimators': 1000, 'num_leaves': 31, 'subsample': 0.8}",1.48563379147074,0.983004575393983,0.325469017028809
LightGBM,Enhanced,1,"{'colsample_bytree': 0.6, 'learning_rate': 0.05, 'max_depth': 3, 'min_child_samples': 50, 'n_estimators': 1000, 'num_leaves': 62, 'subsample': 0.6}",1.48723757045485,0.982967861612669,0.339281797409058
LightGBM,Enhanced,1,"{'colsample_bytree': 0.6, 'learning_rate': 0.05, 'max_depth': 3, 'min_child_samples': 50, 'n_estimators': 1000, 'num_leaves': 62, 'subsample': 0.8}",1.48640352226225,0.982986959625304,0.276182889938355
LightGBM,Enhanced,1,"{'colsample_bytree': 0.6, 'learning_rate': 0.05, 'max_depth': 3, 'min_child_samples': 100, 'n_estimators': 500, 'num_leaves': 15, 'subsample': 0.6}",1.8051593666696,0.974907751525154,0.232869148254395
LightGBM,Enhanced,1,"{'colsample_bytree': 0.6, 'learning_rate': 0.05, 'max_depth': 3, 'min_child_samples': 100, 'n_estimators': 500, 'num_leaves': 15, 'subsample': 0.8}",1.80515936559619,0.974907751554995,0.234823942184448
LightGBM,Enhanced,1,"{'colsample_bytree': 0.6, 'learning_rate': 0.05, 'max_depth': 3, 'min_child_samples': 100, 'n_estimators': 500, 'num_leaves': 31, 'subsample': 0.6}",1.80515937017371,0.974907751427738,0.234600067138672
LightGBM,Enhanced,1,"{'colsample_bytree': 0.6, 'learning_rate': 0.05, 'max_depth': 3, 'min_child_samples': 100, 'n_estimators': 500, 'num_leaves': 31, 'subsample': 0.8}",1.80515936477579,0.974907751577803,0.236584424972534
LightGBM,Enhanced,1,"{'colsample_bytree': 0.6, 'learning_rate': 0.05, 'max_depth': 3, 'min_child_samples': 100, 'n_estimators': 500, 'num_leaves': 62, 'subsample': 0.6}",1.80515936683689,0.974907751520503,0.23650598526001
LightGBM,Enhanced,1,"{'colsample_bytree': 0.6, 'learning_rate': 0.05, 'max_depth': 3, 'min_child_samples': 100, 'n_estimators': 500, 'num_leaves': 62, 'subsample': 0.8}",1.805159372221,0.974907751370822,0.235475063323975
LightGBM,Enhanced,1,"{'colsample_bytree': 0.6, 'learning_rate': 0.05, 'max_depth': 3, 'min_child_samples': 100, 'n_estimators': 750, 'num_leaves': 15, 'subsample': 0.6}",1.79073831820741,0.975307063784313,0.275941133499146
LightGBM,Enhanced,1,"{'colsample_bytree': 0.6, 'learning_rate': 0.05, 'max_depth': 3, 'min_child_samples': 100, 'n_estimators': 750, 'num_leaves': 15, 'subsample': 0.8}",1.79073831724978,0.975307063810722,0.287952899932861
LightGBM,Enhanced,1,"{'colsample_bytree': 0.6, 'learning_rate': 0.05, 'max_depth': 3, 'min_child_samples': 100, 'n_estimators': 750, 'num_leaves': 31, 'subsample': 0.6}",1.79073831553178,0.975307063858102,0.282090425491333
LightGBM,Enhanced,1,"{'colsample_bytree': 0.6, 'learning_rate': 0.05, 'max_depth': 3, 'min_child_samples': 100, 'n_estimators': 750, 'num_leaves': 31, 'subsample': 0.8}",1.7907383163413,0.975307063835777,0.287671804428101
LightGBM,Enhanced,1,"{'colsample_bytree': 0.6, 'learning_rate': 0.05, 'max_depth': 3, 'min_child_samples': 100, 'n_estimators': 750, 'num_leaves': 62, 'subsample': 0.6}",1.79073831474099,0.975307063879911,0.28681468963623
LightGBM,Enhanced,1,"{'colsample_bytree': 0.6, 'learning_rate': 0.05, 'max_depth': 3, 'min_child_samples': 100, 'n_estimators': 750, 'num_leaves': 62, 'subsample': 0.8}",1.79073831560989,0.975307063855948,0.290445327758789
LightGBM,Enhanced,1,"{'colsample_bytree': 0.6, 'learning_rate': 0.05, 'max_depth': 3, 'min_child_samples': 100, 'n_estimators': 1000, 'num_leaves': 15, 'subsample': 0.6}",1.79073831758997,0.975307063801341,0.288865804672241
LightGBM,Enhanced,1,"{'colsample_bytree': 0.6, 'learning_rate': 0.05, 'max_depth': 3, 'min_child_samples': 100, 'n_estimators': 1000, 'num_leaves': 15, 'subsample': 0.8}",1.79073831366566,0.975307063909567,0.27505373954773
LightGBM,Enhanced,1,"{'colsample_bytree': 0.6, 'learning_rate': 0.05, 'max_depth': 3, 'min_child_samples': 100, 'n_estimators': 1000, 'num_leaves': 31, 'subsample': 0.6}",1.79073831570883,0.97530706385322,0.283144474029541
LightGBM,Enhanced,1,"{'colsample_bytree': 0.6, 'learning_rate': 0.05, 'max_depth': 3, 'min_child_samples': 100, 'n_estimators': 1000, 'num_leaves': 31, 'subsample': 0.8}",1.79073831272758,0.975307063935438,0.350640773773193
LightGBM,Enhanced,1,"{'colsample_bytree': 0.6, 'learning_rate': 0.05, 'max_depth': 3, 'min_child_samples': 100, 'n_estimators': 1000, 'num_leaves': 62, 'subsample': 0.6}",1.79073831435963,0.975307063890428,0.334222078323364
LightGBM,Enhanced,1,"{'colsample_bytree': 0.6, 'learning_rate': 0.05, 'max_depth': 3, 'min_child_samples': 100, 'n_estimators': 1000, 'num_leaves': 62, 'subsample': 0.8}",1.79073831668547,0.975307063826285,0.312242269515991
LightGBM,Enhanced,1,"{'colsample_bytree': 0.6, 'learning_rate': 0.05, 'max_depth': 5, 'min_child_samples': 50, 'n_estimators': 500, 'num_leaves': 15, 'subsample': 0.6}",1.55933535861124,0.981276478456418,0.250279903411865
LightGBM,Enhanced,1,"{'colsample_bytree': 0.6, 'learning_rate': 0.05, 'max_depth': 5, 'min_child_samples': 50, 'n_estimators': 500, 'num_leaves': 15, 'subsample': 0.8}",1.55933535849693,0.981276478459163,0.259613275527954
LightGBM,Enhanced,1,"{'colsample_bytree': 0.6, 'learning_rate': 0.05, 'max_depth': 5, 'min_child_samples': 50, 'n_estimators': 500, 'num_leaves': 31, 'subsample': 0.6}",1.57095841570732,0.980996313411083,0.269617795944214
LightGBM,Enhanced,1,"{'colsample_bytree': 0.6, 'learning_rate': 0.05, 'max_depth': 5, 'min_child_samples': 50, 'n_estimators': 500, 'num_leaves': 31, 'subsample': 0.8}",1.57095841775065,0.980996313361647,0.276045799255371
LightGBM,Enhanced,1,"{'colsample_bytree': 0.6, 'learning_rate': 0.05, 'max_depth': 5, 'min_child_samples': 50, 'n_estimators': 500, 'num_leaves': 62, 'subsample': 0.6}",1.57095841214506,0.980996313497267,0.274653434753418
LightGBM,Enhanced,1,"{'colsample_bytree': 0.6, 'learning_rate': 0.05, 'max_depth': 5, 'min_child_samples': 50, 'n_estimators': 500, 'num_leaves': 62, 'subsample': 0.8}",1.57095841348343,0.980996313464887,0.283334255218506
LightGBM,Enhanced,1,"{'colsample_bytree': 0.6, 'learning_rate': 0.05, 'max_depth': 5, 'min_child_samples': 50, 'n_estimators': 750, 'num_leaves': 15, 'subsample': 0.6}",1.55933535311098,0.981276478588505,0.249956369400024
LightGBM,Enhanced,1,"{'colsample_bytree': 0.6, 'learning_rate': 0.05, 'max_depth': 5, 'min_child_samples': 50, 'n_estimators': 750, 'num_leaves': 15, 'subsample': 0.8}",1.55933535751739,0.981276478482686,0.254784822463989
LightGBM,Enhanced,1,"{'colsample_bytree': 0.6, 'learning_rate': 0.05, 'max_depth': 5, 'min_child_samples': 50, 'n_estimators': 750, 'num_leaves': 31, 'subsample': 0.6}",1.5709584159178,0.98099631340599,0.286629199981689
LightGBM,Enhanced,1,"{'colsample_bytree': 0.6, 'learning_rate': 0.05, 'max_depth': 5, 'min_child_samples': 50, 'n_estimators': 750, 'num_leaves': 31, 'subsample': 0.8}",1.57095842198689,0.980996313259156,0.271608591079712
LightGBM,Enhanced,1,"{'colsample_bytree': 0.6, 'learning_rate': 0.05, 'max_depth': 5, 'min_child_samples': 50, 'n_estimators': 750, 'num_leaves': 62, 'subsample': 0.6}",1.5709584210876,0.980996313280914,0.271471738815308
LightGBM,Enhanced,1,"{'colsample_bytree': 0.6, 'learning_rate': 0.05, 'max_depth': 5, 'min_child_samples': 50, 'n_estimators': 750, 'num_leaves': 62, 'subsample': 0.8}",1.57095842426542,0.98099631320403,0.283529281616211
LightGBM,Enhanced,1,"{'colsample_bytree': 0.6, 'learning_rate': 0.05, 'max_depth': 5, 'min_child_samples': 50, 'n_estimators': 1000, 'num_leaves': 15, 'subsample': 0.6}",1.55933535982379,0.981276478427299,0.253976583480835
LightGBM,Enhanced,1,"{'colsample_bytree': 0.6, 'learning_rate': 0.05, 'max_depth': 5, 'min_child_samples': 50, 'n_estimators': 1000, 'num_leaves': 15, 'subsample': 0.8}",1.55933535380041,0.981276478571949,0.253936767578125
LightGBM,Enhanced,1,"{'colsample_bytree': 0.6, 'learning_rate': 0.05, 'max_depth': 5, 'min_child_samples': 50, 'n_estimators': 1000, 'num_leaves': 31, 'subsample': 0.6}",1.57095842449359,0.98099631319851,0.275760173797607
LightGBM,Enhanced,1,"{'colsample_bytree': 0.6, 'learning_rate': 0.05, 'max_depth': 5, 'min_child_samples': 50, 'n_estimators': 1000, 'num_leaves': 31, 'subsample': 0.8}",1.57095842568875,0.980996313169594,0.222584247589111
LightGBM,Enhanced,1,"{'colsample_bytree': 0.6, 'learning_rate': 0.05, 'max_depth': 5, 'min_child_samples': 50, 'n_estimators': 1000, 'num_leaves': 62, 'subsample': 0.6}",1.57095841849515,0.980996313343635,0.22911524772644
LightGBM,Enhanced,1,"{'colsample_bytree': 0.6, 'learning_rate': 0.05, 'max_depth': 5, 'min_child_samples': 50, 'n_estimators': 1000, 'num_leaves': 62, 'subsample': 0.8}",1.57095841444759,0.98099631344156,0.225214004516602
LightGBM,Enhanced,1,"{'colsample_bytree': 0.6, 'learning_rate': 0.05, 'max_depth': 5, 'min_child_samples': 100, 'n_estimators': 500, 'num_leaves': 15, 'subsample': 0.6}",1.78253625644861,0.975532746295366,0.283439874649048
LightGBM,Enhanced,1,"{'colsample_bytree': 0.6, 'learning_rate': 0.05, 'max_depth': 5, 'min_child_samples': 100, 'n_estimators': 500, 'num_leaves': 15, 'subsample': 0.8}",1.7825362619814,0.975532746143479,0.276437520980835
LightGBM,Enhanced,1,"{'colsample_bytree': 0.6, 'learning_rate': 0.05, 'max_depth': 5, 'min_child_samples': 100, 'n_estimators': 500, 'num_leaves': 31, 'subsample': 0.6}",1.79470152845293,0.975197643450905,0.279839754104614
LightGBM,Enhanced,1,"{'colsample_bytree': 0.6, 'learning_rate': 0.05, 'max_depth': 5, 'min_child_samples': 100, 'n_estimators': 500, 'num_leaves': 31, 'subsample': 0.8}",1.79470152988047,0.975197643411448,0.276275873184204
LightGBM,Enhanced,1,"{'colsample_bytree': 0.6, 'learning_rate': 0.05, 'max_depth': 5, 'min_child_samples': 100, 'n_estimators': 500, 'num_leaves': 62, 'subsample': 0.6}",1.79470152994007,0.975197643409801,0.296068668365479
LightGBM,Enhanced,1,"{'colsample_bytree': 0.6, 'learning_rate': 0.05, 'max_depth': 5, 'min_child_samples': 100, 'n_estimators': 500, 'num_leaves': 62, 'subsample': 0.8}",1.79470152956646,0.975197643420128,0.30569052696228
LightGBM,Enhanced,1,"{'colsample_bytree': 0.6, 'learning_rate': 0.05, 'max_depth': 5, 'min_child_samples': 100, 'n_estimators': 750, 'num_leaves': 15, 'subsample': 0.6}",1.75437631371887,0.976299691917644,0.398212671279907
LightGBM,Enhanced,1,"{'colsample_bytree': 0.6, 'learning_rate': 0.05, 'max_depth': 5, 'min_child_samples': 100, 'n_estimators': 750, 'num_leaves': 15, 'subsample': 0.8}",1.75437631401792,0.976299691909564,0.404485940933228
LightGBM,Enhanced,1,"{'colsample_bytree': 0.6, 'learning_rate': 0.05, 'max_depth': 5, 'min_child_samples': 100, 'n_estimators': 750, 'num_leaves': 31, 'subsample': 0.6}",1.76452524142847,0.976024689977794,0.409717321395874
LightGBM,Enhanced,1,"{'colsample_bytree': 0.6, 'learning_rate': 0.05, 'max_depth': 5, 'min_child_samples': 100, 'n_estimators': 750, 'num_leaves': 31, 'subsample': 0.8}",1.76452524079395,0.976024689995037,0.411203145980835
LightGBM,Enhanced,1,"{'colsample_bytree': 0.6, 'learning_rate': 0.05, 'max_depth': 5, 'min_child_samples': 100, 'n_estimators': 750, 'num_leaves': 62, 'subsample': 0.6}",1.76452523981379,0.976024690021673,0.412006855010986
LightGBM,Enhanced,1,"{'colsample_bytree': 0.6, 'learning_rate': 0.05, 'max_depth': 5, 'min_child_samples': 100, 'n_estimators': 750, 'num_leaves': 62, 'subsample': 0.8}",1.76452524159809,0.976024689973185,0.406609058380127
LightGBM,Enhanced,1,"{'colsample_bytree': 0.6, 'learning_rate': 0.05, 'max_depth': 5, 'min_child_samples': 100, 'n_estimators': 1000, 'num_leaves': 15, 'subsample': 0.6}",1.7375431877392,0.976752315813352,0.507948637008667
LightGBM,Enhanced,1,"{'colsample_bytree': 0.6, 'learning_rate': 0.05, 'max_depth': 5, 'min_child_samples': 100, 'n_estimators': 1000, 'num_leaves': 15, 'subsample': 0.8}",1.73754318456152,0.976752315898384,0.502620935440064
LightGBM,Enhanced,1,"{'colsample_bytree': 0.6, 'learning_rate': 0.05, 'max_depth': 5, 'min_child_samples': 100, 'n_estimators': 1000, 'num_leaves': 31, 'subsample': 0.6}",1.73405821868356,0.976845477482902,0.52082109451294
LightGBM,Enhanced,1,"{'colsample_bytree': 0.6, 'learning_rate': 0.05, 'max_depth': 5, 'min_child_samples': 100, 'n_estimators': 1000, 'num_leaves': 31, 'subsample': 0.8}",1.73405821836564,0.976845477491392,0.504082918167114
LightGBM,Enhanced,1,"{'colsample_bytree': 0.6, 'learning_rate': 0.05, 'max_depth': 5, 'min_child_samples': 100, 'n_estimators': 1000, 'num_leaves': 62, 'subsample': 0.6}",1.7340582235277,0.976845477353537,0.507764101028442
LightGBM,Enhanced,1,"{'colsample_bytree': 0.6, 'learning_rate': 0.05, 'max_depth': 5, 'min_child_samples': 100, 'n_estimators': 1000, 'num_leaves': 62, 'subsample': 0.8}",1.73405821927671,0.976845477467062,0.504631757736206
LightGBM,Enhanced,1,"{'colsample_bytree': 0.6, 'learning_rate': 0.05, 'max_depth': 9, 'min_child_samples': 50, 'n_estimators': 500, 'num_leaves': 15, 'subsample': 0.6}",1.58218922915124,0.980723626682844,0.239910364151001
LightGBM,Enhanced,1,"{'colsample_bytree': 0.6, 'learning_rate': 0.05, 'max_depth': 9, 'min_child_samples': 50, 'n_estimators': 500, 'num_leaves': 15, 'subsample': 0.8}",1.58218923057851,0.980723626648066,0.246059894561768
LightGBM,Enhanced,1,"{'colsample_bytree': 0.6, 'learning_rate': 0.05, 'max_depth': 9, 'min_child_samples': 50, 'n_estimators': 500, 'num_leaves': 31, 'subsample': 0.6}",1.57339875213114,0.980937226667586,0.331806659698486
LightGBM,Enhanced,1,"{'colsample_bytree': 0.6, 'learning_rate': 0.05, 'max_depth': 9, 'min_child_samples': 50, 'n_estimators': 500, 'num_leaves': 31, 'subsample': 0.8}",1.5733974974079,0.980937257071189,0.333191394805908
LightGBM,Enhanced,1,"{'colsample_bytree': 0.6, 'learning_rate': 0.05, 'max_depth': 9, 'min_child_samples': 50, 'n_estimators': 500, 'num_leaves': 62, 'subsample': 0.6}",1.5544997282186,0.981392424834728,0.537790536880493
LightGBM,Enhanced,1,"{'colsample_bytree': 0.6, 'learning_rate': 0.05, 'max_depth': 9, 'min_child_samples': 50, 'n_estimators': 500, 'num_leaves': 62, 'subsample': 0.8}",1.55451284808804,0.981392110740126,0.531402111053467
LightGBM,Enhanced,1,"{'colsample_bytree': 0.6, 'learning_rate': 0.05, 'max_depth': 9, 'min_child_samples': 50, 'n_estimators': 750, 'num_leaves': 15, 'subsample': 0.6}",1.58218923090407,0.980723626640133,0.243551254272461
LightGBM,Enhanced,1,"{'colsample_bytree': 0.6, 'learning_rate': 0.05, 'max_depth': 9, 'min_child_samples': 50, 'n_estimators': 750, 'num_leaves': 15, 'subsample': 0.8}",1.58218922670771,0.980723626742385,0.240830421447754
LightGBM,Enhanced,1,"{'colsample_bytree': 0.6, 'learning_rate': 0.05, 'max_depth': 9, 'min_child_samples': 50, 'n_estimators': 750, 'num_leaves': 31, 'subsample': 0.6}",1.57339875007478,0.980937226717415,0.336290597915649
LightGBM,Enhanced,1,"{'colsample_bytree': 0.6, 'learning_rate': 0.05, 'max_depth': 9, 'min_child_samples': 50, 'n_estimators': 750, 'num_leaves': 31, 'subsample': 0.8}",1.57339749353608,0.980937257165008,0.327388525009155
LightGBM,Enhanced,1,"{'colsample_bytree': 0.6, 'learning_rate': 0.05, 'max_depth': 9, 'min_child_samples': 50, 'n_estimators': 750, 'num_leaves': 62, 'subsample': 0.6}",1.54924454202207,0.981518022775795,0.574295520782471
LightGBM,Enhanced,1,"{'colsample_bytree': 0.6, 'learning_rate': 0.05, 'max_depth': 9, 'min_child_samples': 50, 'n_estimators': 750, 'num_leaves': 62, 'subsample': 0.8}",1.5492582956569,0.981517694621669,0.585453033447266
LightGBM,Enhanced,1,"{'colsample_bytree': 0.6, 'learning_rate': 0.05, 'max_depth': 9, 'min_child_samples': 50, 'n_estimators': 1000, 'num_leaves': 15, 'subsample': 0.6}",1.58218922945782,0.980723626675374,0.237216949462891
LightGBM,Enhanced,1,"{'colsample_bytree': 0.6, 'learning_rate': 0.05, 'max_depth': 9, 'min_child_samples': 50, 'n_estimators': 1000, 'num_leaves': 15, 'subsample': 0.8}",1.58218923002253,0.980723626661614,0.236483812332153
LightGBM,Enhanced,1,"{'colsample_bytree': 0.6, 'learning_rate': 0.05, 'max_depth': 9, 'min_child_samples': 50, 'n_estimators': 1000, 'num_leaves': 31, 'subsample': 0.6}",1.57339737823823,0.980937259958826,0.335638284683228
LightGBM,Enhanced,1,"{'colsample_bytree': 0.6, 'learning_rate': 0.05, 'max_depth': 9, 'min_child_samples': 50, 'n_estimators': 1000, 'num_leaves': 31, 'subsample': 0.8}",1.57339629011414,0.98093728632549,0.320895433425903
LightGBM,Enhanced,1,"{'colsample_bytree': 0.6, 'learning_rate': 0.05, 'max_depth': 9, 'min_child_samples': 50, 'n_estimators': 1000, 'num_leaves': 62, 'subsample': 0.6}",1.54924454485656,0.981518022708166,0.575378179550171
LightGBM,Enhanced,1,"{'colsample_bytree': 0.6, 'learning_rate': 0.05, 'max_depth': 9, 'min_child_samples': 50, 'n_estimators': 1000, 'num_leaves': 62, 'subsample': 0.8}",1.54925929794393,0.981517670707541,0.586444139480591
LightGBM,Enhanced,1,"{'colsample_bytree': 0.6, 'learning_rate': 0.05, 'max_depth': 9, 'min_child_samples': 100, 'n_estimators': 500, 'num_leaves': 15, 'subsample': 0.6}",1.76295665942033,0.976067296933481,0.463717460632324
LightGBM,Enhanced,1,"{'colsample_bytree': 0.6, 'learning_rate': 0.05, 'max_depth': 9, 'min_child_samples': 100, 'n_estimators': 500, 'num_leaves': 15, 'subsample': 0.8}",1.76295665619274,0.976067297021112,0.472966909408569
LightGBM,Enhanced,1,"{'colsample_bytree': 0.6, 'learning_rate': 0.05, 'max_depth': 9, 'min_child_samples': 100, 'n_estimators': 500, 'num_leaves': 31, 'subsample': 0.6}",1.76979550738801,0.97588125767419,0.51295280456543
LightGBM,Enhanced,1,"{'colsample_bytree': 0.6, 'learning_rate': 0.05, 'max_depth': 9, 'min_child_samples': 100, 'n_estimators': 500, 'num_leaves': 31, 'subsample': 0.8}",1.76980122097902,0.975881101944501,0.502707958221436
LightGBM,Enhanced,1,"{'colsample_bytree': 0.6, 'learning_rate': 0.05, 'max_depth': 9, 'min_child_samples': 100, 'n_estimators': 500, 'num_leaves': 62, 'subsample': 0.6}",1.76980182745506,0.975881085414355,0.500663042068481
LightGBM,Enhanced,1,"{'colsample_bytree': 0.6, 'learning_rate': 0.05, 'max_depth': 9, 'min_child_samples': 100, 'n_estimators': 500, 'num_leaves': 62, 'subsample': 0.8}",1.76980006980675,0.975881133320904,0.516563653945923
LightGBM,Enhanced,1,"{'colsample_bytree': 0.6, 'learning_rate': 0.05, 'max_depth': 9, 'min_child_samples': 100, 'n_estimators': 750, 'num_leaves': 15, 'subsample': 0.6}",1.72887983378312,0.976983562809481,0.643565177917481
LightGBM,Enhanced,1,"{'colsample_bytree': 0.6, 'learning_rate': 0.05, 'max_depth': 9, 'min_child_samples': 100, 'n_estimators': 750, 'num_leaves': 15, 'subsample': 0.8}",1.72887983524574,0.976983562770537,0.659102916717529
LightGBM,Enhanced,1,"{'colsample_bytree': 0.6, 'learning_rate': 0.05, 'max_depth': 9, 'min_child_samples': 100, 'n_estimators': 750, 'num_leaves': 31, 'subsample': 0.6}",1.73927873239604,0.976705850729949,0.688958406448364
LightGBM,Enhanced,1,"{'colsample_bytree': 0.6, 'learning_rate': 0.05, 'max_depth': 9, 'min_child_samples': 100, 'n_estimators': 750, 'num_leaves': 31, 'subsample': 0.8}",1.73927908052193,0.976705841405052,0.691384553909302
LightGBM,Enhanced,1,"{'colsample_bytree': 0.6, 'learning_rate': 0.05, 'max_depth': 9, 'min_child_samples': 100, 'n_estimators': 750, 'num_leaves': 62, 'subsample': 0.6}",1.73927417447575,0.976705972818185,0.704182147979736
LightGBM,Enhanced,1,"{'colsample_bytree': 0.6, 'learning_rate': 0.05, 'max_depth': 9, 'min_child_samples': 100, 'n_estimators': 750, 'num_leaves': 62, 'subsample': 0.8}",1.73927873072808,0.976705850774627,0.707374811172485
LightGBM,Enhanced,1,"{'colsample_bytree': 0.6, 'learning_rate': 0.05, 'max_depth': 9, 'min_child_samples': 100, 'n_estimators': 1000, 'num_leaves': 15, 'subsample': 0.6}",1.70663188991859,0.977572121526146,0.827087163925171
LightGBM,Enhanced,1,"{'colsample_bytree': 0.6, 'learning_rate': 0.05, 'max_depth': 9, 'min_child_samples': 100, 'n_estimators': 1000, 'num_leaves': 15, 'subsample': 0.8}",1.70663380946226,0.977572071074356,0.830565690994263
LightGBM,Enhanced,1,"{'colsample_bytree': 0.6, 'learning_rate': 0.05, 'max_depth': 9, 'min_child_samples': 100, 'n_estimators': 1000, 'num_leaves': 31, 'subsample': 0.6}",1.72682784779099,0.977038166232788,0.887147188186646
LightGBM,Enhanced,1,"{'colsample_bytree': 0.6, 'learning_rate': 0.05, 'max_depth': 9, 'min_child_samples': 100, 'n_estimators': 1000, 'num_leaves': 31, 'subsample': 0.8}",1.72681658501401,0.977038465756762,0.888911247253418
LightGBM,Enhanced,1,"{'colsample_bytree': 0.6, 'learning_rate': 0.05, 'max_depth': 9, 'min_child_samples': 100, 'n_estimators': 1000, 'num_leaves': 62, 'subsample': 0.6}",1.7268460809626,0.977037681332957,0.88476824760437
LightGBM,Enhanced,1,"{'colsample_bytree': 0.6, 'learning_rate': 0.05, 'max_depth': 9, 'min_child_samples': 100, 'n_estimators': 1000, 'num_leaves': 62, 'subsample': 0.8}",1.72683103317143,0.977038081519951,0.876647233963013
LightGBM,Enhanced,1,"{'colsample_bytree': 0.8, 'learning_rate': 0.01, 'max_depth': 3, 'min_child_samples': 50, 'n_estimators': 500, 'num_leaves': 15, 'subsample': 0.6}",1.62774487750733,0.979597604800452,0.245330095291138
LightGBM,Enhanced,1,"{'colsample_bytree': 0.8, 'learning_rate': 0.01, 'max_depth': 3, 'min_child_samples': 50, 'n_estimators': 500, 'num_leaves': 15, 'subsample': 0.8}",1.62758035421187,0.97960172891069,0.25028920173645
LightGBM,Enhanced,1,"{'colsample_bytree': 0.8, 'learning_rate': 0.01, 'max_depth': 3, 'min_child_samples': 50, 'n_estimators': 500, 'num_leaves': 31, 'subsample': 0.6}",1.62758035248134,0.979601728954067,0.249170064926147
LightGBM,Enhanced,1,"{'colsample_bytree': 0.8, 'learning_rate': 0.01, 'max_depth': 3, 'min_child_samples': 50, 'n_estimators': 500, 'num_leaves': 31, 'subsample': 0.8}",1.62758035445454,0.979601728904607,0.25516414642334
LightGBM,Enhanced,1,"{'colsample_bytree': 0.8, 'learning_rate': 0.01, 'max_depth': 3, 'min_child_samples': 50, 'n_estimators': 500, 'num_leaves': 62, 'subsample': 0.6}",1.62741625920062,0.979605841869878,0.257659435272217
LightGBM,Enhanced,1,"{'colsample_bytree': 0.8, 'learning_rate': 0.01, 'max_depth': 3, 'min_child_samples': 50, 'n_estimators': 500, 'num_leaves': 62, 'subsample': 0.8}",1.62774487624685,0.97959760483205,0.254551410675049
LightGBM,Enhanced,1,"{'colsample_bytree': 0.8, 'learning_rate': 0.01, 'max_depth': 3, 'min_child_samples': 50, 'n_estimators': 750, 'num_leaves': 15, 'subsample': 0.6}",1.55768706804297,0.981316040815609,0.321810245513916
LightGBM,Enhanced,1,"{'colsample_bytree': 0.8, 'learning_rate': 0.01, 'max_depth': 3, 'min_child_samples': 50, 'n_estimators': 750, 'num_leaves': 15, 'subsample': 0.8}",1.55783921707848,0.981312390679118,0.324458122253418
LightGBM,Enhanced,1,"{'colsample_bytree': 0.8, 'learning_rate': 0.01, 'max_depth': 3, 'min_child_samples': 50, 'n_estimators': 750, 'num_leaves': 31, 'subsample': 0.6}",1.55783921493059,0.98131239073065,0.317428112030029
LightGBM,Enhanced,1,"{'colsample_bytree': 0.8, 'learning_rate': 0.01, 'max_depth': 3, 'min_child_samples': 50, 'n_estimators': 750, 'num_leaves': 31, 'subsample': 0.8}",1.55769005706477,0.981315969110815,0.328078508377075
LightGBM,Enhanced,1,"{'colsample_bytree': 0.8, 'learning_rate': 0.01, 'max_depth': 3, 'min_child_samples': 50, 'n_estimators': 750, 'num_leaves': 62, 'subsample': 0.6}",1.55783921746039,0.981312390669956,0.31877875328064
LightGBM,Enhanced,1,"{'colsample_bytree': 0.8, 'learning_rate': 0.01, 'max_depth': 3, 'min_child_samples': 50, 'n_estimators': 750, 'num_leaves': 62, 'subsample': 0.8}",1.55783921854213,0.981312390644003,0.327365875244141
LightGBM,Enhanced,1,"{'colsample_bytree': 0.8, 'learning_rate': 0.01, 'max_depth': 3, 'min_child_samples': 50, 'n_estimators': 1000, 'num_leaves': 15, 'subsample': 0.6}",1.52965753386868,0.981982401657815,0.397462606430054
LightGBM,Enhanced,1,"{'colsample_bytree': 0.8, 'learning_rate': 0.01, 'max_depth': 3, 'min_child_samples': 50, 'n_estimators': 1000, 'num_leaves': 15, 'subsample': 0.8}",1.5295592056755,0.981984717968374,0.388613700866699
LightGBM,Enhanced,1,"{'colsample_bytree': 0.8, 'learning_rate': 0.01, 'max_depth': 3, 'min_child_samples': 50, 'n_estimators': 1000, 'num_leaves': 31, 'subsample': 0.6}",1.52970457320076,0.981981293502813,0.394704580307007
LightGBM,Enhanced,1,"{'colsample_bytree': 0.8, 'learning_rate': 0.01, 'max_depth': 3, 'min_child_samples': 50, 'n_estimators': 1000, 'num_leaves': 31, 'subsample': 0.8}",1.52970457530496,0.981981293453242,0.395787477493286
LightGBM,Enhanced,1,"{'colsample_bytree': 0.8, 'learning_rate': 0.01, 'max_depth': 3, 'min_child_samples': 50, 'n_estimators': 1000, 'num_leaves': 62, 'subsample': 0.6}",1.52955920654174,0.981984717947969,0.408562183380127
LightGBM,Enhanced,1,"{'colsample_bytree': 0.8, 'learning_rate': 0.01, 'max_depth': 3, 'min_child_samples': 50, 'n_estimators': 1000, 'num_leaves': 62, 'subsample': 0.8}",1.52970457439865,0.981981293474593,0.387079954147339
LightGBM,Enhanced,1,"{'colsample_bytree': 0.8, 'learning_rate': 0.01, 'max_depth': 3, 'min_child_samples': 100, 'n_estimators': 500, 'num_leaves': 15, 'subsample': 0.6}",2.08180334675059,0.966627565767425,0.232345819473267
LightGBM,Enhanced,1,"{'colsample_bytree': 0.8, 'learning_rate': 0.01, 'max_depth': 3, 'min_child_samples': 100, 'n_estimators': 500, 'num_leaves': 15, 'subsample': 0.8}",2.08180334706043,0.966627565757491,0.23190188407898
LightGBM,Enhanced,1,"{'colsample_bytree': 0.8, 'learning_rate': 0.01, 'max_depth': 3, 'min_child_samples': 100, 'n_estimators': 500, 'num_leaves': 31, 'subsample': 0.6}",2.08180334569231,0.966627565801354,0.248666048049927
LightGBM,Enhanced,1,"{'colsample_bytree': 0.8, 'learning_rate': 0.01, 'max_depth': 3, 'min_child_samples': 100, 'n_estimators': 500, 'num_leaves': 31, 'subsample': 0.8}",2.08180334749333,0.966627565743612,0.236736536026001
LightGBM,Enhanced,1,"{'colsample_bytree': 0.8, 'learning_rate': 0.01, 'max_depth': 3, 'min_child_samples': 100, 'n_estimators': 500, 'num_leaves': 62, 'subsample': 0.6}",2.08180334733016,0.966627565748843,0.237483501434326
LightGBM,Enhanced,1,"{'colsample_bytree': 0.8, 'learning_rate': 0.01, 'max_depth': 3, 'min_child_samples': 100, 'n_estimators': 500, 'num_leaves': 62, 'subsample': 0.8}",2.0818033478881,0.966627565730955,0.242637872695923
LightGBM,Enhanced,1,"{'colsample_bytree': 0.8, 'learning_rate': 0.01, 'max_depth': 3, 'min_child_samples': 100, 'n_estimators': 750, 'num_leaves': 15, 'subsample': 0.6}",1.99578023371937,0.969328577730714,0.306416034698486
LightGBM,Enhanced,1,"{'colsample_bytree': 0.8, 'learning_rate': 0.01, 'max_depth': 3, 'min_child_samples': 100, 'n_estimators': 750, 'num_leaves': 15, 'subsample': 0.8}",1.99578023263429,0.969328577764065,0.308632135391235
LightGBM,Enhanced,1,"{'colsample_bytree': 0.8, 'learning_rate': 0.01, 'max_depth': 3, 'min_child_samples': 100, 'n_estimators': 750, 'num_leaves': 31, 'subsample': 0.6}",1.99578023343445,0.969328577739471,0.305861949920654
LightGBM,Enhanced,1,"{'colsample_bytree': 0.8, 'learning_rate': 0.01, 'max_depth': 3, 'min_child_samples': 100, 'n_estimators': 750, 'num_leaves': 31, 'subsample': 0.8}",1.99578023129691,0.969328577805171,0.3170006275177
LightGBM,Enhanced,1,"{'colsample_bytree': 0.8, 'learning_rate': 0.01, 'max_depth': 3, 'min_child_samples': 100, 'n_estimators': 750, 'num_leaves': 62, 'subsample': 0.6}",1.99578023400186,0.969328577722031,0.311352014541626
LightGBM,Enhanced,1,"{'colsample_bytree': 0.8, 'learning_rate': 0.01, 'max_depth': 3, 'min_child_samples': 100, 'n_estimators': 750, 'num_leaves': 62, 'subsample': 0.8}",1.99578023371917,0.96932857773072,0.308454990386963
LightGBM,Enhanced,1,"{'colsample_bytree': 0.8, 'learning_rate': 0.01, 'max_depth': 3, 'min_child_samples': 100, 'n_estimators': 1000, 'num_leaves': 15, 'subsample': 0.6}",1.94579275261912,0.970845765408691,0.375576734542847
LightGBM,Enhanced,1,"{'colsample_bytree': 0.8, 'learning_rate': 0.01, 'max_depth': 3, 'min_child_samples': 100, 'n_estimators': 1000, 'num_leaves': 15, 'subsample': 0.8}",1.94579275186267,0.970845765431359,0.374553918838501
LightGBM,Enhanced,1,"{'colsample_bytree': 0.8, 'learning_rate': 0.01, 'max_depth': 3, 'min_child_samples': 100, 'n_estimators': 1000, 'num_leaves': 31, 'subsample': 0.6}",1.94579275156477,0.970845765440286,0.381646633148193
LightGBM,Enhanced,1,"{'colsample_bytree': 0.8, 'learning_rate': 0.01, 'max_depth': 3, 'min_child_samples': 100, 'n_estimators': 1000, 'num_leaves': 31, 'subsample': 0.8}",1.94579275086461,0.970845765461267,0.379483222961426
LightGBM,Enhanced,1,"{'colsample_bytree': 0.8, 'learning_rate': 0.01, 'max_depth': 3, 'min_child_samples': 100, 'n_estimators': 1000, 'num_leaves': 62, 'subsample': 0.6}",1.94579275177287,0.97084576543405,0.388516664505005
LightGBM,Enhanced,1,"{'colsample_bytree': 0.8, 'learning_rate': 0.01, 'max_depth': 3, 'min_child_samples': 100, 'n_estimators': 1000, 'num_leaves': 62, 'subsample': 0.8}",1.94579275198021,0.970845765427837,0.379700183868408
LightGBM,Enhanced,1,"{'colsample_bytree': 0.8, 'learning_rate': 0.01, 'max_depth': 5, 'min_child_samples': 50, 'n_estimators': 500, 'num_leaves': 15, 'subsample': 0.6}",1.58750704017884,0.980593831363862,0.362890720367432
LightGBM,Enhanced,1,"{'colsample_bytree': 0.8, 'learning_rate': 0.01, 'max_depth': 5, 'min_child_samples': 50, 'n_estimators': 500, 'num_leaves': 15, 'subsample': 0.8}",1.58755709621939,0.980592607544056,0.375170230865479
LightGBM,Enhanced,1,"{'colsample_bytree': 0.8, 'learning_rate': 0.01, 'max_depth': 5, 'min_child_samples': 50, 'n_estimators': 500, 'num_leaves': 31, 'subsample': 0.6}",1.58691933715925,0.980608197224941,0.360470056533814
LightGBM,Enhanced,1,"{'colsample_bytree': 0.8, 'learning_rate': 0.01, 'max_depth': 5, 'min_child_samples': 50, 'n_estimators': 500, 'num_leaves': 31, 'subsample': 0.8}",1.58691933415454,0.980608197298375,0.36500358581543
LightGBM,Enhanced,1,"{'colsample_bytree': 0.8, 'learning_rate': 0.01, 'max_depth': 5, 'min_child_samples': 50, 'n_estimators': 500, 'num_leaves': 62, 'subsample': 0.6}",1.58695707681055,0.980607274873615,0.372458219528198
LightGBM,Enhanced,1,"{'colsample_bytree': 0.8, 'learning_rate': 0.01, 'max_depth': 5, 'min_child_samples': 50, 'n_estimators': 500, 'num_leaves': 62, 'subsample': 0.8}",1.58695716302114,0.980607272766617,0.362788438796997
LightGBM,Enhanced,1,"{'colsample_bytree': 0.8, 'learning_rate': 0.01, 'max_depth': 5, 'min_child_samples': 50, 'n_estimators': 750, 'num_leaves': 15, 'subsample': 0.6}",1.56483268644655,0.981144228814699,0.466017007827759
LightGBM,Enhanced,1,"{'colsample_bytree': 0.8, 'learning_rate': 0.01, 'max_depth': 5, 'min_child_samples': 50, 'n_estimators': 750, 'num_leaves': 15, 'subsample': 0.8}",1.56484737052542,0.981143874935422,0.451328992843628
LightGBM,Enhanced,1,"{'colsample_bytree': 0.8, 'learning_rate': 0.01, 'max_depth': 5, 'min_child_samples': 50, 'n_estimators': 750, 'num_leaves': 31, 'subsample': 0.6}",1.56331014887862,0.981180903219467,0.461181402206421
LightGBM,Enhanced,1,"{'colsample_bytree': 0.8, 'learning_rate': 0.01, 'max_depth': 5, 'min_child_samples': 50, 'n_estimators': 750, 'num_leaves': 31, 'subsample': 0.8}",1.56324530102975,0.98118246446134,0.471821546554565
LightGBM,Enhanced,1,"{'colsample_bytree': 0.8, 'learning_rate': 0.01, 'max_depth': 5, 'min_child_samples': 50, 'n_estimators': 750, 'num_leaves': 62, 'subsample': 0.6}",1.56331047778931,0.981180895300625,0.466855525970459
LightGBM,Enhanced,1,"{'colsample_bytree': 0.8, 'learning_rate': 0.01, 'max_depth': 5, 'min_child_samples': 50, 'n_estimators': 750, 'num_leaves': 62, 'subsample': 0.8}",1.5633786489224,0.981179253978979,0.468209981918335
LightGBM,Enhanced,1,"{'colsample_bytree': 0.8, 'learning_rate': 0.01, 'max_depth': 5, 'min_child_samples': 50, 'n_estimators': 1000, 'num_leaves': 15, 'subsample': 0.6}",1.56218549908401,0.981207970503974,0.484171390533447
LightGBM,Enhanced,1,"{'colsample_bytree': 0.8, 'learning_rate': 0.01, 'max_depth': 5, 'min_child_samples': 50, 'n_estimators': 1000, 'num_leaves': 15, 'subsample': 0.8}",1.56213236342034,0.981209248854052,0.486085891723633
LightGBM,Enhanced,1,"{'colsample_bytree': 0.8, 'learning_rate': 0.01, 'max_depth': 5, 'min_child_samples': 50, 'n_estimators': 1000, 'num_leaves': 31, 'subsample': 0.6}",1.56043490925652,0.981250063716819,0.496197462081909
LightGBM,Enhanced,1,"{'colsample_bytree': 0.8, 'learning_rate': 0.01, 'max_depth': 5, 'min_child_samples': 50, 'n_estimators': 1000, 'num_leaves': 31, 'subsample': 0.8}",1.56043464354597,0.98125007010229,0.492572546005249
LightGBM,Enhanced,1,"{'colsample_bytree': 0.8, 'learning_rate': 0.01, 'max_depth': 5, 'min_child_samples': 50, 'n_estimators': 1000, 'num_leaves': 62, 'subsample': 0.6}",1.56057348642471,0.98124673332677,0.499862194061279
LightGBM,Enhanced,1,"{'colsample_bytree': 0.8, 'learning_rate': 0.01, 'max_depth': 5, 'min_child_samples': 50, 'n_estimators': 1000, 'num_leaves': 62, 'subsample': 0.8}",1.56037053849823,0.981251610622384,0.490108013153076
LightGBM,Enhanced,1,"{'colsample_bytree': 0.8, 'learning_rate': 0.01, 'max_depth': 5, 'min_child_samples': 100, 'n_estimators': 500, 'num_leaves': 15, 'subsample': 0.6}",2.08778513794294,0.966435507536288,0.318790912628174
LightGBM,Enhanced,1,"{'colsample_bytree': 0.8, 'learning_rate': 0.01, 'max_depth': 5, 'min_child_samples': 100, 'n_estimators': 500, 'num_leaves': 15, 'subsample': 0.8}",2.08778513815833,0.966435507529362,0.322998523712158
LightGBM,Enhanced,1,"{'colsample_bytree': 0.8, 'learning_rate': 0.01, 'max_depth': 5, 'min_child_samples': 100, 'n_estimators': 500, 'num_leaves': 31, 'subsample': 0.6}",2.08892031791304,0.966398997938357,0.321710109710693
LightGBM,Enhanced,1,"{'colsample_bytree': 0.8, 'learning_rate': 0.01, 'max_depth': 5, 'min_child_samples': 100, 'n_estimators': 500, 'num_leaves': 31, 'subsample': 0.8}",2.08921496002658,0.96638951843031,0.314576148986816
LightGBM,Enhanced,1,"{'colsample_bytree': 0.8, 'learning_rate': 0.01, 'max_depth': 5, 'min_child_samples': 100, 'n_estimators': 500, 'num_leaves': 62, 'subsample': 0.6}",2.08892031540364,0.966398998019086,0.325469017028809
LightGBM,Enhanced,1,"{'colsample_bytree': 0.8, 'learning_rate': 0.01, 'max_depth': 5, 'min_child_samples': 100, 'n_estimators': 500, 'num_leaves': 62, 'subsample': 0.8}",2.08921495942532,0.966389518449656,0.312773704528809
LightGBM,Enhanced,1,"{'colsample_bytree': 0.8, 'learning_rate': 0.01, 'max_depth': 5, 'min_child_samples': 100, 'n_estimators': 750, 'num_leaves': 15, 'subsample': 0.6}",2.00065394341559,0.969178595156876,0.421444892883301
LightGBM,Enhanced,1,"{'colsample_bytree': 0.8, 'learning_rate': 0.01, 'max_depth': 5, 'min_child_samples': 100, 'n_estimators': 750, 'num_leaves': 15, 'subsample': 0.8}",2.00207259964186,0.969134868973608,0.419480800628662
LightGBM,Enhanced,1,"{'colsample_bytree': 0.8, 'learning_rate': 0.01, 'max_depth': 5, 'min_child_samples': 100, 'n_estimators': 750, 'num_leaves': 31, 'subsample': 0.6}",2.00375390290663,0.969083007282649,0.413423299789429
LightGBM,Enhanced,1,"{'colsample_bytree': 0.8, 'learning_rate': 0.01, 'max_depth': 5, 'min_child_samples': 100, 'n_estimators': 750, 'num_leaves': 31, 'subsample': 0.8}",2.00203007246777,0.969136180207636,0.422171831130981
LightGBM,Enhanced,1,"{'colsample_bytree': 0.8, 'learning_rate': 0.01, 'max_depth': 5, 'min_child_samples': 100, 'n_estimators': 750, 'num_leaves': 62, 'subsample': 0.6}",2.00375390331074,0.969083007270178,0.41629695892334
LightGBM,Enhanced,1,"{'colsample_bytree': 0.8, 'learning_rate': 0.01, 'max_depth': 5, 'min_child_samples': 100, 'n_estimators': 750, 'num_leaves': 62, 'subsample': 0.8}",2.00375390361669,0.969083007260737,0.420381546020508
LightGBM,Enhanced,1,"{'colsample_bytree': 0.8, 'learning_rate': 0.01, 'max_depth': 5, 'min_child_samples': 100, 'n_estimators': 1000, 'num_leaves': 15, 'subsample': 0.6}",1.93804313653015,0.971077531309758,0.51557993888855
LightGBM,Enhanced,1,"{'colsample_bytree': 0.8, 'learning_rate': 0.01, 'max_depth': 5, 'min_child_samples': 100, 'n_estimators': 1000, 'num_leaves': 15, 'subsample': 0.8}",1.93804313574238,0.971077531333271,0.510010480880737
LightGBM,Enhanced,1,"{'colsample_bytree': 0.8, 'learning_rate': 0.01, 'max_depth': 5, 'min_child_samples': 100, 'n_estimators': 1000, 'num_leaves': 31, 'subsample': 0.6}",1.9411512548225,0.970984688652142,0.513704776763916
LightGBM,Enhanced,1,"{'colsample_bytree': 0.8, 'learning_rate': 0.01, 'max_depth': 5, 'min_child_samples': 100, 'n_estimators': 1000, 'num_leaves': 31, 'subsample': 0.8}",1.94115125499663,0.970984688646937,0.522193193435669
LightGBM,Enhanced,1,"{'colsample_bytree': 0.8, 'learning_rate': 0.01, 'max_depth': 5, 'min_child_samples': 100, 'n_estimators': 1000, 'num_leaves': 62, 'subsample': 0.6}",1.9411512552087,0.970984688640597,0.517436981201172
LightGBM,Enhanced,1,"{'colsample_bytree': 0.8, 'learning_rate': 0.01, 'max_depth': 5, 'min_child_samples': 100, 'n_estimators': 1000, 'num_leaves': 62, 'subsample': 0.8}",1.94115125456335,0.97098468865989,0.519841432571411
LightGBM,Enhanced,1,"{'colsample_bytree': 0.8, 'learning_rate': 0.01, 'max_depth': 9, 'min_child_samples': 50, 'n_estimators': 500, 'num_leaves': 15, 'subsample': 0.6}",1.58225349476203,0.980722060709519,0.476666450500488
LightGBM,Enhanced,1,"{'colsample_bytree': 0.8, 'learning_rate': 0.01, 'max_depth': 9, 'min_child_samples': 50, 'n_estimators': 500, 'num_leaves': 15, 'subsample': 0.8}",1.58225349283158,0.980722060756559,0.474220514297485
LightGBM,Enhanced,1,"{'colsample_bytree': 0.8, 'learning_rate': 0.01, 'max_depth': 9, 'min_child_samples': 50, 'n_estimators': 500, 'num_leaves': 31, 'subsample': 0.6}",1.57893228006097,0.980802906135123,0.700250387191773
LightGBM,Enhanced,1,"{'colsample_bytree': 0.8, 'learning_rate': 0.01, 'max_depth': 9, 'min_child_samples': 50, 'n_estimators': 500, 'num_leaves': 31, 'subsample': 0.8}",1.57902586436583,0.980800630420137,0.697741985321045
LightGBM,Enhanced,1,"{'colsample_bytree': 0.8, 'learning_rate': 0.01, 'max_depth': 9, 'min_child_samples': 50, 'n_estimators': 500, 'num_leaves': 62, 'subsample': 0.6}",1.58028292701337,0.980770049011989,0.805447340011597
LightGBM,Enhanced,1,"{'colsample_bytree': 0.8, 'learning_rate': 0.01, 'max_depth': 9, 'min_child_samples': 50, 'n_estimators': 500, 'num_leaves': 62, 'subsample': 0.8}",1.58023301940992,0.980771263611726,0.793326854705811
LightGBM,Enhanced,1,"{'colsample_bytree': 0.8, 'learning_rate': 0.01, 'max_depth': 9, 'min_child_samples': 50, 'n_estimators': 750, 'num_leaves': 15, 'subsample': 0.6}",1.55256030149832,0.981438826279163,0.626593589782715
LightGBM,Enhanced,1,"{'colsample_bytree': 0.8, 'learning_rate': 0.01, 'max_depth': 9, 'min_child_samples': 50, 'n_estimators': 750, 'num_leaves': 15, 'subsample': 0.8}",1.55265567951492,0.981436545681995,0.626434326171875
LightGBM,Enhanced,1,"{'colsample_bytree': 0.8, 'learning_rate': 0.01, 'max_depth': 9, 'min_child_samples': 50, 'n_estimators': 750, 'num_leaves': 31, 'subsample': 0.6}",1.55195011761813,0.981453413156573,0.840066432952881
LightGBM,Enhanced,1,"{'colsample_bytree': 0.8, 'learning_rate': 0.01, 'max_depth': 9, 'min_child_samples': 50, 'n_estimators': 750, 'num_leaves': 31, 'subsample': 0.8}",1.55206315040004,0.981450711460656,0.853727579116821
LightGBM,Enhanced,1,"{'colsample_bytree': 0.8, 'learning_rate': 0.01, 'max_depth': 9, 'min_child_samples': 50, 'n_estimators': 750, 'num_leaves': 62, 'subsample': 0.6}",1.55408707839921,0.981402302473502,0.950148582458496
LightGBM,Enhanced,1,"{'colsample_bytree': 0.8, 'learning_rate': 0.01, 'max_depth': 9, 'min_child_samples': 50, 'n_estimators': 750, 'num_leaves': 62, 'subsample': 0.8}",1.55408604073164,0.981402327308945,0.967672824859619
LightGBM,Enhanced,1,"{'colsample_bytree': 0.8, 'learning_rate': 0.01, 'max_depth': 9, 'min_child_samples': 50, 'n_estimators': 1000, 'num_leaves': 15, 'subsample': 0.6}",1.5485808551477,0.98153385451568,0.677518367767334
LightGBM,Enhanced,1,"{'colsample_bytree': 0.8, 'learning_rate': 0.01, 'max_depth': 9, 'min_child_samples': 50, 'n_estimators': 1000, 'num_leaves': 15, 'subsample': 0.8}",1.54848367857726,0.981536172018674,0.684609889984131
LightGBM,Enhanced,1,"{'colsample_bytree': 0.8, 'learning_rate': 0.01, 'max_depth': 9, 'min_child_samples': 50, 'n_estimators': 1000, 'num_leaves': 31, 'subsample': 0.6}",1.54386689457608,0.981646107216053,0.937425136566162
LightGBM,Enhanced,1,"{'colsample_bytree': 0.8, 'learning_rate': 0.01, 'max_depth': 9, 'min_child_samples': 50, 'n_estimators': 1000, 'num_leaves': 31, 'subsample': 0.8}",1.54385893567943,0.981646296450448,0.921242952346802
LightGBM,Enhanced,1,"{'colsample_bytree': 0.8, 'learning_rate': 0.01, 'max_depth': 9, 'min_child_samples': 50, 'n_estimators': 1000, 'num_leaves': 62, 'subsample': 0.6}",1.5416182049648,0.981699534297176,1.02342414855957
LightGBM,Enhanced,1,"{'colsample_bytree': 0.8, 'learning_rate': 0.01, 'max_depth': 9, 'min_child_samples': 50, 'n_estimators': 1000, 'num_leaves': 62, 'subsample': 0.8}",1.54173250607433,0.981696820472088,1.05812168121338
LightGBM,Enhanced,1,"{'colsample_bytree': 0.8, 'learning_rate': 0.01, 'max_depth': 9, 'min_child_samples': 100, 'n_estimators': 500, 'num_leaves': 15, 'subsample': 0.6}",2.08608123201906,0.966490271217606,0.505016088485718
LightGBM,Enhanced,1,"{'colsample_bytree': 0.8, 'learning_rate': 0.01, 'max_depth': 9, 'min_child_samples': 100, 'n_estimators': 500, 'num_leaves': 15, 'subsample': 0.8}",2.08608123118627,0.966490271244361,0.49431848526001
LightGBM,Enhanced,1,"{'colsample_bytree': 0.8, 'learning_rate': 0.01, 'max_depth': 9, 'min_child_samples': 100, 'n_estimators': 500, 'num_leaves': 31, 'subsample': 0.6}",2.08405375660059,0.966555376194933,0.587378263473511
LightGBM,Enhanced,1,"{'colsample_bytree': 0.8, 'learning_rate': 0.01, 'max_depth': 9, 'min_child_samples': 100, 'n_estimators': 500, 'num_leaves': 31, 'subsample': 0.8}",2.08405186091248,0.966555437038418,0.594877481460571
LightGBM,Enhanced,1,"{'colsample_bytree': 0.8, 'learning_rate': 0.01, 'max_depth': 9, 'min_child_samples': 100, 'n_estimators': 500, 'num_leaves': 62, 'subsample': 0.6}",2.08405205868795,0.966555430690673,0.592560529708862
LightGBM,Enhanced,1,"{'colsample_bytree': 0.8, 'learning_rate': 0.01, 'max_depth': 9, 'min_child_samples': 100, 'n_estimators': 500, 'num_leaves': 62, 'subsample': 0.8}",2.08405377334281,0.966555375657579,0.581116914749146
LightGBM,Enhanced,1,"{'colsample_bytree': 0.8, 'learning_rate': 0.01, 'max_depth': 9, 'min_child_samples': 100, 'n_estimators': 750, 'num_leaves': 15, 'subsample': 0.6}",1.99895158435999,0.969231024788498,0.659976959228516
LightGBM,Enhanced,1,"{'colsample_bytree': 0.8, 'learning_rate': 0.01, 'max_depth': 9, 'min_child_samples': 100, 'n_estimators': 750, 'num_leaves': 15, 'subsample': 0.8}",1.99895158227871,0.969231024852571,0.670278072357178
LightGBM,Enhanced,1,"{'colsample_bytree': 0.8, 'learning_rate': 0.01, 'max_depth': 9, 'min_child_samples': 100, 'n_estimators': 750, 'num_leaves': 31, 'subsample': 0.6}",1.99666341653872,0.969301425976828,0.769848346710205
LightGBM,Enhanced,1,"{'colsample_bytree': 0.8, 'learning_rate': 0.01, 'max_depth': 9, 'min_child_samples': 100, 'n_estimators': 750, 'num_leaves': 31, 'subsample': 0.8}",1.99666265723319,0.969301449325373,0.774919271469116
LightGBM,Enhanced,1,"{'colsample_bytree': 0.8, 'learning_rate': 0.01, 'max_depth': 9, 'min_child_samples': 100, 'n_estimators': 750, 'num_leaves': 62, 'subsample': 0.6}",1.99666743811343,0.969301302313789,0.790016651153565
LightGBM,Enhanced,1,"{'colsample_bytree': 0.8, 'learning_rate': 0.01, 'max_depth': 9, 'min_child_samples': 100, 'n_estimators': 750, 'num_leaves': 62, 'subsample': 0.8}",1.9966668754775,0.969301319614805,0.780755758285523
LightGBM,Enhanced,1,"{'colsample_bytree': 0.8, 'learning_rate': 0.01, 'max_depth': 9, 'min_child_samples': 100, 'n_estimators': 1000, 'num_leaves': 15, 'subsample': 0.6}",1.93535276729664,0.971157775252228,0.835826873779297
LightGBM,Enhanced,1,"{'colsample_bytree': 0.8, 'learning_rate': 0.01, 'max_depth': 9, 'min_child_samples': 100, 'n_estimators': 1000, 'num_leaves': 15, 'subsample': 0.8}",1.93535276548675,0.971157775306173,0.829702377319336
LightGBM,Enhanced,1,"{'colsample_bytree': 0.8, 'learning_rate': 0.01, 'max_depth': 9, 'min_child_samples': 100, 'n_estimators': 1000, 'num_leaves': 31, 'subsample': 0.6}",1.93646923043576,0.971124488742981,0.950481414794922
LightGBM,Enhanced,1,"{'colsample_bytree': 0.8, 'learning_rate': 0.01, 'max_depth': 9, 'min_child_samples': 100, 'n_estimators': 1000, 'num_leaves': 31, 'subsample': 0.8}",1.93646887113384,0.971124499458385,0.942514181137085
LightGBM,Enhanced,1,"{'colsample_bytree': 0.8, 'learning_rate': 0.01, 'max_depth': 9, 'min_child_samples': 100, 'n_estimators': 1000, 'num_leaves': 62, 'subsample': 0.6}",1.93646938989732,0.971124483987383,0.969823837280273
LightGBM,Enhanced,1,"{'colsample_bytree': 0.8, 'learning_rate': 0.01, 'max_depth': 9, 'min_child_samples': 100, 'n_estimators': 1000, 'num_leaves': 62, 'subsample': 0.8}",1.93646452143705,0.971124629178551,0.965723514556885
LightGBM,Enhanced,1,"{'colsample_bytree': 0.8, 'learning_rate': 0.05, 'max_depth': 3, 'min_child_samples': 50, 'n_estimators': 500, 'num_leaves': 15, 'subsample': 0.6}",1.43659432698978,0.984108065174286,0.236305236816406
LightGBM,Enhanced,1,"{'colsample_bytree': 0.8, 'learning_rate': 0.05, 'max_depth': 3, 'min_child_samples': 50, 'n_estimators': 500, 'num_leaves': 15, 'subsample': 0.8}",1.43659432905354,0.984108065128627,0.245077133178711
LightGBM,Enhanced,1,"{'colsample_bytree': 0.8, 'learning_rate': 0.05, 'max_depth': 3, 'min_child_samples': 50, 'n_estimators': 500, 'num_leaves': 31, 'subsample': 0.6}",1.43655089411051,0.984109026088637,0.234655857086182
LightGBM,Enhanced,1,"{'colsample_bytree': 0.8, 'learning_rate': 0.05, 'max_depth': 3, 'min_child_samples': 50, 'n_estimators': 500, 'num_leaves': 31, 'subsample': 0.8}",1.43659432810352,0.984108065149645,0.23801326751709
LightGBM,Enhanced,1,"{'colsample_bytree': 0.8, 'learning_rate': 0.05, 'max_depth': 3, 'min_child_samples': 50, 'n_estimators': 500, 'num_leaves': 62, 'subsample': 0.6}",1.43655089414616,0.984109026087848,0.239451169967651
LightGBM,Enhanced,1,"{'colsample_bytree': 0.8, 'learning_rate': 0.05, 'max_depth': 3, 'min_child_samples': 50, 'n_estimators': 500, 'num_leaves': 62, 'subsample': 0.8}",1.43659432715153,0.984108065170708,0.237540245056152
LightGBM,Enhanced,1,"{'colsample_bytree': 0.8, 'learning_rate': 0.05, 'max_depth': 3, 'min_child_samples': 50, 'n_estimators': 750, 'num_leaves': 15, 'subsample': 0.6}",1.41790518065314,0.984518862793638,0.290409326553345
LightGBM,Enhanced,1,"{'colsample_bytree': 0.8, 'learning_rate': 0.05, 'max_depth': 3, 'min_child_samples': 50, 'n_estimators': 750, 'num_leaves': 15, 'subsample': 0.8}",1.41790518201461,0.984518862763908,0.291537284851074
LightGBM,Enhanced,1,"{'colsample_bytree': 0.8, 'learning_rate': 0.05, 'max_depth': 3, 'min_child_samples': 50, 'n_estimators': 750, 'num_leaves': 31, 'subsample': 0.6}",1.41790518197284,0.98451886276482,0.297399997711182
LightGBM,Enhanced,1,"{'colsample_bytree': 0.8, 'learning_rate': 0.05, 'max_depth': 3, 'min_child_samples': 50, 'n_estimators': 750, 'num_leaves': 31, 'subsample': 0.8}",1.41790518024076,0.984518862802643,0.297250986099243
LightGBM,Enhanced,1,"{'colsample_bytree': 0.8, 'learning_rate': 0.05, 'max_depth': 3, 'min_child_samples': 50, 'n_estimators': 750, 'num_leaves': 62, 'subsample': 0.6}",1.41790517943737,0.984518862820186,0.297184228897095
LightGBM,Enhanced,1,"{'colsample_bytree': 0.8, 'learning_rate': 0.05, 'max_depth': 3, 'min_child_samples': 50, 'n_estimators': 750, 'num_leaves': 62, 'subsample': 0.8}",1.4179051821823,0.984518862760246,0.30439281463623
LightGBM,Enhanced,1,"{'colsample_bytree': 0.8, 'learning_rate': 0.05, 'max_depth': 3, 'min_child_samples': 50, 'n_estimators': 1000, 'num_leaves': 15, 'subsample': 0.6}",1.41790517960353,0.984518862816558,0.29216456413269
LightGBM,Enhanced,1,"{'colsample_bytree': 0.8, 'learning_rate': 0.05, 'max_depth': 3, 'min_child_samples': 50, 'n_estimators': 1000, 'num_leaves': 15, 'subsample': 0.8}",1.41797600767145,0.984517316131436,0.286650657653809
LightGBM,Enhanced,1,"{'colsample_bytree': 0.8, 'learning_rate': 0.05, 'max_depth': 3, 'min_child_samples': 50, 'n_estimators': 1000, 'num_leaves': 31, 'subsample': 0.6}",1.4179051803628,0.984518862799978,0.3001708984375
LightGBM,Enhanced,1,"{'colsample_bytree': 0.8, 'learning_rate': 0.05, 'max_depth': 3, 'min_child_samples': 50, 'n_estimators': 1000, 'num_leaves': 31, 'subsample': 0.8}",1.41790517971829,0.984518862814052,0.287325143814087
LightGBM,Enhanced,1,"{'colsample_bytree': 0.8, 'learning_rate': 0.05, 'max_depth': 3, 'min_child_samples': 50, 'n_estimators': 1000, 'num_leaves': 62, 'subsample': 0.6}",1.41790517659144,0.984518862882332,0.297047853469849
LightGBM,Enhanced,1,"{'colsample_bytree': 0.8, 'learning_rate': 0.05, 'max_depth': 3, 'min_child_samples': 50, 'n_estimators': 1000, 'num_leaves': 62, 'subsample': 0.8}",1.41790518075384,0.984518862791439,0.295351982116699
LightGBM,Enhanced,1,"{'colsample_bytree': 0.8, 'learning_rate': 0.05, 'max_depth': 3, 'min_child_samples': 100, 'n_estimators': 500, 'num_leaves': 15, 'subsample': 0.6}",1.81588330942031,0.974608734021669,0.236373424530029
LightGBM,Enhanced,1,"{'colsample_bytree': 0.8, 'learning_rate': 0.05, 'max_depth': 3, 'min_child_samples': 100, 'n_estimators': 500, 'num_leaves': 15, 'subsample': 0.8}",1.81588330771912,0.974608734069244,0.232219696044922
LightGBM,Enhanced,1,"{'colsample_bytree': 0.8, 'learning_rate': 0.05, 'max_depth': 3, 'min_child_samples': 100, 'n_estimators': 500, 'num_leaves': 31, 'subsample': 0.6}",1.81588330736773,0.974608734079071,0.232659816741943
LightGBM,Enhanced,1,"{'colsample_bytree': 0.8, 'learning_rate': 0.05, 'max_depth': 3, 'min_child_samples': 100, 'n_estimators': 500, 'num_leaves': 31, 'subsample': 0.8}",1.81588330957424,0.974608734017364,0.230870008468628
LightGBM,Enhanced,1,"{'colsample_bytree': 0.8, 'learning_rate': 0.05, 'max_depth': 3, 'min_child_samples': 100, 'n_estimators': 500, 'num_leaves': 62, 'subsample': 0.6}",1.81588330987835,0.974608734008859,0.238969802856445
LightGBM,Enhanced,1,"{'colsample_bytree': 0.8, 'learning_rate': 0.05, 'max_depth': 3, 'min_child_samples': 100, 'n_estimators': 500, 'num_leaves': 62, 'subsample': 0.8}",1.81588330909495,0.974608734030768,0.233087301254272
LightGBM,Enhanced,1,"{'colsample_bytree': 0.8, 'learning_rate': 0.05, 'max_depth': 3, 'min_child_samples': 100, 'n_estimators': 750, 'num_leaves': 15, 'subsample': 0.6}",1.75892776946031,0.976176558893596,0.307729244232178
LightGBM,Enhanced,1,"{'colsample_bytree': 0.8, 'learning_rate': 0.05, 'max_depth': 3, 'min_child_samples': 100, 'n_estimators': 750, 'num_leaves': 15, 'subsample': 0.8}",1.75892776867034,0.976176558914996,0.3038330078125
LightGBM,Enhanced,1,"{'colsample_bytree': 0.8, 'learning_rate': 0.05, 'max_depth': 3, 'min_child_samples': 100, 'n_estimators': 750, 'num_leaves': 31, 'subsample': 0.6}",1.75892776826026,0.976176558926104,0.306974649429321
LightGBM,Enhanced,1,"{'colsample_bytree': 0.8, 'learning_rate': 0.05, 'max_depth': 3, 'min_child_samples': 100, 'n_estimators': 750, 'num_leaves': 31, 'subsample': 0.8}",1.75892776824218,0.976176558926594,0.306916475296021
LightGBM,Enhanced,1,"{'colsample_bytree': 0.8, 'learning_rate': 0.05, 'max_depth': 3, 'min_child_samples': 100, 'n_estimators': 750, 'num_leaves': 62, 'subsample': 0.6}",1.7589277698449,0.976176558883178,0.295965433120728
LightGBM,Enhanced,1,"{'colsample_bytree': 0.8, 'learning_rate': 0.05, 'max_depth': 3, 'min_child_samples': 100, 'n_estimators': 750, 'num_leaves': 62, 'subsample': 0.8}",1.75892776986122,0.976176558882736,0.294196367263794
LightGBM,Enhanced,1,"{'colsample_bytree': 0.8, 'learning_rate': 0.05, 'max_depth': 3, 'min_child_samples': 100, 'n_estimators': 1000, 'num_leaves': 15, 'subsample': 0.6}",1.75616203590966,0.976251419828112,0.314475059509277
LightGBM,Enhanced,1,"{'colsample_bytree': 0.8, 'learning_rate': 0.05, 'max_depth': 3, 'min_child_samples': 100, 'n_estimators': 1000, 'num_leaves': 15, 'subsample': 0.8}",1.75616203610031,0.976251419822956,0.321855783462524
LightGBM,Enhanced,1,"{'colsample_bytree': 0.8, 'learning_rate': 0.05, 'max_depth': 3, 'min_child_samples': 100, 'n_estimators': 1000, 'num_leaves': 31, 'subsample': 0.6}",1.75616203418291,0.976251419874814,0.315685033798218
LightGBM,Enhanced,1,"{'colsample_bytree': 0.8, 'learning_rate': 0.05, 'max_depth': 3, 'min_child_samples': 100, 'n_estimators': 1000, 'num_leaves': 31, 'subsample': 0.8}",1.75616203721094,0.976251419792918,0.315612554550171
LightGBM,Enhanced,1,"{'colsample_bytree': 0.8, 'learning_rate': 0.05, 'max_depth': 3, 'min_child_samples': 100, 'n_estimators': 1000, 'num_leaves': 62, 'subsample': 0.6}",1.75616203448144,0.97625141986674,0.325625896453857
LightGBM,Enhanced,1,"{'colsample_bytree': 0.8, 'learning_rate': 0.05, 'max_depth': 3, 'min_child_samples': 100, 'n_estimators': 1000, 'num_leaves': 62, 'subsample': 0.8}",1.75616203489049,0.976251419855676,0.323586940765381
LightGBM,Enhanced,1,"{'colsample_bytree': 0.8, 'learning_rate': 0.05, 'max_depth': 5, 'min_child_samples': 50, 'n_estimators': 500, 'num_leaves': 15, 'subsample': 0.6}",1.49142281502116,0.982871866237136,0.292501926422119
LightGBM,Enhanced,1,"{'colsample_bytree': 0.8, 'learning_rate': 0.05, 'max_depth': 5, 'min_child_samples': 50, 'n_estimators': 500, 'num_leaves': 15, 'subsample': 0.8}",1.49142281470455,0.982871866244408,0.287370681762695
LightGBM,Enhanced,1,"{'colsample_bytree': 0.8, 'learning_rate': 0.05, 'max_depth': 5, 'min_child_samples': 50, 'n_estimators': 500, 'num_leaves': 31, 'subsample': 0.6}",1.5032222330998,0.982599775082359,0.23930287361145
LightGBM,Enhanced,1,"{'colsample_bytree': 0.8, 'learning_rate': 0.05, 'max_depth': 5, 'min_child_samples': 50, 'n_estimators': 500, 'num_leaves': 31, 'subsample': 0.8}",1.49142282049866,0.982871866111324,0.283167362213135
LightGBM,Enhanced,1,"{'colsample_bytree': 0.8, 'learning_rate': 0.05, 'max_depth': 5, 'min_child_samples': 50, 'n_estimators': 500, 'num_leaves': 62, 'subsample': 0.6}",1.49142281336154,0.982871866275255,0.287373781204224
LightGBM,Enhanced,1,"{'colsample_bytree': 0.8, 'learning_rate': 0.05, 'max_depth': 5, 'min_child_samples': 50, 'n_estimators': 500, 'num_leaves': 62, 'subsample': 0.8}",1.49142281809011,0.982871866166646,0.280018329620361
LightGBM,Enhanced,1,"{'colsample_bytree': 0.8, 'learning_rate': 0.05, 'max_depth': 5, 'min_child_samples': 50, 'n_estimators': 750, 'num_leaves': 15, 'subsample': 0.6}",1.49142281681374,0.982871866195962,0.279923439025879
LightGBM,Enhanced,1,"{'colsample_bytree': 0.8, 'learning_rate': 0.05, 'max_depth': 5, 'min_child_samples': 50, 'n_estimators': 750, 'num_leaves': 15, 'subsample': 0.8}",1.49142281446433,0.982871866249925,0.27590012550354
LightGBM,Enhanced,1,"{'colsample_bytree': 0.8, 'learning_rate': 0.05, 'max_depth': 5, 'min_child_samples': 50, 'n_estimators': 750, 'num_leaves': 31, 'subsample': 0.6}",1.4914228160766,0.982871866212893,0.287981033325195
LightGBM,Enhanced,1,"{'colsample_bytree': 0.8, 'learning_rate': 0.05, 'max_depth': 5, 'min_child_samples': 50, 'n_estimators': 750, 'num_leaves': 31, 'subsample': 0.8}",1.49142281454139,0.982871866248156,0.294300079345703
LightGBM,Enhanced,1,"{'colsample_bytree': 0.8, 'learning_rate': 0.05, 'max_depth': 5, 'min_child_samples': 50, 'n_estimators': 750, 'num_leaves': 62, 'subsample': 0.6}",1.49092692296391,0.982883254414039,0.287563323974609
LightGBM,Enhanced,1,"{'colsample_bytree': 0.8, 'learning_rate': 0.05, 'max_depth': 5, 'min_child_samples': 50, 'n_estimators': 750, 'num_leaves': 62, 'subsample': 0.8}",1.49092691821913,0.982883254522984,0.288524389266968
LightGBM,Enhanced,1,"{'colsample_bytree': 0.8, 'learning_rate': 0.05, 'max_depth': 5, 'min_child_samples': 50, 'n_estimators': 1000, 'num_leaves': 15, 'subsample': 0.6}",1.50322223193345,0.982599775109361,0.238816738128662
LightGBM,Enhanced,1,"{'colsample_bytree': 0.8, 'learning_rate': 0.05, 'max_depth': 5, 'min_child_samples': 50, 'n_estimators': 1000, 'num_leaves': 15, 'subsample': 0.8}",1.49092691588876,0.982883254576493,0.283264875411987
LightGBM,Enhanced,1,"{'colsample_bytree': 0.8, 'learning_rate': 0.05, 'max_depth': 5, 'min_child_samples': 50, 'n_estimators': 1000, 'num_leaves': 31, 'subsample': 0.6}",1.49142281485702,0.982871866240906,0.281984329223633
LightGBM,Enhanced,1,"{'colsample_bytree': 0.8, 'learning_rate': 0.05, 'max_depth': 5, 'min_child_samples': 50, 'n_estimators': 1000, 'num_leaves': 31, 'subsample': 0.8}",1.49142281599339,0.982871866214805,0.285801649093628
LightGBM,Enhanced,1,"{'colsample_bytree': 0.8, 'learning_rate': 0.05, 'max_depth': 5, 'min_child_samples': 50, 'n_estimators': 1000, 'num_leaves': 62, 'subsample': 0.6}",1.49142281881173,0.982871866150071,0.288420915603638
LightGBM,Enhanced,1,"{'colsample_bytree': 0.8, 'learning_rate': 0.05, 'max_depth': 5, 'min_child_samples': 50, 'n_estimators': 1000, 'num_leaves': 62, 'subsample': 0.8}",1.49142281106068,0.982871866328103,0.289468288421631
LightGBM,Enhanced,1,"{'colsample_bytree': 0.8, 'learning_rate': 0.05, 'max_depth': 5, 'min_child_samples': 100, 'n_estimators': 500, 'num_leaves': 15, 'subsample': 0.6}",1.81363945977922,0.974671446181469,0.293005228042603
LightGBM,Enhanced,1,"{'colsample_bytree': 0.8, 'learning_rate': 0.05, 'max_depth': 5, 'min_child_samples': 100, 'n_estimators': 500, 'num_leaves': 15, 'subsample': 0.8}",1.81363946079085,0.974671446153213,0.293334722518921
LightGBM,Enhanced,1,"{'colsample_bytree': 0.8, 'learning_rate': 0.05, 'max_depth': 5, 'min_child_samples': 100, 'n_estimators': 500, 'num_leaves': 31, 'subsample': 0.6}",1.81363946016452,0.974671446170707,0.29920220375061
LightGBM,Enhanced,1,"{'colsample_bytree': 0.8, 'learning_rate': 0.05, 'max_depth': 5, 'min_child_samples': 100, 'n_estimators': 500, 'num_leaves': 31, 'subsample': 0.8}",1.81363946328611,0.974671446083517,0.30195689201355
LightGBM,Enhanced,1,"{'colsample_bytree': 0.8, 'learning_rate': 0.05, 'max_depth': 5, 'min_child_samples': 100, 'n_estimators': 500, 'num_leaves': 62, 'subsample': 0.6}",1.81363946213729,0.974671446115605,0.29560661315918
LightGBM,Enhanced,1,"{'colsample_bytree': 0.8, 'learning_rate': 0.05, 'max_depth': 5, 'min_child_samples': 100, 'n_estimators': 500, 'num_leaves': 62, 'subsample': 0.8}",1.81363945979124,0.974671446181133,0.293340444564819
LightGBM,Enhanced,1,"{'colsample_bytree': 0.8, 'learning_rate': 0.05, 'max_depth': 5, 'min_child_samples': 100, 'n_estimators': 750, 'num_leaves': 15, 'subsample': 0.6}",1.78061849086266,0.975585364822355,0.397380352020264
LightGBM,Enhanced,1,"{'colsample_bytree': 0.8, 'learning_rate': 0.05, 'max_depth': 5, 'min_child_samples': 100, 'n_estimators': 750, 'num_leaves': 15, 'subsample': 0.8}",1.78061848888653,0.975585364876546,0.40099310874939
LightGBM,Enhanced,1,"{'colsample_bytree': 0.8, 'learning_rate': 0.05, 'max_depth': 5, 'min_child_samples': 100, 'n_estimators': 750, 'num_leaves': 31, 'subsample': 0.6}",1.78061848985467,0.975585364849997,0.405737161636353
LightGBM,Enhanced,1,"{'colsample_bytree': 0.8, 'learning_rate': 0.05, 'max_depth': 5, 'min_child_samples': 100, 'n_estimators': 750, 'num_leaves': 31, 'subsample': 0.8}",1.78061848666748,0.975585364937398,0.394611835479736
LightGBM,Enhanced,1,"{'colsample_bytree': 0.8, 'learning_rate': 0.05, 'max_depth': 5, 'min_child_samples': 100, 'n_estimators': 750, 'num_leaves': 62, 'subsample': 0.6}",1.78061848903844,0.97558536487238,0.398005962371826
LightGBM,Enhanced,1,"{'colsample_bytree': 0.8, 'learning_rate': 0.05, 'max_depth': 5, 'min_child_samples': 100, 'n_estimators': 750, 'num_leaves': 62, 'subsample': 0.8}",1.78061848978075,0.975585364852024,0.399993658065796
LightGBM,Enhanced,1,"{'colsample_bytree': 0.8, 'learning_rate': 0.05, 'max_depth': 5, 'min_child_samples': 100, 'n_estimators': 1000, 'num_leaves': 15, 'subsample': 0.6}",1.76141840698613,0.976109043254867,0.488701820373535
LightGBM,Enhanced,1,"{'colsample_bytree': 0.8, 'learning_rate': 0.05, 'max_depth': 5, 'min_child_samples': 100, 'n_estimators': 1000, 'num_leaves': 15, 'subsample': 0.8}",1.76141840722147,0.976109043248483,0.4950852394104
LightGBM,Enhanced,1,"{'colsample_bytree': 0.8, 'learning_rate': 0.05, 'max_depth': 5, 'min_child_samples': 100, 'n_estimators': 1000, 'num_leaves': 31, 'subsample': 0.6}",1.76141840581621,0.976109043286603,0.47912073135376
LightGBM,Enhanced,1,"{'colsample_bytree': 0.8, 'learning_rate': 0.05, 'max_depth': 5, 'min_child_samples': 100, 'n_estimators': 1000, 'num_leaves': 31, 'subsample': 0.8}",1.76141840286545,0.976109043366649,0.488345384597778
LightGBM,Enhanced,1,"{'colsample_bytree': 0.8, 'learning_rate': 0.05, 'max_depth': 5, 'min_child_samples': 100, 'n_estimators': 1000, 'num_leaves': 62, 'subsample': 0.6}",1.76141840293984,0.97610904336463,0.483985424041748
LightGBM,Enhanced,1,"{'colsample_bytree': 0.8, 'learning_rate': 0.05, 'max_depth': 5, 'min_child_samples': 100, 'n_estimators': 1000, 'num_leaves': 62, 'subsample': 0.8}",1.76141840267567,0.976109043371797,0.489784240722656
LightGBM,Enhanced,1,"{'colsample_bytree': 0.8, 'learning_rate': 0.05, 'max_depth': 9, 'min_child_samples': 50, 'n_estimators': 500, 'num_leaves': 15, 'subsample': 0.6}",1.53185666526927,0.981930557963786,0.250483751296997
LightGBM,Enhanced,1,"{'colsample_bytree': 0.8, 'learning_rate': 0.05, 'max_depth': 9, 'min_child_samples': 50, 'n_estimators': 500, 'num_leaves': 15, 'subsample': 0.8}",1.53186184868092,0.981930435678826,0.246206521987915
LightGBM,Enhanced,1,"{'colsample_bytree': 0.8, 'learning_rate': 0.05, 'max_depth': 9, 'min_child_samples': 50, 'n_estimators': 500, 'num_leaves': 31, 'subsample': 0.6}",1.52228164738904,0.982155741573058,0.426714897155762
LightGBM,Enhanced,1,"{'colsample_bytree': 0.8, 'learning_rate': 0.05, 'max_depth': 9, 'min_child_samples': 50, 'n_estimators': 500, 'num_leaves': 31, 'subsample': 0.8}",1.52227844797378,0.982155816580377,0.42215633392334
LightGBM,Enhanced,1,"{'colsample_bytree': 0.8, 'learning_rate': 0.05, 'max_depth': 9, 'min_child_samples': 50, 'n_estimators': 500, 'num_leaves': 62, 'subsample': 0.6}",1.51603554566169,0.98230187536221,0.376885414123535
LightGBM,Enhanced,1,"{'colsample_bytree': 0.8, 'learning_rate': 0.05, 'max_depth': 9, 'min_child_samples': 50, 'n_estimators': 500, 'num_leaves': 62, 'subsample': 0.8}",1.516032665621,0.982301942605054,0.374627351760864
LightGBM,Enhanced,1,"{'colsample_bytree': 0.8, 'learning_rate': 0.05, 'max_depth': 9, 'min_child_samples': 50, 'n_estimators': 750, 'num_leaves': 15, 'subsample': 0.6}",1.53185563506847,0.981930582267818,0.251440525054932
LightGBM,Enhanced,1,"{'colsample_bytree': 0.8, 'learning_rate': 0.05, 'max_depth': 9, 'min_child_samples': 50, 'n_estimators': 750, 'num_leaves': 15, 'subsample': 0.8}",1.53186184567158,0.981930435749822,0.244519710540771
LightGBM,Enhanced,1,"{'colsample_bytree': 0.8, 'learning_rate': 0.05, 'max_depth': 9, 'min_child_samples': 50, 'n_estimators': 750, 'num_leaves': 31, 'subsample': 0.6}",1.52236592018826,0.982153765818789,0.423337936401367
LightGBM,Enhanced,1,"{'colsample_bytree': 0.8, 'learning_rate': 0.05, 'max_depth': 9, 'min_child_samples': 50, 'n_estimators': 750, 'num_leaves': 31, 'subsample': 0.8}",1.52236246511825,0.982153846824174,0.419079065322876
LightGBM,Enhanced,1,"{'colsample_bytree': 0.8, 'learning_rate': 0.05, 'max_depth': 9, 'min_child_samples': 50, 'n_estimators': 750, 'num_leaves': 62, 'subsample': 0.6}",1.51602843007663,0.982302041495802,0.375203847885132
LightGBM,Enhanced,1,"{'colsample_bytree': 0.8, 'learning_rate': 0.05, 'max_depth': 9, 'min_child_samples': 50, 'n_estimators': 750, 'num_leaves': 62, 'subsample': 0.8}",1.5160280415584,0.982302050566844,0.380043268203735
LightGBM,Enhanced,1,"{'colsample_bytree': 0.8, 'learning_rate': 0.05, 'max_depth': 9, 'min_child_samples': 50, 'n_estimators': 1000, 'num_leaves': 15, 'subsample': 0.6}",1.53184632471009,0.981930801912855,0.240819215774536
LightGBM,Enhanced,1,"{'colsample_bytree': 0.8, 'learning_rate': 0.05, 'max_depth': 9, 'min_child_samples': 50, 'n_estimators': 1000, 'num_leaves': 15, 'subsample': 0.8}",1.5318463178742,0.981930802074123,0.250829219818115
LightGBM,Enhanced,1,"{'colsample_bytree': 0.8, 'learning_rate': 0.05, 'max_depth': 9, 'min_child_samples': 50, 'n_estimators': 1000, 'num_leaves': 31, 'subsample': 0.6}",1.52227552611375,0.982155885080534,0.417679786682129
LightGBM,Enhanced,1,"{'colsample_bytree': 0.8, 'learning_rate': 0.05, 'max_depth': 9, 'min_child_samples': 50, 'n_estimators': 1000, 'num_leaves': 31, 'subsample': 0.8}",1.52230262094548,0.982155249863603,0.425769329071045
LightGBM,Enhanced,1,"{'colsample_bytree': 0.8, 'learning_rate': 0.05, 'max_depth': 9, 'min_child_samples': 50, 'n_estimators': 1000, 'num_leaves': 62, 'subsample': 0.6}",1.51602873366134,0.982302034407769,0.378816604614258
LightGBM,Enhanced,1,"{'colsample_bytree': 0.8, 'learning_rate': 0.05, 'max_depth': 9, 'min_child_samples': 50, 'n_estimators': 1000, 'num_leaves': 62, 'subsample': 0.8}",1.5160285396751,0.98230203893692,0.385524988174439
LightGBM,Enhanced,1,"{'colsample_bytree': 0.8, 'learning_rate': 0.05, 'max_depth': 9, 'min_child_samples': 100, 'n_estimators': 500, 'num_leaves': 15, 'subsample': 0.6}",1.76789159697882,0.975933122677252,0.466753244400024
LightGBM,Enhanced,1,"{'colsample_bytree': 0.8, 'learning_rate': 0.05, 'max_depth': 9, 'min_child_samples': 100, 'n_estimators': 500, 'num_leaves': 15, 'subsample': 0.8}",1.76789160101378,0.975933122567394,0.452319860458374
LightGBM,Enhanced,1,"{'colsample_bytree': 0.8, 'learning_rate': 0.05, 'max_depth': 9, 'min_child_samples': 100, 'n_estimators': 500, 'num_leaves': 31, 'subsample': 0.6}",1.78301019395403,0.975519733947709,0.475499629974365
LightGBM,Enhanced,1,"{'colsample_bytree': 0.8, 'learning_rate': 0.05, 'max_depth': 9, 'min_child_samples': 100, 'n_estimators': 500, 'num_leaves': 31, 'subsample': 0.8}",1.78301249796814,0.975519670680639,0.485812902450562
LightGBM,Enhanced,1,"{'colsample_bytree': 0.8, 'learning_rate': 0.05, 'max_depth': 9, 'min_child_samples': 100, 'n_estimators': 500, 'num_leaves': 62, 'subsample': 0.6}",1.78301249897391,0.975519670653021,0.480987310409546
LightGBM,Enhanced,1,"{'colsample_bytree': 0.8, 'learning_rate': 0.05, 'max_depth': 9, 'min_child_samples': 100, 'n_estimators': 500, 'num_leaves': 62, 'subsample': 0.8}",1.78301249679431,0.975519670712872,0.474967956542969
LightGBM,Enhanced,1,"{'colsample_bytree': 0.8, 'learning_rate': 0.05, 'max_depth': 9, 'min_child_samples': 100, 'n_estimators': 750, 'num_leaves': 15, 'subsample': 0.6}",1.74239024335558,0.976622431285402,0.634947061538696
LightGBM,Enhanced,1,"{'colsample_bytree': 0.8, 'learning_rate': 0.05, 'max_depth': 9, 'min_child_samples': 100, 'n_estimators': 750, 'num_leaves': 15, 'subsample': 0.8}",1.74240090377406,0.97662214522385,0.646107196807861
LightGBM,Enhanced,1,"{'colsample_bytree': 0.8, 'learning_rate': 0.05, 'max_depth': 9, 'min_child_samples': 100, 'n_estimators': 750, 'num_leaves': 31, 'subsample': 0.6}",1.75675143467294,0.976235476273496,0.614692449569702
LightGBM,Enhanced,1,"{'colsample_bytree': 0.8, 'learning_rate': 0.05, 'max_depth': 9, 'min_child_samples': 100, 'n_estimators': 750, 'num_leaves': 31, 'subsample': 0.8}",1.75673164718858,0.976236011622418,0.624332904815674
LightGBM,Enhanced,1,"{'colsample_bytree': 0.8, 'learning_rate': 0.05, 'max_depth': 9, 'min_child_samples': 100, 'n_estimators': 750, 'num_leaves': 62, 'subsample': 0.6}",1.75672920206166,0.976236077774727,0.617371559143066
LightGBM,Enhanced,1,"{'colsample_bytree': 0.8, 'learning_rate': 0.05, 'max_depth': 9, 'min_child_samples': 100, 'n_estimators': 750, 'num_leaves': 62, 'subsample': 0.8}",1.75673826050395,0.976235832700332,0.621339321136475
LightGBM,Enhanced,1,"{'colsample_bytree': 0.8, 'learning_rate': 0.05, 'max_depth': 9, 'min_child_samples': 100, 'n_estimators': 1000, 'num_leaves': 15, 'subsample': 0.6}",1.72288745219978,0.977142838482962,0.817611217498779
LightGBM,Enhanced,1,"{'colsample_bytree': 0.8, 'learning_rate': 0.05, 'max_depth': 9, 'min_child_samples': 100, 'n_estimators': 1000, 'num_leaves': 15, 'subsample': 0.8}",1.72288753372164,0.977142836319897,0.797476291656494
LightGBM,Enhanced,1,"{'colsample_bytree': 0.8, 'learning_rate': 0.05, 'max_depth': 9, 'min_child_samples': 100, 'n_estimators': 1000, 'num_leaves': 31, 'subsample': 0.6}",1.75675143115675,0.976235476368627,0.610107421875
LightGBM,Enhanced,1,"{'colsample_bytree': 0.8, 'learning_rate': 0.05, 'max_depth': 9, 'min_child_samples': 100, 'n_estimators': 1000, 'num_leaves': 31, 'subsample': 0.8}",1.75674237436822,0.976235721400117,0.609471797943115
LightGBM,Enhanced,1,"{'colsample_bytree': 0.8, 'learning_rate': 0.05, 'max_depth': 9, 'min_child_samples': 100, 'n_estimators': 1000, 'num_leaves': 62, 'subsample': 0.6}",1.7567316475434,0.976236011612819,0.617197990417481
LightGBM,Enhanced,1,"{'colsample_bytree': 0.8, 'learning_rate': 0.05, 'max_depth': 9, 'min_child_samples': 100, 'n_estimators': 1000, 'num_leaves': 62, 'subsample': 0.8}",1.75673774637339,0.976235846610068,0.612032413482666
LightGBM,Enhanced,2,"{'colsample_bytree': 0.6, 'learning_rate': 0.01, 'max_depth': 3, 'min_child_samples': 50, 'n_estimators': 500, 'num_leaves': 15, 'subsample': 0.6}",2.65367660733227,0.954280738242218,0.258824348449707
LightGBM,Enhanced,2,"{'colsample_bytree': 0.6, 'learning_rate': 0.01, 'max_depth': 3, 'min_child_samples': 50, 'n_estimators': 500, 'num_leaves': 15, 'subsample': 0.8}",2.65367660793808,0.954280738221343,0.254445791244507
LightGBM,Enhanced,2,"{'colsample_bytree': 0.6, 'learning_rate': 0.01, 'max_depth': 3, 'min_child_samples': 50, 'n_estimators': 500, 'num_leaves': 31, 'subsample': 0.6}",2.65367660297007,0.954280738392527,0.259720802307129
LightGBM,Enhanced,2,"{'colsample_bytree': 0.6, 'learning_rate': 0.01, 'max_depth': 3, 'min_child_samples': 50, 'n_estimators': 500, 'num_leaves': 31, 'subsample': 0.8}",2.6536766054958,0.954280738305497,0.256020784378052
LightGBM,Enhanced,2,"{'colsample_bytree': 0.6, 'learning_rate': 0.01, 'max_depth': 3, 'min_child_samples': 50, 'n_estimators': 500, 'num_leaves': 62, 'subsample': 0.6}",2.65367660295905,0.954280738392907,0.263696908950806
LightGBM,Enhanced,2,"{'colsample_bytree': 0.6, 'learning_rate': 0.01, 'max_depth': 3, 'min_child_samples': 50, 'n_estimators': 500, 'num_leaves': 62, 'subsample': 0.8}",2.65367660656014,0.954280738268823,0.267112255096436
LightGBM,Enhanced,2,"{'colsample_bytree': 0.6, 'learning_rate': 0.01, 'max_depth': 3, 'min_child_samples': 50, 'n_estimators': 750, 'num_leaves': 15, 'subsample': 0.6}",2.54368606296289,0.957992170954378,0.326571941375732
LightGBM,Enhanced,2,"{'colsample_bytree': 0.6, 'learning_rate': 0.01, 'max_depth': 3, 'min_child_samples': 50, 'n_estimators': 750, 'num_leaves': 15, 'subsample': 0.8}",2.54368606185577,0.957992170990945,0.326207399368286
LightGBM,Enhanced,2,"{'colsample_bytree': 0.6, 'learning_rate': 0.01, 'max_depth': 3, 'min_child_samples': 50, 'n_estimators': 750, 'num_leaves': 31, 'subsample': 0.6}",2.5436860645947,0.957992170900481,0.336376428604126
LightGBM,Enhanced,2,"{'colsample_bytree': 0.6, 'learning_rate': 0.01, 'max_depth': 3, 'min_child_samples': 50, 'n_estimators': 750, 'num_leaves': 31, 'subsample': 0.8}",2.54368606164096,0.95799217099804,0.330794811248779
LightGBM,Enhanced,2,"{'colsample_bytree': 0.6, 'learning_rate': 0.01, 'max_depth': 3, 'min_child_samples': 50, 'n_estimators': 750, 'num_leaves': 62, 'subsample': 0.6}",2.54368606550565,0.957992170870393,0.337728023529053
LightGBM,Enhanced,2,"{'colsample_bytree': 0.6, 'learning_rate': 0.01, 'max_depth': 3, 'min_child_samples': 50, 'n_estimators': 750, 'num_leaves': 62, 'subsample': 0.8}",2.54368606521795,0.957992170879895,0.333168506622314
LightGBM,Enhanced,2,"{'colsample_bytree': 0.6, 'learning_rate': 0.01, 'max_depth': 3, 'min_child_samples': 50, 'n_estimators': 1000, 'num_leaves': 15, 'subsample': 0.6}",2.52029382814227,0.958761242784852,0.403226852416992
LightGBM,Enhanced,2,"{'colsample_bytree': 0.6, 'learning_rate': 0.01, 'max_depth': 3, 'min_child_samples': 50, 'n_estimators': 1000, 'num_leaves': 15, 'subsample': 0.8}",2.52029382666017,0.958761242833354,0.406324148178101
LightGBM,Enhanced,2,"{'colsample_bytree': 0.6, 'learning_rate': 0.01, 'max_depth': 3, 'min_child_samples': 50, 'n_estimators': 1000, 'num_leaves': 31, 'subsample': 0.6}",2.52029382588436,0.958761242858743,0.395673751831055
LightGBM,Enhanced,2,"{'colsample_bytree': 0.6, 'learning_rate': 0.01, 'max_depth': 3, 'min_child_samples': 50, 'n_estimators': 1000, 'num_leaves': 31, 'subsample': 0.8}",2.52029382795045,0.958761242791129,0.400206565856934
LightGBM,Enhanced,2,"{'colsample_bytree': 0.6, 'learning_rate': 0.01, 'max_depth': 3, 'min_child_samples': 50, 'n_estimators': 1000, 'num_leaves': 62, 'subsample': 0.6}",2.52029382708073,0.958761242819591,0.399013996124268
LightGBM,Enhanced,2,"{'colsample_bytree': 0.6, 'learning_rate': 0.01, 'max_depth': 3, 'min_child_samples': 50, 'n_estimators': 1000, 'num_leaves': 62, 'subsample': 0.8}",2.52029382772141,0.958761242798624,0.406767129898071
LightGBM,Enhanced,2,"{'colsample_bytree': 0.6, 'learning_rate': 0.01, 'max_depth': 3, 'min_child_samples': 100, 'n_estimators': 500, 'num_leaves': 15, 'subsample': 0.6}",2.74302610806049,0.951150165193411,0.239285230636597
LightGBM,Enhanced,2,"{'colsample_bytree': 0.6, 'learning_rate': 0.01, 'max_depth': 3, 'min_child_samples': 100, 'n_estimators': 500, 'num_leaves': 15, 'subsample': 0.8}",2.7430261057275,0.951150165276507,0.238143920898438
LightGBM,Enhanced,2,"{'colsample_bytree': 0.6, 'learning_rate': 0.01, 'max_depth': 3, 'min_child_samples': 100, 'n_estimators': 500, 'num_leaves': 31, 'subsample': 0.6}",2.74302610534134,0.95115016529026,0.237586736679077
LightGBM,Enhanced,2,"{'colsample_bytree': 0.6, 'learning_rate': 0.01, 'max_depth': 3, 'min_child_samples': 100, 'n_estimators': 500, 'num_leaves': 31, 'subsample': 0.8}",2.74302610711088,0.951150165227234,0.245993137359619
LightGBM,Enhanced,2,"{'colsample_bytree': 0.6, 'learning_rate': 0.01, 'max_depth': 3, 'min_child_samples': 100, 'n_estimators': 500, 'num_leaves': 62, 'subsample': 0.6}",2.74302610620754,0.951150165259409,0.234962701797485
LightGBM,Enhanced,2,"{'colsample_bytree': 0.6, 'learning_rate': 0.01, 'max_depth': 3, 'min_child_samples': 100, 'n_estimators': 500, 'num_leaves': 62, 'subsample': 0.8}",2.74302610502485,0.951150165301533,0.236910343170166
LightGBM,Enhanced,2,"{'colsample_bytree': 0.6, 'learning_rate': 0.01, 'max_depth': 3, 'min_child_samples': 100, 'n_estimators': 750, 'num_leaves': 15, 'subsample': 0.6}",2.7243560920188,0.951812881020479,0.313063621520996
LightGBM,Enhanced,2,"{'colsample_bytree': 0.6, 'learning_rate': 0.01, 'max_depth': 3, 'min_child_samples': 100, 'n_estimators': 750, 'num_leaves': 15, 'subsample': 0.8}",2.7243560916313,0.951812881034186,0.321280479431152
LightGBM,Enhanced,2,"{'colsample_bytree': 0.6, 'learning_rate': 0.01, 'max_depth': 3, 'min_child_samples': 100, 'n_estimators': 750, 'num_leaves': 31, 'subsample': 0.6}",2.72435609351757,0.951812880967459,0.305408477783203
LightGBM,Enhanced,2,"{'colsample_bytree': 0.6, 'learning_rate': 0.01, 'max_depth': 3, 'min_child_samples': 100, 'n_estimators': 750, 'num_leaves': 31, 'subsample': 0.8}",2.72435609560451,0.951812880893634,0.308376550674439
LightGBM,Enhanced,2,"{'colsample_bytree': 0.6, 'learning_rate': 0.01, 'max_depth': 3, 'min_child_samples': 100, 'n_estimators': 750, 'num_leaves': 62, 'subsample': 0.6}",2.72435609369356,0.951812880961234,0.313216209411621
LightGBM,Enhanced,2,"{'colsample_bytree': 0.6, 'learning_rate': 0.01, 'max_depth': 3, 'min_child_samples': 100, 'n_estimators': 750, 'num_leaves': 62, 'subsample': 0.8}",2.72435609256176,0.951812881001271,0.301215887069702
LightGBM,Enhanced,2,"{'colsample_bytree': 0.6, 'learning_rate': 0.01, 'max_depth': 3, 'min_child_samples': 100, 'n_estimators': 1000, 'num_leaves': 15, 'subsample': 0.6}",2.7120428415577,0.952247478545782,0.374088525772095
LightGBM,Enhanced,2,"{'colsample_bytree': 0.6, 'learning_rate': 0.01, 'max_depth': 3, 'min_child_samples': 100, 'n_estimators': 1000, 'num_leaves': 15, 'subsample': 0.8}",2.71204284324685,0.952247478486298,0.379058361053467
LightGBM,Enhanced,2,"{'colsample_bytree': 0.6, 'learning_rate': 0.01, 'max_depth': 3, 'min_child_samples': 100, 'n_estimators': 1000, 'num_leaves': 31, 'subsample': 0.6}",2.71204284161581,0.952247478543735,0.373792171478272
LightGBM,Enhanced,2,"{'colsample_bytree': 0.6, 'learning_rate': 0.01, 'max_depth': 3, 'min_child_samples': 100, 'n_estimators': 1000, 'num_leaves': 31, 'subsample': 0.8}",2.71204284057015,0.952247478580559,0.378784418106079
LightGBM,Enhanced,2,"{'colsample_bytree': 0.6, 'learning_rate': 0.01, 'max_depth': 3, 'min_child_samples': 100, 'n_estimators': 1000, 'num_leaves': 62, 'subsample': 0.6}",2.71204284087664,0.952247478569765,0.381887912750244
LightGBM,Enhanced,2,"{'colsample_bytree': 0.6, 'learning_rate': 0.01, 'max_depth': 3, 'min_child_samples': 100, 'n_estimators': 1000, 'num_leaves': 62, 'subsample': 0.8}",2.71204284393402,0.952247478462099,0.384438037872314
LightGBM,Enhanced,2,"{'colsample_bytree': 0.6, 'learning_rate': 0.01, 'max_depth': 5, 'min_child_samples': 50, 'n_estimators': 500, 'num_leaves': 15, 'subsample': 0.6}",2.65341377338042,0.954289794341305,0.389584064483643
LightGBM,Enhanced,2,"{'colsample_bytree': 0.6, 'learning_rate': 0.01, 'max_depth': 5, 'min_child_samples': 50, 'n_estimators': 500, 'num_leaves': 15, 'subsample': 0.8}",2.65341377224466,0.954289794380437,0.377710103988647
LightGBM,Enhanced,2,"{'colsample_bytree': 0.6, 'learning_rate': 0.01, 'max_depth': 5, 'min_child_samples': 50, 'n_estimators': 500, 'num_leaves': 31, 'subsample': 0.6}",2.65124812368443,0.95436437893604,0.390442848205566
LightGBM,Enhanced,2,"{'colsample_bytree': 0.6, 'learning_rate': 0.01, 'max_depth': 5, 'min_child_samples': 50, 'n_estimators': 500, 'num_leaves': 31, 'subsample': 0.8}",2.65124811861612,0.954364379110521,0.385333061218262
LightGBM,Enhanced,2,"{'colsample_bytree': 0.6, 'learning_rate': 0.01, 'max_depth': 5, 'min_child_samples': 50, 'n_estimators': 500, 'num_leaves': 62, 'subsample': 0.6}",2.65121159280806,0.954365636530704,0.390314817428589
LightGBM,Enhanced,2,"{'colsample_bytree': 0.6, 'learning_rate': 0.01, 'max_depth': 5, 'min_child_samples': 50, 'n_estimators': 500, 'num_leaves': 62, 'subsample': 0.8}",2.65124812115194,0.954364379023223,0.380261898040772
LightGBM,Enhanced,2,"{'colsample_bytree': 0.6, 'learning_rate': 0.01, 'max_depth': 5, 'min_child_samples': 50, 'n_estimators': 750, 'num_leaves': 15, 'subsample': 0.6}",2.59234742420853,0.956369556586238,0.4885413646698
LightGBM,Enhanced,2,"{'colsample_bytree': 0.6, 'learning_rate': 0.01, 'max_depth': 5, 'min_child_samples': 50, 'n_estimators': 750, 'num_leaves': 15, 'subsample': 0.8}",2.59230821415046,0.956370876424209,0.481050491333008
LightGBM,Enhanced,2,"{'colsample_bytree': 0.6, 'learning_rate': 0.01, 'max_depth': 5, 'min_child_samples': 50, 'n_estimators': 750, 'num_leaves': 31, 'subsample': 0.6}",2.59394341011332,0.956315817641289,0.485259532928467
LightGBM,Enhanced,2,"{'colsample_bytree': 0.6, 'learning_rate': 0.01, 'max_depth': 5, 'min_child_samples': 50, 'n_estimators': 750, 'num_leaves': 31, 'subsample': 0.8}",2.59398146782674,0.956314535784265,0.488417625427246
LightGBM,Enhanced,2,"{'colsample_bytree': 0.6, 'learning_rate': 0.01, 'max_depth': 5, 'min_child_samples': 50, 'n_estimators': 750, 'num_leaves': 62, 'subsample': 0.6}",2.59394341198204,0.956315817578347,0.492468357086182
LightGBM,Enhanced,2,"{'colsample_bytree': 0.6, 'learning_rate': 0.01, 'max_depth': 5, 'min_child_samples': 50, 'n_estimators': 750, 'num_leaves': 62, 'subsample': 0.8}",2.59394341080646,0.956315817617943,0.496290922164917
LightGBM,Enhanced,2,"{'colsample_bytree': 0.6, 'learning_rate': 0.01, 'max_depth': 5, 'min_child_samples': 50, 'n_estimators': 1000, 'num_leaves': 15, 'subsample': 0.6}",2.58772310429432,0.956525076770135,0.547609806060791
LightGBM,Enhanced,2,"{'colsample_bytree': 0.6, 'learning_rate': 0.01, 'max_depth': 5, 'min_child_samples': 50, 'n_estimators': 1000, 'num_leaves': 15, 'subsample': 0.8}",2.58772310269858,0.956525076823753,0.554327487945557
LightGBM,Enhanced,2,"{'colsample_bytree': 0.6, 'learning_rate': 0.01, 'max_depth': 5, 'min_child_samples': 50, 'n_estimators': 1000, 'num_leaves': 31, 'subsample': 0.6}",2.59394340980768,0.956315817651583,0.49569296836853
LightGBM,Enhanced,2,"{'colsample_bytree': 0.6, 'learning_rate': 0.01, 'max_depth': 5, 'min_child_samples': 50, 'n_estimators': 1000, 'num_leaves': 31, 'subsample': 0.8}",2.5939434097463,0.956315817653651,0.491384983062744
LightGBM,Enhanced,2,"{'colsample_bytree': 0.6, 'learning_rate': 0.01, 'max_depth': 5, 'min_child_samples': 50, 'n_estimators': 1000, 'num_leaves': 62, 'subsample': 0.6}",2.59398146902461,0.956314535743918,0.497115135192871
LightGBM,Enhanced,2,"{'colsample_bytree': 0.6, 'learning_rate': 0.01, 'max_depth': 5, 'min_child_samples': 50, 'n_estimators': 1000, 'num_leaves': 62, 'subsample': 0.8}",2.59394341038679,0.956315817632078,0.50400447845459
LightGBM,Enhanced,2,"{'colsample_bytree': 0.6, 'learning_rate': 0.01, 'max_depth': 5, 'min_child_samples': 100, 'n_estimators': 500, 'num_leaves': 15, 'subsample': 0.6}",2.7302358309952,0.951604660499595,0.328136920928955
LightGBM,Enhanced,2,"{'colsample_bytree': 0.6, 'learning_rate': 0.01, 'max_depth': 5, 'min_child_samples': 100, 'n_estimators': 500, 'num_leaves': 15, 'subsample': 0.8}",2.7302428939246,0.951604410108545,0.333300352096558
LightGBM,Enhanced,2,"{'colsample_bytree': 0.6, 'learning_rate': 0.01, 'max_depth': 5, 'min_child_samples': 100, 'n_estimators': 500, 'num_leaves': 31, 'subsample': 0.6}",2.73204942593262,0.951540344668156,0.327257633209229
LightGBM,Enhanced,2,"{'colsample_bytree': 0.6, 'learning_rate': 0.01, 'max_depth': 5, 'min_child_samples': 100, 'n_estimators': 500, 'num_leaves': 31, 'subsample': 0.8}",2.73204942367209,0.951540344748348,0.32714319229126
LightGBM,Enhanced,2,"{'colsample_bytree': 0.6, 'learning_rate': 0.01, 'max_depth': 5, 'min_child_samples': 100, 'n_estimators': 500, 'num_leaves': 62, 'subsample': 0.6}",2.73204942416299,0.951540344730934,0.333963394165039
LightGBM,Enhanced,2,"{'colsample_bytree': 0.6, 'learning_rate': 0.01, 'max_depth': 5, 'min_child_samples': 100, 'n_estimators': 500, 'num_leaves': 62, 'subsample': 0.8}",2.73204942558221,0.951540344680587,0.330106258392334
LightGBM,Enhanced,2,"{'colsample_bytree': 0.6, 'learning_rate': 0.01, 'max_depth': 5, 'min_child_samples': 100, 'n_estimators': 750, 'num_leaves': 15, 'subsample': 0.6}",2.68941591406326,0.953040965638034,0.438268184661865
LightGBM,Enhanced,2,"{'colsample_bytree': 0.6, 'learning_rate': 0.01, 'max_depth': 5, 'min_child_samples': 100, 'n_estimators': 750, 'num_leaves': 15, 'subsample': 0.8}",2.68941561080758,0.953040976228135,0.436295986175537
LightGBM,Enhanced,2,"{'colsample_bytree': 0.6, 'learning_rate': 0.01, 'max_depth': 5, 'min_child_samples': 100, 'n_estimators': 750, 'num_leaves': 31, 'subsample': 0.6}",2.69436140214096,0.952868103665481,0.429254770278931
LightGBM,Enhanced,2,"{'colsample_bytree': 0.6, 'learning_rate': 0.01, 'max_depth': 5, 'min_child_samples': 100, 'n_estimators': 750, 'num_leaves': 31, 'subsample': 0.8}",2.69436140074552,0.952868103714301,0.433163642883301
LightGBM,Enhanced,2,"{'colsample_bytree': 0.6, 'learning_rate': 0.01, 'max_depth': 5, 'min_child_samples': 100, 'n_estimators': 750, 'num_leaves': 62, 'subsample': 0.6}",2.69436139812299,0.952868103806052,0.433213710784912
LightGBM,Enhanced,2,"{'colsample_bytree': 0.6, 'learning_rate': 0.01, 'max_depth': 5, 'min_child_samples': 100, 'n_estimators': 750, 'num_leaves': 62, 'subsample': 0.8}",2.69436183214978,0.952868088621372,0.433201551437378
LightGBM,Enhanced,2,"{'colsample_bytree': 0.6, 'learning_rate': 0.01, 'max_depth': 5, 'min_child_samples': 100, 'n_estimators': 1000, 'num_leaves': 15, 'subsample': 0.6}",2.65359774907008,0.95428345544442,0.529900074005127
LightGBM,Enhanced,2,"{'colsample_bytree': 0.6, 'learning_rate': 0.01, 'max_depth': 5, 'min_child_samples': 100, 'n_estimators': 1000, 'num_leaves': 15, 'subsample': 0.8}",2.6536039819881,0.954283240681042,0.523064851760864
LightGBM,Enhanced,2,"{'colsample_bytree': 0.6, 'learning_rate': 0.01, 'max_depth': 5, 'min_child_samples': 100, 'n_estimators': 1000, 'num_leaves': 31, 'subsample': 0.6}",2.65371238990733,0.954279505263081,0.541987895965576
LightGBM,Enhanced,2,"{'colsample_bytree': 0.6, 'learning_rate': 0.01, 'max_depth': 5, 'min_child_samples': 100, 'n_estimators': 1000, 'num_leaves': 31, 'subsample': 0.8}",2.65371238908382,0.954279505291458,0.53394079208374
LightGBM,Enhanced,2,"{'colsample_bytree': 0.6, 'learning_rate': 0.01, 'max_depth': 5, 'min_child_samples': 100, 'n_estimators': 1000, 'num_leaves': 62, 'subsample': 0.6}",2.6537186211919,0.95427929054671,0.541435480117798
LightGBM,Enhanced,2,"{'colsample_bytree': 0.6, 'learning_rate': 0.01, 'max_depth': 5, 'min_child_samples': 100, 'n_estimators': 1000, 'num_leaves': 62, 'subsample': 0.8}",2.65371239054964,0.954279505240949,0.528828382492065
LightGBM,Enhanced,2,"{'colsample_bytree': 0.6, 'learning_rate': 0.01, 'max_depth': 9, 'min_child_samples': 50, 'n_estimators': 500, 'num_leaves': 15, 'subsample': 0.6}",2.64784260580431,0.954481541195181,0.49370813369751
LightGBM,Enhanced,2,"{'colsample_bytree': 0.6, 'learning_rate': 0.01, 'max_depth': 9, 'min_child_samples': 50, 'n_estimators': 500, 'num_leaves': 15, 'subsample': 0.8}",2.64779635930764,0.954483131207266,0.500771522521973
LightGBM,Enhanced,2,"{'colsample_bytree': 0.6, 'learning_rate': 0.01, 'max_depth': 9, 'min_child_samples': 50, 'n_estimators': 500, 'num_leaves': 31, 'subsample': 0.6}",2.64239362914732,0.954668692659819,0.744284629821777
LightGBM,Enhanced,2,"{'colsample_bytree': 0.6, 'learning_rate': 0.01, 'max_depth': 9, 'min_child_samples': 50, 'n_estimators': 500, 'num_leaves': 31, 'subsample': 0.8}",2.64245968025069,0.954666426365913,0.742228031158447
LightGBM,Enhanced,2,"{'colsample_bytree': 0.6, 'learning_rate': 0.01, 'max_depth': 9, 'min_child_samples': 50, 'n_estimators': 500, 'num_leaves': 62, 'subsample': 0.6}",2.64212270837478,0.954677987689206,0.844676733016968
LightGBM,Enhanced,2,"{'colsample_bytree': 0.6, 'learning_rate': 0.01, 'max_depth': 9, 'min_child_samples': 50, 'n_estimators': 500, 'num_leaves': 62, 'subsample': 0.8}",2.64225438520726,0.954673470103619,0.851337909698486
LightGBM,Enhanced,2,"{'colsample_bytree': 0.6, 'learning_rate': 0.01, 'max_depth': 9, 'min_child_samples': 50, 'n_estimators': 750, 'num_leaves': 15, 'subsample': 0.6}",2.5857426479102,0.956591596438861,0.648510456085205
LightGBM,Enhanced,2,"{'colsample_bytree': 0.6, 'learning_rate': 0.01, 'max_depth': 9, 'min_child_samples': 50, 'n_estimators': 750, 'num_leaves': 15, 'subsample': 0.8}",2.58570632327532,0.956592816036903,0.669483661651611
LightGBM,Enhanced,2,"{'colsample_bytree': 0.6, 'learning_rate': 0.01, 'max_depth': 9, 'min_child_samples': 50, 'n_estimators': 750, 'num_leaves': 31, 'subsample': 0.6}",2.59310113857314,0.956344182153628,0.937460422515869
LightGBM,Enhanced,2,"{'colsample_bytree': 0.6, 'learning_rate': 0.01, 'max_depth': 9, 'min_child_samples': 50, 'n_estimators': 750, 'num_leaves': 31, 'subsample': 0.8}",2.59324359382247,0.956339385448133,0.927027463912964
LightGBM,Enhanced,2,"{'colsample_bytree': 0.6, 'learning_rate': 0.01, 'max_depth': 9, 'min_child_samples': 50, 'n_estimators': 750, 'num_leaves': 62, 'subsample': 0.6}",2.58118908140602,0.956744348691666,1.04107904434204
LightGBM,Enhanced,2,"{'colsample_bytree': 0.6, 'learning_rate': 0.01, 'max_depth': 9, 'min_child_samples': 50, 'n_estimators': 750, 'num_leaves': 62, 'subsample': 0.8}",2.58113615084702,0.956746122697565,1.06845259666443
LightGBM,Enhanced,2,"{'colsample_bytree': 0.6, 'learning_rate': 0.01, 'max_depth': 9, 'min_child_samples': 50, 'n_estimators': 1000, 'num_leaves': 15, 'subsample': 0.6}",2.58577338991622,0.956590564263956,0.69016695022583
LightGBM,Enhanced,2,"{'colsample_bytree': 0.6, 'learning_rate': 0.01, 'max_depth': 9, 'min_child_samples': 50, 'n_estimators': 1000, 'num_leaves': 15, 'subsample': 0.8}",2.58570446157439,0.956592878542969,0.715884447097778
LightGBM,Enhanced,2,"{'colsample_bytree': 0.6, 'learning_rate': 0.01, 'max_depth': 9, 'min_child_samples': 50, 'n_estimators': 1000, 'num_leaves': 31, 'subsample': 0.6}",2.57952419690357,0.95680013107408,1.1247251033783
LightGBM,Enhanced,2,"{'colsample_bytree': 0.6, 'learning_rate': 0.01, 'max_depth': 9, 'min_child_samples': 50, 'n_estimators': 1000, 'num_leaves': 31, 'subsample': 0.8}",2.57953707017661,0.956799699889836,1.1879620552063
LightGBM,Enhanced,2,"{'colsample_bytree': 0.6, 'learning_rate': 0.01, 'max_depth': 9, 'min_child_samples': 50, 'n_estimators': 1000, 'num_leaves': 62, 'subsample': 0.6}",2.5811869027055,0.956744421713105,1.07751750946045
LightGBM,Enhanced,2,"{'colsample_bytree': 0.6, 'learning_rate': 0.01, 'max_depth': 9, 'min_child_samples': 50, 'n_estimators': 1000, 'num_leaves': 62, 'subsample': 0.8}",2.58122817114198,0.956743038547591,1.07999038696289
LightGBM,Enhanced,2,"{'colsample_bytree': 0.6, 'learning_rate': 0.01, 'max_depth': 9, 'min_child_samples': 100, 'n_estimators': 500, 'num_leaves': 15, 'subsample': 0.6}",2.72087970784388,0.951935779828961,0.496611595153809
LightGBM,Enhanced,2,"{'colsample_bytree': 0.6, 'learning_rate': 0.01, 'max_depth': 9, 'min_child_samples': 100, 'n_estimators': 500, 'num_leaves': 15, 'subsample': 0.8}",2.72087758735378,0.951935854745661,0.497390508651733
LightGBM,Enhanced,2,"{'colsample_bytree': 0.6, 'learning_rate': 0.01, 'max_depth': 9, 'min_child_samples': 100, 'n_estimators': 500, 'num_leaves': 31, 'subsample': 0.6}",2.726535899283,0.951735739376647,0.611635446548462
LightGBM,Enhanced,2,"{'colsample_bytree': 0.6, 'learning_rate': 0.01, 'max_depth': 9, 'min_child_samples': 100, 'n_estimators': 500, 'num_leaves': 31, 'subsample': 0.8}",2.72656581739133,0.951734680169394,0.609619140625
LightGBM,Enhanced,2,"{'colsample_bytree': 0.6, 'learning_rate': 0.01, 'max_depth': 9, 'min_child_samples': 100, 'n_estimators': 500, 'num_leaves': 62, 'subsample': 0.6}",2.72655330838551,0.951735123034024,0.611747741699219
LightGBM,Enhanced,2,"{'colsample_bytree': 0.6, 'learning_rate': 0.01, 'max_depth': 9, 'min_child_samples': 100, 'n_estimators': 500, 'num_leaves': 62, 'subsample': 0.8}",2.72658450770211,0.951734018460138,0.610941171646118
LightGBM,Enhanced,2,"{'colsample_bytree': 0.6, 'learning_rate': 0.01, 'max_depth': 9, 'min_child_samples': 100, 'n_estimators': 750, 'num_leaves': 15, 'subsample': 0.6}",2.68371062551697,0.953239990760277,0.673021793365479
LightGBM,Enhanced,2,"{'colsample_bytree': 0.6, 'learning_rate': 0.01, 'max_depth': 9, 'min_child_samples': 100, 'n_estimators': 750, 'num_leaves': 15, 'subsample': 0.8}",2.68370321475733,0.953240249004745,0.669580459594727
LightGBM,Enhanced,2,"{'colsample_bytree': 0.6, 'learning_rate': 0.01, 'max_depth': 9, 'min_child_samples': 100, 'n_estimators': 750, 'num_leaves': 31, 'subsample': 0.6}",2.69544338062909,0.952830242421547,0.798454523086548
LightGBM,Enhanced,2,"{'colsample_bytree': 0.6, 'learning_rate': 0.01, 'max_depth': 9, 'min_child_samples': 100, 'n_estimators': 750, 'num_leaves': 31, 'subsample': 0.8}",2.6954530008122,0.952829905718118,0.806968688964844
LightGBM,Enhanced,2,"{'colsample_bytree': 0.6, 'learning_rate': 0.01, 'max_depth': 9, 'min_child_samples': 100, 'n_estimators': 750, 'num_leaves': 62, 'subsample': 0.6}",2.69544809588547,0.952830077389184,0.808380842208862
LightGBM,Enhanced,2,"{'colsample_bytree': 0.6, 'learning_rate': 0.01, 'max_depth': 9, 'min_child_samples': 100, 'n_estimators': 750, 'num_leaves': 62, 'subsample': 0.8}",2.69547345031597,0.952829189987827,0.79763674736023
LightGBM,Enhanced,2,"{'colsample_bytree': 0.6, 'learning_rate': 0.01, 'max_depth': 9, 'min_child_samples': 100, 'n_estimators': 1000, 'num_leaves': 15, 'subsample': 0.6}",2.64748030639192,0.954493996756251,0.853300094604492
LightGBM,Enhanced,2,"{'colsample_bytree': 0.6, 'learning_rate': 0.01, 'max_depth': 9, 'min_child_samples': 100, 'n_estimators': 1000, 'num_leaves': 15, 'subsample': 0.8}",2.64751225483162,0.954492898463229,0.841572761535645
LightGBM,Enhanced,2,"{'colsample_bytree': 0.6, 'learning_rate': 0.01, 'max_depth': 9, 'min_child_samples': 100, 'n_estimators': 1000, 'num_leaves': 31, 'subsample': 0.6}",2.65604984641455,0.954198926271111,0.975962162017822
LightGBM,Enhanced,2,"{'colsample_bytree': 0.6, 'learning_rate': 0.01, 'max_depth': 9, 'min_child_samples': 100, 'n_estimators': 1000, 'num_leaves': 31, 'subsample': 0.8}",2.65605159786201,0.954198865866973,0.971759080886841
LightGBM,Enhanced,2,"{'colsample_bytree': 0.6, 'learning_rate': 0.01, 'max_depth': 9, 'min_child_samples': 100, 'n_estimators': 1000, 'num_leaves': 62, 'subsample': 0.6}",2.65605473190021,0.954198757779774,0.97713303565979
LightGBM,Enhanced,2,"{'colsample_bytree': 0.6, 'learning_rate': 0.01, 'max_depth': 9, 'min_child_samples': 100, 'n_estimators': 1000, 'num_leaves': 62, 'subsample': 0.8}",2.65606199756761,0.954198507199811,0.983608245849609
LightGBM,Enhanced,2,"{'colsample_bytree': 0.6, 'learning_rate': 0.05, 'max_depth': 3, 'min_child_samples': 50, 'n_estimators': 500, 'num_leaves': 15, 'subsample': 0.6}",2.56774287616986,0.957193838765432,0.167813539505005
LightGBM,Enhanced,2,"{'colsample_bytree': 0.6, 'learning_rate': 0.05, 'max_depth': 3, 'min_child_samples': 50, 'n_estimators': 500, 'num_leaves': 15, 'subsample': 0.8}",2.56774287047884,0.957193838955179,0.166122913360596
LightGBM,Enhanced,2,"{'colsample_bytree': 0.6, 'learning_rate': 0.05, 'max_depth': 3, 'min_child_samples': 50, 'n_estimators': 500, 'num_leaves': 31, 'subsample': 0.6}",2.56774287017526,0.957193838965301,0.178892135620117
LightGBM,Enhanced,2,"{'colsample_bytree': 0.6, 'learning_rate': 0.05, 'max_depth': 3, 'min_child_samples': 50, 'n_estimators': 500, 'num_leaves': 31, 'subsample': 0.8}",2.56774287211936,0.957193838900482,0.168883323669434
LightGBM,Enhanced,2,"{'colsample_bytree': 0.6, 'learning_rate': 0.05, 'max_depth': 3, 'min_child_samples': 50, 'n_estimators': 500, 'num_leaves': 62, 'subsample': 0.6}",2.56774287212664,0.95719383890024,0.164906024932861
LightGBM,Enhanced,2,"{'colsample_bytree': 0.6, 'learning_rate': 0.05, 'max_depth': 3, 'min_child_samples': 50, 'n_estimators': 500, 'num_leaves': 62, 'subsample': 0.8}",2.56774287682488,0.957193838743593,0.168601989746094
LightGBM,Enhanced,2,"{'colsample_bytree': 0.6, 'learning_rate': 0.05, 'max_depth': 3, 'min_child_samples': 50, 'n_estimators': 750, 'num_leaves': 15, 'subsample': 0.6}",2.56774287408857,0.957193838834826,0.165853977203369
LightGBM,Enhanced,2,"{'colsample_bytree': 0.6, 'learning_rate': 0.05, 'max_depth': 3, 'min_child_samples': 50, 'n_estimators': 750, 'num_leaves': 15, 'subsample': 0.8}",2.56774287328487,0.957193838861622,0.171414613723755
LightGBM,Enhanced,2,"{'colsample_bytree': 0.6, 'learning_rate': 0.05, 'max_depth': 3, 'min_child_samples': 50, 'n_estimators': 750, 'num_leaves': 31, 'subsample': 0.6}",2.56774287508357,0.957193838801651,0.167699813842773
LightGBM,Enhanced,2,"{'colsample_bytree': 0.6, 'learning_rate': 0.05, 'max_depth': 3, 'min_child_samples': 50, 'n_estimators': 750, 'num_leaves': 31, 'subsample': 0.8}",2.56774287264203,0.957193838883055,0.170906543731689
LightGBM,Enhanced,2,"{'colsample_bytree': 0.6, 'learning_rate': 0.05, 'max_depth': 3, 'min_child_samples': 50, 'n_estimators': 750, 'num_leaves': 62, 'subsample': 0.6}",2.56774287432052,0.957193838827092,0.167506217956543
LightGBM,Enhanced,2,"{'colsample_bytree': 0.6, 'learning_rate': 0.05, 'max_depth': 3, 'min_child_samples': 50, 'n_estimators': 750, 'num_leaves': 62, 'subsample': 0.8}",2.56774287235076,0.957193838892767,0.161026954650879
LightGBM,Enhanced,2,"{'colsample_bytree': 0.6, 'learning_rate': 0.05, 'max_depth': 3, 'min_child_samples': 50, 'n_estimators': 1000, 'num_leaves': 15, 'subsample': 0.6}",2.56774287471486,0.957193838813944,0.173181295394897
LightGBM,Enhanced,2,"{'colsample_bytree': 0.6, 'learning_rate': 0.05, 'max_depth': 3, 'min_child_samples': 50, 'n_estimators': 1000, 'num_leaves': 15, 'subsample': 0.8}",2.56774287476488,0.957193838812276,0.17020058631897
LightGBM,Enhanced,2,"{'colsample_bytree': 0.6, 'learning_rate': 0.05, 'max_depth': 3, 'min_child_samples': 50, 'n_estimators': 1000, 'num_leaves': 31, 'subsample': 0.6}",2.56774287465529,0.95719383881593,0.164941310882568
LightGBM,Enhanced,2,"{'colsample_bytree': 0.6, 'learning_rate': 0.05, 'max_depth': 3, 'min_child_samples': 50, 'n_estimators': 1000, 'num_leaves': 31, 'subsample': 0.8}",2.5677428788547,0.957193838675916,0.173616170883179
LightGBM,Enhanced,2,"{'colsample_bytree': 0.6, 'learning_rate': 0.05, 'max_depth': 3, 'min_child_samples': 50, 'n_estimators': 1000, 'num_leaves': 62, 'subsample': 0.6}",2.5677428701726,0.95719383896539,0.185715675354004
LightGBM,Enhanced,2,"{'colsample_bytree': 0.6, 'learning_rate': 0.05, 'max_depth': 3, 'min_child_samples': 50, 'n_estimators': 1000, 'num_leaves': 62, 'subsample': 0.8}",2.56774287534694,0.95719383879287,0.170979022979736
LightGBM,Enhanced,2,"{'colsample_bytree': 0.6, 'learning_rate': 0.05, 'max_depth': 3, 'min_child_samples': 100, 'n_estimators': 500, 'num_leaves': 15, 'subsample': 0.6}",2.7230926046483,0.951857566587276,0.142040491104126
LightGBM,Enhanced,2,"{'colsample_bytree': 0.6, 'learning_rate': 0.05, 'max_depth': 3, 'min_child_samples': 100, 'n_estimators': 500, 'num_leaves': 15, 'subsample': 0.8}",2.72309260881385,0.951857566439988,0.142949819564819
LightGBM,Enhanced,2,"{'colsample_bytree': 0.6, 'learning_rate': 0.05, 'max_depth': 3, 'min_child_samples': 100, 'n_estimators': 500, 'num_leaves': 31, 'subsample': 0.6}",2.72309260994494,0.951857566399994,0.147284984588623
LightGBM,Enhanced,2,"{'colsample_bytree': 0.6, 'learning_rate': 0.05, 'max_depth': 3, 'min_child_samples': 100, 'n_estimators': 500, 'num_leaves': 31, 'subsample': 0.8}",2.72309260692026,0.951857566506943,0.140314340591431
LightGBM,Enhanced,2,"{'colsample_bytree': 0.6, 'learning_rate': 0.05, 'max_depth': 3, 'min_child_samples': 100, 'n_estimators': 500, 'num_leaves': 62, 'subsample': 0.6}",2.72309260495194,0.95185756657654,0.136779308319092
LightGBM,Enhanced,2,"{'colsample_bytree': 0.6, 'learning_rate': 0.05, 'max_depth': 3, 'min_child_samples': 100, 'n_estimators': 500, 'num_leaves': 62, 'subsample': 0.8}",2.72309260832726,0.951857566457193,0.139338493347168
LightGBM,Enhanced,2,"{'colsample_bytree': 0.6, 'learning_rate': 0.05, 'max_depth': 3, 'min_child_samples': 100, 'n_estimators': 750, 'num_leaves': 15, 'subsample': 0.6}",2.72309260746868,0.951857566487551,0.140143871307373
LightGBM,Enhanced,2,"{'colsample_bytree': 0.6, 'learning_rate': 0.05, 'max_depth': 3, 'min_child_samples': 100, 'n_estimators': 750, 'num_leaves': 15, 'subsample': 0.8}",2.7230926105988,0.951857566376874,0.138704538345337
LightGBM,Enhanced,2,"{'colsample_bytree': 0.6, 'learning_rate': 0.05, 'max_depth': 3, 'min_child_samples': 100, 'n_estimators': 750, 'num_leaves': 31, 'subsample': 0.6}",2.72309260636574,0.95185756652655,0.141668081283569
LightGBM,Enhanced,2,"{'colsample_bytree': 0.6, 'learning_rate': 0.05, 'max_depth': 3, 'min_child_samples': 100, 'n_estimators': 750, 'num_leaves': 31, 'subsample': 0.8}",2.72309260908835,0.951857566430282,0.15011477470398
LightGBM,Enhanced,2,"{'colsample_bytree': 0.6, 'learning_rate': 0.05, 'max_depth': 3, 'min_child_samples': 100, 'n_estimators': 750, 'num_leaves': 62, 'subsample': 0.6}",2.72309260847066,0.951857566452123,0.139202833175659
LightGBM,Enhanced,2,"{'colsample_bytree': 0.6, 'learning_rate': 0.05, 'max_depth': 3, 'min_child_samples': 100, 'n_estimators': 750, 'num_leaves': 62, 'subsample': 0.8}",2.72309261155051,0.951857566343223,0.141539335250855
LightGBM,Enhanced,2,"{'colsample_bytree': 0.6, 'learning_rate': 0.05, 'max_depth': 3, 'min_child_samples': 100, 'n_estimators': 1000, 'num_leaves': 15, 'subsample': 0.6}",2.72309260986928,0.951857566402669,0.152195692062378
LightGBM,Enhanced,2,"{'colsample_bytree': 0.6, 'learning_rate': 0.05, 'max_depth': 3, 'min_child_samples': 100, 'n_estimators': 1000, 'num_leaves': 15, 'subsample': 0.8}",2.72309260732152,0.951857566492755,0.142540216445923
LightGBM,Enhanced,2,"{'colsample_bytree': 0.6, 'learning_rate': 0.05, 'max_depth': 3, 'min_child_samples': 100, 'n_estimators': 1000, 'num_leaves': 31, 'subsample': 0.6}",2.72309260640363,0.95185756652521,0.144814014434814
LightGBM,Enhanced,2,"{'colsample_bytree': 0.6, 'learning_rate': 0.05, 'max_depth': 3, 'min_child_samples': 100, 'n_estimators': 1000, 'num_leaves': 31, 'subsample': 0.8}",2.72309260004216,0.951857566750143,0.141366004943848
LightGBM,Enhanced,2,"{'colsample_bytree': 0.6, 'learning_rate': 0.05, 'max_depth': 3, 'min_child_samples': 100, 'n_estimators': 1000, 'num_leaves': 62, 'subsample': 0.6}",2.7230926098182,0.951857566404475,0.140405416488647
LightGBM,Enhanced,2,"{'colsample_bytree': 0.6, 'learning_rate': 0.05, 'max_depth': 3, 'min_child_samples': 100, 'n_estimators': 1000, 'num_leaves': 62, 'subsample': 0.8}",2.72309261447124,0.95185756623995,0.146528959274292
LightGBM,Enhanced,2,"{'colsample_bytree': 0.6, 'learning_rate': 0.05, 'max_depth': 5, 'min_child_samples': 50, 'n_estimators': 500, 'num_leaves': 15, 'subsample': 0.6}",2.64280028256419,0.954654738985933,0.211902856826782
LightGBM,Enhanced,2,"{'colsample_bytree': 0.6, 'learning_rate': 0.05, 'max_depth': 5, 'min_child_samples': 50, 'n_estimators': 500, 'num_leaves': 15, 'subsample': 0.8}",2.64280027587985,0.954654739215313,0.207377672195435
LightGBM,Enhanced,2,"{'colsample_bytree': 0.6, 'learning_rate': 0.05, 'max_depth': 5, 'min_child_samples': 50, 'n_estimators': 500, 'num_leaves': 31, 'subsample': 0.6}",2.6430941246178,0.954644654920599,0.207444906234741
LightGBM,Enhanced,2,"{'colsample_bytree': 0.6, 'learning_rate': 0.05, 'max_depth': 5, 'min_child_samples': 50, 'n_estimators': 500, 'num_leaves': 31, 'subsample': 0.8}",2.64309412604483,0.954644654871624,0.197815895080566
LightGBM,Enhanced,2,"{'colsample_bytree': 0.6, 'learning_rate': 0.05, 'max_depth': 5, 'min_child_samples': 50, 'n_estimators': 500, 'num_leaves': 62, 'subsample': 0.6}",2.64309412886912,0.954644654774694,0.207890510559082
LightGBM,Enhanced,2,"{'colsample_bytree': 0.6, 'learning_rate': 0.05, 'max_depth': 5, 'min_child_samples': 50, 'n_estimators': 500, 'num_leaves': 62, 'subsample': 0.8}",2.64309412863627,0.954644654782686,0.212977886199951
LightGBM,Enhanced,2,"{'colsample_bytree': 0.6, 'learning_rate': 0.05, 'max_depth': 5, 'min_child_samples': 50, 'n_estimators': 750, 'num_leaves': 15, 'subsample': 0.6}",2.6428002756817,0.954654739222113,0.204156875610352
LightGBM,Enhanced,2,"{'colsample_bytree': 0.6, 'learning_rate': 0.05, 'max_depth': 5, 'min_child_samples': 50, 'n_estimators': 750, 'num_leaves': 15, 'subsample': 0.8}",2.64280027716079,0.954654739171357,0.210820198059082
LightGBM,Enhanced,2,"{'colsample_bytree': 0.6, 'learning_rate': 0.05, 'max_depth': 5, 'min_child_samples': 50, 'n_estimators': 750, 'num_leaves': 31, 'subsample': 0.6}",2.64309412743969,0.954644654823752,0.212068319320679
LightGBM,Enhanced,2,"{'colsample_bytree': 0.6, 'learning_rate': 0.05, 'max_depth': 5, 'min_child_samples': 50, 'n_estimators': 750, 'num_leaves': 31, 'subsample': 0.8}",2.64309412887587,0.954644654774463,0.207145690917969
LightGBM,Enhanced,2,"{'colsample_bytree': 0.6, 'learning_rate': 0.05, 'max_depth': 5, 'min_child_samples': 50, 'n_estimators': 750, 'num_leaves': 62, 'subsample': 0.6}",2.64309412958573,0.9546446547501,0.205055475234985
LightGBM,Enhanced,2,"{'colsample_bytree': 0.6, 'learning_rate': 0.05, 'max_depth': 5, 'min_child_samples': 50, 'n_estimators': 750, 'num_leaves': 62, 'subsample': 0.8}",2.64309412514614,0.954644654902466,0.216524124145508
LightGBM,Enhanced,2,"{'colsample_bytree': 0.6, 'learning_rate': 0.05, 'max_depth': 5, 'min_child_samples': 50, 'n_estimators': 1000, 'num_leaves': 15, 'subsample': 0.6}",2.64280027518842,0.95465473923904,0.210118770599365
LightGBM,Enhanced,2,"{'colsample_bytree': 0.6, 'learning_rate': 0.05, 'max_depth': 5, 'min_child_samples': 50, 'n_estimators': 1000, 'num_leaves': 15, 'subsample': 0.8}",2.64280027488835,0.954654739249338,0.205573558807373
LightGBM,Enhanced,2,"{'colsample_bytree': 0.6, 'learning_rate': 0.05, 'max_depth': 5, 'min_child_samples': 50, 'n_estimators': 1000, 'num_leaves': 31, 'subsample': 0.6}",2.64309413270243,0.954644654643135,0.206432104110718
LightGBM,Enhanced,2,"{'colsample_bytree': 0.6, 'learning_rate': 0.05, 'max_depth': 5, 'min_child_samples': 50, 'n_estimators': 1000, 'num_leaves': 31, 'subsample': 0.8}",2.64309412571869,0.954644654882817,0.216729879379272
LightGBM,Enhanced,2,"{'colsample_bytree': 0.6, 'learning_rate': 0.05, 'max_depth': 5, 'min_child_samples': 50, 'n_estimators': 1000, 'num_leaves': 62, 'subsample': 0.6}",2.6430941316229,0.954644654680185,0.205008506774902
LightGBM,Enhanced,2,"{'colsample_bytree': 0.6, 'learning_rate': 0.05, 'max_depth': 5, 'min_child_samples': 50, 'n_estimators': 1000, 'num_leaves': 62, 'subsample': 0.8}",2.64309412836439,0.954644654792016,0.204462051391602
LightGBM,Enhanced,2,"{'colsample_bytree': 0.6, 'learning_rate': 0.05, 'max_depth': 5, 'min_child_samples': 100, 'n_estimators': 500, 'num_leaves': 15, 'subsample': 0.6}",2.61464638166605,0.955615724121453,0.275682926177979
LightGBM,Enhanced,2,"{'colsample_bytree': 0.6, 'learning_rate': 0.05, 'max_depth': 5, 'min_child_samples': 100, 'n_estimators': 500, 'num_leaves': 15, 'subsample': 0.8}",2.61464638453402,0.955615724024084,0.267012596130371
LightGBM,Enhanced,2,"{'colsample_bytree': 0.6, 'learning_rate': 0.05, 'max_depth': 5, 'min_child_samples': 100, 'n_estimators': 500, 'num_leaves': 31, 'subsample': 0.6}",2.60358244606553,0.955990555530827,0.26762866973877
LightGBM,Enhanced,2,"{'colsample_bytree': 0.6, 'learning_rate': 0.05, 'max_depth': 5, 'min_child_samples': 100, 'n_estimators': 500, 'num_leaves': 31, 'subsample': 0.8}",2.60358245371796,0.955990555272123,0.266601085662842
LightGBM,Enhanced,2,"{'colsample_bytree': 0.6, 'learning_rate': 0.05, 'max_depth': 5, 'min_child_samples': 100, 'n_estimators': 500, 'num_leaves': 62, 'subsample': 0.6}",2.60358244785114,0.955990555470461,0.273795127868652
LightGBM,Enhanced,2,"{'colsample_bytree': 0.6, 'learning_rate': 0.05, 'max_depth': 5, 'min_child_samples': 100, 'n_estimators': 500, 'num_leaves': 62, 'subsample': 0.8}",2.60358245027881,0.95599055538839,0.269599914550781
LightGBM,Enhanced,2,"{'colsample_bytree': 0.6, 'learning_rate': 0.05, 'max_depth': 5, 'min_child_samples': 100, 'n_estimators': 750, 'num_leaves': 15, 'subsample': 0.6}",2.61464638104492,0.955615724142541,0.270514249801636
LightGBM,Enhanced,2,"{'colsample_bytree': 0.6, 'learning_rate': 0.05, 'max_depth': 5, 'min_child_samples': 100, 'n_estimators': 750, 'num_leaves': 15, 'subsample': 0.8}",2.61464638686234,0.955615723945036,0.27368950843811
LightGBM,Enhanced,2,"{'colsample_bytree': 0.6, 'learning_rate': 0.05, 'max_depth': 5, 'min_child_samples': 100, 'n_estimators': 750, 'num_leaves': 31, 'subsample': 0.6}",2.60358245019059,0.955990555391372,0.268927097320557
LightGBM,Enhanced,2,"{'colsample_bytree': 0.6, 'learning_rate': 0.05, 'max_depth': 5, 'min_child_samples': 100, 'n_estimators': 750, 'num_leaves': 31, 'subsample': 0.8}",2.60358245431281,0.955990555252013,0.276764392852783
LightGBM,Enhanced,2,"{'colsample_bytree': 0.6, 'learning_rate': 0.05, 'max_depth': 5, 'min_child_samples': 100, 'n_estimators': 750, 'num_leaves': 62, 'subsample': 0.6}",2.6035824586679,0.955990555104781,0.282094717025757
LightGBM,Enhanced,2,"{'colsample_bytree': 0.6, 'learning_rate': 0.05, 'max_depth': 5, 'min_child_samples': 100, 'n_estimators': 750, 'num_leaves': 62, 'subsample': 0.8}",2.6035824548721,0.955990555233105,0.273204565048218
LightGBM,Enhanced,2,"{'colsample_bytree': 0.6, 'learning_rate': 0.05, 'max_depth': 5, 'min_child_samples': 100, 'n_estimators': 1000, 'num_leaves': 15, 'subsample': 0.6}",2.61464638191319,0.955615724113063,0.268672227859497
LightGBM,Enhanced,2,"{'colsample_bytree': 0.6, 'learning_rate': 0.05, 'max_depth': 5, 'min_child_samples': 100, 'n_estimators': 1000, 'num_leaves': 15, 'subsample': 0.8}",2.61464638005814,0.955615724176043,0.269561052322388
LightGBM,Enhanced,2,"{'colsample_bytree': 0.6, 'learning_rate': 0.05, 'max_depth': 5, 'min_child_samples': 100, 'n_estimators': 1000, 'num_leaves': 31, 'subsample': 0.6}",2.60358244555746,0.955990555548004,0.282090187072754
LightGBM,Enhanced,2,"{'colsample_bytree': 0.6, 'learning_rate': 0.05, 'max_depth': 5, 'min_child_samples': 100, 'n_estimators': 1000, 'num_leaves': 31, 'subsample': 0.8}",2.60358244822557,0.955990555457803,0.272166013717651
LightGBM,Enhanced,2,"{'colsample_bytree': 0.6, 'learning_rate': 0.05, 'max_depth': 5, 'min_child_samples': 100, 'n_estimators': 1000, 'num_leaves': 62, 'subsample': 0.6}",2.60358245419386,0.955990555256034,0.272442817687988
LightGBM,Enhanced,2,"{'colsample_bytree': 0.6, 'learning_rate': 0.05, 'max_depth': 5, 'min_child_samples': 100, 'n_estimators': 1000, 'num_leaves': 62, 'subsample': 0.8}",2.60358245019658,0.955990555391169,0.278203010559082
LightGBM,Enhanced,2,"{'colsample_bytree': 0.6, 'learning_rate': 0.05, 'max_depth': 9, 'min_child_samples': 50, 'n_estimators': 500, 'num_leaves': 15, 'subsample': 0.6}",2.61141311874776,0.955725427142726,0.261639356613159
LightGBM,Enhanced,2,"{'colsample_bytree': 0.6, 'learning_rate': 0.05, 'max_depth': 9, 'min_child_samples': 50, 'n_estimators': 500, 'num_leaves': 15, 'subsample': 0.8}",2.61141311740887,0.955725427188126,0.263741254806519
LightGBM,Enhanced,2,"{'colsample_bytree': 0.6, 'learning_rate': 0.05, 'max_depth': 9, 'min_child_samples': 50, 'n_estimators': 500, 'num_leaves': 31, 'subsample': 0.6}",2.61146044087444,0.955723822505057,0.326554298400879
LightGBM,Enhanced,2,"{'colsample_bytree': 0.6, 'learning_rate': 0.05, 'max_depth': 9, 'min_child_samples': 50, 'n_estimators': 500, 'num_leaves': 31, 'subsample': 0.8}",2.61146044234965,0.955723822455034,0.315170288085938
LightGBM,Enhanced,2,"{'colsample_bytree': 0.6, 'learning_rate': 0.05, 'max_depth': 9, 'min_child_samples': 50, 'n_estimators': 500, 'num_leaves': 62, 'subsample': 0.6}",2.59645883225229,0.956231052925199,0.383726119995117
LightGBM,Enhanced,2,"{'colsample_bytree': 0.6, 'learning_rate': 0.05, 'max_depth': 9, 'min_child_samples': 50, 'n_estimators': 500, 'num_leaves': 62, 'subsample': 0.8}",2.59646194979845,0.956230947819126,0.384990453720093
LightGBM,Enhanced,2,"{'colsample_bytree': 0.6, 'learning_rate': 0.05, 'max_depth': 9, 'min_child_samples': 50, 'n_estimators': 750, 'num_leaves': 15, 'subsample': 0.6}",2.61141311285464,0.955725427342553,0.257416963577271
LightGBM,Enhanced,2,"{'colsample_bytree': 0.6, 'learning_rate': 0.05, 'max_depth': 9, 'min_child_samples': 50, 'n_estimators': 750, 'num_leaves': 15, 'subsample': 0.8}",2.61141311745844,0.955725427186445,0.262802839279175
LightGBM,Enhanced,2,"{'colsample_bytree': 0.6, 'learning_rate': 0.05, 'max_depth': 9, 'min_child_samples': 50, 'n_estimators': 750, 'num_leaves': 31, 'subsample': 0.6}",2.61148259077463,0.955723071417998,0.316968679428101
LightGBM,Enhanced,2,"{'colsample_bytree': 0.6, 'learning_rate': 0.05, 'max_depth': 9, 'min_child_samples': 50, 'n_estimators': 750, 'num_leaves': 31, 'subsample': 0.8}",2.61145928870159,0.955723861574229,0.307667016983032
LightGBM,Enhanced,2,"{'colsample_bytree': 0.6, 'learning_rate': 0.05, 'max_depth': 9, 'min_child_samples': 50, 'n_estimators': 750, 'num_leaves': 62, 'subsample': 0.6}",2.59644839037128,0.956231404965611,0.378983974456787
LightGBM,Enhanced,2,"{'colsample_bytree': 0.6, 'learning_rate': 0.05, 'max_depth': 9, 'min_child_samples': 50, 'n_estimators': 750, 'num_leaves': 62, 'subsample': 0.8}",2.59645969041636,0.956231023992759,0.381511449813843
LightGBM,Enhanced,2,"{'colsample_bytree': 0.6, 'learning_rate': 0.05, 'max_depth': 9, 'min_child_samples': 50, 'n_estimators': 1000, 'num_leaves': 15, 'subsample': 0.6}",2.6114131179582,0.955725427169499,0.253799438476563
LightGBM,Enhanced,2,"{'colsample_bytree': 0.6, 'learning_rate': 0.05, 'max_depth': 9, 'min_child_samples': 50, 'n_estimators': 1000, 'num_leaves': 15, 'subsample': 0.8}",2.6114131146473,0.955725427281767,0.255785465240479
LightGBM,Enhanced,2,"{'colsample_bytree': 0.6, 'learning_rate': 0.05, 'max_depth': 9, 'min_child_samples': 50, 'n_estimators': 1000, 'num_leaves': 31, 'subsample': 0.6}",2.61148163552034,0.95572310381011,0.308788299560547
LightGBM,Enhanced,2,"{'colsample_bytree': 0.6, 'learning_rate': 0.05, 'max_depth': 9, 'min_child_samples': 50, 'n_estimators': 1000, 'num_leaves': 31, 'subsample': 0.8}",2.61148246327672,0.955723075741378,0.312110662460327
LightGBM,Enhanced,2,"{'colsample_bytree': 0.6, 'learning_rate': 0.05, 'max_depth': 9, 'min_child_samples': 50, 'n_estimators': 1000, 'num_leaves': 62, 'subsample': 0.6}",2.59645151206372,0.956231299720172,0.388948202133179
LightGBM,Enhanced,2,"{'colsample_bytree': 0.6, 'learning_rate': 0.05, 'max_depth': 9, 'min_child_samples': 50, 'n_estimators': 1000, 'num_leaves': 62, 'subsample': 0.8}",2.59645813507657,0.956231076430015,0.382054090499878
LightGBM,Enhanced,2,"{'colsample_bytree': 0.6, 'learning_rate': 0.05, 'max_depth': 9, 'min_child_samples': 100, 'n_estimators': 500, 'num_leaves': 15, 'subsample': 0.6}",2.60027839059509,0.956102184321761,0.388571262359619
LightGBM,Enhanced,2,"{'colsample_bytree': 0.6, 'learning_rate': 0.05, 'max_depth': 9, 'min_child_samples': 100, 'n_estimators': 500, 'num_leaves': 15, 'subsample': 0.8}",2.6002783973966,0.956102184092116,0.392733097076416
LightGBM,Enhanced,2,"{'colsample_bytree': 0.6, 'learning_rate': 0.05, 'max_depth': 9, 'min_child_samples': 100, 'n_estimators': 500, 'num_leaves': 31, 'subsample': 0.6}",2.60678757995942,0.955882133394431,0.421269655227661
LightGBM,Enhanced,2,"{'colsample_bytree': 0.6, 'learning_rate': 0.05, 'max_depth': 9, 'min_child_samples': 100, 'n_estimators': 500, 'num_leaves': 31, 'subsample': 0.8}",2.60671322130657,0.95588465028408,0.419673681259155
LightGBM,Enhanced,2,"{'colsample_bytree': 0.6, 'learning_rate': 0.05, 'max_depth': 9, 'min_child_samples': 100, 'n_estimators': 500, 'num_leaves': 62, 'subsample': 0.6}",2.60678725995053,0.955882144226237,0.42556619644165
LightGBM,Enhanced,2,"{'colsample_bytree': 0.6, 'learning_rate': 0.05, 'max_depth': 9, 'min_child_samples': 100, 'n_estimators': 500, 'num_leaves': 62, 'subsample': 0.8}",2.60678930555772,0.955882074985574,0.430440664291382
LightGBM,Enhanced,2,"{'colsample_bytree': 0.6, 'learning_rate': 0.05, 'max_depth': 9, 'min_child_samples': 100, 'n_estimators': 750, 'num_leaves': 15, 'subsample': 0.6}",2.60027838640789,0.956102184463137,0.394278764724731
LightGBM,Enhanced,2,"{'colsample_bytree': 0.6, 'learning_rate': 0.05, 'max_depth': 9, 'min_child_samples': 100, 'n_estimators': 750, 'num_leaves': 15, 'subsample': 0.8}",2.60037250629245,0.956099006547937,0.392542600631714
LightGBM,Enhanced,2,"{'colsample_bytree': 0.6, 'learning_rate': 0.05, 'max_depth': 9, 'min_child_samples': 100, 'n_estimators': 750, 'num_leaves': 31, 'subsample': 0.6}",2.60671199615402,0.955884691752408,0.427004337310791
LightGBM,Enhanced,2,"{'colsample_bytree': 0.6, 'learning_rate': 0.05, 'max_depth': 9, 'min_child_samples': 100, 'n_estimators': 750, 'num_leaves': 31, 'subsample': 0.8}",2.60671175946299,0.955884699763802,0.429707288742065
LightGBM,Enhanced,2,"{'colsample_bytree': 0.6, 'learning_rate': 0.05, 'max_depth': 9, 'min_child_samples': 100, 'n_estimators': 750, 'num_leaves': 62, 'subsample': 0.6}",2.60667262688889,0.955886024292523,0.423485040664673
LightGBM,Enhanced,2,"{'colsample_bytree': 0.6, 'learning_rate': 0.05, 'max_depth': 9, 'min_child_samples': 100, 'n_estimators': 750, 'num_leaves': 62, 'subsample': 0.8}",2.6068678617765,0.955879415937079,0.42839527130127
LightGBM,Enhanced,2,"{'colsample_bytree': 0.6, 'learning_rate': 0.05, 'max_depth': 9, 'min_child_samples': 100, 'n_estimators': 1000, 'num_leaves': 15, 'subsample': 0.6}",2.60027839308617,0.956102184237653,0.394838094711304
LightGBM,Enhanced,2,"{'colsample_bytree': 0.6, 'learning_rate': 0.05, 'max_depth': 9, 'min_child_samples': 100, 'n_estimators': 1000, 'num_leaves': 15, 'subsample': 0.8}",2.60027838986758,0.956102184346325,0.417181253433228
LightGBM,Enhanced,2,"{'colsample_bytree': 0.6, 'learning_rate': 0.05, 'max_depth': 9, 'min_child_samples': 100, 'n_estimators': 1000, 'num_leaves': 31, 'subsample': 0.6}",2.60671648799995,0.955884539714639,0.458338975906372
LightGBM,Enhanced,2,"{'colsample_bytree': 0.6, 'learning_rate': 0.05, 'max_depth': 9, 'min_child_samples': 100, 'n_estimators': 1000, 'num_leaves': 31, 'subsample': 0.8}",2.60671199104157,0.955884691925452,0.561505079269409
LightGBM,Enhanced,2,"{'colsample_bytree': 0.6, 'learning_rate': 0.05, 'max_depth': 9, 'min_child_samples': 100, 'n_estimators': 1000, 'num_leaves': 62, 'subsample': 0.6}",2.60678757987882,0.955882133397159,0.404131650924683
LightGBM,Enhanced,2,"{'colsample_bytree': 0.6, 'learning_rate': 0.05, 'max_depth': 9, 'min_child_samples': 100, 'n_estimators': 1000, 'num_leaves': 62, 'subsample': 0.8}",2.60671644061903,0.955884541318366,0.482433557510376
LightGBM,Enhanced,2,"{'colsample_bytree': 0.8, 'learning_rate': 0.01, 'max_depth': 3, 'min_child_samples': 50, 'n_estimators': 500, 'num_leaves': 15, 'subsample': 0.6}",2.55368191950365,0.957661368122856,0.281153917312622
LightGBM,Enhanced,2,"{'colsample_bytree': 0.8, 'learning_rate': 0.01, 'max_depth': 3, 'min_child_samples': 50, 'n_estimators': 500, 'num_leaves': 15, 'subsample': 0.8}",2.55368192159696,0.957661368053445,0.31462025642395
LightGBM,Enhanced,2,"{'colsample_bytree': 0.8, 'learning_rate': 0.01, 'max_depth': 3, 'min_child_samples': 50, 'n_estimators': 500, 'num_leaves': 31, 'subsample': 0.6}",2.55368191961904,0.95766136811903,0.238893747329712
LightGBM,Enhanced,2,"{'colsample_bytree': 0.8, 'learning_rate': 0.01, 'max_depth': 3, 'min_child_samples': 50, 'n_estimators': 500, 'num_leaves': 31, 'subsample': 0.8}",2.5536819199172,0.957661368109143,0.250622510910034
LightGBM,Enhanced,2,"{'colsample_bytree': 0.8, 'learning_rate': 0.01, 'max_depth': 3, 'min_child_samples': 50, 'n_estimators': 500, 'num_leaves': 62, 'subsample': 0.6}",2.55368191988393,0.957661368110246,0.253576278686523
LightGBM,Enhanced,2,"{'colsample_bytree': 0.8, 'learning_rate': 0.01, 'max_depth': 3, 'min_child_samples': 50, 'n_estimators': 500, 'num_leaves': 62, 'subsample': 0.8}",2.55368192159644,0.957661368053462,0.265423536300659
LightGBM,Enhanced,2,"{'colsample_bytree': 0.8, 'learning_rate': 0.01, 'max_depth': 3, 'min_child_samples': 50, 'n_estimators': 750, 'num_leaves': 15, 'subsample': 0.6}",2.47938729451062,0.96008905971748,0.325206518173218
LightGBM,Enhanced,2,"{'colsample_bytree': 0.8, 'learning_rate': 0.01, 'max_depth': 3, 'min_child_samples': 50, 'n_estimators': 750, 'num_leaves': 15, 'subsample': 0.8}",2.47938729496645,0.960089059702805,0.333170890808105
LightGBM,Enhanced,2,"{'colsample_bytree': 0.8, 'learning_rate': 0.01, 'max_depth': 3, 'min_child_samples': 50, 'n_estimators': 750, 'num_leaves': 31, 'subsample': 0.6}",2.47938729645093,0.960089059655013,0.324646472930908
LightGBM,Enhanced,2,"{'colsample_bytree': 0.8, 'learning_rate': 0.01, 'max_depth': 3, 'min_child_samples': 50, 'n_estimators': 750, 'num_leaves': 31, 'subsample': 0.8}",2.47938729650162,0.960089059653382,0.345306873321533
LightGBM,Enhanced,2,"{'colsample_bytree': 0.8, 'learning_rate': 0.01, 'max_depth': 3, 'min_child_samples': 50, 'n_estimators': 750, 'num_leaves': 62, 'subsample': 0.6}",2.47938729548026,0.960089059686263,0.321120738983154
LightGBM,Enhanced,2,"{'colsample_bytree': 0.8, 'learning_rate': 0.01, 'max_depth': 3, 'min_child_samples': 50, 'n_estimators': 750, 'num_leaves': 62, 'subsample': 0.8}",2.4793872960375,0.960089059668323,0.303519010543823
LightGBM,Enhanced,2,"{'colsample_bytree': 0.8, 'learning_rate': 0.01, 'max_depth': 3, 'min_child_samples': 50, 'n_estimators': 1000, 'num_leaves': 15, 'subsample': 0.6}",2.44787001395741,0.961097284102099,0.371346473693848
LightGBM,Enhanced,2,"{'colsample_bytree': 0.8, 'learning_rate': 0.01, 'max_depth': 3, 'min_child_samples': 50, 'n_estimators': 1000, 'num_leaves': 15, 'subsample': 0.8}",2.44787001448997,0.961097284085172,0.378347396850586
LightGBM,Enhanced,2,"{'colsample_bytree': 0.8, 'learning_rate': 0.01, 'max_depth': 3, 'min_child_samples': 50, 'n_estimators': 1000, 'num_leaves': 31, 'subsample': 0.6}",2.44787001473428,0.961097284077407,0.420912981033325
LightGBM,Enhanced,2,"{'colsample_bytree': 0.8, 'learning_rate': 0.01, 'max_depth': 3, 'min_child_samples': 50, 'n_estimators': 1000, 'num_leaves': 31, 'subsample': 0.8}",2.44787001545962,0.961097284054352,0.391624689102173
LightGBM,Enhanced,2,"{'colsample_bytree': 0.8, 'learning_rate': 0.01, 'max_depth': 3, 'min_child_samples': 50, 'n_estimators': 1000, 'num_leaves': 62, 'subsample': 0.6}",2.44787001328729,0.961097284123399,0.433444976806641
LightGBM,Enhanced,2,"{'colsample_bytree': 0.8, 'learning_rate': 0.01, 'max_depth': 3, 'min_child_samples': 50, 'n_estimators': 1000, 'num_leaves': 62, 'subsample': 0.8}",2.44787001598265,0.961097284037727,0.427604675292969
LightGBM,Enhanced,2,"{'colsample_bytree': 0.8, 'learning_rate': 0.01, 'max_depth': 3, 'min_child_samples': 100, 'n_estimators': 500, 'num_leaves': 15, 'subsample': 0.6}",2.79444534986217,0.949301576100842,0.243842601776123
LightGBM,Enhanced,2,"{'colsample_bytree': 0.8, 'learning_rate': 0.01, 'max_depth': 3, 'min_child_samples': 100, 'n_estimators': 500, 'num_leaves': 15, 'subsample': 0.8}",2.79444534923267,0.949301576123684,0.225566625595093
LightGBM,Enhanced,2,"{'colsample_bytree': 0.8, 'learning_rate': 0.01, 'max_depth': 3, 'min_child_samples': 100, 'n_estimators': 500, 'num_leaves': 31, 'subsample': 0.6}",2.79444535218175,0.949301576016676,0.248734712600708
LightGBM,Enhanced,2,"{'colsample_bytree': 0.8, 'learning_rate': 0.01, 'max_depth': 3, 'min_child_samples': 100, 'n_estimators': 500, 'num_leaves': 31, 'subsample': 0.8}",2.79444534720921,0.949301576197105,0.25031590461731
LightGBM,Enhanced,2,"{'colsample_bytree': 0.8, 'learning_rate': 0.01, 'max_depth': 3, 'min_child_samples': 100, 'n_estimators': 500, 'num_leaves': 62, 'subsample': 0.6}",2.79444534890077,0.949301576135727,0.232225179672241
LightGBM,Enhanced,2,"{'colsample_bytree': 0.8, 'learning_rate': 0.01, 'max_depth': 3, 'min_child_samples': 100, 'n_estimators': 500, 'num_leaves': 62, 'subsample': 0.8}",2.79444534938645,0.949301576118104,0.249315023422241
LightGBM,Enhanced,2,"{'colsample_bytree': 0.8, 'learning_rate': 0.01, 'max_depth': 3, 'min_child_samples': 100, 'n_estimators': 750, 'num_leaves': 15, 'subsample': 0.6}",2.7877167428718,0.949545430627967,0.300329208374023
LightGBM,Enhanced,2,"{'colsample_bytree': 0.8, 'learning_rate': 0.01, 'max_depth': 3, 'min_child_samples': 100, 'n_estimators': 750, 'num_leaves': 15, 'subsample': 0.8}",2.78771674170945,0.949545430670042,0.299576997756958
LightGBM,Enhanced,2,"{'colsample_bytree': 0.8, 'learning_rate': 0.01, 'max_depth': 3, 'min_child_samples': 100, 'n_estimators': 750, 'num_leaves': 31, 'subsample': 0.6}",2.78771674686087,0.949545430483572,0.308610916137695
LightGBM,Enhanced,2,"{'colsample_bytree': 0.8, 'learning_rate': 0.01, 'max_depth': 3, 'min_child_samples': 100, 'n_estimators': 750, 'num_leaves': 31, 'subsample': 0.8}",2.78771674417497,0.949545430580795,0.304862022399902
LightGBM,Enhanced,2,"{'colsample_bytree': 0.8, 'learning_rate': 0.01, 'max_depth': 3, 'min_child_samples': 100, 'n_estimators': 750, 'num_leaves': 62, 'subsample': 0.6}",2.78771674029921,0.949545430721089,0.336199522018433
LightGBM,Enhanced,2,"{'colsample_bytree': 0.8, 'learning_rate': 0.01, 'max_depth': 3, 'min_child_samples': 100, 'n_estimators': 750, 'num_leaves': 62, 'subsample': 0.8}",2.78771674192423,0.949545430662267,0.273393154144287
LightGBM,Enhanced,2,"{'colsample_bytree': 0.8, 'learning_rate': 0.01, 'max_depth': 3, 'min_child_samples': 100, 'n_estimators': 1000, 'num_leaves': 15, 'subsample': 0.6}",2.78771674442518,0.949545430571738,0.274646043777466
LightGBM,Enhanced,2,"{'colsample_bytree': 0.8, 'learning_rate': 0.01, 'max_depth': 3, 'min_child_samples': 100, 'n_estimators': 1000, 'num_leaves': 15, 'subsample': 0.8}",2.78771674486673,0.949545430555755,0.294957876205444
LightGBM,Enhanced,2,"{'colsample_bytree': 0.8, 'learning_rate': 0.01, 'max_depth': 3, 'min_child_samples': 100, 'n_estimators': 1000, 'num_leaves': 31, 'subsample': 0.6}",2.7877167448902,0.949545430554906,0.311465501785278
LightGBM,Enhanced,2,"{'colsample_bytree': 0.8, 'learning_rate': 0.01, 'max_depth': 3, 'min_child_samples': 100, 'n_estimators': 1000, 'num_leaves': 31, 'subsample': 0.8}",2.78771674290715,0.949545430626688,0.330228090286255
LightGBM,Enhanced,2,"{'colsample_bytree': 0.8, 'learning_rate': 0.01, 'max_depth': 3, 'min_child_samples': 100, 'n_estimators': 1000, 'num_leaves': 62, 'subsample': 0.6}",2.78771674611585,0.94954543051054,0.288864850997925
LightGBM,Enhanced,2,"{'colsample_bytree': 0.8, 'learning_rate': 0.01, 'max_depth': 3, 'min_child_samples': 100, 'n_estimators': 1000, 'num_leaves': 62, 'subsample': 0.8}",2.78771674306764,0.949545430620878,0.265834331512451
LightGBM,Enhanced,2,"{'colsample_bytree': 0.8, 'learning_rate': 0.01, 'max_depth': 5, 'min_child_samples': 50, 'n_estimators': 500, 'num_leaves': 15, 'subsample': 0.6}",2.54800048745267,0.957849548551335,0.579818725585938
LightGBM,Enhanced,2,"{'colsample_bytree': 0.8, 'learning_rate': 0.01, 'max_depth': 5, 'min_child_samples': 50, 'n_estimators': 500, 'num_leaves': 15, 'subsample': 0.8}",2.5480004864093,0.957849548585855,0.387115955352783
LightGBM,Enhanced,2,"{'colsample_bytree': 0.8, 'learning_rate': 0.01, 'max_depth': 5, 'min_child_samples': 50, 'n_estimators': 500, 'num_leaves': 31, 'subsample': 0.6}",2.54525593224366,0.957940303586546,0.393600225448608
LightGBM,Enhanced,2,"{'colsample_bytree': 0.8, 'learning_rate': 0.01, 'max_depth': 5, 'min_child_samples': 50, 'n_estimators': 500, 'num_leaves': 31, 'subsample': 0.8}",2.54525593239325,0.957940303581602,0.363820314407349
LightGBM,Enhanced,2,"{'colsample_bytree': 0.8, 'learning_rate': 0.01, 'max_depth': 5, 'min_child_samples': 50, 'n_estimators': 500, 'num_leaves': 62, 'subsample': 0.6}",2.54525593476394,0.957940303503252,0.393227577209473
LightGBM,Enhanced,2,"{'colsample_bytree': 0.8, 'learning_rate': 0.01, 'max_depth': 5, 'min_child_samples': 50, 'n_estimators': 500, 'num_leaves': 62, 'subsample': 0.8}",2.5452559347704,0.957940303503039,0.396082878112793
LightGBM,Enhanced,2,"{'colsample_bytree': 0.8, 'learning_rate': 0.01, 'max_depth': 5, 'min_child_samples': 50, 'n_estimators': 750, 'num_leaves': 15, 'subsample': 0.6}",2.54800048747069,0.957849548550738,0.413629293441772
LightGBM,Enhanced,2,"{'colsample_bytree': 0.8, 'learning_rate': 0.01, 'max_depth': 5, 'min_child_samples': 50, 'n_estimators': 750, 'num_leaves': 15, 'subsample': 0.8}",2.5480004863188,0.957849548588849,0.39799690246582
LightGBM,Enhanced,2,"{'colsample_bytree': 0.8, 'learning_rate': 0.01, 'max_depth': 5, 'min_child_samples': 50, 'n_estimators': 750, 'num_leaves': 31, 'subsample': 0.6}",2.54525592970463,0.95794030367046,0.387594223022461
LightGBM,Enhanced,2,"{'colsample_bytree': 0.8, 'learning_rate': 0.01, 'max_depth': 5, 'min_child_samples': 50, 'n_estimators': 750, 'num_leaves': 31, 'subsample': 0.8}",2.5452559337493,0.957940303536786,0.386130094528198
LightGBM,Enhanced,2,"{'colsample_bytree': 0.8, 'learning_rate': 0.01, 'max_depth': 5, 'min_child_samples': 50, 'n_estimators': 750, 'num_leaves': 62, 'subsample': 0.6}",2.54525593112483,0.957940303623523,0.394601583480835
LightGBM,Enhanced,2,"{'colsample_bytree': 0.8, 'learning_rate': 0.01, 'max_depth': 5, 'min_child_samples': 50, 'n_estimators': 750, 'num_leaves': 62, 'subsample': 0.8}",2.54525593279448,0.957940303568342,0.407379627227783
LightGBM,Enhanced,2,"{'colsample_bytree': 0.8, 'learning_rate': 0.01, 'max_depth': 5, 'min_child_samples': 50, 'n_estimators': 1000, 'num_leaves': 15, 'subsample': 0.6}",2.54800048839462,0.95784954852017,0.428114891052246
LightGBM,Enhanced,2,"{'colsample_bytree': 0.8, 'learning_rate': 0.01, 'max_depth': 5, 'min_child_samples': 50, 'n_estimators': 1000, 'num_leaves': 15, 'subsample': 0.8}",2.54800048801071,0.957849548532872,0.409165859222412
LightGBM,Enhanced,2,"{'colsample_bytree': 0.8, 'learning_rate': 0.01, 'max_depth': 5, 'min_child_samples': 50, 'n_estimators': 1000, 'num_leaves': 31, 'subsample': 0.6}",2.54525593109324,0.957940303624567,0.426282167434692
LightGBM,Enhanced,2,"{'colsample_bytree': 0.8, 'learning_rate': 0.01, 'max_depth': 5, 'min_child_samples': 50, 'n_estimators': 1000, 'num_leaves': 31, 'subsample': 0.8}",2.5452559324896,0.957940303578418,0.401944875717163
LightGBM,Enhanced,2,"{'colsample_bytree': 0.8, 'learning_rate': 0.01, 'max_depth': 5, 'min_child_samples': 50, 'n_estimators': 1000, 'num_leaves': 62, 'subsample': 0.6}",2.54525593006658,0.957940303658498,0.436505794525147
LightGBM,Enhanced,2,"{'colsample_bytree': 0.8, 'learning_rate': 0.01, 'max_depth': 5, 'min_child_samples': 50, 'n_estimators': 1000, 'num_leaves': 62, 'subsample': 0.8}",2.54525592749134,0.957940303743608,0.416074275970459
LightGBM,Enhanced,2,"{'colsample_bytree': 0.8, 'learning_rate': 0.01, 'max_depth': 5, 'min_child_samples': 100, 'n_estimators': 500, 'num_leaves': 15, 'subsample': 0.6}",2.76579078500806,0.95033598028943,0.351258754730225
LightGBM,Enhanced,2,"{'colsample_bytree': 0.8, 'learning_rate': 0.01, 'max_depth': 5, 'min_child_samples': 100, 'n_estimators': 500, 'num_leaves': 15, 'subsample': 0.8}",2.76579078127966,0.950335980423329,0.330322265625
LightGBM,Enhanced,2,"{'colsample_bytree': 0.8, 'learning_rate': 0.01, 'max_depth': 5, 'min_child_samples': 100, 'n_estimators': 500, 'num_leaves': 31, 'subsample': 0.6}",2.76579078253133,0.950335980378378,0.332847833633423
LightGBM,Enhanced,2,"{'colsample_bytree': 0.8, 'learning_rate': 0.01, 'max_depth': 5, 'min_child_samples': 100, 'n_estimators': 500, 'num_leaves': 31, 'subsample': 0.8}",2.76579078119606,0.950335980426331,0.334244728088379
LightGBM,Enhanced,2,"{'colsample_bytree': 0.8, 'learning_rate': 0.01, 'max_depth': 5, 'min_child_samples': 100, 'n_estimators': 500, 'num_leaves': 62, 'subsample': 0.6}",2.76579078387893,0.950335980329981,0.344748735427856
LightGBM,Enhanced,2,"{'colsample_bytree': 0.8, 'learning_rate': 0.01, 'max_depth': 5, 'min_child_samples': 100, 'n_estimators': 500, 'num_leaves': 62, 'subsample': 0.8}",2.76579078011337,0.950335980465214,0.352887153625488
LightGBM,Enhanced,2,"{'colsample_bytree': 0.8, 'learning_rate': 0.01, 'max_depth': 5, 'min_child_samples': 100, 'n_estimators': 750, 'num_leaves': 15, 'subsample': 0.6}",2.75692618426583,0.950653825142924,0.425545215606689
LightGBM,Enhanced,2,"{'colsample_bytree': 0.8, 'learning_rate': 0.01, 'max_depth': 5, 'min_child_samples': 100, 'n_estimators': 750, 'num_leaves': 15, 'subsample': 0.8}",2.75692618839984,0.950653824994934,0.418788194656372
LightGBM,Enhanced,2,"{'colsample_bytree': 0.8, 'learning_rate': 0.01, 'max_depth': 5, 'min_child_samples': 100, 'n_estimators': 750, 'num_leaves': 31, 'subsample': 0.6}",2.75692618669698,0.950653825055893,0.410248994827271
LightGBM,Enhanced,2,"{'colsample_bytree': 0.8, 'learning_rate': 0.01, 'max_depth': 5, 'min_child_samples': 100, 'n_estimators': 750, 'num_leaves': 31, 'subsample': 0.8}",2.75692618371787,0.95065382516254,0.417803287506104
LightGBM,Enhanced,2,"{'colsample_bytree': 0.8, 'learning_rate': 0.01, 'max_depth': 5, 'min_child_samples': 100, 'n_estimators': 750, 'num_leaves': 62, 'subsample': 0.6}",2.75692618720275,0.950653825037788,0.412324190139771
LightGBM,Enhanced,2,"{'colsample_bytree': 0.8, 'learning_rate': 0.01, 'max_depth': 5, 'min_child_samples': 100, 'n_estimators': 750, 'num_leaves': 62, 'subsample': 0.8}",2.75692618651638,0.950653825062359,0.432364702224731
LightGBM,Enhanced,2,"{'colsample_bytree': 0.8, 'learning_rate': 0.01, 'max_depth': 5, 'min_child_samples': 100, 'n_estimators': 1000, 'num_leaves': 15, 'subsample': 0.6}",2.7569261893515,0.950653824960867,0.425268173217773
LightGBM,Enhanced,2,"{'colsample_bytree': 0.8, 'learning_rate': 0.01, 'max_depth': 5, 'min_child_samples': 100, 'n_estimators': 1000, 'num_leaves': 15, 'subsample': 0.8}",2.75692618557221,0.950653825096158,0.41991400718689
LightGBM,Enhanced,2,"{'colsample_bytree': 0.8, 'learning_rate': 0.01, 'max_depth': 5, 'min_child_samples': 100, 'n_estimators': 1000, 'num_leaves': 31, 'subsample': 0.6}",2.75692618851852,0.950653824990686,0.413808107376099
LightGBM,Enhanced,2,"{'colsample_bytree': 0.8, 'learning_rate': 0.01, 'max_depth': 5, 'min_child_samples': 100, 'n_estimators': 1000, 'num_leaves': 31, 'subsample': 0.8}",2.7569261848001,0.950653825123798,0.406428098678589
LightGBM,Enhanced,2,"{'colsample_bytree': 0.8, 'learning_rate': 0.01, 'max_depth': 5, 'min_child_samples': 100, 'n_estimators': 1000, 'num_leaves': 62, 'subsample': 0.6}",2.7569261857836,0.95065382508859,0.413866996765137
LightGBM,Enhanced,2,"{'colsample_bytree': 0.8, 'learning_rate': 0.01, 'max_depth': 5, 'min_child_samples': 100, 'n_estimators': 1000, 'num_leaves': 62, 'subsample': 0.8}",2.7569261864857,0.950653825063457,0.407439708709717
LightGBM,Enhanced,2,"{'colsample_bytree': 0.8, 'learning_rate': 0.01, 'max_depth': 9, 'min_child_samples': 50, 'n_estimators': 500, 'num_leaves': 15, 'subsample': 0.6}",2.52922483075798,0.958468454689258,0.510092258453369
LightGBM,Enhanced,2,"{'colsample_bytree': 0.8, 'learning_rate': 0.01, 'max_depth': 9, 'min_child_samples': 50, 'n_estimators': 500, 'num_leaves': 15, 'subsample': 0.8}",2.52922570576103,0.958468425952994,0.513161659240723
LightGBM,Enhanced,2,"{'colsample_bytree': 0.8, 'learning_rate': 0.01, 'max_depth': 9, 'min_child_samples': 50, 'n_estimators': 500, 'num_leaves': 31, 'subsample': 0.6}",2.53447994501838,0.958295690487583,0.742880344390869
LightGBM,Enhanced,2,"{'colsample_bytree': 0.8, 'learning_rate': 0.01, 'max_depth': 9, 'min_child_samples': 50, 'n_estimators': 500, 'num_leaves': 31, 'subsample': 0.8}",2.53448944513028,0.958295377842498,0.73616886138916
LightGBM,Enhanced,2,"{'colsample_bytree': 0.8, 'learning_rate': 0.01, 'max_depth': 9, 'min_child_samples': 50, 'n_estimators': 500, 'num_leaves': 62, 'subsample': 0.6}",2.53539431419162,0.958265593572619,0.878681182861328
LightGBM,Enhanced,2,"{'colsample_bytree': 0.8, 'learning_rate': 0.01, 'max_depth': 9, 'min_child_samples': 50, 'n_estimators': 500, 'num_leaves': 62, 'subsample': 0.8}",2.53538970024309,0.958265745470276,0.869808673858643
LightGBM,Enhanced,2,"{'colsample_bytree': 0.8, 'learning_rate': 0.01, 'max_depth': 9, 'min_child_samples': 50, 'n_estimators': 750, 'num_leaves': 15, 'subsample': 0.6}",2.52922428259337,0.958468472691707,0.507792234420776
LightGBM,Enhanced,2,"{'colsample_bytree': 0.8, 'learning_rate': 0.01, 'max_depth': 9, 'min_child_samples': 50, 'n_estimators': 750, 'num_leaves': 15, 'subsample': 0.8}",2.52922341048989,0.958468501332728,0.520184755325317
LightGBM,Enhanced,2,"{'colsample_bytree': 0.8, 'learning_rate': 0.01, 'max_depth': 9, 'min_child_samples': 50, 'n_estimators': 750, 'num_leaves': 31, 'subsample': 0.6}",2.53448528491001,0.958295514753916,0.731903791427612
LightGBM,Enhanced,2,"{'colsample_bytree': 0.8, 'learning_rate': 0.01, 'max_depth': 9, 'min_child_samples': 50, 'n_estimators': 750, 'num_leaves': 31, 'subsample': 0.8}",2.5344778046802,0.958295760925141,0.746862649917603
LightGBM,Enhanced,2,"{'colsample_bytree': 0.8, 'learning_rate': 0.01, 'max_depth': 9, 'min_child_samples': 50, 'n_estimators': 750, 'num_leaves': 62, 'subsample': 0.6}",2.53539021708473,0.958265728455138,0.848685264587402
LightGBM,Enhanced,2,"{'colsample_bytree': 0.8, 'learning_rate': 0.01, 'max_depth': 9, 'min_child_samples': 50, 'n_estimators': 750, 'num_leaves': 62, 'subsample': 0.8}",2.5353914521305,0.958265687795718,0.875869274139404
LightGBM,Enhanced,2,"{'colsample_bytree': 0.8, 'learning_rate': 0.01, 'max_depth': 9, 'min_child_samples': 50, 'n_estimators': 1000, 'num_leaves': 15, 'subsample': 0.6}",2.52922483333567,0.958468454604603,0.52180552482605
LightGBM,Enhanced,2,"{'colsample_bytree': 0.8, 'learning_rate': 0.01, 'max_depth': 9, 'min_child_samples': 50, 'n_estimators': 1000, 'num_leaves': 15, 'subsample': 0.8}",2.52922483152666,0.958468454664013,0.514797210693359
LightGBM,Enhanced,2,"{'colsample_bytree': 0.8, 'learning_rate': 0.01, 'max_depth': 9, 'min_child_samples': 50, 'n_estimators': 1000, 'num_leaves': 31, 'subsample': 0.6}",2.53448174001578,0.958295631414988,0.739582538604736
LightGBM,Enhanced,2,"{'colsample_bytree': 0.8, 'learning_rate': 0.01, 'max_depth': 9, 'min_child_samples': 50, 'n_estimators': 1000, 'num_leaves': 31, 'subsample': 0.8}",2.53447783754633,0.958295759843531,0.742607116699219
LightGBM,Enhanced,2,"{'colsample_bytree': 0.8, 'learning_rate': 0.01, 'max_depth': 9, 'min_child_samples': 50, 'n_estimators': 1000, 'num_leaves': 62, 'subsample': 0.6}",2.53539177327972,0.958265677223037,0.881195783615112
LightGBM,Enhanced,2,"{'colsample_bytree': 0.8, 'learning_rate': 0.01, 'max_depth': 9, 'min_child_samples': 50, 'n_estimators': 1000, 'num_leaves': 62, 'subsample': 0.8}",2.53539151540426,0.958265685712658,0.868359088897705
LightGBM,Enhanced,2,"{'colsample_bytree': 0.8, 'learning_rate': 0.01, 'max_depth': 9, 'min_child_samples': 100, 'n_estimators': 500, 'num_leaves': 15, 'subsample': 0.6}",2.757365970759,0.950638080425306,0.517619609832764
LightGBM,Enhanced,2,"{'colsample_bytree': 0.8, 'learning_rate': 0.01, 'max_depth': 9, 'min_child_samples': 100, 'n_estimators': 500, 'num_leaves': 15, 'subsample': 0.8}",2.76080731273062,0.950514790842647,0.527233123779297
LightGBM,Enhanced,2,"{'colsample_bytree': 0.8, 'learning_rate': 0.01, 'max_depth': 9, 'min_child_samples': 100, 'n_estimators': 500, 'num_leaves': 31, 'subsample': 0.6}",2.75999417564402,0.950543936182096,0.62958574295044
LightGBM,Enhanced,2,"{'colsample_bytree': 0.8, 'learning_rate': 0.01, 'max_depth': 9, 'min_child_samples': 100, 'n_estimators': 500, 'num_leaves': 31, 'subsample': 0.8}",2.75999323229332,0.950543969989707,0.627107381820679
LightGBM,Enhanced,2,"{'colsample_bytree': 0.8, 'learning_rate': 0.01, 'max_depth': 9, 'min_child_samples': 100, 'n_estimators': 500, 'num_leaves': 62, 'subsample': 0.6}",2.76026101432255,0.950534372807819,0.64696192741394
LightGBM,Enhanced,2,"{'colsample_bytree': 0.8, 'learning_rate': 0.01, 'max_depth': 9, 'min_child_samples': 100, 'n_estimators': 500, 'num_leaves': 62, 'subsample': 0.8}",2.76026013028543,0.950534404492825,0.632829189300537
LightGBM,Enhanced,2,"{'colsample_bytree': 0.8, 'learning_rate': 0.01, 'max_depth': 9, 'min_child_samples': 100, 'n_estimators': 750, 'num_leaves': 15, 'subsample': 0.6}",2.74631352990008,0.951033005357333,0.645095109939575
LightGBM,Enhanced,2,"{'colsample_bytree': 0.8, 'learning_rate': 0.01, 'max_depth': 9, 'min_child_samples': 100, 'n_estimators': 750, 'num_leaves': 15, 'subsample': 0.8}",2.74631376092005,0.951032997119122,0.639173269271851
LightGBM,Enhanced,2,"{'colsample_bytree': 0.8, 'learning_rate': 0.01, 'max_depth': 9, 'min_child_samples': 100, 'n_estimators': 750, 'num_leaves': 31, 'subsample': 0.6}",2.75051680433344,0.950883001200091,0.745389223098755
LightGBM,Enhanced,2,"{'colsample_bytree': 0.8, 'learning_rate': 0.01, 'max_depth': 9, 'min_child_samples': 100, 'n_estimators': 750, 'num_leaves': 31, 'subsample': 0.8}",2.75051096512131,0.950883209745824,0.759432554244995
LightGBM,Enhanced,2,"{'colsample_bytree': 0.8, 'learning_rate': 0.01, 'max_depth': 9, 'min_child_samples': 100, 'n_estimators': 750, 'num_leaves': 62, 'subsample': 0.6}",2.75144233154139,0.950849940673424,0.765765905380249
LightGBM,Enhanced,2,"{'colsample_bytree': 0.8, 'learning_rate': 0.01, 'max_depth': 9, 'min_child_samples': 100, 'n_estimators': 750, 'num_leaves': 62, 'subsample': 0.8}",2.75051137915317,0.950883194958813,0.769207715988159
LightGBM,Enhanced,2,"{'colsample_bytree': 0.8, 'learning_rate': 0.01, 'max_depth': 9, 'min_child_samples': 100, 'n_estimators': 1000, 'num_leaves': 15, 'subsample': 0.6}",2.74631356924885,0.951033003954149,0.647901296615601
LightGBM,Enhanced,2,"{'colsample_bytree': 0.8, 'learning_rate': 0.01, 'max_depth': 9, 'min_child_samples': 100, 'n_estimators': 1000, 'num_leaves': 15, 'subsample': 0.8}",2.74631384659011,0.951032994064114,0.654724359512329
LightGBM,Enhanced,2,"{'colsample_bytree': 0.8, 'learning_rate': 0.01, 'max_depth': 9, 'min_child_samples': 100, 'n_estimators': 1000, 'num_leaves': 31, 'subsample': 0.6}",2.75051680628767,0.950883001130296,0.770504951477051
LightGBM,Enhanced,2,"{'colsample_bytree': 0.8, 'learning_rate': 0.01, 'max_depth': 9, 'min_child_samples': 100, 'n_estimators': 1000, 'num_leaves': 31, 'subsample': 0.8}",2.75144333475937,0.95084990483169,0.768831729888916
LightGBM,Enhanced,2,"{'colsample_bytree': 0.8, 'learning_rate': 0.01, 'max_depth': 9, 'min_child_samples': 100, 'n_estimators': 1000, 'num_leaves': 62, 'subsample': 0.6}",2.75144247228356,0.950849935645162,0.75400710105896
LightGBM,Enhanced,2,"{'colsample_bytree': 0.8, 'learning_rate': 0.01, 'max_depth': 9, 'min_child_samples': 100, 'n_estimators': 1000, 'num_leaves': 62, 'subsample': 0.8}",2.75144118361074,0.950849981685258,0.749396324157715
LightGBM,Enhanced,2,"{'colsample_bytree': 0.8, 'learning_rate': 0.05, 'max_depth': 3, 'min_child_samples': 50, 'n_estimators': 500, 'num_leaves': 15, 'subsample': 0.6}",2.4654628030569,0.960536088709817,0.201792240142822
LightGBM,Enhanced,2,"{'colsample_bytree': 0.8, 'learning_rate': 0.05, 'max_depth': 3, 'min_child_samples': 50, 'n_estimators': 500, 'num_leaves': 15, 'subsample': 0.8}",2.46546280432292,0.960536088669287,0.203273773193359
LightGBM,Enhanced,2,"{'colsample_bytree': 0.8, 'learning_rate': 0.05, 'max_depth': 3, 'min_child_samples': 50, 'n_estimators': 500, 'num_leaves': 31, 'subsample': 0.6}",2.46546280551525,0.960536088631117,0.206984758377075
LightGBM,Enhanced,2,"{'colsample_bytree': 0.8, 'learning_rate': 0.05, 'max_depth': 3, 'min_child_samples': 50, 'n_estimators': 500, 'num_leaves': 31, 'subsample': 0.8}",2.46546280414783,0.960536088674892,0.210797309875488
LightGBM,Enhanced,2,"{'colsample_bytree': 0.8, 'learning_rate': 0.05, 'max_depth': 3, 'min_child_samples': 50, 'n_estimators': 500, 'num_leaves': 62, 'subsample': 0.6}",2.46546280149227,0.960536088759906,0.202284097671509
LightGBM,Enhanced,2,"{'colsample_bytree': 0.8, 'learning_rate': 0.05, 'max_depth': 3, 'min_child_samples': 50, 'n_estimators': 500, 'num_leaves': 62, 'subsample': 0.8}",2.46546280403963,0.960536088678356,0.198315858840942
LightGBM,Enhanced,2,"{'colsample_bytree': 0.8, 'learning_rate': 0.05, 'max_depth': 3, 'min_child_samples': 50, 'n_estimators': 750, 'num_leaves': 15, 'subsample': 0.6}",2.46546280193227,0.96053608874582,0.194992065429688
LightGBM,Enhanced,2,"{'colsample_bytree': 0.8, 'learning_rate': 0.05, 'max_depth': 3, 'min_child_samples': 50, 'n_estimators': 750, 'num_leaves': 15, 'subsample': 0.8}",2.4654628033586,0.960536088700158,0.2036292552948
LightGBM,Enhanced,2,"{'colsample_bytree': 0.8, 'learning_rate': 0.05, 'max_depth': 3, 'min_child_samples': 50, 'n_estimators': 750, 'num_leaves': 31, 'subsample': 0.6}",2.4654628022394,0.960536088735987,0.209142208099365
LightGBM,Enhanced,2,"{'colsample_bytree': 0.8, 'learning_rate': 0.05, 'max_depth': 3, 'min_child_samples': 50, 'n_estimators': 750, 'num_leaves': 31, 'subsample': 0.8}",2.46546280426165,0.960536088671248,0.221332311630249
LightGBM,Enhanced,2,"{'colsample_bytree': 0.8, 'learning_rate': 0.05, 'max_depth': 3, 'min_child_samples': 50, 'n_estimators': 750, 'num_leaves': 62, 'subsample': 0.6}",2.46546280316919,0.960536088706222,0.215010166168213
LightGBM,Enhanced,2,"{'colsample_bytree': 0.8, 'learning_rate': 0.05, 'max_depth': 3, 'min_child_samples': 50, 'n_estimators': 750, 'num_leaves': 62, 'subsample': 0.8}",2.46546280455767,0.960536088661772,0.21970009803772
LightGBM,Enhanced,2,"{'colsample_bytree': 0.8, 'learning_rate': 0.05, 'max_depth': 3, 'min_child_samples': 50, 'n_estimators': 1000, 'num_leaves': 15, 'subsample': 0.6}",2.46546280420886,0.960536088672938,0.215997934341431
LightGBM,Enhanced,2,"{'colsample_bytree': 0.8, 'learning_rate': 0.05, 'max_depth': 3, 'min_child_samples': 50, 'n_estimators': 1000, 'num_leaves': 15, 'subsample': 0.8}",2.46546280361367,0.960536088691992,0.215322732925415
LightGBM,Enhanced,2,"{'colsample_bytree': 0.8, 'learning_rate': 0.05, 'max_depth': 3, 'min_child_samples': 50, 'n_estimators': 1000, 'num_leaves': 31, 'subsample': 0.6}",2.46546280241514,0.960536088730361,0.217958211898804
LightGBM,Enhanced,2,"{'colsample_bytree': 0.8, 'learning_rate': 0.05, 'max_depth': 3, 'min_child_samples': 50, 'n_estimators': 1000, 'num_leaves': 31, 'subsample': 0.8}",2.46546280499621,0.960536088647733,0.218320608139038
LightGBM,Enhanced,2,"{'colsample_bytree': 0.8, 'learning_rate': 0.05, 'max_depth': 3, 'min_child_samples': 50, 'n_estimators': 1000, 'num_leaves': 62, 'subsample': 0.6}",2.46546280218237,0.960536088737813,0.216796875
LightGBM,Enhanced,2,"{'colsample_bytree': 0.8, 'learning_rate': 0.05, 'max_depth': 3, 'min_child_samples': 50, 'n_estimators': 1000, 'num_leaves': 62, 'subsample': 0.8}",2.4654628063115,0.960536088605626,0.221251964569092
LightGBM,Enhanced,2,"{'colsample_bytree': 0.8, 'learning_rate': 0.05, 'max_depth': 3, 'min_child_samples': 100, 'n_estimators': 500, 'num_leaves': 15, 'subsample': 0.6}",2.61944585867179,0.955452629926186,0.236642599105835
LightGBM,Enhanced,2,"{'colsample_bytree': 0.8, 'learning_rate': 0.05, 'max_depth': 3, 'min_child_samples': 100, 'n_estimators': 500, 'num_leaves': 15, 'subsample': 0.8}",2.6194458593304,0.955452629903785,0.238695859909058
LightGBM,Enhanced,2,"{'colsample_bytree': 0.8, 'learning_rate': 0.05, 'max_depth': 3, 'min_child_samples': 100, 'n_estimators': 500, 'num_leaves': 31, 'subsample': 0.6}",2.61944585937011,0.955452629902434,0.23709511756897
LightGBM,Enhanced,2,"{'colsample_bytree': 0.8, 'learning_rate': 0.05, 'max_depth': 3, 'min_child_samples': 100, 'n_estimators': 500, 'num_leaves': 31, 'subsample': 0.8}",2.61944586585692,0.955452629681799,0.240736246109009
LightGBM,Enhanced,2,"{'colsample_bytree': 0.8, 'learning_rate': 0.05, 'max_depth': 3, 'min_child_samples': 100, 'n_estimators': 500, 'num_leaves': 62, 'subsample': 0.6}",2.61944586181143,0.955452629819398,0.235790729522705
LightGBM,Enhanced,2,"{'colsample_bytree': 0.8, 'learning_rate': 0.05, 'max_depth': 3, 'min_child_samples': 100, 'n_estimators': 500, 'num_leaves': 62, 'subsample': 0.8}",2.61944585791629,0.955452629951883,0.234087944030762
LightGBM,Enhanced,2,"{'colsample_bytree': 0.8, 'learning_rate': 0.05, 'max_depth': 3, 'min_child_samples': 100, 'n_estimators': 750, 'num_leaves': 15, 'subsample': 0.6}",2.61944585689188,0.955452629986726,0.241465091705322
LightGBM,Enhanced,2,"{'colsample_bytree': 0.8, 'learning_rate': 0.05, 'max_depth': 3, 'min_child_samples': 100, 'n_estimators': 750, 'num_leaves': 15, 'subsample': 0.8}",2.61944585355012,0.955452630100388,0.247907161712646
LightGBM,Enhanced,2,"{'colsample_bytree': 0.8, 'learning_rate': 0.05, 'max_depth': 3, 'min_child_samples': 100, 'n_estimators': 750, 'num_leaves': 31, 'subsample': 0.6}",2.61944586317847,0.955452629772901,0.225617408752441
LightGBM,Enhanced,2,"{'colsample_bytree': 0.8, 'learning_rate': 0.05, 'max_depth': 3, 'min_child_samples': 100, 'n_estimators': 750, 'num_leaves': 31, 'subsample': 0.8}",2.61944586010807,0.955452629877334,0.226196765899658
LightGBM,Enhanced,2,"{'colsample_bytree': 0.8, 'learning_rate': 0.05, 'max_depth': 3, 'min_child_samples': 100, 'n_estimators': 750, 'num_leaves': 62, 'subsample': 0.6}",2.61944585885264,0.955452629920035,0.229457139968872
LightGBM,Enhanced,2,"{'colsample_bytree': 0.8, 'learning_rate': 0.05, 'max_depth': 3, 'min_child_samples': 100, 'n_estimators': 750, 'num_leaves': 62, 'subsample': 0.8}",2.61944585777992,0.955452629956521,0.239262819290161
LightGBM,Enhanced,2,"{'colsample_bytree': 0.8, 'learning_rate': 0.05, 'max_depth': 3, 'min_child_samples': 100, 'n_estimators': 1000, 'num_leaves': 15, 'subsample': 0.6}",2.61944586352201,0.955452629761216,0.233038663864136
LightGBM,Enhanced,2,"{'colsample_bytree': 0.8, 'learning_rate': 0.05, 'max_depth': 3, 'min_child_samples': 100, 'n_estimators': 1000, 'num_leaves': 15, 'subsample': 0.8}",2.61944586378853,0.955452629752151,0.237738370895386
LightGBM,Enhanced,2,"{'colsample_bytree': 0.8, 'learning_rate': 0.05, 'max_depth': 3, 'min_child_samples': 100, 'n_estimators': 1000, 'num_leaves': 31, 'subsample': 0.6}",2.61944585990934,0.955452629884093,0.225259304046631
LightGBM,Enhanced,2,"{'colsample_bytree': 0.8, 'learning_rate': 0.05, 'max_depth': 3, 'min_child_samples': 100, 'n_estimators': 1000, 'num_leaves': 31, 'subsample': 0.8}",2.61944585311018,0.955452630115352,0.24257493019104
LightGBM,Enhanced,2,"{'colsample_bytree': 0.8, 'learning_rate': 0.05, 'max_depth': 3, 'min_child_samples': 100, 'n_estimators': 1000, 'num_leaves': 62, 'subsample': 0.6}",2.61944585698258,0.955452629983641,0.23578667640686
LightGBM,Enhanced,2,"{'colsample_bytree': 0.8, 'learning_rate': 0.05, 'max_depth': 3, 'min_child_samples': 100, 'n_estimators': 1000, 'num_leaves': 62, 'subsample': 0.8}",2.61944586411945,0.955452629740896,0.232161998748779
LightGBM,Enhanced,2,"{'colsample_bytree': 0.8, 'learning_rate': 0.05, 'max_depth': 5, 'min_child_samples': 50, 'n_estimators': 500, 'num_leaves': 15, 'subsample': 0.6}",2.54523956135105,0.957940844634344,0.208753108978271
LightGBM,Enhanced,2,"{'colsample_bytree': 0.8, 'learning_rate': 0.05, 'max_depth': 5, 'min_child_samples': 50, 'n_estimators': 500, 'num_leaves': 15, 'subsample': 0.8}",2.54523955796302,0.957940844746316,0.201992034912109
LightGBM,Enhanced,2,"{'colsample_bytree': 0.8, 'learning_rate': 0.05, 'max_depth': 5, 'min_child_samples': 50, 'n_estimators': 500, 'num_leaves': 31, 'subsample': 0.6}",2.54233741792512,0.958036703675868,0.211109161376953
LightGBM,Enhanced,2,"{'colsample_bytree': 0.8, 'learning_rate': 0.05, 'max_depth': 5, 'min_child_samples': 50, 'n_estimators': 500, 'num_leaves': 31, 'subsample': 0.8}",2.54233742183369,0.95803670354684,0.217246532440186
LightGBM,Enhanced,2,"{'colsample_bytree': 0.8, 'learning_rate': 0.05, 'max_depth': 5, 'min_child_samples': 50, 'n_estimators': 500, 'num_leaves': 62, 'subsample': 0.6}",2.54233741375172,0.958036703813638,0.205992221832275
LightGBM,Enhanced,2,"{'colsample_bytree': 0.8, 'learning_rate': 0.05, 'max_depth': 5, 'min_child_samples': 50, 'n_estimators': 500, 'num_leaves': 62, 'subsample': 0.8}",2.5423374221196,0.958036703537401,0.211030244827271
LightGBM,Enhanced,2,"{'colsample_bytree': 0.8, 'learning_rate': 0.05, 'max_depth': 5, 'min_child_samples': 50, 'n_estimators': 750, 'num_leaves': 15, 'subsample': 0.6}",2.54523956308767,0.95794084457695,0.201024770736694
LightGBM,Enhanced,2,"{'colsample_bytree': 0.8, 'learning_rate': 0.05, 'max_depth': 5, 'min_child_samples': 50, 'n_estimators': 750, 'num_leaves': 15, 'subsample': 0.8}",2.54523956122258,0.95794084463859,0.207250595092773
LightGBM,Enhanced,2,"{'colsample_bytree': 0.8, 'learning_rate': 0.05, 'max_depth': 5, 'min_child_samples': 50, 'n_estimators': 750, 'num_leaves': 31, 'subsample': 0.6}",2.54233741298187,0.958036703839052,0.201902866363525
LightGBM,Enhanced,2,"{'colsample_bytree': 0.8, 'learning_rate': 0.05, 'max_depth': 5, 'min_child_samples': 50, 'n_estimators': 750, 'num_leaves': 31, 'subsample': 0.8}",2.54233742493002,0.958036703444625,0.201873064041138
LightGBM,Enhanced,2,"{'colsample_bytree': 0.8, 'learning_rate': 0.05, 'max_depth': 5, 'min_child_samples': 50, 'n_estimators': 750, 'num_leaves': 62, 'subsample': 0.6}",2.54233742324851,0.958036703500134,0.217374563217163
LightGBM,Enhanced,2,"{'colsample_bytree': 0.8, 'learning_rate': 0.05, 'max_depth': 5, 'min_child_samples': 50, 'n_estimators': 750, 'num_leaves': 62, 'subsample': 0.8}",2.54233741731806,0.958036703695908,0.204177141189575
LightGBM,Enhanced,2,"{'colsample_bytree': 0.8, 'learning_rate': 0.05, 'max_depth': 5, 'min_child_samples': 50, 'n_estimators': 1000, 'num_leaves': 15, 'subsample': 0.6}",2.54523956190335,0.957940844616091,0.207772731781006
LightGBM,Enhanced,2,"{'colsample_bytree': 0.8, 'learning_rate': 0.05, 'max_depth': 5, 'min_child_samples': 50, 'n_estimators': 1000, 'num_leaves': 15, 'subsample': 0.8}",2.54523957378963,0.957940844223258,0.194806814193726
LightGBM,Enhanced,2,"{'colsample_bytree': 0.8, 'learning_rate': 0.05, 'max_depth': 5, 'min_child_samples': 50, 'n_estimators': 1000, 'num_leaves': 31, 'subsample': 0.6}",2.54233741751751,0.958036703689324,0.198817491531372
LightGBM,Enhanced,2,"{'colsample_bytree': 0.8, 'learning_rate': 0.05, 'max_depth': 5, 'min_child_samples': 50, 'n_estimators': 1000, 'num_leaves': 31, 'subsample': 0.8}",2.54233741965549,0.958036703618745,0.193580389022827
LightGBM,Enhanced,2,"{'colsample_bytree': 0.8, 'learning_rate': 0.05, 'max_depth': 5, 'min_child_samples': 50, 'n_estimators': 1000, 'num_leaves': 62, 'subsample': 0.6}",2.54233741857974,0.958036703654258,0.199667930603027
LightGBM,Enhanced,2,"{'colsample_bytree': 0.8, 'learning_rate': 0.05, 'max_depth': 5, 'min_child_samples': 50, 'n_estimators': 1000, 'num_leaves': 62, 'subsample': 0.8}",2.54233742595687,0.958036703410727,0.20080304145813
LightGBM,Enhanced,2,"{'colsample_bytree': 0.8, 'learning_rate': 0.05, 'max_depth': 5, 'min_child_samples': 100, 'n_estimators': 500, 'num_leaves': 15, 'subsample': 0.6}",2.5940372871885,0.956312655646726,0.286479234695435
LightGBM,Enhanced,2,"{'colsample_bytree': 0.8, 'learning_rate': 0.05, 'max_depth': 5, 'min_child_samples': 100, 'n_estimators': 500, 'num_leaves': 15, 'subsample': 0.8}",2.59403729421982,0.95631265540989,0.28697657585144
LightGBM,Enhanced,2,"{'colsample_bytree': 0.8, 'learning_rate': 0.05, 'max_depth': 5, 'min_child_samples': 100, 'n_estimators': 500, 'num_leaves': 31, 'subsample': 0.6}",2.59403728571748,0.956312655696274,0.289900779724121
LightGBM,Enhanced,2,"{'colsample_bytree': 0.8, 'learning_rate': 0.05, 'max_depth': 5, 'min_child_samples': 100, 'n_estimators': 500, 'num_leaves': 31, 'subsample': 0.8}",2.59403728518301,0.956312655714276,0.288720607757568
LightGBM,Enhanced,2,"{'colsample_bytree': 0.8, 'learning_rate': 0.05, 'max_depth': 5, 'min_child_samples': 100, 'n_estimators': 500, 'num_leaves': 62, 'subsample': 0.6}",2.59403728696776,0.956312655654161,0.284863233566284
LightGBM,Enhanced,2,"{'colsample_bytree': 0.8, 'learning_rate': 0.05, 'max_depth': 5, 'min_child_samples': 100, 'n_estimators': 500, 'num_leaves': 62, 'subsample': 0.8}",2.59403728234209,0.956312655809967,0.285951852798462
LightGBM,Enhanced,2,"{'colsample_bytree': 0.8, 'learning_rate': 0.05, 'max_depth': 5, 'min_child_samples': 100, 'n_estimators': 750, 'num_leaves': 15, 'subsample': 0.6}",2.59403728335501,0.956312655775849,0.286151647567749
LightGBM,Enhanced,2,"{'colsample_bytree': 0.8, 'learning_rate': 0.05, 'max_depth': 5, 'min_child_samples': 100, 'n_estimators': 750, 'num_leaves': 15, 'subsample': 0.8}",2.59403727756462,0.956312655970886,0.282880067825317
LightGBM,Enhanced,2,"{'colsample_bytree': 0.8, 'learning_rate': 0.05, 'max_depth': 5, 'min_child_samples': 100, 'n_estimators': 750, 'num_leaves': 31, 'subsample': 0.6}",2.5940372896834,0.95631265556269,0.283664226531982
LightGBM,Enhanced,2,"{'colsample_bytree': 0.8, 'learning_rate': 0.05, 'max_depth': 5, 'min_child_samples': 100, 'n_estimators': 750, 'num_leaves': 31, 'subsample': 0.8}",2.5940372874354,0.956312655638409,0.281895875930786
LightGBM,Enhanced,2,"{'colsample_bytree': 0.8, 'learning_rate': 0.05, 'max_depth': 5, 'min_child_samples': 100, 'n_estimators': 750, 'num_leaves': 62, 'subsample': 0.6}",2.59403728910843,0.956312655582057,0.289108991622925
LightGBM,Enhanced,2,"{'colsample_bytree': 0.8, 'learning_rate': 0.05, 'max_depth': 5, 'min_child_samples': 100, 'n_estimators': 750, 'num_leaves': 62, 'subsample': 0.8}",2.59403728530823,0.956312655710059,0.279565334320068
LightGBM,Enhanced,2,"{'colsample_bytree': 0.8, 'learning_rate': 0.05, 'max_depth': 5, 'min_child_samples': 100, 'n_estimators': 1000, 'num_leaves': 15, 'subsample': 0.6}",2.59403729699126,0.95631265531654,0.281872987747192
LightGBM,Enhanced,2,"{'colsample_bytree': 0.8, 'learning_rate': 0.05, 'max_depth': 5, 'min_child_samples': 100, 'n_estimators': 1000, 'num_leaves': 15, 'subsample': 0.8}",2.59403728903049,0.956312655584682,0.289047002792358
LightGBM,Enhanced,2,"{'colsample_bytree': 0.8, 'learning_rate': 0.05, 'max_depth': 5, 'min_child_samples': 100, 'n_estimators': 1000, 'num_leaves': 31, 'subsample': 0.6}",2.59403728544641,0.956312655705404,0.28152322769165
LightGBM,Enhanced,2,"{'colsample_bytree': 0.8, 'learning_rate': 0.05, 'max_depth': 5, 'min_child_samples': 100, 'n_estimators': 1000, 'num_leaves': 31, 'subsample': 0.8}",2.5940372895548,0.956312655567022,0.282403230667114
LightGBM,Enhanced,2,"{'colsample_bytree': 0.8, 'learning_rate': 0.05, 'max_depth': 5, 'min_child_samples': 100, 'n_estimators': 1000, 'num_leaves': 62, 'subsample': 0.6}",2.59403729681765,0.956312655322388,0.280240535736084
LightGBM,Enhanced,2,"{'colsample_bytree': 0.8, 'learning_rate': 0.05, 'max_depth': 5, 'min_child_samples': 100, 'n_estimators': 1000, 'num_leaves': 62, 'subsample': 0.8}",2.59403729222737,0.956312655477002,0.286255836486816
LightGBM,Enhanced,2,"{'colsample_bytree': 0.8, 'learning_rate': 0.05, 'max_depth': 9, 'min_child_samples': 50, 'n_estimators': 500, 'num_leaves': 15, 'subsample': 0.6}",2.54351432433876,0.957997843134862,0.238676071166992
LightGBM,Enhanced,2,"{'colsample_bytree': 0.8, 'learning_rate': 0.05, 'max_depth': 9, 'min_child_samples': 50, 'n_estimators': 500, 'num_leaves': 15, 'subsample': 0.8}",2.54351432688852,0.957997843050651,0.237707138061523
LightGBM,Enhanced,2,"{'colsample_bytree': 0.8, 'learning_rate': 0.05, 'max_depth': 9, 'min_child_samples': 50, 'n_estimators': 500, 'num_leaves': 31, 'subsample': 0.6}",2.54127958354271,0.958071617202479,0.280953168869019
LightGBM,Enhanced,2,"{'colsample_bytree': 0.8, 'learning_rate': 0.05, 'max_depth': 9, 'min_child_samples': 50, 'n_estimators': 500, 'num_leaves': 31, 'subsample': 0.8}",2.53539986860083,0.958265410713311,0.281917572021484
LightGBM,Enhanced,2,"{'colsample_bytree': 0.8, 'learning_rate': 0.05, 'max_depth': 9, 'min_child_samples': 50, 'n_estimators': 500, 'num_leaves': 62, 'subsample': 0.6}",2.52865591633221,0.958487136490558,0.294842004776001
LightGBM,Enhanced,2,"{'colsample_bytree': 0.8, 'learning_rate': 0.05, 'max_depth': 9, 'min_child_samples': 50, 'n_estimators': 500, 'num_leaves': 62, 'subsample': 0.8}",2.52867837748032,0.958486398999379,0.296533584594727
LightGBM,Enhanced,2,"{'colsample_bytree': 0.8, 'learning_rate': 0.05, 'max_depth': 9, 'min_child_samples': 50, 'n_estimators': 750, 'num_leaves': 15, 'subsample': 0.6}",2.54351431488246,0.957997843447173,0.228400707244873
LightGBM,Enhanced,2,"{'colsample_bytree': 0.8, 'learning_rate': 0.05, 'max_depth': 9, 'min_child_samples': 50, 'n_estimators': 750, 'num_leaves': 15, 'subsample': 0.8}",2.54351431581302,0.95799784341644,0.219598770141602
LightGBM,Enhanced,2,"{'colsample_bytree': 0.8, 'learning_rate': 0.05, 'max_depth': 9, 'min_child_samples': 50, 'n_estimators': 750, 'num_leaves': 31, 'subsample': 0.6}",2.54126058810126,0.958072244008887,0.262058973312378
LightGBM,Enhanced,2,"{'colsample_bytree': 0.8, 'learning_rate': 0.05, 'max_depth': 9, 'min_child_samples': 50, 'n_estimators': 750, 'num_leaves': 31, 'subsample': 0.8}",2.54125786269095,0.95807233394085,0.264021396636963
LightGBM,Enhanced,2,"{'colsample_bytree': 0.8, 'learning_rate': 0.05, 'max_depth': 9, 'min_child_samples': 50, 'n_estimators': 750, 'num_leaves': 62, 'subsample': 0.6}",2.5286783777394,0.958486398990872,0.285380125045776
LightGBM,Enhanced,2,"{'colsample_bytree': 0.8, 'learning_rate': 0.05, 'max_depth': 9, 'min_child_samples': 50, 'n_estimators': 750, 'num_leaves': 62, 'subsample': 0.8}",2.52867837490642,0.958486399083891,0.28364086151123
LightGBM,Enhanced,2,"{'colsample_bytree': 0.8, 'learning_rate': 0.05, 'max_depth': 9, 'min_child_samples': 50, 'n_estimators': 1000, 'num_leaves': 15, 'subsample': 0.6}",2.5435143256419,0.957997843091823,0.214996337890625
LightGBM,Enhanced,2,"{'colsample_bytree': 0.8, 'learning_rate': 0.05, 'max_depth': 9, 'min_child_samples': 50, 'n_estimators': 1000, 'num_leaves': 15, 'subsample': 0.8}",2.543514312626,0.957997843521697,0.244151592254639
LightGBM,Enhanced,2,"{'colsample_bytree': 0.8, 'learning_rate': 0.05, 'max_depth': 9, 'min_child_samples': 50, 'n_estimators': 1000, 'num_leaves': 31, 'subsample': 0.6}",2.54127681956456,0.958071708407769,0.275977373123169
LightGBM,Enhanced,2,"{'colsample_bytree': 0.8, 'learning_rate': 0.05, 'max_depth': 9, 'min_child_samples': 50, 'n_estimators': 1000, 'num_leaves': 31, 'subsample': 0.8}",2.54125800039247,0.958072329397035,0.287923574447632
LightGBM,Enhanced,2,"{'colsample_bytree': 0.8, 'learning_rate': 0.05, 'max_depth': 9, 'min_child_samples': 50, 'n_estimators': 1000, 'num_leaves': 62, 'subsample': 0.6}",2.52867696970588,0.958486445222553,0.304760932922363
LightGBM,Enhanced,2,"{'colsample_bytree': 0.8, 'learning_rate': 0.05, 'max_depth': 9, 'min_child_samples': 50, 'n_estimators': 1000, 'num_leaves': 62, 'subsample': 0.8}",2.52867837874018,0.958486398958012,0.308200836181641
LightGBM,Enhanced,2,"{'colsample_bytree': 0.8, 'learning_rate': 0.05, 'max_depth': 9, 'min_child_samples': 100, 'n_estimators': 500, 'num_leaves': 15, 'subsample': 0.6}",2.58609580422299,0.956579738337957,0.459320068359375
LightGBM,Enhanced,2,"{'colsample_bytree': 0.8, 'learning_rate': 0.05, 'max_depth': 9, 'min_child_samples': 100, 'n_estimators': 500, 'num_leaves': 15, 'subsample': 0.8}",2.58609459786382,0.956579778847221,0.436408996582031
LightGBM,Enhanced,2,"{'colsample_bytree': 0.8, 'learning_rate': 0.05, 'max_depth': 9, 'min_child_samples': 100, 'n_estimators': 500, 'num_leaves': 31, 'subsample': 0.6}",2.58214534869462,0.956712292437548,0.482702255249023
LightGBM,Enhanced,2,"{'colsample_bytree': 0.8, 'learning_rate': 0.05, 'max_depth': 9, 'min_child_samples': 100, 'n_estimators': 500, 'num_leaves': 31, 'subsample': 0.8}",2.58215955061056,0.956711816267548,0.47857141494751
LightGBM,Enhanced,2,"{'colsample_bytree': 0.8, 'learning_rate': 0.05, 'max_depth': 9, 'min_child_samples': 100, 'n_estimators': 500, 'num_leaves': 62, 'subsample': 0.6}",2.5821464783641,0.956712254561436,0.486104965209961
LightGBM,Enhanced,2,"{'colsample_bytree': 0.8, 'learning_rate': 0.05, 'max_depth': 9, 'min_child_samples': 100, 'n_estimators': 500, 'num_leaves': 62, 'subsample': 0.8}",2.58214486731077,0.956712308577616,0.48944091796875
LightGBM,Enhanced,2,"{'colsample_bytree': 0.8, 'learning_rate': 0.05, 'max_depth': 9, 'min_child_samples': 100, 'n_estimators': 750, 'num_leaves': 15, 'subsample': 0.6}",2.58609579680918,0.956579738586911,0.431948184967041
LightGBM,Enhanced,2,"{'colsample_bytree': 0.8, 'learning_rate': 0.05, 'max_depth': 9, 'min_child_samples': 100, 'n_estimators': 750, 'num_leaves': 15, 'subsample': 0.8}",2.5860951994985,0.956579758644469,0.449072599411011
LightGBM,Enhanced,2,"{'colsample_bytree': 0.8, 'learning_rate': 0.05, 'max_depth': 9, 'min_child_samples': 100, 'n_estimators': 750, 'num_leaves': 31, 'subsample': 0.6}",2.58216092528714,0.956711770176463,0.489340543746948
LightGBM,Enhanced,2,"{'colsample_bytree': 0.8, 'learning_rate': 0.05, 'max_depth': 9, 'min_child_samples': 100, 'n_estimators': 750, 'num_leaves': 31, 'subsample': 0.8}",2.58214534135846,0.956712292683518,0.492325067520142
LightGBM,Enhanced,2,"{'colsample_bytree': 0.8, 'learning_rate': 0.05, 'max_depth': 9, 'min_child_samples': 100, 'n_estimators': 750, 'num_leaves': 62, 'subsample': 0.6}",2.58215954962289,0.956711816300663,0.496712446212769
LightGBM,Enhanced,2,"{'colsample_bytree': 0.8, 'learning_rate': 0.05, 'max_depth': 9, 'min_child_samples': 100, 'n_estimators': 750, 'num_leaves': 62, 'subsample': 0.8}",2.58214257612305,0.956712385397615,0.491397142410278
LightGBM,Enhanced,2,"{'colsample_bytree': 0.8, 'learning_rate': 0.05, 'max_depth': 9, 'min_child_samples': 100, 'n_estimators': 1000, 'num_leaves': 15, 'subsample': 0.6}",2.58609579544357,0.956579738632768,0.438816547393799
LightGBM,Enhanced,2,"{'colsample_bytree': 0.8, 'learning_rate': 0.05, 'max_depth': 9, 'min_child_samples': 100, 'n_estimators': 1000, 'num_leaves': 15, 'subsample': 0.8}",2.5860940795331,0.956579796252642,0.434553146362305
LightGBM,Enhanced,2,"{'colsample_bytree': 0.8, 'learning_rate': 0.05, 'max_depth': 9, 'min_child_samples': 100, 'n_estimators': 1000, 'num_leaves': 31, 'subsample': 0.6}",2.58215955044204,0.956711816273199,0.478176593780518
LightGBM,Enhanced,2,"{'colsample_bytree': 0.8, 'learning_rate': 0.05, 'max_depth': 9, 'min_child_samples': 100, 'n_estimators': 1000, 'num_leaves': 31, 'subsample': 0.8}",2.5821448641691,0.956712308682952,0.480905532836914
LightGBM,Enhanced,2,"{'colsample_bytree': 0.8, 'learning_rate': 0.05, 'max_depth': 9, 'min_child_samples': 100, 'n_estimators': 1000, 'num_leaves': 62, 'subsample': 0.6}",2.58214497858151,0.956712304846878,0.48639178276062
LightGBM,Enhanced,2,"{'colsample_bytree': 0.8, 'learning_rate': 0.05, 'max_depth': 9, 'min_child_samples': 100, 'n_estimators': 1000, 'num_leaves': 62, 'subsample': 0.8}",2.58214534351808,0.956712292611109,0.486338138580322
LightGBM,Enhanced,3,"{'colsample_bytree': 0.6, 'learning_rate': 0.01, 'max_depth': 3, 'min_child_samples': 50, 'n_estimators': 500, 'num_leaves': 15, 'subsample': 0.6}",2.19092231085348,0.971992650886339,0.267335891723633
LightGBM,Enhanced,3,"{'colsample_bytree': 0.6, 'learning_rate': 0.01, 'max_depth': 3, 'min_child_samples': 50, 'n_estimators': 500, 'num_leaves': 15, 'subsample': 0.8}",2.19096767607541,0.971991491034385,0.256576538085938
LightGBM,Enhanced,3,"{'colsample_bytree': 0.6, 'learning_rate': 0.01, 'max_depth': 3, 'min_child_samples': 50, 'n_estimators': 500, 'num_leaves': 31, 'subsample': 0.6}",2.1909676731354,0.971991491109553,0.260680675506592
LightGBM,Enhanced,3,"{'colsample_bytree': 0.6, 'learning_rate': 0.01, 'max_depth': 3, 'min_child_samples': 50, 'n_estimators': 500, 'num_leaves': 31, 'subsample': 0.8}",2.19096767297912,0.971991491113548,0.269399404525757
LightGBM,Enhanced,3,"{'colsample_bytree': 0.6, 'learning_rate': 0.01, 'max_depth': 3, 'min_child_samples': 50, 'n_estimators': 500, 'num_leaves': 62, 'subsample': 0.6}",2.1909676736951,0.971991491095242,0.271894931793213
LightGBM,Enhanced,3,"{'colsample_bytree': 0.6, 'learning_rate': 0.01, 'max_depth': 3, 'min_child_samples': 50, 'n_estimators': 500, 'num_leaves': 62, 'subsample': 0.8}",2.19096767092525,0.97199149116606,0.265050888061523
LightGBM,Enhanced,3,"{'colsample_bytree': 0.6, 'learning_rate': 0.01, 'max_depth': 3, 'min_child_samples': 50, 'n_estimators': 750, 'num_leaves': 15, 'subsample': 0.6}",2.11771911409437,0.973832950134233,0.338978052139282
LightGBM,Enhanced,3,"{'colsample_bytree': 0.6, 'learning_rate': 0.01, 'max_depth': 3, 'min_child_samples': 50, 'n_estimators': 750, 'num_leaves': 15, 'subsample': 0.8}",2.11779718401248,0.973831020797069,0.344994068145752
LightGBM,Enhanced,3,"{'colsample_bytree': 0.6, 'learning_rate': 0.01, 'max_depth': 3, 'min_child_samples': 50, 'n_estimators': 750, 'num_leaves': 31, 'subsample': 0.6}",2.11771911586663,0.973832950090436,0.332504034042358
LightGBM,Enhanced,3,"{'colsample_bytree': 0.6, 'learning_rate': 0.01, 'max_depth': 3, 'min_child_samples': 50, 'n_estimators': 750, 'num_leaves': 31, 'subsample': 0.8}",2.11779718482916,0.973831020776886,0.328308343887329
LightGBM,Enhanced,3,"{'colsample_bytree': 0.6, 'learning_rate': 0.01, 'max_depth': 3, 'min_child_samples': 50, 'n_estimators': 750, 'num_leaves': 62, 'subsample': 0.6}",2.11774086465429,0.973832412621109,0.331808805465698
LightGBM,Enhanced,3,"{'colsample_bytree': 0.6, 'learning_rate': 0.01, 'max_depth': 3, 'min_child_samples': 50, 'n_estimators': 750, 'num_leaves': 62, 'subsample': 0.8}",2.11766279317758,0.97383434194548,0.348370552062988
LightGBM,Enhanced,3,"{'colsample_bytree': 0.6, 'learning_rate': 0.01, 'max_depth': 3, 'min_child_samples': 50, 'n_estimators': 1000, 'num_leaves': 15, 'subsample': 0.6}",2.07986559511357,0.974760044148951,0.403894186019897
LightGBM,Enhanced,3,"{'colsample_bytree': 0.6, 'learning_rate': 0.01, 'max_depth': 3, 'min_child_samples': 50, 'n_estimators': 1000, 'num_leaves': 15, 'subsample': 0.8}",2.07984176663174,0.974760622480921,0.401607513427734
LightGBM,Enhanced,3,"{'colsample_bytree': 0.6, 'learning_rate': 0.01, 'max_depth': 3, 'min_child_samples': 50, 'n_estimators': 1000, 'num_leaves': 31, 'subsample': 0.6}",2.07994526643427,0.974758110428679,0.411415815353394
LightGBM,Enhanced,3,"{'colsample_bytree': 0.6, 'learning_rate': 0.01, 'max_depth': 3, 'min_child_samples': 50, 'n_estimators': 1000, 'num_leaves': 31, 'subsample': 0.8}",2.08003197598123,0.974756005797883,0.422572612762451
LightGBM,Enhanced,3,"{'colsample_bytree': 0.6, 'learning_rate': 0.01, 'max_depth': 3, 'min_child_samples': 50, 'n_estimators': 1000, 'num_leaves': 62, 'subsample': 0.6}",2.07977845235114,0.974762159125423,0.410238981246948
LightGBM,Enhanced,3,"{'colsample_bytree': 0.6, 'learning_rate': 0.01, 'max_depth': 3, 'min_child_samples': 50, 'n_estimators': 1000, 'num_leaves': 62, 'subsample': 0.8}",2.0800319777595,0.974756005754719,0.429728507995605
LightGBM,Enhanced,3,"{'colsample_bytree': 0.6, 'learning_rate': 0.01, 'max_depth': 3, 'min_child_samples': 100, 'n_estimators': 500, 'num_leaves': 15, 'subsample': 0.6}",2.52256265006991,0.9628719644441,0.261984586715698
LightGBM,Enhanced,3,"{'colsample_bytree': 0.6, 'learning_rate': 0.01, 'max_depth': 3, 'min_child_samples': 100, 'n_estimators': 500, 'num_leaves': 15, 'subsample': 0.8}",2.52256264947573,0.962871964461591,0.258592128753662
LightGBM,Enhanced,3,"{'colsample_bytree': 0.6, 'learning_rate': 0.01, 'max_depth': 3, 'min_child_samples': 100, 'n_estimators': 500, 'num_leaves': 31, 'subsample': 0.6}",2.52256264907578,0.962871964473364,0.258583784103394
LightGBM,Enhanced,3,"{'colsample_bytree': 0.6, 'learning_rate': 0.01, 'max_depth': 3, 'min_child_samples': 100, 'n_estimators': 500, 'num_leaves': 31, 'subsample': 0.8}",2.52256264781922,0.962871964510354,0.267700433731079
LightGBM,Enhanced,3,"{'colsample_bytree': 0.6, 'learning_rate': 0.01, 'max_depth': 3, 'min_child_samples': 100, 'n_estimators': 500, 'num_leaves': 62, 'subsample': 0.6}",2.52256264723735,0.962871964527482,0.263180017471314
LightGBM,Enhanced,3,"{'colsample_bytree': 0.6, 'learning_rate': 0.01, 'max_depth': 3, 'min_child_samples': 100, 'n_estimators': 500, 'num_leaves': 62, 'subsample': 0.8}",2.5225626463094,0.962871964554798,0.25900411605835
LightGBM,Enhanced,3,"{'colsample_bytree': 0.6, 'learning_rate': 0.01, 'max_depth': 3, 'min_child_samples': 100, 'n_estimators': 750, 'num_leaves': 15, 'subsample': 0.6}",2.38567124808625,0.966792265964055,0.349556446075439
LightGBM,Enhanced,3,"{'colsample_bytree': 0.6, 'learning_rate': 0.01, 'max_depth': 3, 'min_child_samples': 100, 'n_estimators': 750, 'num_leaves': 15, 'subsample': 0.8}",2.38532667991522,0.966801857815295,0.334436655044556
LightGBM,Enhanced,3,"{'colsample_bytree': 0.6, 'learning_rate': 0.01, 'max_depth': 3, 'min_child_samples': 100, 'n_estimators': 750, 'num_leaves': 31, 'subsample': 0.6}",2.38555740520249,0.966795435197039,0.335402965545654
LightGBM,Enhanced,3,"{'colsample_bytree': 0.6, 'learning_rate': 0.01, 'max_depth': 3, 'min_child_samples': 100, 'n_estimators': 750, 'num_leaves': 31, 'subsample': 0.8}",2.3856831375117,0.966791934969696,0.333456993103027
LightGBM,Enhanced,3,"{'colsample_bytree': 0.6, 'learning_rate': 0.01, 'max_depth': 3, 'min_child_samples': 100, 'n_estimators': 750, 'num_leaves': 62, 'subsample': 0.6}",2.38567471591068,0.966792169422106,0.330381870269775
LightGBM,Enhanced,3,"{'colsample_bytree': 0.6, 'learning_rate': 0.01, 'max_depth': 3, 'min_child_samples': 100, 'n_estimators': 750, 'num_leaves': 62, 'subsample': 0.8}",2.38544776774174,0.966798487213735,0.325822591781616
LightGBM,Enhanced,3,"{'colsample_bytree': 0.6, 'learning_rate': 0.01, 'max_depth': 3, 'min_child_samples': 100, 'n_estimators': 1000, 'num_leaves': 15, 'subsample': 0.6}",2.31648098803347,0.968690543453086,0.396881818771362
LightGBM,Enhanced,3,"{'colsample_bytree': 0.6, 'learning_rate': 0.01, 'max_depth': 3, 'min_child_samples': 100, 'n_estimators': 1000, 'num_leaves': 15, 'subsample': 0.8}",2.31652013543352,0.968689485215022,0.390477180480957
LightGBM,Enhanced,3,"{'colsample_bytree': 0.6, 'learning_rate': 0.01, 'max_depth': 3, 'min_child_samples': 100, 'n_estimators': 1000, 'num_leaves': 31, 'subsample': 0.6}",2.31665741689497,0.968685774061791,0.399782657623291
LightGBM,Enhanced,3,"{'colsample_bytree': 0.6, 'learning_rate': 0.01, 'max_depth': 3, 'min_child_samples': 100, 'n_estimators': 1000, 'num_leaves': 31, 'subsample': 0.8}",2.31658921079274,0.968687617916509,0.388422727584839
LightGBM,Enhanced,3,"{'colsample_bytree': 0.6, 'learning_rate': 0.01, 'max_depth': 3, 'min_child_samples': 100, 'n_estimators': 1000, 'num_leaves': 62, 'subsample': 0.6}",2.31666269965918,0.968685631247528,0.395102739334106
LightGBM,Enhanced,3,"{'colsample_bytree': 0.6, 'learning_rate': 0.01, 'max_depth': 3, 'min_child_samples': 100, 'n_estimators': 1000, 'num_leaves': 62, 'subsample': 0.8}",2.31634772839384,0.968694145612489,0.391769170761108
LightGBM,Enhanced,3,"{'colsample_bytree': 0.6, 'learning_rate': 0.01, 'max_depth': 5, 'min_child_samples': 50, 'n_estimators': 500, 'num_leaves': 15, 'subsample': 0.6}",2.2312395731709,0.97095238652456,0.400797128677368
LightGBM,Enhanced,3,"{'colsample_bytree': 0.6, 'learning_rate': 0.01, 'max_depth': 5, 'min_child_samples': 50, 'n_estimators': 500, 'num_leaves': 15, 'subsample': 0.8}",2.23125115699815,0.970952084913372,0.390285015106201
LightGBM,Enhanced,3,"{'colsample_bytree': 0.6, 'learning_rate': 0.01, 'max_depth': 5, 'min_child_samples': 50, 'n_estimators': 500, 'num_leaves': 31, 'subsample': 0.6}",2.23320539120062,0.970901179583111,0.390274047851563
LightGBM,Enhanced,3,"{'colsample_bytree': 0.6, 'learning_rate': 0.01, 'max_depth': 5, 'min_child_samples': 50, 'n_estimators': 500, 'num_leaves': 31, 'subsample': 0.8}",2.23289875908048,0.970909169909902,0.3939368724823
LightGBM,Enhanced,3,"{'colsample_bytree': 0.6, 'learning_rate': 0.01, 'max_depth': 5, 'min_child_samples': 50, 'n_estimators': 500, 'num_leaves': 62, 'subsample': 0.6}",2.23317792761861,0.970901895283449,0.410160541534424
LightGBM,Enhanced,3,"{'colsample_bytree': 0.6, 'learning_rate': 0.01, 'max_depth': 5, 'min_child_samples': 50, 'n_estimators': 500, 'num_leaves': 62, 'subsample': 0.8}",2.23322714603277,0.97090061264642,0.398196935653687
LightGBM,Enhanced,3,"{'colsample_bytree': 0.6, 'learning_rate': 0.01, 'max_depth': 5, 'min_child_samples': 50, 'n_estimators': 750, 'num_leaves': 15, 'subsample': 0.6}",2.17576725855076,0.97237877578502,0.490561962127686
LightGBM,Enhanced,3,"{'colsample_bytree': 0.6, 'learning_rate': 0.01, 'max_depth': 5, 'min_child_samples': 50, 'n_estimators': 750, 'num_leaves': 15, 'subsample': 0.8}",2.17532013336351,0.972390127069041,0.488164901733398
LightGBM,Enhanced,3,"{'colsample_bytree': 0.6, 'learning_rate': 0.01, 'max_depth': 5, 'min_child_samples': 50, 'n_estimators': 750, 'num_leaves': 31, 'subsample': 0.6}",2.17799841814885,0.972322097886744,0.514938592910767
LightGBM,Enhanced,3,"{'colsample_bytree': 0.6, 'learning_rate': 0.01, 'max_depth': 5, 'min_child_samples': 50, 'n_estimators': 750, 'num_leaves': 31, 'subsample': 0.8}",2.17797054769229,0.972322806235131,0.49340033531189
LightGBM,Enhanced,3,"{'colsample_bytree': 0.6, 'learning_rate': 0.01, 'max_depth': 5, 'min_child_samples': 50, 'n_estimators': 750, 'num_leaves': 62, 'subsample': 0.6}",2.17792261022317,0.972324024580367,0.519663810729981
LightGBM,Enhanced,3,"{'colsample_bytree': 0.6, 'learning_rate': 0.01, 'max_depth': 5, 'min_child_samples': 50, 'n_estimators': 750, 'num_leaves': 62, 'subsample': 0.8}",2.17836029048764,0.972312899809142,0.497292518615723
LightGBM,Enhanced,3,"{'colsample_bytree': 0.6, 'learning_rate': 0.01, 'max_depth': 5, 'min_child_samples': 50, 'n_estimators': 1000, 'num_leaves': 15, 'subsample': 0.6}",2.13476731148273,0.97340995102762,0.616099357604981
LightGBM,Enhanced,3,"{'colsample_bytree': 0.6, 'learning_rate': 0.01, 'max_depth': 5, 'min_child_samples': 50, 'n_estimators': 1000, 'num_leaves': 15, 'subsample': 0.8}",2.13469039144473,0.973411867180934,0.600167036056519
LightGBM,Enhanced,3,"{'colsample_bytree': 0.6, 'learning_rate': 0.01, 'max_depth': 5, 'min_child_samples': 50, 'n_estimators': 1000, 'num_leaves': 31, 'subsample': 0.6}",2.14248190766387,0.973217422183847,0.599927663803101
LightGBM,Enhanced,3,"{'colsample_bytree': 0.6, 'learning_rate': 0.01, 'max_depth': 5, 'min_child_samples': 50, 'n_estimators': 1000, 'num_leaves': 31, 'subsample': 0.8}",2.14248675966343,0.973217300876682,0.586597442626953
LightGBM,Enhanced,3,"{'colsample_bytree': 0.6, 'learning_rate': 0.01, 'max_depth': 5, 'min_child_samples': 50, 'n_estimators': 1000, 'num_leaves': 62, 'subsample': 0.6}",2.14250693368453,0.973216796493372,0.616029739379883
LightGBM,Enhanced,3,"{'colsample_bytree': 0.6, 'learning_rate': 0.01, 'max_depth': 5, 'min_child_samples': 50, 'n_estimators': 1000, 'num_leaves': 62, 'subsample': 0.8}",2.14246278102118,0.973217900375525,0.612222671508789
LightGBM,Enhanced,3,"{'colsample_bytree': 0.6, 'learning_rate': 0.01, 'max_depth': 5, 'min_child_samples': 100, 'n_estimators': 500, 'num_leaves': 15, 'subsample': 0.6}",2.51288713972561,0.963156233901449,0.353664398193359
LightGBM,Enhanced,3,"{'colsample_bytree': 0.6, 'learning_rate': 0.01, 'max_depth': 5, 'min_child_samples': 100, 'n_estimators': 500, 'num_leaves': 15, 'subsample': 0.8}",2.51288714009975,0.963156233890478,0.366334199905396
LightGBM,Enhanced,3,"{'colsample_bytree': 0.6, 'learning_rate': 0.01, 'max_depth': 5, 'min_child_samples': 100, 'n_estimators': 500, 'num_leaves': 31, 'subsample': 0.6}",2.51329059055341,0.963144402219098,0.364298105239868
LightGBM,Enhanced,3,"{'colsample_bytree': 0.6, 'learning_rate': 0.01, 'max_depth': 5, 'min_child_samples': 100, 'n_estimators': 500, 'num_leaves': 31, 'subsample': 0.8}",2.51329059274597,0.963144402154793,0.352092742919922
LightGBM,Enhanced,3,"{'colsample_bytree': 0.6, 'learning_rate': 0.01, 'max_depth': 5, 'min_child_samples': 100, 'n_estimators': 500, 'num_leaves': 62, 'subsample': 0.6}",2.51329059188362,0.963144402180084,0.355413913726807
LightGBM,Enhanced,3,"{'colsample_bytree': 0.6, 'learning_rate': 0.01, 'max_depth': 5, 'min_child_samples': 100, 'n_estimators': 500, 'num_leaves': 62, 'subsample': 0.8}",2.51329059185463,0.963144402180935,0.352927207946777
LightGBM,Enhanced,3,"{'colsample_bytree': 0.6, 'learning_rate': 0.01, 'max_depth': 5, 'min_child_samples': 100, 'n_estimators': 750, 'num_leaves': 15, 'subsample': 0.6}",2.36726032394783,0.967302835853975,0.459358692169189
LightGBM,Enhanced,3,"{'colsample_bytree': 0.6, 'learning_rate': 0.01, 'max_depth': 5, 'min_child_samples': 100, 'n_estimators': 750, 'num_leaves': 15, 'subsample': 0.8}",2.36726722628002,0.967302645180381,0.477663993835449
LightGBM,Enhanced,3,"{'colsample_bytree': 0.6, 'learning_rate': 0.01, 'max_depth': 5, 'min_child_samples': 100, 'n_estimators': 750, 'num_leaves': 31, 'subsample': 0.6}",2.3662922994017,0.967329571558228,0.465192079544067
LightGBM,Enhanced,3,"{'colsample_bytree': 0.6, 'learning_rate': 0.01, 'max_depth': 5, 'min_child_samples': 100, 'n_estimators': 750, 'num_leaves': 31, 'subsample': 0.8}",2.36629069126402,0.967329615964009,0.464747428894043
LightGBM,Enhanced,3,"{'colsample_bytree': 0.6, 'learning_rate': 0.01, 'max_depth': 5, 'min_child_samples': 100, 'n_estimators': 750, 'num_leaves': 62, 'subsample': 0.6}",2.3663931521561,0.967326786633548,0.471369504928589
LightGBM,Enhanced,3,"{'colsample_bytree': 0.6, 'learning_rate': 0.01, 'max_depth': 5, 'min_child_samples': 100, 'n_estimators': 750, 'num_leaves': 62, 'subsample': 0.8}",2.36638940919266,0.967326889992998,0.468228340148926
LightGBM,Enhanced,3,"{'colsample_bytree': 0.6, 'learning_rate': 0.01, 'max_depth': 5, 'min_child_samples': 100, 'n_estimators': 1000, 'num_leaves': 15, 'subsample': 0.6}",2.30569786023585,0.968981353594261,0.561336278915405
LightGBM,Enhanced,3,"{'colsample_bytree': 0.6, 'learning_rate': 0.01, 'max_depth': 5, 'min_child_samples': 100, 'n_estimators': 1000, 'num_leaves': 15, 'subsample': 0.8}",2.30581281238479,0.968978260605359,0.552954196929932
LightGBM,Enhanced,3,"{'colsample_bytree': 0.6, 'learning_rate': 0.01, 'max_depth': 5, 'min_child_samples': 100, 'n_estimators': 1000, 'num_leaves': 31, 'subsample': 0.6}",2.30701743191404,0.968945838932359,0.566627740859985
LightGBM,Enhanced,3,"{'colsample_bytree': 0.6, 'learning_rate': 0.01, 'max_depth': 5, 'min_child_samples': 100, 'n_estimators': 1000, 'num_leaves': 31, 'subsample': 0.8}",2.3068929796434,0.968949189281223,0.559739828109741
LightGBM,Enhanced,3,"{'colsample_bytree': 0.6, 'learning_rate': 0.01, 'max_depth': 5, 'min_child_samples': 100, 'n_estimators': 1000, 'num_leaves': 62, 'subsample': 0.6}",2.306694334842,0.968954536574416,0.574366807937622
LightGBM,Enhanced,3,"{'colsample_bytree': 0.6, 'learning_rate': 0.01, 'max_depth': 5, 'min_child_samples': 100, 'n_estimators': 1000, 'num_leaves': 62, 'subsample': 0.8}",2.30679662263926,0.968951783160209,0.560611486434937
LightGBM,Enhanced,3,"{'colsample_bytree': 0.6, 'learning_rate': 0.01, 'max_depth': 9, 'min_child_samples': 50, 'n_estimators': 500, 'num_leaves': 15, 'subsample': 0.6}",2.22368548481394,0.971148740867755,0.525742053985596
LightGBM,Enhanced,3,"{'colsample_bytree': 0.6, 'learning_rate': 0.01, 'max_depth': 9, 'min_child_samples': 50, 'n_estimators': 500, 'num_leaves': 15, 'subsample': 0.8}",2.22361569071692,0.971150551929609,0.535134315490723
LightGBM,Enhanced,3,"{'colsample_bytree': 0.6, 'learning_rate': 0.01, 'max_depth': 9, 'min_child_samples': 50, 'n_estimators': 500, 'num_leaves': 31, 'subsample': 0.6}",2.22320117439797,0.971161306892741,0.794100761413574
LightGBM,Enhanced,3,"{'colsample_bytree': 0.6, 'learning_rate': 0.01, 'max_depth': 9, 'min_child_samples': 50, 'n_estimators': 500, 'num_leaves': 31, 'subsample': 0.8}",2.22260012014687,0.971176898172712,0.820402383804321
LightGBM,Enhanced,3,"{'colsample_bytree': 0.6, 'learning_rate': 0.01, 'max_depth': 9, 'min_child_samples': 50, 'n_estimators': 500, 'num_leaves': 62, 'subsample': 0.6}",2.22588699779156,0.971091585426141,0.921382188796997
LightGBM,Enhanced,3,"{'colsample_bytree': 0.6, 'learning_rate': 0.01, 'max_depth': 9, 'min_child_samples': 50, 'n_estimators': 500, 'num_leaves': 62, 'subsample': 0.8}",2.22618935410957,0.971083731266925,0.953176259994507
LightGBM,Enhanced,3,"{'colsample_bytree': 0.6, 'learning_rate': 0.01, 'max_depth': 9, 'min_child_samples': 50, 'n_estimators': 750, 'num_leaves': 15, 'subsample': 0.6}",2.15816509173607,0.97282388471718,0.70447301864624
LightGBM,Enhanced,3,"{'colsample_bytree': 0.6, 'learning_rate': 0.01, 'max_depth': 9, 'min_child_samples': 50, 'n_estimators': 750, 'num_leaves': 15, 'subsample': 0.8}",2.15786136964849,0.972831533256858,0.720500707626343
LightGBM,Enhanced,3,"{'colsample_bytree': 0.6, 'learning_rate': 0.01, 'max_depth': 9, 'min_child_samples': 50, 'n_estimators': 750, 'num_leaves': 31, 'subsample': 0.6}",2.16776717107587,0.972581523539596,0.971266269683838
LightGBM,Enhanced,3,"{'colsample_bytree': 0.6, 'learning_rate': 0.01, 'max_depth': 9, 'min_child_samples': 50, 'n_estimators': 750, 'num_leaves': 31, 'subsample': 0.8}",2.16814224517895,0.972572034651411,1.00696468353271
LightGBM,Enhanced,3,"{'colsample_bytree': 0.6, 'learning_rate': 0.01, 'max_depth': 9, 'min_child_samples': 50, 'n_estimators': 750, 'num_leaves': 62, 'subsample': 0.6}",2.15712956112465,0.972849957743668,1.10620498657227
LightGBM,Enhanced,3,"{'colsample_bytree': 0.6, 'learning_rate': 0.01, 'max_depth': 9, 'min_child_samples': 50, 'n_estimators': 750, 'num_leaves': 62, 'subsample': 0.8}",2.15743613806932,0.97284223992399,1.14826631546021
LightGBM,Enhanced,3,"{'colsample_bytree': 0.6, 'learning_rate': 0.01, 'max_depth': 9, 'min_child_samples': 50, 'n_estimators': 1000, 'num_leaves': 15, 'subsample': 0.6}",2.12515945428205,0.973648757845535,0.913065671920776
LightGBM,Enhanced,3,"{'colsample_bytree': 0.6, 'learning_rate': 0.01, 'max_depth': 9, 'min_child_samples': 50, 'n_estimators': 1000, 'num_leaves': 15, 'subsample': 0.8}",2.12499149838349,0.973652922871038,0.922606229782105
LightGBM,Enhanced,3,"{'colsample_bytree': 0.6, 'learning_rate': 0.01, 'max_depth': 9, 'min_child_samples': 50, 'n_estimators': 1000, 'num_leaves': 31, 'subsample': 0.6}",2.13104300005623,0.973502648006097,1.16961526870728
LightGBM,Enhanced,3,"{'colsample_bytree': 0.6, 'learning_rate': 0.01, 'max_depth': 9, 'min_child_samples': 50, 'n_estimators': 1000, 'num_leaves': 31, 'subsample': 0.8}",2.13113584613854,0.97350033906262,1.18612194061279
LightGBM,Enhanced,3,"{'colsample_bytree': 0.6, 'learning_rate': 0.01, 'max_depth': 9, 'min_child_samples': 50, 'n_estimators': 1000, 'num_leaves': 62, 'subsample': 0.6}",2.13205716370712,0.973477421818183,1.24534583091736
LightGBM,Enhanced,3,"{'colsample_bytree': 0.6, 'learning_rate': 0.01, 'max_depth': 9, 'min_child_samples': 50, 'n_estimators': 1000, 'num_leaves': 62, 'subsample': 0.8}",2.13247452178911,0.973467037016136,1.3063976764679
LightGBM,Enhanced,3,"{'colsample_bytree': 0.6, 'learning_rate': 0.01, 'max_depth': 9, 'min_child_samples': 100, 'n_estimators': 500, 'num_leaves': 15, 'subsample': 0.6}",2.5099825337649,0.963241358912863,0.53589129447937
LightGBM,Enhanced,3,"{'colsample_bytree': 0.6, 'learning_rate': 0.01, 'max_depth': 9, 'min_child_samples': 100, 'n_estimators': 500, 'num_leaves': 15, 'subsample': 0.8}",2.50997925897128,0.963241454831367,0.537878513336182
LightGBM,Enhanced,3,"{'colsample_bytree': 0.6, 'learning_rate': 0.01, 'max_depth': 9, 'min_child_samples': 100, 'n_estimators': 500, 'num_leaves': 31, 'subsample': 0.6}",2.50805794555419,0.963297708408156,0.642524719238281
LightGBM,Enhanced,3,"{'colsample_bytree': 0.6, 'learning_rate': 0.01, 'max_depth': 9, 'min_child_samples': 100, 'n_estimators': 500, 'num_leaves': 31, 'subsample': 0.8}",2.5080695992072,0.963297367334087,0.655233860015869
LightGBM,Enhanced,3,"{'colsample_bytree': 0.6, 'learning_rate': 0.01, 'max_depth': 9, 'min_child_samples': 100, 'n_estimators': 500, 'num_leaves': 62, 'subsample': 0.6}",2.50804867220325,0.963297979815443,0.640490770339966
LightGBM,Enhanced,3,"{'colsample_bytree': 0.6, 'learning_rate': 0.01, 'max_depth': 9, 'min_child_samples': 100, 'n_estimators': 500, 'num_leaves': 62, 'subsample': 0.8}",2.50803977274192,0.963298240278993,0.655148267745972
LightGBM,Enhanced,3,"{'colsample_bytree': 0.6, 'learning_rate': 0.01, 'max_depth': 9, 'min_child_samples': 100, 'n_estimators': 750, 'num_leaves': 15, 'subsample': 0.6}",2.36412223820093,0.967389466373785,0.740464448928833
LightGBM,Enhanced,3,"{'colsample_bytree': 0.6, 'learning_rate': 0.01, 'max_depth': 9, 'min_child_samples': 100, 'n_estimators': 750, 'num_leaves': 15, 'subsample': 0.8}",2.36399035900098,0.967393104536873,0.740714550018311
LightGBM,Enhanced,3,"{'colsample_bytree': 0.6, 'learning_rate': 0.01, 'max_depth': 9, 'min_child_samples': 100, 'n_estimators': 750, 'num_leaves': 31, 'subsample': 0.6}",2.36213250103681,0.967444335859123,0.858351707458496
LightGBM,Enhanced,3,"{'colsample_bytree': 0.6, 'learning_rate': 0.01, 'max_depth': 9, 'min_child_samples': 100, 'n_estimators': 750, 'num_leaves': 31, 'subsample': 0.8}",2.36204758469038,0.967446676505436,0.87509036064148
LightGBM,Enhanced,3,"{'colsample_bytree': 0.6, 'learning_rate': 0.01, 'max_depth': 9, 'min_child_samples': 100, 'n_estimators': 750, 'num_leaves': 62, 'subsample': 0.6}",2.36218017957282,0.967443021604254,0.875837087631226
LightGBM,Enhanced,3,"{'colsample_bytree': 0.6, 'learning_rate': 0.01, 'max_depth': 9, 'min_child_samples': 100, 'n_estimators': 750, 'num_leaves': 62, 'subsample': 0.8}",2.36195747583241,0.967449160186857,0.858930826187134
LightGBM,Enhanced,3,"{'colsample_bytree': 0.6, 'learning_rate': 0.01, 'max_depth': 9, 'min_child_samples': 100, 'n_estimators': 1000, 'num_leaves': 15, 'subsample': 0.6}",2.29938651044086,0.969150934867341,0.991398334503174
LightGBM,Enhanced,3,"{'colsample_bytree': 0.6, 'learning_rate': 0.01, 'max_depth': 9, 'min_child_samples': 100, 'n_estimators': 1000, 'num_leaves': 15, 'subsample': 0.8}",2.29913765101577,0.969157612009387,0.946134567260742
LightGBM,Enhanced,3,"{'colsample_bytree': 0.6, 'learning_rate': 0.01, 'max_depth': 9, 'min_child_samples': 100, 'n_estimators': 1000, 'num_leaves': 31, 'subsample': 0.6}",2.3012737735082,0.969100274229206,1.08397626876831
LightGBM,Enhanced,3,"{'colsample_bytree': 0.6, 'learning_rate': 0.01, 'max_depth': 9, 'min_child_samples': 100, 'n_estimators': 1000, 'num_leaves': 31, 'subsample': 0.8}",2.3017790306091,0.969086704335937,1.06434631347656
LightGBM,Enhanced,3,"{'colsample_bytree': 0.6, 'learning_rate': 0.01, 'max_depth': 9, 'min_child_samples': 100, 'n_estimators': 1000, 'num_leaves': 62, 'subsample': 0.6}",2.30172021649141,0.969088284083564,1.07324075698853
LightGBM,Enhanced,3,"{'colsample_bytree': 0.6, 'learning_rate': 0.01, 'max_depth': 9, 'min_child_samples': 100, 'n_estimators': 1000, 'num_leaves': 62, 'subsample': 0.8}",2.30156557724329,0.969092437502296,1.05690574645996
LightGBM,Enhanced,3,"{'colsample_bytree': 0.6, 'learning_rate': 0.05, 'max_depth': 3, 'min_child_samples': 50, 'n_estimators': 500, 'num_leaves': 15, 'subsample': 0.6}",2.03166313950167,0.975916397443925,0.196069002151489
LightGBM,Enhanced,3,"{'colsample_bytree': 0.6, 'learning_rate': 0.05, 'max_depth': 3, 'min_child_samples': 50, 'n_estimators': 500, 'num_leaves': 15, 'subsample': 0.8}",2.03166314787432,0.975916397245424,0.196201086044312
LightGBM,Enhanced,3,"{'colsample_bytree': 0.6, 'learning_rate': 0.05, 'max_depth': 3, 'min_child_samples': 50, 'n_estimators': 500, 'num_leaves': 31, 'subsample': 0.6}",2.03166314969759,0.975916397202198,0.198512315750122
LightGBM,Enhanced,3,"{'colsample_bytree': 0.6, 'learning_rate': 0.05, 'max_depth': 3, 'min_child_samples': 50, 'n_estimators': 500, 'num_leaves': 31, 'subsample': 0.8}",2.03161803706647,0.975917466732475,0.214603662490845
LightGBM,Enhanced,3,"{'colsample_bytree': 0.6, 'learning_rate': 0.05, 'max_depth': 3, 'min_child_samples': 50, 'n_estimators': 500, 'num_leaves': 62, 'subsample': 0.6}",2.03155298539651,0.975919008935681,0.205581665039063
LightGBM,Enhanced,3,"{'colsample_bytree': 0.6, 'learning_rate': 0.05, 'max_depth': 3, 'min_child_samples': 50, 'n_estimators': 500, 'num_leaves': 62, 'subsample': 0.8}",2.03144362878967,0.975921601380588,0.20285701751709
LightGBM,Enhanced,3,"{'colsample_bytree': 0.6, 'learning_rate': 0.05, 'max_depth': 3, 'min_child_samples': 50, 'n_estimators': 750, 'num_leaves': 15, 'subsample': 0.6}",2.03166314892773,0.97591639722045,0.198549270629883
LightGBM,Enhanced,3,"{'colsample_bytree': 0.6, 'learning_rate': 0.05, 'max_depth': 3, 'min_child_samples': 50, 'n_estimators': 750, 'num_leaves': 15, 'subsample': 0.8}",2.03144362086365,0.97592160156848,0.203648328781128
LightGBM,Enhanced,3,"{'colsample_bytree': 0.6, 'learning_rate': 0.05, 'max_depth': 3, 'min_child_samples': 50, 'n_estimators': 750, 'num_leaves': 31, 'subsample': 0.6}",2.03166315320382,0.975916397119071,0.208452701568604
LightGBM,Enhanced,3,"{'colsample_bytree': 0.6, 'learning_rate': 0.05, 'max_depth': 3, 'min_child_samples': 50, 'n_estimators': 750, 'num_leaves': 31, 'subsample': 0.8}",2.03155299144367,0.975919008792321,0.21702766418457
LightGBM,Enhanced,3,"{'colsample_bytree': 0.6, 'learning_rate': 0.05, 'max_depth': 3, 'min_child_samples': 50, 'n_estimators': 750, 'num_leaves': 62, 'subsample': 0.6}",2.03166315039989,0.975916397185547,0.215996026992798
LightGBM,Enhanced,3,"{'colsample_bytree': 0.6, 'learning_rate': 0.05, 'max_depth': 3, 'min_child_samples': 50, 'n_estimators': 750, 'num_leaves': 62, 'subsample': 0.8}",2.03155298883896,0.975919008854071,0.21412205696106
LightGBM,Enhanced,3,"{'colsample_bytree': 0.6, 'learning_rate': 0.05, 'max_depth': 3, 'min_child_samples': 50, 'n_estimators': 1000, 'num_leaves': 15, 'subsample': 0.6}",2.03166314457008,0.975916397323762,0.217323541641235
LightGBM,Enhanced,3,"{'colsample_bytree': 0.6, 'learning_rate': 0.05, 'max_depth': 3, 'min_child_samples': 50, 'n_estimators': 1000, 'num_leaves': 15, 'subsample': 0.8}",2.03155298742715,0.975919008887541,0.219063282012939
LightGBM,Enhanced,3,"{'colsample_bytree': 0.6, 'learning_rate': 0.05, 'max_depth': 3, 'min_child_samples': 50, 'n_estimators': 1000, 'num_leaves': 31, 'subsample': 0.6}",2.03155298749649,0.975919008885897,0.213542222976685
LightGBM,Enhanced,3,"{'colsample_bytree': 0.6, 'learning_rate': 0.05, 'max_depth': 3, 'min_child_samples': 50, 'n_estimators': 1000, 'num_leaves': 31, 'subsample': 0.8}",2.0316607099875,0.975916455043453,0.212667226791382
LightGBM,Enhanced,3,"{'colsample_bytree': 0.6, 'learning_rate': 0.05, 'max_depth': 3, 'min_child_samples': 50, 'n_estimators': 1000, 'num_leaves': 62, 'subsample': 0.6}",2.03166314141238,0.975916397398626,0.214012145996094
LightGBM,Enhanced,3,"{'colsample_bytree': 0.6, 'learning_rate': 0.05, 'max_depth': 3, 'min_child_samples': 50, 'n_estimators': 1000, 'num_leaves': 62, 'subsample': 0.8}",2.03155298731879,0.97591900889011,0.231124639511108
LightGBM,Enhanced,3,"{'colsample_bytree': 0.6, 'learning_rate': 0.05, 'max_depth': 3, 'min_child_samples': 100, 'n_estimators': 500, 'num_leaves': 15, 'subsample': 0.6}",2.16198504023399,0.97272759622274,0.251970529556274
LightGBM,Enhanced,3,"{'colsample_bytree': 0.6, 'learning_rate': 0.05, 'max_depth': 3, 'min_child_samples': 100, 'n_estimators': 500, 'num_leaves': 15, 'subsample': 0.8}",2.16153596437297,0.972738924799026,0.254212379455566
LightGBM,Enhanced,3,"{'colsample_bytree': 0.6, 'learning_rate': 0.05, 'max_depth': 3, 'min_child_samples': 100, 'n_estimators': 500, 'num_leaves': 31, 'subsample': 0.6}",2.16197013762096,0.972727972200068,0.245286703109741
LightGBM,Enhanced,3,"{'colsample_bytree': 0.6, 'learning_rate': 0.05, 'max_depth': 3, 'min_child_samples': 100, 'n_estimators': 500, 'num_leaves': 31, 'subsample': 0.8}",2.16188090292471,0.97273022344383,0.250183582305908
LightGBM,Enhanced,3,"{'colsample_bytree': 0.6, 'learning_rate': 0.05, 'max_depth': 3, 'min_child_samples': 100, 'n_estimators': 500, 'num_leaves': 62, 'subsample': 0.6}",2.16198504255748,0.97272759616412,0.246812582015991
LightGBM,Enhanced,3,"{'colsample_bytree': 0.6, 'learning_rate': 0.05, 'max_depth': 3, 'min_child_samples': 100, 'n_estimators': 500, 'num_leaves': 62, 'subsample': 0.8}",2.16201454279825,0.972726851896281,0.24298620223999
LightGBM,Enhanced,3,"{'colsample_bytree': 0.6, 'learning_rate': 0.05, 'max_depth': 3, 'min_child_samples': 100, 'n_estimators': 750, 'num_leaves': 15, 'subsample': 0.6}",2.16162435278259,0.972736695261894,0.236860990524292
LightGBM,Enhanced,3,"{'colsample_bytree': 0.6, 'learning_rate': 0.05, 'max_depth': 3, 'min_child_samples': 100, 'n_estimators': 750, 'num_leaves': 15, 'subsample': 0.8}",2.1619701392718,0.972727972158419,0.246026277542114
LightGBM,Enhanced,3,"{'colsample_bytree': 0.6, 'learning_rate': 0.05, 'max_depth': 3, 'min_child_samples': 100, 'n_estimators': 750, 'num_leaves': 31, 'subsample': 0.6}",2.16246576633315,0.972715466616261,0.239753007888794
LightGBM,Enhanced,3,"{'colsample_bytree': 0.6, 'learning_rate': 0.05, 'max_depth': 3, 'min_child_samples': 100, 'n_estimators': 750, 'num_leaves': 31, 'subsample': 0.8}",2.16117519956264,0.972748023898979,0.250530242919922
LightGBM,Enhanced,3,"{'colsample_bytree': 0.6, 'learning_rate': 0.05, 'max_depth': 3, 'min_child_samples': 100, 'n_estimators': 750, 'num_leaves': 62, 'subsample': 0.6}",2.16153596612389,0.972738924754861,0.24121880531311
LightGBM,Enhanced,3,"{'colsample_bytree': 0.6, 'learning_rate': 0.05, 'max_depth': 3, 'min_child_samples': 100, 'n_estimators': 750, 'num_leaves': 62, 'subsample': 0.8}",2.16201454518041,0.97272685183618,0.246405124664307
LightGBM,Enhanced,3,"{'colsample_bytree': 0.6, 'learning_rate': 0.05, 'max_depth': 3, 'min_child_samples': 100, 'n_estimators': 1000, 'num_leaves': 15, 'subsample': 0.6}",2.16281055283829,0.972706765355861,0.239712476730347
LightGBM,Enhanced,3,"{'colsample_bytree': 0.6, 'learning_rate': 0.05, 'max_depth': 3, 'min_child_samples': 100, 'n_estimators': 1000, 'num_leaves': 15, 'subsample': 0.8}",2.16160944545082,0.972737071295525,0.240318775177002
LightGBM,Enhanced,3,"{'colsample_bytree': 0.6, 'learning_rate': 0.05, 'max_depth': 3, 'min_child_samples': 100, 'n_estimators': 1000, 'num_leaves': 31, 'subsample': 0.6}",2.16160944435431,0.972737071323185,0.243227958679199
LightGBM,Enhanced,3,"{'colsample_bytree': 0.6, 'learning_rate': 0.05, 'max_depth': 3, 'min_child_samples': 100, 'n_estimators': 1000, 'num_leaves': 31, 'subsample': 0.8}",2.16197013866323,0.972727972173772,0.243568658828735
LightGBM,Enhanced,3,"{'colsample_bytree': 0.6, 'learning_rate': 0.05, 'max_depth': 3, 'min_child_samples': 100, 'n_estimators': 1000, 'num_leaves': 62, 'subsample': 0.6}",2.16151840529251,0.972739367703957,0.2502601146698
LightGBM,Enhanced,3,"{'colsample_bytree': 0.6, 'learning_rate': 0.05, 'max_depth': 3, 'min_child_samples': 100, 'n_estimators': 1000, 'num_leaves': 62, 'subsample': 0.8}",2.16153596415263,0.972738924804583,0.247734785079956
LightGBM,Enhanced,3,"{'colsample_bytree': 0.6, 'learning_rate': 0.05, 'max_depth': 5, 'min_child_samples': 50, 'n_estimators': 500, 'num_leaves': 15, 'subsample': 0.6}",2.09447793160665,0.974404145860025,0.260409832000732
LightGBM,Enhanced,3,"{'colsample_bytree': 0.6, 'learning_rate': 0.05, 'max_depth': 5, 'min_child_samples': 50, 'n_estimators': 500, 'num_leaves': 15, 'subsample': 0.8}",2.09434077493428,0.974407498034026,0.256678819656372
LightGBM,Enhanced,3,"{'colsample_bytree': 0.6, 'learning_rate': 0.05, 'max_depth': 5, 'min_child_samples': 50, 'n_estimators': 500, 'num_leaves': 31, 'subsample': 0.6}",2.10568060424583,0.974129606019138,0.243862628936768
LightGBM,Enhanced,3,"{'colsample_bytree': 0.6, 'learning_rate': 0.05, 'max_depth': 5, 'min_child_samples': 50, 'n_estimators': 500, 'num_leaves': 31, 'subsample': 0.8}",2.10547881885759,0.974134564052523,0.235764503479004
LightGBM,Enhanced,3,"{'colsample_bytree': 0.6, 'learning_rate': 0.05, 'max_depth': 5, 'min_child_samples': 50, 'n_estimators': 500, 'num_leaves': 62, 'subsample': 0.6}",2.1056806008716,0.97412960610205,0.255168199539185
LightGBM,Enhanced,3,"{'colsample_bytree': 0.6, 'learning_rate': 0.05, 'max_depth': 5, 'min_child_samples': 50, 'n_estimators': 500, 'num_leaves': 62, 'subsample': 0.8}",2.10568060103789,0.974129606097963,0.239049673080444
LightGBM,Enhanced,3,"{'colsample_bytree': 0.6, 'learning_rate': 0.05, 'max_depth': 5, 'min_child_samples': 50, 'n_estimators': 750, 'num_leaves': 15, 'subsample': 0.6}",2.09434076917401,0.974407498174805,0.246708154678345
LightGBM,Enhanced,3,"{'colsample_bytree': 0.6, 'learning_rate': 0.05, 'max_depth': 5, 'min_child_samples': 50, 'n_estimators': 750, 'num_leaves': 15, 'subsample': 0.8}",2.09460694583933,0.974400992490743,0.253162622451782
LightGBM,Enhanced,3,"{'colsample_bytree': 0.6, 'learning_rate': 0.05, 'max_depth': 5, 'min_child_samples': 50, 'n_estimators': 750, 'num_leaves': 31, 'subsample': 0.6}",2.10558629034871,0.974131923448504,0.247877836227417
LightGBM,Enhanced,3,"{'colsample_bytree': 0.6, 'learning_rate': 0.05, 'max_depth': 5, 'min_child_samples': 50, 'n_estimators': 750, 'num_leaves': 31, 'subsample': 0.8}",2.10568060860571,0.974129605912007,0.253345489501953
LightGBM,Enhanced,3,"{'colsample_bytree': 0.6, 'learning_rate': 0.05, 'max_depth': 5, 'min_child_samples': 50, 'n_estimators': 750, 'num_leaves': 62, 'subsample': 0.6}",2.10568060095163,0.974129606100083,0.246893405914307
LightGBM,Enhanced,3,"{'colsample_bytree': 0.6, 'learning_rate': 0.05, 'max_depth': 5, 'min_child_samples': 50, 'n_estimators': 750, 'num_leaves': 62, 'subsample': 0.8}",2.10558629312834,0.974131923380206,0.24841833114624
LightGBM,Enhanced,3,"{'colsample_bytree': 0.6, 'learning_rate': 0.05, 'max_depth': 5, 'min_child_samples': 50, 'n_estimators': 1000, 'num_leaves': 15, 'subsample': 0.6}",2.09496467908196,0.974392247749409,0.257861137390137
LightGBM,Enhanced,3,"{'colsample_bytree': 0.6, 'learning_rate': 0.05, 'max_depth': 5, 'min_child_samples': 50, 'n_estimators': 1000, 'num_leaves': 15, 'subsample': 0.8}",2.09434076990982,0.974407498156822,0.259344100952148
LightGBM,Enhanced,3,"{'colsample_bytree': 0.6, 'learning_rate': 0.05, 'max_depth': 5, 'min_child_samples': 50, 'n_estimators': 1000, 'num_leaves': 31, 'subsample': 0.6}",2.10568060096349,0.974129606099792,0.261879682540894
LightGBM,Enhanced,3,"{'colsample_bytree': 0.6, 'learning_rate': 0.05, 'max_depth': 5, 'min_child_samples': 50, 'n_estimators': 1000, 'num_leaves': 31, 'subsample': 0.8}",2.10558629125006,0.974131923426357,0.249408483505249
LightGBM,Enhanced,3,"{'colsample_bytree': 0.6, 'learning_rate': 0.05, 'max_depth': 5, 'min_child_samples': 50, 'n_estimators': 1000, 'num_leaves': 62, 'subsample': 0.6}",2.10568060016056,0.974129606119521,0.25252103805542
LightGBM,Enhanced,3,"{'colsample_bytree': 0.6, 'learning_rate': 0.05, 'max_depth': 5, 'min_child_samples': 50, 'n_estimators': 1000, 'num_leaves': 62, 'subsample': 0.8}",2.10568059601193,0.974129606221461,0.248088598251343
LightGBM,Enhanced,3,"{'colsample_bytree': 0.6, 'learning_rate': 0.05, 'max_depth': 5, 'min_child_samples': 100, 'n_estimators': 500, 'num_leaves': 15, 'subsample': 0.6}",2.13257196816389,0.973464612039797,0.337875843048096
LightGBM,Enhanced,3,"{'colsample_bytree': 0.6, 'learning_rate': 0.05, 'max_depth': 5, 'min_child_samples': 100, 'n_estimators': 500, 'num_leaves': 15, 'subsample': 0.8}",2.13291436528854,0.973456090526758,0.327000856399536
LightGBM,Enhanced,3,"{'colsample_bytree': 0.6, 'learning_rate': 0.05, 'max_depth': 5, 'min_child_samples': 100, 'n_estimators': 500, 'num_leaves': 31, 'subsample': 0.6}",2.14488586063503,0.973157286153695,0.32521653175354
LightGBM,Enhanced,3,"{'colsample_bytree': 0.6, 'learning_rate': 0.05, 'max_depth': 5, 'min_child_samples': 100, 'n_estimators': 500, 'num_leaves': 31, 'subsample': 0.8}",2.14486820997435,0.973157727939147,0.317285299301147
LightGBM,Enhanced,3,"{'colsample_bytree': 0.6, 'learning_rate': 0.05, 'max_depth': 5, 'min_child_samples': 100, 'n_estimators': 500, 'num_leaves': 62, 'subsample': 0.6}",2.14547134806229,0.973142629694105,0.317221879959106
LightGBM,Enhanced,3,"{'colsample_bytree': 0.6, 'learning_rate': 0.05, 'max_depth': 5, 'min_child_samples': 100, 'n_estimators': 500, 'num_leaves': 62, 'subsample': 0.8}",2.14602071295909,0.973128873849281,0.332619190216064
LightGBM,Enhanced,3,"{'colsample_bytree': 0.6, 'learning_rate': 0.05, 'max_depth': 5, 'min_child_samples': 100, 'n_estimators': 750, 'num_leaves': 15, 'subsample': 0.6}",2.11204145208119,0.973973071179631,0.374340534210205
LightGBM,Enhanced,3,"{'colsample_bytree': 0.6, 'learning_rate': 0.05, 'max_depth': 5, 'min_child_samples': 100, 'n_estimators': 750, 'num_leaves': 15, 'subsample': 0.8}",2.1127429469937,0.973955779104033,0.361900806427002
LightGBM,Enhanced,3,"{'colsample_bytree': 0.6, 'learning_rate': 0.05, 'max_depth': 5, 'min_child_samples': 100, 'n_estimators': 750, 'num_leaves': 31, 'subsample': 0.6}",2.12307631481376,0.973700392943783,0.37834906578064
LightGBM,Enhanced,3,"{'colsample_bytree': 0.6, 'learning_rate': 0.05, 'max_depth': 5, 'min_child_samples': 100, 'n_estimators': 750, 'num_leaves': 31, 'subsample': 0.8}",2.12321234964399,0.973697022572992,0.378586769104004
LightGBM,Enhanced,3,"{'colsample_bytree': 0.6, 'learning_rate': 0.05, 'max_depth': 5, 'min_child_samples': 100, 'n_estimators': 750, 'num_leaves': 62, 'subsample': 0.6}",2.12393917154285,0.973679011324908,0.376631259918213
LightGBM,Enhanced,3,"{'colsample_bytree': 0.6, 'learning_rate': 0.05, 'max_depth': 5, 'min_child_samples': 100, 'n_estimators': 750, 'num_leaves': 62, 'subsample': 0.8}",2.12391671328291,0.973679567951471,0.372963905334473
LightGBM,Enhanced,3,"{'colsample_bytree': 0.6, 'learning_rate': 0.05, 'max_depth': 5, 'min_child_samples': 100, 'n_estimators': 1000, 'num_leaves': 15, 'subsample': 0.6}",2.11303588611366,0.973948556360651,0.383237838745117
LightGBM,Enhanced,3,"{'colsample_bytree': 0.6, 'learning_rate': 0.05, 'max_depth': 5, 'min_child_samples': 100, 'n_estimators': 1000, 'num_leaves': 15, 'subsample': 0.8}",2.11276815744228,0.973955157551458,0.369387149810791
LightGBM,Enhanced,3,"{'colsample_bytree': 0.6, 'learning_rate': 0.05, 'max_depth': 5, 'min_child_samples': 100, 'n_estimators': 1000, 'num_leaves': 31, 'subsample': 0.6}",2.12390924983966,0.97367975293114,0.380508184432983
LightGBM,Enhanced,3,"{'colsample_bytree': 0.6, 'learning_rate': 0.05, 'max_depth': 5, 'min_child_samples': 100, 'n_estimators': 1000, 'num_leaves': 31, 'subsample': 0.8}",2.12367133983149,0.973685649133612,0.371639490127564
LightGBM,Enhanced,3,"{'colsample_bytree': 0.6, 'learning_rate': 0.05, 'max_depth': 5, 'min_child_samples': 100, 'n_estimators': 1000, 'num_leaves': 62, 'subsample': 0.6}",2.12340641846602,0.973692213990247,0.38109278678894
LightGBM,Enhanced,3,"{'colsample_bytree': 0.6, 'learning_rate': 0.05, 'max_depth': 5, 'min_child_samples': 100, 'n_estimators': 1000, 'num_leaves': 62, 'subsample': 0.8}",2.12340352385859,0.973692285715246,0.380992889404297
LightGBM,Enhanced,3,"{'colsample_bytree': 0.6, 'learning_rate': 0.05, 'max_depth': 9, 'min_child_samples': 50, 'n_estimators': 500, 'num_leaves': 15, 'subsample': 0.6}",2.08430561541713,0.974652166472822,0.318197011947632
LightGBM,Enhanced,3,"{'colsample_bytree': 0.6, 'learning_rate': 0.05, 'max_depth': 9, 'min_child_samples': 50, 'n_estimators': 500, 'num_leaves': 15, 'subsample': 0.8}",2.08418371396954,0.974655131342483,0.310784578323364
LightGBM,Enhanced,3,"{'colsample_bytree': 0.6, 'learning_rate': 0.05, 'max_depth': 9, 'min_child_samples': 50, 'n_estimators': 500, 'num_leaves': 31, 'subsample': 0.6}",2.10393789053839,0.974172410263533,0.368194341659546
LightGBM,Enhanced,3,"{'colsample_bytree': 0.6, 'learning_rate': 0.05, 'max_depth': 9, 'min_child_samples': 50, 'n_estimators': 500, 'num_leaves': 31, 'subsample': 0.8}",2.10393788406515,0.974172410422462,0.372048139572144
LightGBM,Enhanced,3,"{'colsample_bytree': 0.6, 'learning_rate': 0.05, 'max_depth': 9, 'min_child_samples': 50, 'n_estimators': 500, 'num_leaves': 62, 'subsample': 0.6}",2.10198250181334,0.97422039600436,0.393524885177612
LightGBM,Enhanced,3,"{'colsample_bytree': 0.6, 'learning_rate': 0.05, 'max_depth': 9, 'min_child_samples': 50, 'n_estimators': 500, 'num_leaves': 62, 'subsample': 0.8}",2.10198250094586,0.974220396025639,0.389566421508789
LightGBM,Enhanced,3,"{'colsample_bytree': 0.6, 'learning_rate': 0.05, 'max_depth': 9, 'min_child_samples': 50, 'n_estimators': 750, 'num_leaves': 15, 'subsample': 0.6}",2.0846285983274,0.974644310090052,0.30027961730957
LightGBM,Enhanced,3,"{'colsample_bytree': 0.6, 'learning_rate': 0.05, 'max_depth': 9, 'min_child_samples': 50, 'n_estimators': 750, 'num_leaves': 15, 'subsample': 0.8}",2.0844201234379,0.974649381267086,0.317187309265137
LightGBM,Enhanced,3,"{'colsample_bytree': 0.6, 'learning_rate': 0.05, 'max_depth': 9, 'min_child_samples': 50, 'n_estimators': 750, 'num_leaves': 31, 'subsample': 0.6}",2.10384293181137,0.97417474160583,0.366526365280151
LightGBM,Enhanced,3,"{'colsample_bytree': 0.6, 'learning_rate': 0.05, 'max_depth': 9, 'min_child_samples': 50, 'n_estimators': 750, 'num_leaves': 31, 'subsample': 0.8}",2.1039287804164,0.974172633931717,0.372432947158814
LightGBM,Enhanced,3,"{'colsample_bytree': 0.6, 'learning_rate': 0.05, 'max_depth': 9, 'min_child_samples': 50, 'n_estimators': 750, 'num_leaves': 62, 'subsample': 0.6}",2.10183110434652,0.97422410947598,0.400978088378906
LightGBM,Enhanced,3,"{'colsample_bytree': 0.6, 'learning_rate': 0.05, 'max_depth': 9, 'min_child_samples': 50, 'n_estimators': 750, 'num_leaves': 62, 'subsample': 0.8}",2.10171081236818,0.974227059802608,0.377593755722046
LightGBM,Enhanced,3,"{'colsample_bytree': 0.6, 'learning_rate': 0.05, 'max_depth': 9, 'min_child_samples': 50, 'n_estimators': 1000, 'num_leaves': 15, 'subsample': 0.6}",2.08406552191557,0.974658005827229,0.31853199005127
LightGBM,Enhanced,3,"{'colsample_bytree': 0.6, 'learning_rate': 0.05, 'max_depth': 9, 'min_child_samples': 50, 'n_estimators': 1000, 'num_leaves': 15, 'subsample': 0.8}",2.08442213522451,0.974649332332555,0.306641578674316
LightGBM,Enhanced,3,"{'colsample_bytree': 0.6, 'learning_rate': 0.05, 'max_depth': 9, 'min_child_samples': 50, 'n_estimators': 1000, 'num_leaves': 31, 'subsample': 0.6}",2.10394234607477,0.974172300872578,0.369138479232788
LightGBM,Enhanced,3,"{'colsample_bytree': 0.6, 'learning_rate': 0.05, 'max_depth': 9, 'min_child_samples': 50, 'n_estimators': 1000, 'num_leaves': 31, 'subsample': 0.8}",2.1040192888561,0.9741704117606,0.372963666915894
LightGBM,Enhanced,3,"{'colsample_bytree': 0.6, 'learning_rate': 0.05, 'max_depth': 9, 'min_child_samples': 50, 'n_estimators': 1000, 'num_leaves': 62, 'subsample': 0.6}",2.10195954275969,0.974220959160408,0.392912864685059
LightGBM,Enhanced,3,"{'colsample_bytree': 0.6, 'learning_rate': 0.05, 'max_depth': 9, 'min_child_samples': 50, 'n_estimators': 1000, 'num_leaves': 62, 'subsample': 0.8}",2.10183242623389,0.974224077053932,0.402664422988892
LightGBM,Enhanced,3,"{'colsample_bytree': 0.6, 'learning_rate': 0.05, 'max_depth': 9, 'min_child_samples': 100, 'n_estimators': 500, 'num_leaves': 15, 'subsample': 0.6}",2.12128084186704,0.973744856975259,0.504667520523071
LightGBM,Enhanced,3,"{'colsample_bytree': 0.6, 'learning_rate': 0.05, 'max_depth': 9, 'min_child_samples': 100, 'n_estimators': 500, 'num_leaves': 15, 'subsample': 0.8}",2.12164082673157,0.973735945136824,0.493775367736816
LightGBM,Enhanced,3,"{'colsample_bytree': 0.6, 'learning_rate': 0.05, 'max_depth': 9, 'min_child_samples': 100, 'n_estimators': 500, 'num_leaves': 31, 'subsample': 0.6}",2.10954972363322,0.974034446664061,0.541520118713379
LightGBM,Enhanced,3,"{'colsample_bytree': 0.6, 'learning_rate': 0.05, 'max_depth': 9, 'min_child_samples': 100, 'n_estimators': 500, 'num_leaves': 31, 'subsample': 0.8}",2.11109633736679,0.97399635948168,0.532798528671265
LightGBM,Enhanced,3,"{'colsample_bytree': 0.6, 'learning_rate': 0.05, 'max_depth': 9, 'min_child_samples': 100, 'n_estimators': 500, 'num_leaves': 62, 'subsample': 0.6}",2.11093014933321,0.974000453396023,0.530161857604981
LightGBM,Enhanced,3,"{'colsample_bytree': 0.6, 'learning_rate': 0.05, 'max_depth': 9, 'min_child_samples': 100, 'n_estimators': 500, 'num_leaves': 62, 'subsample': 0.8}",2.10994410892442,0.974024737113785,0.547594308853149
LightGBM,Enhanced,3,"{'colsample_bytree': 0.6, 'learning_rate': 0.05, 'max_depth': 9, 'min_child_samples': 100, 'n_estimators': 750, 'num_leaves': 15, 'subsample': 0.6}",2.12040342104725,0.973766572199692,0.509201288223267
LightGBM,Enhanced,3,"{'colsample_bytree': 0.6, 'learning_rate': 0.05, 'max_depth': 9, 'min_child_samples': 100, 'n_estimators': 750, 'num_leaves': 15, 'subsample': 0.8}",2.12130192560769,0.973744335064754,0.523632287979126
LightGBM,Enhanced,3,"{'colsample_bytree': 0.6, 'learning_rate': 0.05, 'max_depth': 9, 'min_child_samples': 100, 'n_estimators': 750, 'num_leaves': 31, 'subsample': 0.6}",2.09333662031694,0.974432033361355,0.744263410568237
LightGBM,Enhanced,3,"{'colsample_bytree': 0.6, 'learning_rate': 0.05, 'max_depth': 9, 'min_child_samples': 100, 'n_estimators': 750, 'num_leaves': 31, 'subsample': 0.8}",2.09381093821102,0.974420445432391,0.74422812461853
LightGBM,Enhanced,3,"{'colsample_bytree': 0.6, 'learning_rate': 0.05, 'max_depth': 9, 'min_child_samples': 100, 'n_estimators': 750, 'num_leaves': 62, 'subsample': 0.6}",2.09335946996167,0.97443147518821,0.723078012466431
LightGBM,Enhanced,3,"{'colsample_bytree': 0.6, 'learning_rate': 0.05, 'max_depth': 9, 'min_child_samples': 100, 'n_estimators': 750, 'num_leaves': 62, 'subsample': 0.8}",2.09406076174659,0.974414341007318,0.733797311782837
LightGBM,Enhanced,3,"{'colsample_bytree': 0.6, 'learning_rate': 0.05, 'max_depth': 9, 'min_child_samples': 100, 'n_estimators': 1000, 'num_leaves': 15, 'subsample': 0.6}",2.12089239299459,0.973754471776564,0.502328634262085
LightGBM,Enhanced,3,"{'colsample_bytree': 0.6, 'learning_rate': 0.05, 'max_depth': 9, 'min_child_samples': 100, 'n_estimators': 1000, 'num_leaves': 15, 'subsample': 0.8}",2.12162926647449,0.973736231347756,0.503517150878906
LightGBM,Enhanced,3,"{'colsample_bytree': 0.6, 'learning_rate': 0.05, 'max_depth': 9, 'min_child_samples': 100, 'n_estimators': 1000, 'num_leaves': 31, 'subsample': 0.6}",2.08822141447308,0.9745568347141,0.821043252944946
LightGBM,Enhanced,3,"{'colsample_bytree': 0.6, 'learning_rate': 0.05, 'max_depth': 9, 'min_child_samples': 100, 'n_estimators': 1000, 'num_leaves': 31, 'subsample': 0.8}",2.08685530324547,0.974590113583997,0.799089670181274
LightGBM,Enhanced,3,"{'colsample_bytree': 0.6, 'learning_rate': 0.05, 'max_depth': 9, 'min_child_samples': 100, 'n_estimators': 1000, 'num_leaves': 62, 'subsample': 0.6}",2.08689261930358,0.9745892048432,0.806143999099731
LightGBM,Enhanced,3,"{'colsample_bytree': 0.6, 'learning_rate': 0.05, 'max_depth': 9, 'min_child_samples': 100, 'n_estimators': 1000, 'num_leaves': 62, 'subsample': 0.8}",2.08745395164523,0.974575533014216,0.81740140914917
LightGBM,Enhanced,3,"{'colsample_bytree': 0.8, 'learning_rate': 0.01, 'max_depth': 3, 'min_child_samples': 50, 'n_estimators': 500, 'num_leaves': 15, 'subsample': 0.6}",2.21170343198647,0.971458826030356,0.272536993026733
LightGBM,Enhanced,3,"{'colsample_bytree': 0.8, 'learning_rate': 0.01, 'max_depth': 3, 'min_child_samples': 50, 'n_estimators': 500, 'num_leaves': 15, 'subsample': 0.8}",2.21170343027935,0.971458826074416,0.273211479187012
LightGBM,Enhanced,3,"{'colsample_bytree': 0.8, 'learning_rate': 0.01, 'max_depth': 3, 'min_child_samples': 50, 'n_estimators': 500, 'num_leaves': 31, 'subsample': 0.6}",2.21170343122238,0.971458826050077,0.274408578872681
LightGBM,Enhanced,3,"{'colsample_bytree': 0.8, 'learning_rate': 0.01, 'max_depth': 3, 'min_child_samples': 50, 'n_estimators': 500, 'num_leaves': 31, 'subsample': 0.8}",2.21170343067945,0.97145882606409,0.273381233215332
LightGBM,Enhanced,3,"{'colsample_bytree': 0.8, 'learning_rate': 0.01, 'max_depth': 3, 'min_child_samples': 50, 'n_estimators': 500, 'num_leaves': 62, 'subsample': 0.6}",2.21181872229371,0.971455850399509,0.271236896514893
LightGBM,Enhanced,3,"{'colsample_bytree': 0.8, 'learning_rate': 0.01, 'max_depth': 3, 'min_child_samples': 50, 'n_estimators': 500, 'num_leaves': 62, 'subsample': 0.8}",2.21170343291363,0.971458826006427,0.268316030502319
LightGBM,Enhanced,3,"{'colsample_bytree': 0.8, 'learning_rate': 0.01, 'max_depth': 3, 'min_child_samples': 50, 'n_estimators': 750, 'num_leaves': 15, 'subsample': 0.6}",2.11418823851116,0.973920134098998,0.335694313049316
LightGBM,Enhanced,3,"{'colsample_bytree': 0.8, 'learning_rate': 0.01, 'max_depth': 3, 'min_child_samples': 50, 'n_estimators': 750, 'num_leaves': 15, 'subsample': 0.8}",2.11446583195053,0.973913285063682,0.350152015686035
LightGBM,Enhanced,3,"{'colsample_bytree': 0.8, 'learning_rate': 0.01, 'max_depth': 3, 'min_child_samples': 50, 'n_estimators': 750, 'num_leaves': 31, 'subsample': 0.6}",2.11435138276842,0.973916108965911,0.367347002029419
LightGBM,Enhanced,3,"{'colsample_bytree': 0.8, 'learning_rate': 0.01, 'max_depth': 3, 'min_child_samples': 50, 'n_estimators': 750, 'num_leaves': 31, 'subsample': 0.8}",2.1143508263032,0.973916122695679,0.34497332572937
LightGBM,Enhanced,3,"{'colsample_bytree': 0.8, 'learning_rate': 0.01, 'max_depth': 3, 'min_child_samples': 50, 'n_estimators': 750, 'num_leaves': 62, 'subsample': 0.6}",2.11418824069499,0.97392013404512,0.34014630317688
LightGBM,Enhanced,3,"{'colsample_bytree': 0.8, 'learning_rate': 0.01, 'max_depth': 3, 'min_child_samples': 50, 'n_estimators': 750, 'num_leaves': 62, 'subsample': 0.8}",2.1143052689819,0.973917246727473,0.340691089630127
LightGBM,Enhanced,3,"{'colsample_bytree': 0.8, 'learning_rate': 0.01, 'max_depth': 3, 'min_child_samples': 50, 'n_estimators': 1000, 'num_leaves': 15, 'subsample': 0.6}",2.08260039333997,0.974693624888358,0.414525508880615
LightGBM,Enhanced,3,"{'colsample_bytree': 0.8, 'learning_rate': 0.01, 'max_depth': 3, 'min_child_samples': 50, 'n_estimators': 1000, 'num_leaves': 15, 'subsample': 0.8}",2.08276971300853,0.974689509801043,0.408409357070923
LightGBM,Enhanced,3,"{'colsample_bytree': 0.8, 'learning_rate': 0.01, 'max_depth': 3, 'min_child_samples': 50, 'n_estimators': 1000, 'num_leaves': 31, 'subsample': 0.6}",2.08263150623062,0.974692868756394,0.409170866012573
LightGBM,Enhanced,3,"{'colsample_bytree': 0.8, 'learning_rate': 0.01, 'max_depth': 3, 'min_child_samples': 50, 'n_estimators': 1000, 'num_leaves': 31, 'subsample': 0.8}",2.08277812090237,0.974689305449748,0.41794490814209
LightGBM,Enhanced,3,"{'colsample_bytree': 0.8, 'learning_rate': 0.01, 'max_depth': 3, 'min_child_samples': 50, 'n_estimators': 1000, 'num_leaves': 62, 'subsample': 0.6}",2.08244932434749,0.97469729613508,0.429212331771851
LightGBM,Enhanced,3,"{'colsample_bytree': 0.8, 'learning_rate': 0.01, 'max_depth': 3, 'min_child_samples': 50, 'n_estimators': 1000, 'num_leaves': 62, 'subsample': 0.8}",2.08256292509479,0.974694535458568,0.450939655303955
LightGBM,Enhanced,3,"{'colsample_bytree': 0.8, 'learning_rate': 0.01, 'max_depth': 3, 'min_child_samples': 100, 'n_estimators': 500, 'num_leaves': 15, 'subsample': 0.6}",2.51926147873641,0.96296907664717,0.284145832061768
LightGBM,Enhanced,3,"{'colsample_bytree': 0.8, 'learning_rate': 0.01, 'max_depth': 3, 'min_child_samples': 100, 'n_estimators': 500, 'num_leaves': 15, 'subsample': 0.8}",2.519261480965,0.962969076581653,0.275124311447144
LightGBM,Enhanced,3,"{'colsample_bytree': 0.8, 'learning_rate': 0.01, 'max_depth': 3, 'min_child_samples': 100, 'n_estimators': 500, 'num_leaves': 31, 'subsample': 0.6}",2.51924420074955,0.962969584587786,0.254712104797363
LightGBM,Enhanced,3,"{'colsample_bytree': 0.8, 'learning_rate': 0.01, 'max_depth': 3, 'min_child_samples': 100, 'n_estimators': 500, 'num_leaves': 31, 'subsample': 0.8}",2.51924559770525,0.962969543520021,0.250658512115479
LightGBM,Enhanced,3,"{'colsample_bytree': 0.8, 'learning_rate': 0.01, 'max_depth': 3, 'min_child_samples': 100, 'n_estimators': 500, 'num_leaves': 62, 'subsample': 0.6}",2.51924559759398,0.962969543523292,0.255224704742432
LightGBM,Enhanced,3,"{'colsample_bytree': 0.8, 'learning_rate': 0.01, 'max_depth': 3, 'min_child_samples': 100, 'n_estimators': 500, 'num_leaves': 62, 'subsample': 0.8}",2.51926147940786,0.962969076627431,0.251984596252441
LightGBM,Enhanced,3,"{'colsample_bytree': 0.8, 'learning_rate': 0.01, 'max_depth': 3, 'min_child_samples': 100, 'n_estimators': 750, 'num_leaves': 15, 'subsample': 0.6}",2.37403837065111,0.967115327801938,0.337654829025269
LightGBM,Enhanced,3,"{'colsample_bytree': 0.8, 'learning_rate': 0.01, 'max_depth': 3, 'min_child_samples': 100, 'n_estimators': 750, 'num_leaves': 15, 'subsample': 0.8}",2.3738430684364,0.967120738148473,0.330595016479492
LightGBM,Enhanced,3,"{'colsample_bytree': 0.8, 'learning_rate': 0.01, 'max_depth': 3, 'min_child_samples': 100, 'n_estimators': 750, 'num_leaves': 31, 'subsample': 0.6}",2.37368778378238,0.967125039593565,0.326831340789795
LightGBM,Enhanced,3,"{'colsample_bytree': 0.8, 'learning_rate': 0.01, 'max_depth': 3, 'min_child_samples': 100, 'n_estimators': 750, 'num_leaves': 31, 'subsample': 0.8}",2.37405564083973,0.967114849354273,0.327489614486694
LightGBM,Enhanced,3,"{'colsample_bytree': 0.8, 'learning_rate': 0.01, 'max_depth': 3, 'min_child_samples': 100, 'n_estimators': 750, 'num_leaves': 62, 'subsample': 0.6}",2.37371913224236,0.967124171251745,0.337924003601074
LightGBM,Enhanced,3,"{'colsample_bytree': 0.8, 'learning_rate': 0.01, 'max_depth': 3, 'min_child_samples': 100, 'n_estimators': 750, 'num_leaves': 62, 'subsample': 0.8}",2.37383348308639,0.967121003674531,0.327806711196899
LightGBM,Enhanced,3,"{'colsample_bytree': 0.8, 'learning_rate': 0.01, 'max_depth': 3, 'min_child_samples': 100, 'n_estimators': 1000, 'num_leaves': 15, 'subsample': 0.6}",2.30120894165202,0.969102015228805,0.404510498046875
LightGBM,Enhanced,3,"{'colsample_bytree': 0.8, 'learning_rate': 0.01, 'max_depth': 3, 'min_child_samples': 100, 'n_estimators': 1000, 'num_leaves': 15, 'subsample': 0.8}",2.30092668003887,0.969109594532012,0.397969484329224
LightGBM,Enhanced,3,"{'colsample_bytree': 0.8, 'learning_rate': 0.01, 'max_depth': 3, 'min_child_samples': 100, 'n_estimators': 1000, 'num_leaves': 31, 'subsample': 0.6}",2.3010126695941,0.969107285634571,0.399011373519897
LightGBM,Enhanced,3,"{'colsample_bytree': 0.8, 'learning_rate': 0.01, 'max_depth': 3, 'min_child_samples': 100, 'n_estimators': 1000, 'num_leaves': 31, 'subsample': 0.8}",2.30169020790833,0.969089090098771,0.397299528121948
LightGBM,Enhanced,3,"{'colsample_bytree': 0.8, 'learning_rate': 0.01, 'max_depth': 3, 'min_child_samples': 100, 'n_estimators': 1000, 'num_leaves': 62, 'subsample': 0.6}",2.3017569658161,0.969087297001168,0.399277448654175
LightGBM,Enhanced,3,"{'colsample_bytree': 0.8, 'learning_rate': 0.01, 'max_depth': 3, 'min_child_samples': 100, 'n_estimators': 1000, 'num_leaves': 62, 'subsample': 0.8}",2.30168257660541,0.969089295069992,0.414783239364624
LightGBM,Enhanced,3,"{'colsample_bytree': 0.8, 'learning_rate': 0.01, 'max_depth': 5, 'min_child_samples': 50, 'n_estimators': 500, 'num_leaves': 15, 'subsample': 0.6}",2.27112094168534,0.969904707211426,0.394592761993408
LightGBM,Enhanced,3,"{'colsample_bytree': 0.8, 'learning_rate': 0.01, 'max_depth': 5, 'min_child_samples': 50, 'n_estimators': 500, 'num_leaves': 15, 'subsample': 0.8}",2.27094830642106,0.969909282319044,0.435322761535645
LightGBM,Enhanced,3,"{'colsample_bytree': 0.8, 'learning_rate': 0.01, 'max_depth': 5, 'min_child_samples': 50, 'n_estimators': 500, 'num_leaves': 31, 'subsample': 0.6}",2.27475596887501,0.969808292482438,0.451830148696899
LightGBM,Enhanced,3,"{'colsample_bytree': 0.8, 'learning_rate': 0.01, 'max_depth': 5, 'min_child_samples': 50, 'n_estimators': 500, 'num_leaves': 31, 'subsample': 0.8}",2.2752091556801,0.969796261436823,0.4029541015625
LightGBM,Enhanced,3,"{'colsample_bytree': 0.8, 'learning_rate': 0.01, 'max_depth': 5, 'min_child_samples': 50, 'n_estimators': 500, 'num_leaves': 62, 'subsample': 0.6}",2.27493656251733,0.969803498432493,0.414391756057739
LightGBM,Enhanced,3,"{'colsample_bytree': 0.8, 'learning_rate': 0.01, 'max_depth': 5, 'min_child_samples': 50, 'n_estimators': 500, 'num_leaves': 62, 'subsample': 0.8}",2.2751918475645,0.969796720970672,0.40487551689148
LightGBM,Enhanced,3,"{'colsample_bytree': 0.8, 'learning_rate': 0.01, 'max_depth': 5, 'min_child_samples': 50, 'n_estimators': 750, 'num_leaves': 15, 'subsample': 0.6}",2.24180801992857,0.97067656209291,0.500195503234863
LightGBM,Enhanced,3,"{'colsample_bytree': 0.8, 'learning_rate': 0.01, 'max_depth': 5, 'min_child_samples': 50, 'n_estimators': 750, 'num_leaves': 15, 'subsample': 0.8}",2.24181719548757,0.970676322054974,0.528974771499634
LightGBM,Enhanced,3,"{'colsample_bytree': 0.8, 'learning_rate': 0.01, 'max_depth': 5, 'min_child_samples': 50, 'n_estimators': 750, 'num_leaves': 31, 'subsample': 0.6}",2.24463959828375,0.970602439733601,0.518328905105591
LightGBM,Enhanced,3,"{'colsample_bytree': 0.8, 'learning_rate': 0.01, 'max_depth': 5, 'min_child_samples': 50, 'n_estimators': 750, 'num_leaves': 31, 'subsample': 0.8}",2.24439956467944,0.970608726734027,0.502501726150513
LightGBM,Enhanced,3,"{'colsample_bytree': 0.8, 'learning_rate': 0.01, 'max_depth': 5, 'min_child_samples': 50, 'n_estimators': 750, 'num_leaves': 62, 'subsample': 0.6}",2.24421645308125,0.970613522371633,0.507690191268921
LightGBM,Enhanced,3,"{'colsample_bytree': 0.8, 'learning_rate': 0.01, 'max_depth': 5, 'min_child_samples': 50, 'n_estimators': 750, 'num_leaves': 62, 'subsample': 0.8}",2.24397599757375,0.970619819234694,0.508757591247559
LightGBM,Enhanced,3,"{'colsample_bytree': 0.8, 'learning_rate': 0.01, 'max_depth': 5, 'min_child_samples': 50, 'n_estimators': 1000, 'num_leaves': 15, 'subsample': 0.6}",2.21580264428243,0.97135293050099,0.601210355758667
LightGBM,Enhanced,3,"{'colsample_bytree': 0.8, 'learning_rate': 0.01, 'max_depth': 5, 'min_child_samples': 50, 'n_estimators': 1000, 'num_leaves': 15, 'subsample': 0.8}",2.21526910247773,0.971366724661799,0.584396839141846
LightGBM,Enhanced,3,"{'colsample_bytree': 0.8, 'learning_rate': 0.01, 'max_depth': 5, 'min_child_samples': 50, 'n_estimators': 1000, 'num_leaves': 31, 'subsample': 0.6}",2.22101718087174,0.97121793926897,0.610649108886719
LightGBM,Enhanced,3,"{'colsample_bytree': 0.8, 'learning_rate': 0.01, 'max_depth': 5, 'min_child_samples': 50, 'n_estimators': 1000, 'num_leaves': 31, 'subsample': 0.8}",2.22060974990769,0.971228498059112,0.60127067565918
LightGBM,Enhanced,3,"{'colsample_bytree': 0.8, 'learning_rate': 0.01, 'max_depth': 5, 'min_child_samples': 50, 'n_estimators': 1000, 'num_leaves': 62, 'subsample': 0.6}",2.22084291346672,0.971222455738542,0.608795642852783
LightGBM,Enhanced,3,"{'colsample_bytree': 0.8, 'learning_rate': 0.01, 'max_depth': 5, 'min_child_samples': 50, 'n_estimators': 1000, 'num_leaves': 62, 'subsample': 0.8}",2.22101718256833,0.971217939224997,0.628396272659302
LightGBM,Enhanced,3,"{'colsample_bytree': 0.8, 'learning_rate': 0.01, 'max_depth': 5, 'min_child_samples': 100, 'n_estimators': 500, 'num_leaves': 15, 'subsample': 0.6}",2.50849797470572,0.963284828725698,0.351936340332031
LightGBM,Enhanced,3,"{'colsample_bytree': 0.8, 'learning_rate': 0.01, 'max_depth': 5, 'min_child_samples': 100, 'n_estimators': 500, 'num_leaves': 15, 'subsample': 0.8}",2.50849797529606,0.963284828708417,0.352150678634644
LightGBM,Enhanced,3,"{'colsample_bytree': 0.8, 'learning_rate': 0.01, 'max_depth': 5, 'min_child_samples': 100, 'n_estimators': 500, 'num_leaves': 31, 'subsample': 0.6}",2.50823870624575,0.963292417804168,0.36711573600769
LightGBM,Enhanced,3,"{'colsample_bytree': 0.8, 'learning_rate': 0.01, 'max_depth': 5, 'min_child_samples': 100, 'n_estimators': 500, 'num_leaves': 31, 'subsample': 0.8}",2.50823870498273,0.963292417841136,0.360457420349121
LightGBM,Enhanced,3,"{'colsample_bytree': 0.8, 'learning_rate': 0.01, 'max_depth': 5, 'min_child_samples': 100, 'n_estimators': 500, 'num_leaves': 62, 'subsample': 0.6}",2.50823870719439,0.963292417776402,0.356992959976196
LightGBM,Enhanced,3,"{'colsample_bytree': 0.8, 'learning_rate': 0.01, 'max_depth': 5, 'min_child_samples': 100, 'n_estimators': 500, 'num_leaves': 62, 'subsample': 0.8}",2.50823870746005,0.963292417768626,0.359006404876709
LightGBM,Enhanced,3,"{'colsample_bytree': 0.8, 'learning_rate': 0.01, 'max_depth': 5, 'min_child_samples': 100, 'n_estimators': 750, 'num_leaves': 15, 'subsample': 0.6}",2.37214154386433,0.96716785568762,0.464444398880005
LightGBM,Enhanced,3,"{'colsample_bytree': 0.8, 'learning_rate': 0.01, 'max_depth': 5, 'min_child_samples': 100, 'n_estimators': 750, 'num_leaves': 15, 'subsample': 0.8}",2.37255830891187,0.967156318018429,0.464048862457275
LightGBM,Enhanced,3,"{'colsample_bytree': 0.8, 'learning_rate': 0.01, 'max_depth': 5, 'min_child_samples': 100, 'n_estimators': 750, 'num_leaves': 31, 'subsample': 0.6}",2.37083181329383,0.967204100904157,0.455402135848999
LightGBM,Enhanced,3,"{'colsample_bytree': 0.8, 'learning_rate': 0.01, 'max_depth': 5, 'min_child_samples': 100, 'n_estimators': 750, 'num_leaves': 31, 'subsample': 0.8}",2.37081266667156,0.96720463061542,0.464616775512695
LightGBM,Enhanced,3,"{'colsample_bytree': 0.8, 'learning_rate': 0.01, 'max_depth': 5, 'min_child_samples': 100, 'n_estimators': 750, 'num_leaves': 62, 'subsample': 0.6}",2.37118917034033,0.967194213463941,0.452036380767822
LightGBM,Enhanced,3,"{'colsample_bytree': 0.8, 'learning_rate': 0.01, 'max_depth': 5, 'min_child_samples': 100, 'n_estimators': 750, 'num_leaves': 62, 'subsample': 0.8}",2.3711078644807,0.967196463184865,0.466474771499634
LightGBM,Enhanced,3,"{'colsample_bytree': 0.8, 'learning_rate': 0.01, 'max_depth': 5, 'min_child_samples': 100, 'n_estimators': 1000, 'num_leaves': 15, 'subsample': 0.6}",2.30997305073074,0.968866218331412,0.555782079696655
LightGBM,Enhanced,3,"{'colsample_bytree': 0.8, 'learning_rate': 0.01, 'max_depth': 5, 'min_child_samples': 100, 'n_estimators': 1000, 'num_leaves': 15, 'subsample': 0.8}",2.31049834371173,0.968852056939801,0.573606491088867
LightGBM,Enhanced,3,"{'colsample_bytree': 0.8, 'learning_rate': 0.01, 'max_depth': 5, 'min_child_samples': 100, 'n_estimators': 1000, 'num_leaves': 31, 'subsample': 0.6}",2.31098737923492,0.96883887011999,0.557024717330933
LightGBM,Enhanced,3,"{'colsample_bytree': 0.8, 'learning_rate': 0.01, 'max_depth': 5, 'min_child_samples': 100, 'n_estimators': 1000, 'num_leaves': 31, 'subsample': 0.8}",2.31062453602573,0.968848654437167,0.57034707069397
LightGBM,Enhanced,3,"{'colsample_bytree': 0.8, 'learning_rate': 0.01, 'max_depth': 5, 'min_child_samples': 100, 'n_estimators': 1000, 'num_leaves': 62, 'subsample': 0.6}",2.31102203450306,0.968837935536428,0.545376539230347
LightGBM,Enhanced,3,"{'colsample_bytree': 0.8, 'learning_rate': 0.01, 'max_depth': 5, 'min_child_samples': 100, 'n_estimators': 1000, 'num_leaves': 62, 'subsample': 0.8}",2.3107414923437,0.968845500797251,0.574286222457886
LightGBM,Enhanced,3,"{'colsample_bytree': 0.8, 'learning_rate': 0.01, 'max_depth': 9, 'min_child_samples': 50, 'n_estimators': 500, 'num_leaves': 15, 'subsample': 0.6}",2.26398368267072,0.970093565833838,0.521008968353272
LightGBM,Enhanced,3,"{'colsample_bytree': 0.8, 'learning_rate': 0.01, 'max_depth': 9, 'min_child_samples': 50, 'n_estimators': 500, 'num_leaves': 15, 'subsample': 0.8}",2.26416053117609,0.970088893437308,0.516407251358032
LightGBM,Enhanced,3,"{'colsample_bytree': 0.8, 'learning_rate': 0.01, 'max_depth': 9, 'min_child_samples': 50, 'n_estimators': 500, 'num_leaves': 31, 'subsample': 0.6}",2.272214442576,0.969875719629617,0.774576663970947
LightGBM,Enhanced,3,"{'colsample_bytree': 0.8, 'learning_rate': 0.01, 'max_depth': 9, 'min_child_samples': 50, 'n_estimators': 500, 'num_leaves': 31, 'subsample': 0.8}",2.27241273365986,0.969870461642752,0.772167921066284
LightGBM,Enhanced,3,"{'colsample_bytree': 0.8, 'learning_rate': 0.01, 'max_depth': 9, 'min_child_samples': 50, 'n_estimators': 500, 'num_leaves': 62, 'subsample': 0.6}",2.27496782380128,0.969802668529883,0.928731918334961
LightGBM,Enhanced,3,"{'colsample_bytree': 0.8, 'learning_rate': 0.01, 'max_depth': 9, 'min_child_samples': 50, 'n_estimators': 500, 'num_leaves': 62, 'subsample': 0.8}",2.27552899262974,0.969787769074193,0.928995847702026
LightGBM,Enhanced,3,"{'colsample_bytree': 0.8, 'learning_rate': 0.01, 'max_depth': 9, 'min_child_samples': 50, 'n_estimators': 750, 'num_leaves': 15, 'subsample': 0.6}",2.22767269548499,0.97104518379318,0.673522472381592
LightGBM,Enhanced,3,"{'colsample_bytree': 0.8, 'learning_rate': 0.01, 'max_depth': 9, 'min_child_samples': 50, 'n_estimators': 750, 'num_leaves': 15, 'subsample': 0.8}",2.22727071176209,0.971055632648325,0.712644338607788
LightGBM,Enhanced,3,"{'colsample_bytree': 0.8, 'learning_rate': 0.01, 'max_depth': 9, 'min_child_samples': 50, 'n_estimators': 750, 'num_leaves': 31, 'subsample': 0.6}",2.23663636253046,0.970811699313071,0.946490287780762
LightGBM,Enhanced,3,"{'colsample_bytree': 0.8, 'learning_rate': 0.01, 'max_depth': 9, 'min_child_samples': 50, 'n_estimators': 750, 'num_leaves': 31, 'subsample': 0.8}",2.23684990139497,0.970806125645196,0.951619148254395
LightGBM,Enhanced,3,"{'colsample_bytree': 0.8, 'learning_rate': 0.01, 'max_depth': 9, 'min_child_samples': 50, 'n_estimators': 750, 'num_leaves': 62, 'subsample': 0.6}",2.24760297125671,0.970524767183535,1.06842708587646
LightGBM,Enhanced,3,"{'colsample_bytree': 0.8, 'learning_rate': 0.01, 'max_depth': 9, 'min_child_samples': 50, 'n_estimators': 750, 'num_leaves': 62, 'subsample': 0.8}",2.24760323386219,0.970524760295879,1.09603309631348
LightGBM,Enhanced,3,"{'colsample_bytree': 0.8, 'learning_rate': 0.01, 'max_depth': 9, 'min_child_samples': 50, 'n_estimators': 1000, 'num_leaves': 15, 'subsample': 0.6}",2.22022737932727,0.971238405634024,0.787128448486328
LightGBM,Enhanced,3,"{'colsample_bytree': 0.8, 'learning_rate': 0.01, 'max_depth': 9, 'min_child_samples': 50, 'n_estimators': 1000, 'num_leaves': 15, 'subsample': 0.8}",2.21991360322376,0.971246534588186,0.772316217422485
LightGBM,Enhanced,3,"{'colsample_bytree': 0.8, 'learning_rate': 0.01, 'max_depth': 9, 'min_child_samples': 50, 'n_estimators': 1000, 'num_leaves': 31, 'subsample': 0.6}",2.22074349716577,0.971225032141355,1.03125238418579
LightGBM,Enhanced,3,"{'colsample_bytree': 0.8, 'learning_rate': 0.01, 'max_depth': 9, 'min_child_samples': 50, 'n_estimators': 1000, 'num_leaves': 31, 'subsample': 0.8}",2.22119054032877,0.971213445978963,1.06770133972168
LightGBM,Enhanced,3,"{'colsample_bytree': 0.8, 'learning_rate': 0.01, 'max_depth': 9, 'min_child_samples': 50, 'n_estimators': 1000, 'num_leaves': 62, 'subsample': 0.6}",2.24705645097992,0.970539099656056,1.07443332672119
LightGBM,Enhanced,3,"{'colsample_bytree': 0.8, 'learning_rate': 0.01, 'max_depth': 9, 'min_child_samples': 50, 'n_estimators': 1000, 'num_leaves': 62, 'subsample': 0.8}",2.24739105478208,0.97053032509838,1.08829426765442
LightGBM,Enhanced,3,"{'colsample_bytree': 0.8, 'learning_rate': 0.01, 'max_depth': 9, 'min_child_samples': 100, 'n_estimators': 500, 'num_leaves': 15, 'subsample': 0.6}",2.50444051515133,0.963403505196875,0.545264005661011
LightGBM,Enhanced,3,"{'colsample_bytree': 0.8, 'learning_rate': 0.01, 'max_depth': 9, 'min_child_samples': 100, 'n_estimators': 500, 'num_leaves': 15, 'subsample': 0.8}",2.50443363831957,0.963403706173972,0.52539587020874
LightGBM,Enhanced,3,"{'colsample_bytree': 0.8, 'learning_rate': 0.01, 'max_depth': 9, 'min_child_samples': 100, 'n_estimators': 500, 'num_leaves': 31, 'subsample': 0.6}",2.50516404205753,0.963382356861909,0.646156072616577
LightGBM,Enhanced,3,"{'colsample_bytree': 0.8, 'learning_rate': 0.01, 'max_depth': 9, 'min_child_samples': 100, 'n_estimators': 500, 'num_leaves': 31, 'subsample': 0.8}",2.50515478567373,0.963382627460024,0.652851581573486
LightGBM,Enhanced,3,"{'colsample_bytree': 0.8, 'learning_rate': 0.01, 'max_depth': 9, 'min_child_samples': 100, 'n_estimators': 500, 'num_leaves': 62, 'subsample': 0.6}",2.50516256139842,0.963382400147084,0.650760173797607
LightGBM,Enhanced,3,"{'colsample_bytree': 0.8, 'learning_rate': 0.01, 'max_depth': 9, 'min_child_samples': 100, 'n_estimators': 500, 'num_leaves': 62, 'subsample': 0.8}",2.50515174938809,0.963382716221593,0.643537521362305
LightGBM,Enhanced,3,"{'colsample_bytree': 0.8, 'learning_rate': 0.01, 'max_depth': 9, 'min_child_samples': 100, 'n_estimators': 750, 'num_leaves': 15, 'subsample': 0.6}",2.36685240815616,0.967314103343501,0.753736734390259
LightGBM,Enhanced,3,"{'colsample_bytree': 0.8, 'learning_rate': 0.01, 'max_depth': 9, 'min_child_samples': 100, 'n_estimators': 750, 'num_leaves': 15, 'subsample': 0.8}",2.36702848803758,0.967309239886135,0.71322774887085
LightGBM,Enhanced,3,"{'colsample_bytree': 0.8, 'learning_rate': 0.01, 'max_depth': 9, 'min_child_samples': 100, 'n_estimators': 750, 'num_leaves': 31, 'subsample': 0.6}",2.36586387687949,0.967341400595821,0.840512990951538
LightGBM,Enhanced,3,"{'colsample_bytree': 0.8, 'learning_rate': 0.01, 'max_depth': 9, 'min_child_samples': 100, 'n_estimators': 750, 'num_leaves': 31, 'subsample': 0.8}",2.36569466056053,0.96734607218356,0.822770357131958
LightGBM,Enhanced,3,"{'colsample_bytree': 0.8, 'learning_rate': 0.01, 'max_depth': 9, 'min_child_samples': 100, 'n_estimators': 750, 'num_leaves': 62, 'subsample': 0.6}",2.36585812393061,0.967341559424084,0.867629766464233
LightGBM,Enhanced,3,"{'colsample_bytree': 0.8, 'learning_rate': 0.01, 'max_depth': 9, 'min_child_samples': 100, 'n_estimators': 750, 'num_leaves': 62, 'subsample': 0.8}",2.36570054869223,0.967345909634377,0.841326475143433
LightGBM,Enhanced,3,"{'colsample_bytree': 0.8, 'learning_rate': 0.01, 'max_depth': 9, 'min_child_samples': 100, 'n_estimators': 1000, 'num_leaves': 15, 'subsample': 0.6}",2.30871681281077,0.968900072234669,0.915390729904175
LightGBM,Enhanced,3,"{'colsample_bytree': 0.8, 'learning_rate': 0.01, 'max_depth': 9, 'min_child_samples': 100, 'n_estimators': 1000, 'num_leaves': 15, 'subsample': 0.8}",2.30778540959682,0.968925160395795,0.942488193511963
LightGBM,Enhanced,3,"{'colsample_bytree': 0.8, 'learning_rate': 0.01, 'max_depth': 9, 'min_child_samples': 100, 'n_estimators': 1000, 'num_leaves': 31, 'subsample': 0.6}",2.30653008019312,0.968958957775839,1.21866250038147
LightGBM,Enhanced,3,"{'colsample_bytree': 0.8, 'learning_rate': 0.01, 'max_depth': 9, 'min_child_samples': 100, 'n_estimators': 1000, 'num_leaves': 31, 'subsample': 0.8}",2.30654066844836,0.968958672783906,0.956225156784058
LightGBM,Enhanced,3,"{'colsample_bytree': 0.8, 'learning_rate': 0.01, 'max_depth': 9, 'min_child_samples': 100, 'n_estimators': 1000, 'num_leaves': 62, 'subsample': 0.6}",2.30715426824534,0.968942154986643,0.99496865272522
LightGBM,Enhanced,3,"{'colsample_bytree': 0.8, 'learning_rate': 0.01, 'max_depth': 9, 'min_child_samples': 100, 'n_estimators': 1000, 'num_leaves': 62, 'subsample': 0.8}",2.306733531154,0.968953481490532,0.982388496398926
LightGBM,Enhanced,3,"{'colsample_bytree': 0.8, 'learning_rate': 0.05, 'max_depth': 3, 'min_child_samples': 50, 'n_estimators': 500, 'num_leaves': 15, 'subsample': 0.6}",2.01648910302988,0.976274804053135,0.183758497238159
LightGBM,Enhanced,3,"{'colsample_bytree': 0.8, 'learning_rate': 0.05, 'max_depth': 3, 'min_child_samples': 50, 'n_estimators': 500, 'num_leaves': 15, 'subsample': 0.8}",2.01575050273694,0.976292181015306,0.216949939727783
LightGBM,Enhanced,3,"{'colsample_bytree': 0.8, 'learning_rate': 0.05, 'max_depth': 3, 'min_child_samples': 50, 'n_estimators': 500, 'num_leaves': 31, 'subsample': 0.6}",2.0159167650095,0.976288269937605,0.181411266326904
LightGBM,Enhanced,3,"{'colsample_bytree': 0.8, 'learning_rate': 0.05, 'max_depth': 3, 'min_child_samples': 50, 'n_estimators': 500, 'num_leaves': 31, 'subsample': 0.8}",2.01584294387721,0.976290006511994,0.186056852340698
LightGBM,Enhanced,3,"{'colsample_bytree': 0.8, 'learning_rate': 0.05, 'max_depth': 3, 'min_child_samples': 50, 'n_estimators': 500, 'num_leaves': 62, 'subsample': 0.6}",2.01732320944127,0.976255172475775,0.186946630477905
LightGBM,Enhanced,3,"{'colsample_bytree': 0.8, 'learning_rate': 0.05, 'max_depth': 3, 'min_child_samples': 50, 'n_estimators': 500, 'num_leaves': 62, 'subsample': 0.8}",2.01642582426782,0.97627629305446,0.183498620986938
LightGBM,Enhanced,3,"{'colsample_bytree': 0.8, 'learning_rate': 0.05, 'max_depth': 3, 'min_child_samples': 50, 'n_estimators': 750, 'num_leaves': 15, 'subsample': 0.6}",2.01489946551246,0.976312195374523,0.180209636688232
LightGBM,Enhanced,3,"{'colsample_bytree': 0.8, 'learning_rate': 0.05, 'max_depth': 3, 'min_child_samples': 50, 'n_estimators': 750, 'num_leaves': 15, 'subsample': 0.8}",2.01709219306153,0.976260610503732,0.192771673202515
LightGBM,Enhanced,3,"{'colsample_bytree': 0.8, 'learning_rate': 0.05, 'max_depth': 3, 'min_child_samples': 50, 'n_estimators': 750, 'num_leaves': 31, 'subsample': 0.6}",2.01572405705122,0.976292803081793,0.196938276290894
LightGBM,Enhanced,3,"{'colsample_bytree': 0.8, 'learning_rate': 0.05, 'max_depth': 3, 'min_child_samples': 50, 'n_estimators': 750, 'num_leaves': 31, 'subsample': 0.8}",2.01675278103869,0.976268598989666,0.195197820663452
LightGBM,Enhanced,3,"{'colsample_bytree': 0.8, 'learning_rate': 0.05, 'max_depth': 3, 'min_child_samples': 50, 'n_estimators': 750, 'num_leaves': 62, 'subsample': 0.6}",2.01739017702381,0.976253595970748,0.192809104919434
LightGBM,Enhanced,3,"{'colsample_bytree': 0.8, 'learning_rate': 0.05, 'max_depth': 3, 'min_child_samples': 50, 'n_estimators': 750, 'num_leaves': 62, 'subsample': 0.8}",2.01644244766104,0.976275901896868,0.192667722702026
LightGBM,Enhanced,3,"{'colsample_bytree': 0.8, 'learning_rate': 0.05, 'max_depth': 3, 'min_child_samples': 50, 'n_estimators': 1000, 'num_leaves': 15, 'subsample': 0.6}",2.01644244421356,0.976275901977989,0.204280376434326
LightGBM,Enhanced,3,"{'colsample_bytree': 0.8, 'learning_rate': 0.05, 'max_depth': 3, 'min_child_samples': 50, 'n_estimators': 1000, 'num_leaves': 15, 'subsample': 0.8}",2.01656365921292,0.976273049624857,0.191300630569458
LightGBM,Enhanced,3,"{'colsample_bytree': 0.8, 'learning_rate': 0.05, 'max_depth': 3, 'min_child_samples': 50, 'n_estimators': 1000, 'num_leaves': 31, 'subsample': 0.6}",2.01579016482802,0.976291248051702,0.198001384735107
LightGBM,Enhanced,3,"{'colsample_bytree': 0.8, 'learning_rate': 0.05, 'max_depth': 3, 'min_child_samples': 50, 'n_estimators': 1000, 'num_leaves': 31, 'subsample': 0.8}",2.01574268557869,0.976292364894624,0.2064049243927
LightGBM,Enhanced,3,"{'colsample_bytree': 0.8, 'learning_rate': 0.05, 'max_depth': 3, 'min_child_samples': 50, 'n_estimators': 1000, 'num_leaves': 62, 'subsample': 0.6}",2.01565022358031,0.976294539780396,0.205303907394409
LightGBM,Enhanced,3,"{'colsample_bytree': 0.8, 'learning_rate': 0.05, 'max_depth': 3, 'min_child_samples': 50, 'n_estimators': 1000, 'num_leaves': 62, 'subsample': 0.8}",2.01585644298619,0.976289688962595,0.208656311035156
LightGBM,Enhanced,3,"{'colsample_bytree': 0.8, 'learning_rate': 0.05, 'max_depth': 3, 'min_child_samples': 100, 'n_estimators': 500, 'num_leaves': 15, 'subsample': 0.6}",2.18484783379645,0.972147740047135,0.23922872543335
LightGBM,Enhanced,3,"{'colsample_bytree': 0.8, 'learning_rate': 0.05, 'max_depth': 3, 'min_child_samples': 100, 'n_estimators': 500, 'num_leaves': 15, 'subsample': 0.8}",2.18482279575267,0.972148378409311,0.241463661193848
LightGBM,Enhanced,3,"{'colsample_bytree': 0.8, 'learning_rate': 0.05, 'max_depth': 3, 'min_child_samples': 100, 'n_estimators': 500, 'num_leaves': 31, 'subsample': 0.6}",2.18625830923836,0.972111767190195,0.24901008605957
LightGBM,Enhanced,3,"{'colsample_bytree': 0.8, 'learning_rate': 0.05, 'max_depth': 3, 'min_child_samples': 100, 'n_estimators': 500, 'num_leaves': 31, 'subsample': 0.8}",2.18482279544834,0.97214837841707,0.241006374359131
LightGBM,Enhanced,3,"{'colsample_bytree': 0.8, 'learning_rate': 0.05, 'max_depth': 3, 'min_child_samples': 100, 'n_estimators': 500, 'num_leaves': 62, 'subsample': 0.6}",2.18675166804908,0.97209917905479,0.247623920440674
LightGBM,Enhanced,3,"{'colsample_bytree': 0.8, 'learning_rate': 0.05, 'max_depth': 3, 'min_child_samples': 100, 'n_estimators': 500, 'num_leaves': 62, 'subsample': 0.8}",2.18534628073428,0.972135030276618,0.247785329818726
LightGBM,Enhanced,3,"{'colsample_bytree': 0.8, 'learning_rate': 0.05, 'max_depth': 3, 'min_child_samples': 100, 'n_estimators': 750, 'num_leaves': 15, 'subsample': 0.6}",2.1853462779845,0.972135030346742,0.263325214385986
LightGBM,Enhanced,3,"{'colsample_bytree': 0.8, 'learning_rate': 0.05, 'max_depth': 3, 'min_child_samples': 100, 'n_estimators': 750, 'num_leaves': 15, 'subsample': 0.8}",2.18521333893633,0.972138420408911,0.244279861450195
LightGBM,Enhanced,3,"{'colsample_bytree': 0.8, 'learning_rate': 0.05, 'max_depth': 3, 'min_child_samples': 100, 'n_estimators': 750, 'num_leaves': 31, 'subsample': 0.6}",2.18678910556896,0.972098223714048,0.267974376678467
LightGBM,Enhanced,3,"{'colsample_bytree': 0.8, 'learning_rate': 0.05, 'max_depth': 3, 'min_child_samples': 100, 'n_estimators': 750, 'num_leaves': 31, 'subsample': 0.8}",2.18534628372525,0.972135030200343,0.256767272949219
LightGBM,Enhanced,3,"{'colsample_bytree': 0.8, 'learning_rate': 0.05, 'max_depth': 3, 'min_child_samples': 100, 'n_estimators': 750, 'num_leaves': 62, 'subsample': 0.6}",2.18484783053673,0.972147740130244,0.341173887252808
LightGBM,Enhanced,3,"{'colsample_bytree': 0.8, 'learning_rate': 0.05, 'max_depth': 3, 'min_child_samples': 100, 'n_estimators': 750, 'num_leaves': 62, 'subsample': 0.8}",2.18543580409267,0.972132747236362,0.248739004135132
LightGBM,Enhanced,3,"{'colsample_bytree': 0.8, 'learning_rate': 0.05, 'max_depth': 3, 'min_child_samples': 100, 'n_estimators': 1000, 'num_leaves': 15, 'subsample': 0.6}",2.18625830874894,0.972111767202681,0.24706506729126
LightGBM,Enhanced,3,"{'colsample_bytree': 0.8, 'learning_rate': 0.05, 'max_depth': 3, 'min_child_samples': 100, 'n_estimators': 1000, 'num_leaves': 15, 'subsample': 0.8}",2.18539885591459,0.972133689506559,0.223565578460693
LightGBM,Enhanced,3,"{'colsample_bytree': 0.8, 'learning_rate': 0.05, 'max_depth': 3, 'min_child_samples': 100, 'n_estimators': 1000, 'num_leaves': 31, 'subsample': 0.6}",2.18534628051777,0.972135030282139,0.237490892410278
LightGBM,Enhanced,3,"{'colsample_bytree': 0.8, 'learning_rate': 0.05, 'max_depth': 3, 'min_child_samples': 100, 'n_estimators': 1000, 'num_leaves': 31, 'subsample': 0.8}",2.18543580691302,0.972132747164435,0.228877544403076
LightGBM,Enhanced,3,"{'colsample_bytree': 0.8, 'learning_rate': 0.05, 'max_depth': 3, 'min_child_samples': 100, 'n_estimators': 1000, 'num_leaves': 62, 'subsample': 0.6}",2.18534628020504,0.972135030290114,0.252923727035522
LightGBM,Enhanced,3,"{'colsample_bytree': 0.8, 'learning_rate': 0.05, 'max_depth': 3, 'min_child_samples': 100, 'n_estimators': 1000, 'num_leaves': 62, 'subsample': 0.8}",2.18639259728609,0.972108341088768,0.250350713729858
LightGBM,Enhanced,3,"{'colsample_bytree': 0.8, 'learning_rate': 0.05, 'max_depth': 5, 'min_child_samples': 50, 'n_estimators': 500, 'num_leaves': 15, 'subsample': 0.6}",2.14321883818333,0.973198994683222,0.243057489395142
LightGBM,Enhanced,3,"{'colsample_bytree': 0.8, 'learning_rate': 0.05, 'max_depth': 5, 'min_child_samples': 50, 'n_estimators': 500, 'num_leaves': 15, 'subsample': 0.8}",2.14321883014708,0.973198994884209,0.254150152206421
LightGBM,Enhanced,3,"{'colsample_bytree': 0.8, 'learning_rate': 0.05, 'max_depth': 5, 'min_child_samples': 50, 'n_estimators': 500, 'num_leaves': 31, 'subsample': 0.6}",2.13860736535493,0.973314203771208,0.250258684158325
LightGBM,Enhanced,3,"{'colsample_bytree': 0.8, 'learning_rate': 0.05, 'max_depth': 5, 'min_child_samples': 50, 'n_estimators': 500, 'num_leaves': 31, 'subsample': 0.8}",2.13860735986301,0.973314203908266,0.288128614425659
LightGBM,Enhanced,3,"{'colsample_bytree': 0.8, 'learning_rate': 0.05, 'max_depth': 5, 'min_child_samples': 50, 'n_estimators': 500, 'num_leaves': 62, 'subsample': 0.6}",2.13860735756648,0.973314203965579,0.314362287521362
LightGBM,Enhanced,3,"{'colsample_bytree': 0.8, 'learning_rate': 0.05, 'max_depth': 5, 'min_child_samples': 50, 'n_estimators': 500, 'num_leaves': 62, 'subsample': 0.8}",2.13860735837857,0.973314203945312,0.330597877502441
LightGBM,Enhanced,3,"{'colsample_bytree': 0.8, 'learning_rate': 0.05, 'max_depth': 5, 'min_child_samples': 50, 'n_estimators': 750, 'num_leaves': 15, 'subsample': 0.6}",2.14321883161532,0.973198994847488,0.326771020889282
LightGBM,Enhanced,3,"{'colsample_bytree': 0.8, 'learning_rate': 0.05, 'max_depth': 5, 'min_child_samples': 50, 'n_estimators': 750, 'num_leaves': 15, 'subsample': 0.8}",2.14321883655411,0.973198994723969,0.288830757141113
LightGBM,Enhanced,3,"{'colsample_bytree': 0.8, 'learning_rate': 0.05, 'max_depth': 5, 'min_child_samples': 50, 'n_estimators': 750, 'num_leaves': 31, 'subsample': 0.6}",2.13853105857304,0.973316108067375,0.306036710739136
LightGBM,Enhanced,3,"{'colsample_bytree': 0.8, 'learning_rate': 0.05, 'max_depth': 5, 'min_child_samples': 50, 'n_estimators': 750, 'num_leaves': 31, 'subsample': 0.8}",2.13860735933732,0.973314203921385,0.28848671913147
LightGBM,Enhanced,3,"{'colsample_bytree': 0.8, 'learning_rate': 0.05, 'max_depth': 5, 'min_child_samples': 50, 'n_estimators': 750, 'num_leaves': 62, 'subsample': 0.6}",2.13860735179168,0.973314204109696,0.272016286849976
LightGBM,Enhanced,3,"{'colsample_bytree': 0.8, 'learning_rate': 0.05, 'max_depth': 5, 'min_child_samples': 50, 'n_estimators': 750, 'num_leaves': 62, 'subsample': 0.8}",2.13853106543248,0.973316107896195,0.362016677856445
LightGBM,Enhanced,3,"{'colsample_bytree': 0.8, 'learning_rate': 0.05, 'max_depth': 5, 'min_child_samples': 50, 'n_estimators': 1000, 'num_leaves': 15, 'subsample': 0.6}",2.14321882952374,0.973198994899799,0.230839490890503
LightGBM,Enhanced,3,"{'colsample_bytree': 0.8, 'learning_rate': 0.05, 'max_depth': 5, 'min_child_samples': 50, 'n_estimators': 1000, 'num_leaves': 15, 'subsample': 0.8}",2.14321883585064,0.973198994741563,0.206865310668945
LightGBM,Enhanced,3,"{'colsample_bytree': 0.8, 'learning_rate': 0.05, 'max_depth': 5, 'min_child_samples': 50, 'n_estimators': 1000, 'num_leaves': 31, 'subsample': 0.6}",2.13860737156856,0.973314203616139,0.221335887908936
LightGBM,Enhanced,3,"{'colsample_bytree': 0.8, 'learning_rate': 0.05, 'max_depth': 5, 'min_child_samples': 50, 'n_estimators': 1000, 'num_leaves': 31, 'subsample': 0.8}",2.13860736280322,0.973314203834889,0.222671031951904
LightGBM,Enhanced,3,"{'colsample_bytree': 0.8, 'learning_rate': 0.05, 'max_depth': 5, 'min_child_samples': 50, 'n_estimators': 1000, 'num_leaves': 62, 'subsample': 0.6}",2.13860736060647,0.973314203889712,0.210474014282227
LightGBM,Enhanced,3,"{'colsample_bytree': 0.8, 'learning_rate': 0.05, 'max_depth': 5, 'min_child_samples': 50, 'n_estimators': 1000, 'num_leaves': 62, 'subsample': 0.8}",2.13860736647069,0.973314203743363,0.213996887207031
LightGBM,Enhanced,3,"{'colsample_bytree': 0.8, 'learning_rate': 0.05, 'max_depth': 5, 'min_child_samples': 100, 'n_estimators': 500, 'num_leaves': 15, 'subsample': 0.6}",2.15657661626979,0.972863874897597,0.301975727081299
LightGBM,Enhanced,3,"{'colsample_bytree': 0.8, 'learning_rate': 0.05, 'max_depth': 5, 'min_child_samples': 100, 'n_estimators': 500, 'num_leaves': 15, 'subsample': 0.8}",2.15590209920007,0.972880847090464,0.305641651153564
LightGBM,Enhanced,3,"{'colsample_bytree': 0.8, 'learning_rate': 0.05, 'max_depth': 5, 'min_child_samples': 100, 'n_estimators': 500, 'num_leaves': 31, 'subsample': 0.6}",2.15206378263853,0.972977325712964,0.309119701385498
LightGBM,Enhanced,3,"{'colsample_bytree': 0.8, 'learning_rate': 0.05, 'max_depth': 5, 'min_child_samples': 100, 'n_estimators': 500, 'num_leaves': 31, 'subsample': 0.8}",2.15183685604352,0.972983024280271,0.325109243392944
LightGBM,Enhanced,3,"{'colsample_bytree': 0.8, 'learning_rate': 0.05, 'max_depth': 5, 'min_child_samples': 100, 'n_estimators': 500, 'num_leaves': 62, 'subsample': 0.6}",2.15269388542955,0.972961499457903,0.311527967453003
LightGBM,Enhanced,3,"{'colsample_bytree': 0.8, 'learning_rate': 0.05, 'max_depth': 5, 'min_child_samples': 100, 'n_estimators': 500, 'num_leaves': 62, 'subsample': 0.8}",2.1530149272949,0.972953434086424,0.330435276031494
LightGBM,Enhanced,3,"{'colsample_bytree': 0.8, 'learning_rate': 0.05, 'max_depth': 5, 'min_child_samples': 100, 'n_estimators': 750, 'num_leaves': 15, 'subsample': 0.6}",2.15329220673418,0.972946467168127,0.337662220001221
LightGBM,Enhanced,3,"{'colsample_bytree': 0.8, 'learning_rate': 0.05, 'max_depth': 5, 'min_child_samples': 100, 'n_estimators': 750, 'num_leaves': 15, 'subsample': 0.8}",2.15364076663984,0.972937707985295,0.319433450698853
LightGBM,Enhanced,3,"{'colsample_bytree': 0.8, 'learning_rate': 0.05, 'max_depth': 5, 'min_child_samples': 100, 'n_estimators': 750, 'num_leaves': 31, 'subsample': 0.6}",2.15110400294311,0.973001423540235,0.357196569442749
LightGBM,Enhanced,3,"{'colsample_bytree': 0.8, 'learning_rate': 0.05, 'max_depth': 5, 'min_child_samples': 100, 'n_estimators': 750, 'num_leaves': 31, 'subsample': 0.8}",2.14819198106282,0.973074471825868,0.378248453140259
LightGBM,Enhanced,3,"{'colsample_bytree': 0.8, 'learning_rate': 0.05, 'max_depth': 5, 'min_child_samples': 100, 'n_estimators': 750, 'num_leaves': 62, 'subsample': 0.6}",2.15125796334321,0.97299755867793,0.374554395675659
LightGBM,Enhanced,3,"{'colsample_bytree': 0.8, 'learning_rate': 0.05, 'max_depth': 5, 'min_child_samples': 100, 'n_estimators': 750, 'num_leaves': 62, 'subsample': 0.8}",2.15081969486148,0.973008559788611,0.372478485107422
LightGBM,Enhanced,3,"{'colsample_bytree': 0.8, 'learning_rate': 0.05, 'max_depth': 5, 'min_child_samples': 100, 'n_estimators': 1000, 'num_leaves': 15, 'subsample': 0.6}",2.15118533273041,0.972999381956019,0.368280172348022
LightGBM,Enhanced,3,"{'colsample_bytree': 0.8, 'learning_rate': 0.05, 'max_depth': 5, 'min_child_samples': 100, 'n_estimators': 1000, 'num_leaves': 15, 'subsample': 0.8}",2.15437568242292,0.972919235174743,0.352435111999512
LightGBM,Enhanced,3,"{'colsample_bytree': 0.8, 'learning_rate': 0.05, 'max_depth': 5, 'min_child_samples': 100, 'n_estimators': 1000, 'num_leaves': 31, 'subsample': 0.6}",2.15050372947424,0.97301648954158,0.343739986419678
LightGBM,Enhanced,3,"{'colsample_bytree': 0.8, 'learning_rate': 0.05, 'max_depth': 5, 'min_child_samples': 100, 'n_estimators': 1000, 'num_leaves': 31, 'subsample': 0.8}",2.15096217914633,0.973004983493069,0.356376171112061
LightGBM,Enhanced,3,"{'colsample_bytree': 0.8, 'learning_rate': 0.05, 'max_depth': 5, 'min_child_samples': 100, 'n_estimators': 1000, 'num_leaves': 62, 'subsample': 0.6}",2.15042082551101,0.97301856998144,0.361403226852417
LightGBM,Enhanced,3,"{'colsample_bytree': 0.8, 'learning_rate': 0.05, 'max_depth': 5, 'min_child_samples': 100, 'n_estimators': 1000, 'num_leaves': 62, 'subsample': 0.8}",2.15127297419252,0.972997181846329,0.354585647583008
LightGBM,Enhanced,3,"{'colsample_bytree': 0.8, 'learning_rate': 0.05, 'max_depth': 9, 'min_child_samples': 50, 'n_estimators': 500, 'num_leaves': 15, 'subsample': 0.6}",2.16841646180153,0.972565096287784,0.300811529159546
LightGBM,Enhanced,3,"{'colsample_bytree': 0.8, 'learning_rate': 0.05, 'max_depth': 9, 'min_child_samples': 50, 'n_estimators': 500, 'num_leaves': 15, 'subsample': 0.8}",2.16736997173131,0.972591570377912,0.28197455406189
LightGBM,Enhanced,3,"{'colsample_bytree': 0.8, 'learning_rate': 0.05, 'max_depth': 9, 'min_child_samples': 50, 'n_estimators': 500, 'num_leaves': 31, 'subsample': 0.6}",2.16544819127588,0.972640154267883,0.43648362159729
LightGBM,Enhanced,3,"{'colsample_bytree': 0.8, 'learning_rate': 0.05, 'max_depth': 9, 'min_child_samples': 50, 'n_estimators': 500, 'num_leaves': 31, 'subsample': 0.8}",2.16674104281567,0.972607474864074,0.329039335250855
LightGBM,Enhanced,3,"{'colsample_bytree': 0.8, 'learning_rate': 0.05, 'max_depth': 9, 'min_child_samples': 50, 'n_estimators': 500, 'num_leaves': 62, 'subsample': 0.6}",2.16095805194532,0.972753499997709,0.36519980430603
LightGBM,Enhanced,3,"{'colsample_bytree': 0.8, 'learning_rate': 0.05, 'max_depth': 9, 'min_child_samples': 50, 'n_estimators': 500, 'num_leaves': 62, 'subsample': 0.8}",2.16346475312991,0.972690251711206,0.371045827865601
LightGBM,Enhanced,3,"{'colsample_bytree': 0.8, 'learning_rate': 0.05, 'max_depth': 9, 'min_child_samples': 50, 'n_estimators': 750, 'num_leaves': 15, 'subsample': 0.6}",2.16631564065911,0.972618229905973,0.283518552780151
LightGBM,Enhanced,3,"{'colsample_bytree': 0.8, 'learning_rate': 0.05, 'max_depth': 9, 'min_child_samples': 50, 'n_estimators': 750, 'num_leaves': 15, 'subsample': 0.8}",2.16756512215349,0.972586634434826,0.28775691986084
LightGBM,Enhanced,3,"{'colsample_bytree': 0.8, 'learning_rate': 0.05, 'max_depth': 9, 'min_child_samples': 50, 'n_estimators': 750, 'num_leaves': 31, 'subsample': 0.6}",2.16532216106413,0.972643338889729,0.324409961700439
LightGBM,Enhanced,3,"{'colsample_bytree': 0.8, 'learning_rate': 0.05, 'max_depth': 9, 'min_child_samples': 50, 'n_estimators': 750, 'num_leaves': 31, 'subsample': 0.8}",2.16531412555925,0.972643541930348,0.36211109161377
LightGBM,Enhanced,3,"{'colsample_bytree': 0.8, 'learning_rate': 0.05, 'max_depth': 9, 'min_child_samples': 50, 'n_estimators': 750, 'num_leaves': 62, 'subsample': 0.6}",2.15962216487016,0.972787176724206,0.364563465118408
LightGBM,Enhanced,3,"{'colsample_bytree': 0.8, 'learning_rate': 0.05, 'max_depth': 9, 'min_child_samples': 50, 'n_estimators': 750, 'num_leaves': 62, 'subsample': 0.8}",2.16096260809071,0.972753385105015,0.362711191177368
LightGBM,Enhanced,3,"{'colsample_bytree': 0.8, 'learning_rate': 0.05, 'max_depth': 9, 'min_child_samples': 50, 'n_estimators': 1000, 'num_leaves': 15, 'subsample': 0.6}",2.16629237740229,0.972618817988076,0.28372597694397
LightGBM,Enhanced,3,"{'colsample_bytree': 0.8, 'learning_rate': 0.05, 'max_depth': 9, 'min_child_samples': 50, 'n_estimators': 1000, 'num_leaves': 15, 'subsample': 0.8}",2.1663181263415,0.97261816706894,0.280652523040772
LightGBM,Enhanced,3,"{'colsample_bytree': 0.8, 'learning_rate': 0.05, 'max_depth': 9, 'min_child_samples': 50, 'n_estimators': 1000, 'num_leaves': 31, 'subsample': 0.6}",2.16543731928042,0.972640428996572,0.332443237304688
LightGBM,Enhanced,3,"{'colsample_bytree': 0.8, 'learning_rate': 0.05, 'max_depth': 9, 'min_child_samples': 50, 'n_estimators': 1000, 'num_leaves': 31, 'subsample': 0.8}",2.16545700760917,0.972639931483509,0.349876642227173
LightGBM,Enhanced,3,"{'colsample_bytree': 0.8, 'learning_rate': 0.05, 'max_depth': 9, 'min_child_samples': 50, 'n_estimators': 1000, 'num_leaves': 62, 'subsample': 0.6}",2.16072952671022,0.972759262426628,0.374344348907471
LightGBM,Enhanced,3,"{'colsample_bytree': 0.8, 'learning_rate': 0.05, 'max_depth': 9, 'min_child_samples': 50, 'n_estimators': 1000, 'num_leaves': 62, 'subsample': 0.8}",2.16115689047414,0.972748485644727,0.375449657440186
LightGBM,Enhanced,3,"{'colsample_bytree': 0.8, 'learning_rate': 0.05, 'max_depth': 9, 'min_child_samples': 100, 'n_estimators': 500, 'num_leaves': 15, 'subsample': 0.6}",2.15030573359639,0.973021458031354,0.455295085906982
LightGBM,Enhanced,3,"{'colsample_bytree': 0.8, 'learning_rate': 0.05, 'max_depth': 9, 'min_child_samples': 100, 'n_estimators': 500, 'num_leaves': 15, 'subsample': 0.8}",2.15121234882961,0.972998703766237,0.449991464614868
LightGBM,Enhanced,3,"{'colsample_bytree': 0.8, 'learning_rate': 0.05, 'max_depth': 9, 'min_child_samples': 100, 'n_estimators': 500, 'num_leaves': 31, 'subsample': 0.6}",2.14246451951155,0.973217856911114,0.474004030227661
LightGBM,Enhanced,3,"{'colsample_bytree': 0.8, 'learning_rate': 0.05, 'max_depth': 9, 'min_child_samples': 100, 'n_estimators': 500, 'num_leaves': 31, 'subsample': 0.8}",2.143348952296,0.973195740423959,0.488641738891602
LightGBM,Enhanced,3,"{'colsample_bytree': 0.8, 'learning_rate': 0.05, 'max_depth': 9, 'min_child_samples': 100, 'n_estimators': 500, 'num_leaves': 62, 'subsample': 0.6}",2.14261086846801,0.973214197879633,0.494061470031738
LightGBM,Enhanced,3,"{'colsample_bytree': 0.8, 'learning_rate': 0.05, 'max_depth': 9, 'min_child_samples': 100, 'n_estimators': 500, 'num_leaves': 62, 'subsample': 0.8}",2.14340568345594,0.973194321469887,0.475600242614746
LightGBM,Enhanced,3,"{'colsample_bytree': 0.8, 'learning_rate': 0.05, 'max_depth': 9, 'min_child_samples': 100, 'n_estimators': 750, 'num_leaves': 15, 'subsample': 0.6}",2.14921669591167,0.973048778061621,0.499794483184814
LightGBM,Enhanced,3,"{'colsample_bytree': 0.8, 'learning_rate': 0.05, 'max_depth': 9, 'min_child_samples': 100, 'n_estimators': 750, 'num_leaves': 15, 'subsample': 0.8}",2.14841963227884,0.973068764743751,0.556807994842529
LightGBM,Enhanced,3,"{'colsample_bytree': 0.8, 'learning_rate': 0.05, 'max_depth': 9, 'min_child_samples': 100, 'n_estimators': 750, 'num_leaves': 31, 'subsample': 0.6}",2.14038122468962,0.973269916557771,0.660175085067749
LightGBM,Enhanced,3,"{'colsample_bytree': 0.8, 'learning_rate': 0.05, 'max_depth': 9, 'min_child_samples': 100, 'n_estimators': 750, 'num_leaves': 31, 'subsample': 0.8}",2.13980319088578,0.973284352122135,0.721318244934082
LightGBM,Enhanced,3,"{'colsample_bytree': 0.8, 'learning_rate': 0.05, 'max_depth': 9, 'min_child_samples': 100, 'n_estimators': 750, 'num_leaves': 62, 'subsample': 0.6}",2.13948540524774,0.973292286701186,0.84440803527832
LightGBM,Enhanced,3,"{'colsample_bytree': 0.8, 'learning_rate': 0.05, 'max_depth': 9, 'min_child_samples': 100, 'n_estimators': 750, 'num_leaves': 62, 'subsample': 0.8}",2.13983647302596,0.973283521054253,0.781779289245606
LightGBM,Enhanced,3,"{'colsample_bytree': 0.8, 'learning_rate': 0.05, 'max_depth': 9, 'min_child_samples': 100, 'n_estimators': 1000, 'num_leaves': 15, 'subsample': 0.6}",2.14845794394704,0.973067804233305,0.567433834075928
LightGBM,Enhanced,3,"{'colsample_bytree': 0.8, 'learning_rate': 0.05, 'max_depth': 9, 'min_child_samples': 100, 'n_estimators': 1000, 'num_leaves': 15, 'subsample': 0.8}",2.14807822218047,0.973077323467543,0.544044971466065
LightGBM,Enhanced,3,"{'colsample_bytree': 0.8, 'learning_rate': 0.05, 'max_depth': 9, 'min_child_samples': 100, 'n_estimators': 1000, 'num_leaves': 31, 'subsample': 0.6}",2.13909323169125,0.973302076998351,0.620293378829956
LightGBM,Enhanced,3,"{'colsample_bytree': 0.8, 'learning_rate': 0.05, 'max_depth': 9, 'min_child_samples': 100, 'n_estimators': 1000, 'num_leaves': 31, 'subsample': 0.8}",2.14008327435927,0.973277357926413,0.593854904174805
LightGBM,Enhanced,3,"{'colsample_bytree': 0.8, 'learning_rate': 0.05, 'max_depth': 9, 'min_child_samples': 100, 'n_estimators': 1000, 'num_leaves': 62, 'subsample': 0.6}",2.1406484903472,0.973263240663517,0.69328236579895
LightGBM,Enhanced,3,"{'colsample_bytree': 0.8, 'learning_rate': 0.05, 'max_depth': 9, 'min_child_samples': 100, 'n_estimators': 1000, 'num_leaves': 62, 'subsample': 0.8}",2.14051891193198,0.973266477441588,2.12639498710632
LightGBM,Enhanced,4,"{'colsample_bytree': 0.6, 'learning_rate': 0.01, 'max_depth': 3, 'min_child_samples': 50, 'n_estimators': 500, 'num_leaves': 15, 'subsample': 0.6}",1.60468960673964,0.982410695523778,0.523613452911377
LightGBM,Enhanced,4,"{'colsample_bytree': 0.6, 'learning_rate': 0.01, 'max_depth': 3, 'min_child_samples': 50, 'n_estimators': 500, 'num_leaves': 15, 'subsample': 0.8}",1.60468960666906,0.982410695525325,0.858776092529297
LightGBM,Enhanced,4,"{'colsample_bytree': 0.6, 'learning_rate': 0.01, 'max_depth': 3, 'min_child_samples': 50, 'n_estimators': 500, 'num_leaves': 31, 'subsample': 0.6}",1.60468960645589,0.982410695529999,0.930599927902222
LightGBM,Enhanced,4,"{'colsample_bytree': 0.6, 'learning_rate': 0.01, 'max_depth': 3, 'min_child_samples': 50, 'n_estimators': 500, 'num_leaves': 31, 'subsample': 0.8}",1.60468960514606,0.982410695558713,0.85146427154541
LightGBM,Enhanced,4,"{'colsample_bytree': 0.6, 'learning_rate': 0.01, 'max_depth': 3, 'min_child_samples': 50, 'n_estimators': 500, 'num_leaves': 62, 'subsample': 0.6}",1.60468960851856,0.98241069548478,0.967104196548462
LightGBM,Enhanced,4,"{'colsample_bytree': 0.6, 'learning_rate': 0.01, 'max_depth': 3, 'min_child_samples': 50, 'n_estimators': 500, 'num_leaves': 62, 'subsample': 0.8}",1.60468960812369,0.982410695493436,0.881142854690552
LightGBM,Enhanced,4,"{'colsample_bytree': 0.6, 'learning_rate': 0.01, 'max_depth': 3, 'min_child_samples': 50, 'n_estimators': 750, 'num_leaves': 15, 'subsample': 0.6}",1.55010670224652,0.983586931755971,1.26676607131958
LightGBM,Enhanced,4,"{'colsample_bytree': 0.6, 'learning_rate': 0.01, 'max_depth': 3, 'min_child_samples': 50, 'n_estimators': 750, 'num_leaves': 15, 'subsample': 0.8}",1.55010669881444,0.983586931828651,1.20444083213806
LightGBM,Enhanced,4,"{'colsample_bytree': 0.6, 'learning_rate': 0.01, 'max_depth': 3, 'min_child_samples': 50, 'n_estimators': 750, 'num_leaves': 31, 'subsample': 0.6}",1.55010669814437,0.98358693184284,1.19287085533142
LightGBM,Enhanced,4,"{'colsample_bytree': 0.6, 'learning_rate': 0.01, 'max_depth': 3, 'min_child_samples': 50, 'n_estimators': 750, 'num_leaves': 31, 'subsample': 0.8}",1.55010670035995,0.983586931795922,1.28138279914856
LightGBM,Enhanced,4,"{'colsample_bytree': 0.6, 'learning_rate': 0.01, 'max_depth': 3, 'min_child_samples': 50, 'n_estimators': 750, 'num_leaves': 62, 'subsample': 0.6}",1.55010670138071,0.983586931774306,1.37049984931946
LightGBM,Enhanced,4,"{'colsample_bytree': 0.6, 'learning_rate': 0.01, 'max_depth': 3, 'min_child_samples': 50, 'n_estimators': 750, 'num_leaves': 62, 'subsample': 0.8}",1.55010669801036,0.983586931845678,1.26325488090515
LightGBM,Enhanced,4,"{'colsample_bytree': 0.6, 'learning_rate': 0.01, 'max_depth': 3, 'min_child_samples': 50, 'n_estimators': 1000, 'num_leaves': 15, 'subsample': 0.6}",1.52216408332701,0.984173330708973,1.49067163467407
LightGBM,Enhanced,4,"{'colsample_bytree': 0.6, 'learning_rate': 0.01, 'max_depth': 3, 'min_child_samples': 50, 'n_estimators': 1000, 'num_leaves': 15, 'subsample': 0.8}",1.52216408213536,0.984173330733754,1.50582814216614
LightGBM,Enhanced,4,"{'colsample_bytree': 0.6, 'learning_rate': 0.01, 'max_depth': 3, 'min_child_samples': 50, 'n_estimators': 1000, 'num_leaves': 31, 'subsample': 0.6}",1.52216408085121,0.984173330760458,1.63744497299194
LightGBM,Enhanced,4,"{'colsample_bytree': 0.6, 'learning_rate': 0.01, 'max_depth': 3, 'min_child_samples': 50, 'n_estimators': 1000, 'num_leaves': 31, 'subsample': 0.8}",1.52216408178075,0.984173330741128,1.57587051391602
LightGBM,Enhanced,4,"{'colsample_bytree': 0.6, 'learning_rate': 0.01, 'max_depth': 3, 'min_child_samples': 50, 'n_estimators': 1000, 'num_leaves': 62, 'subsample': 0.6}",1.5221640811747,0.98417333075373,1.59991145133972
LightGBM,Enhanced,4,"{'colsample_bytree': 0.6, 'learning_rate': 0.01, 'max_depth': 3, 'min_child_samples': 50, 'n_estimators': 1000, 'num_leaves': 62, 'subsample': 0.8}",1.52216408232258,0.98417333072986,1.43964004516602
LightGBM,Enhanced,4,"{'colsample_bytree': 0.6, 'learning_rate': 0.01, 'max_depth': 3, 'min_child_samples': 100, 'n_estimators': 500, 'num_leaves': 15, 'subsample': 0.6}",2.05845768365713,0.97105653818437,0.770458221435547
LightGBM,Enhanced,4,"{'colsample_bytree': 0.6, 'learning_rate': 0.01, 'max_depth': 3, 'min_child_samples': 100, 'n_estimators': 500, 'num_leaves': 15, 'subsample': 0.8}",2.05845768234262,0.971056538221336,0.738851070404053
LightGBM,Enhanced,4,"{'colsample_bytree': 0.6, 'learning_rate': 0.01, 'max_depth': 3, 'min_child_samples': 100, 'n_estimators': 500, 'num_leaves': 31, 'subsample': 0.6}",2.05845768348469,0.971056538189219,1.15186882019043
LightGBM,Enhanced,4,"{'colsample_bytree': 0.6, 'learning_rate': 0.01, 'max_depth': 3, 'min_child_samples': 100, 'n_estimators': 500, 'num_leaves': 31, 'subsample': 0.8}",2.05845768057923,0.971056538270925,1.1238865852356
LightGBM,Enhanced,4,"{'colsample_bytree': 0.6, 'learning_rate': 0.01, 'max_depth': 3, 'min_child_samples': 100, 'n_estimators': 500, 'num_leaves': 62, 'subsample': 0.6}",2.0584576813911,0.971056538248094,1.23070812225342
LightGBM,Enhanced,4,"{'colsample_bytree': 0.6, 'learning_rate': 0.01, 'max_depth': 3, 'min_child_samples': 100, 'n_estimators': 500, 'num_leaves': 62, 'subsample': 0.8}",2.0584576809024,0.971056538261837,0.937081098556519
LightGBM,Enhanced,4,"{'colsample_bytree': 0.6, 'learning_rate': 0.01, 'max_depth': 3, 'min_child_samples': 100, 'n_estimators': 750, 'num_leaves': 15, 'subsample': 0.6}",1.99878370886323,0.972710335951567,1.20654606819153
LightGBM,Enhanced,4,"{'colsample_bytree': 0.6, 'learning_rate': 0.01, 'max_depth': 3, 'min_child_samples': 100, 'n_estimators': 750, 'num_leaves': 15, 'subsample': 0.8}",1.99878371241468,0.972710335854589,1.38875675201416
LightGBM,Enhanced,4,"{'colsample_bytree': 0.6, 'learning_rate': 0.01, 'max_depth': 3, 'min_child_samples': 100, 'n_estimators': 750, 'num_leaves': 31, 'subsample': 0.6}",1.99878371128027,0.972710335885566,1.55024361610413
LightGBM,Enhanced,4,"{'colsample_bytree': 0.6, 'learning_rate': 0.01, 'max_depth': 3, 'min_child_samples': 100, 'n_estimators': 750, 'num_leaves': 31, 'subsample': 0.8}",1.9987837072601,0.972710335995342,1.50722551345825
LightGBM,Enhanced,4,"{'colsample_bytree': 0.6, 'learning_rate': 0.01, 'max_depth': 3, 'min_child_samples': 100, 'n_estimators': 750, 'num_leaves': 62, 'subsample': 0.6}",1.99878370983917,0.972710335924917,1.41787815093994
LightGBM,Enhanced,4,"{'colsample_bytree': 0.6, 'learning_rate': 0.01, 'max_depth': 3, 'min_child_samples': 100, 'n_estimators': 750, 'num_leaves': 62, 'subsample': 0.8}",1.9987837083828,0.972710335964685,1.49053692817688
LightGBM,Enhanced,4,"{'colsample_bytree': 0.6, 'learning_rate': 0.01, 'max_depth': 3, 'min_child_samples': 100, 'n_estimators': 1000, 'num_leaves': 15, 'subsample': 0.6}",1.95356805249179,0.973931041776365,1.18352150917053
LightGBM,Enhanced,4,"{'colsample_bytree': 0.6, 'learning_rate': 0.01, 'max_depth': 3, 'min_child_samples': 100, 'n_estimators': 1000, 'num_leaves': 15, 'subsample': 0.8}",1.95356804928056,0.973931041862068,0.395272016525269
LightGBM,Enhanced,4,"{'colsample_bytree': 0.6, 'learning_rate': 0.01, 'max_depth': 3, 'min_child_samples': 100, 'n_estimators': 1000, 'num_leaves': 31, 'subsample': 0.6}",1.95356805274266,0.973931041769669,0.388443231582642
LightGBM,Enhanced,4,"{'colsample_bytree': 0.6, 'learning_rate': 0.01, 'max_depth': 3, 'min_child_samples': 100, 'n_estimators': 1000, 'num_leaves': 31, 'subsample': 0.8}",1.95356804724748,0.973931041916328,0.388874292373657
LightGBM,Enhanced,4,"{'colsample_bytree': 0.6, 'learning_rate': 0.01, 'max_depth': 3, 'min_child_samples': 100, 'n_estimators': 1000, 'num_leaves': 62, 'subsample': 0.6}",1.95356804889964,0.973931041872234,0.411453008651733
LightGBM,Enhanced,4,"{'colsample_bytree': 0.6, 'learning_rate': 0.01, 'max_depth': 3, 'min_child_samples': 100, 'n_estimators': 1000, 'num_leaves': 62, 'subsample': 0.8}",1.95356805032628,0.973931041834159,0.416991949081421
LightGBM,Enhanced,4,"{'colsample_bytree': 0.6, 'learning_rate': 0.01, 'max_depth': 5, 'min_child_samples': 50, 'n_estimators': 500, 'num_leaves': 15, 'subsample': 0.6}",1.65912794650142,0.98119703470183,0.447461605072022
LightGBM,Enhanced,4,"{'colsample_bytree': 0.6, 'learning_rate': 0.01, 'max_depth': 5, 'min_child_samples': 50, 'n_estimators': 500, 'num_leaves': 15, 'subsample': 0.8}",1.65912794637017,0.981197034704805,0.453155279159546
LightGBM,Enhanced,4,"{'colsample_bytree': 0.6, 'learning_rate': 0.01, 'max_depth': 5, 'min_child_samples': 50, 'n_estimators': 500, 'num_leaves': 31, 'subsample': 0.6}",1.6490338783597,0.981425131697488,0.424910306930542
LightGBM,Enhanced,4,"{'colsample_bytree': 0.6, 'learning_rate': 0.01, 'max_depth': 5, 'min_child_samples': 50, 'n_estimators': 500, 'num_leaves': 31, 'subsample': 0.8}",1.64903388185112,0.981425131618833,0.475861310958862
LightGBM,Enhanced,4,"{'colsample_bytree': 0.6, 'learning_rate': 0.01, 'max_depth': 5, 'min_child_samples': 50, 'n_estimators': 500, 'num_leaves': 62, 'subsample': 0.6}",1.64903387822417,0.981425131700542,0.575052738189697
LightGBM,Enhanced,4,"{'colsample_bytree': 0.6, 'learning_rate': 0.01, 'max_depth': 5, 'min_child_samples': 50, 'n_estimators': 500, 'num_leaves': 62, 'subsample': 0.8}",1.64903388048356,0.981425131649642,0.562864780426025
LightGBM,Enhanced,4,"{'colsample_bytree': 0.6, 'learning_rate': 0.01, 'max_depth': 5, 'min_child_samples': 50, 'n_estimators': 750, 'num_leaves': 15, 'subsample': 0.6}",1.6157570459047,0.982167234277973,0.6393723487854
LightGBM,Enhanced,4,"{'colsample_bytree': 0.6, 'learning_rate': 0.01, 'max_depth': 5, 'min_child_samples': 50, 'n_estimators': 750, 'num_leaves': 15, 'subsample': 0.8}",1.61575704489027,0.982167234300365,0.491561889648438
LightGBM,Enhanced,4,"{'colsample_bytree': 0.6, 'learning_rate': 0.01, 'max_depth': 5, 'min_child_samples': 50, 'n_estimators': 750, 'num_leaves': 31, 'subsample': 0.6}",1.60519833821621,0.982399541153213,0.524871587753296
LightGBM,Enhanced,4,"{'colsample_bytree': 0.6, 'learning_rate': 0.01, 'max_depth': 5, 'min_child_samples': 50, 'n_estimators': 750, 'num_leaves': 31, 'subsample': 0.8}",1.60519999817278,0.982399504751465,0.505370855331421
LightGBM,Enhanced,4,"{'colsample_bytree': 0.6, 'learning_rate': 0.01, 'max_depth': 5, 'min_child_samples': 50, 'n_estimators': 750, 'num_leaves': 62, 'subsample': 0.6}",1.60517957686648,0.982399952574563,0.497627019882202
LightGBM,Enhanced,4,"{'colsample_bytree': 0.6, 'learning_rate': 0.01, 'max_depth': 5, 'min_child_samples': 50, 'n_estimators': 750, 'num_leaves': 62, 'subsample': 0.8}",1.60519833772987,0.982399541163878,0.527535438537598
LightGBM,Enhanced,4,"{'colsample_bytree': 0.6, 'learning_rate': 0.01, 'max_depth': 5, 'min_child_samples': 50, 'n_estimators': 1000, 'num_leaves': 15, 'subsample': 0.6}",1.56733657047013,0.983220032270621,0.630658388137817
LightGBM,Enhanced,4,"{'colsample_bytree': 0.6, 'learning_rate': 0.01, 'max_depth': 5, 'min_child_samples': 50, 'n_estimators': 1000, 'num_leaves': 15, 'subsample': 0.8}",1.5673365679957,0.983220032323603,0.642323017120361
LightGBM,Enhanced,4,"{'colsample_bytree': 0.6, 'learning_rate': 0.01, 'max_depth': 5, 'min_child_samples': 50, 'n_estimators': 1000, 'num_leaves': 31, 'subsample': 0.6}",1.5595013871756,0.983387380500598,0.627706527709961
LightGBM,Enhanced,4,"{'colsample_bytree': 0.6, 'learning_rate': 0.01, 'max_depth': 5, 'min_child_samples': 50, 'n_estimators': 1000, 'num_leaves': 31, 'subsample': 0.8}",1.55950358784156,0.983387333615289,0.617149353027344
LightGBM,Enhanced,4,"{'colsample_bytree': 0.6, 'learning_rate': 0.01, 'max_depth': 5, 'min_child_samples': 50, 'n_estimators': 1000, 'num_leaves': 62, 'subsample': 0.6}",1.55950194199954,0.983387368680049,0.607392311096191
LightGBM,Enhanced,4,"{'colsample_bytree': 0.6, 'learning_rate': 0.01, 'max_depth': 5, 'min_child_samples': 50, 'n_estimators': 1000, 'num_leaves': 62, 'subsample': 0.8}",1.55950194253658,0.983387368668608,0.592274188995361
LightGBM,Enhanced,4,"{'colsample_bytree': 0.6, 'learning_rate': 0.01, 'max_depth': 5, 'min_child_samples': 100, 'n_estimators': 500, 'num_leaves': 15, 'subsample': 0.6}",1.99349422139797,0.972854581011142,0.349004507064819
LightGBM,Enhanced,4,"{'colsample_bytree': 0.6, 'learning_rate': 0.01, 'max_depth': 5, 'min_child_samples': 100, 'n_estimators': 500, 'num_leaves': 15, 'subsample': 0.8}",1.99349437367537,0.972854576864018,0.334044218063355
LightGBM,Enhanced,4,"{'colsample_bytree': 0.6, 'learning_rate': 0.01, 'max_depth': 5, 'min_child_samples': 100, 'n_estimators': 500, 'num_leaves': 31, 'subsample': 0.6}",1.99311262631511,0.972864972380105,0.330082893371582
LightGBM,Enhanced,4,"{'colsample_bytree': 0.6, 'learning_rate': 0.01, 'max_depth': 5, 'min_child_samples': 100, 'n_estimators': 500, 'num_leaves': 31, 'subsample': 0.8}",1.99311262641234,0.972864972377458,0.337806224822998
LightGBM,Enhanced,4,"{'colsample_bytree': 0.6, 'learning_rate': 0.01, 'max_depth': 5, 'min_child_samples': 100, 'n_estimators': 500, 'num_leaves': 62, 'subsample': 0.6}",1.99311262393499,0.972864972444913,0.347731351852417
LightGBM,Enhanced,4,"{'colsample_bytree': 0.6, 'learning_rate': 0.01, 'max_depth': 5, 'min_child_samples': 100, 'n_estimators': 500, 'num_leaves': 62, 'subsample': 0.8}",1.99311262588489,0.972864972391819,0.338724851608276
LightGBM,Enhanced,4,"{'colsample_bytree': 0.6, 'learning_rate': 0.01, 'max_depth': 5, 'min_child_samples': 100, 'n_estimators': 750, 'num_leaves': 15, 'subsample': 0.6}",1.94772394137707,0.974086779387333,0.437046527862549
LightGBM,Enhanced,4,"{'colsample_bytree': 0.6, 'learning_rate': 0.01, 'max_depth': 5, 'min_child_samples': 100, 'n_estimators': 750, 'num_leaves': 15, 'subsample': 0.8}",1.94772441351951,0.974086766824225,0.432126045227051
LightGBM,Enhanced,4,"{'colsample_bytree': 0.6, 'learning_rate': 0.01, 'max_depth': 5, 'min_child_samples': 100, 'n_estimators': 750, 'num_leaves': 31, 'subsample': 0.6}",1.94549321949983,0.974146102050936,0.480876207351685
LightGBM,Enhanced,4,"{'colsample_bytree': 0.6, 'learning_rate': 0.01, 'max_depth': 5, 'min_child_samples': 100, 'n_estimators': 750, 'num_leaves': 31, 'subsample': 0.8}",1.94549321913999,0.9741461020605,0.465549468994141
LightGBM,Enhanced,4,"{'colsample_bytree': 0.6, 'learning_rate': 0.01, 'max_depth': 5, 'min_child_samples': 100, 'n_estimators': 750, 'num_leaves': 62, 'subsample': 0.6}",1.94549321913418,0.974146102060655,0.448004722595215
LightGBM,Enhanced,4,"{'colsample_bytree': 0.6, 'learning_rate': 0.01, 'max_depth': 5, 'min_child_samples': 100, 'n_estimators': 750, 'num_leaves': 62, 'subsample': 0.8}",1.9454932189067,0.974146102066701,0.4418625831604
LightGBM,Enhanced,4,"{'colsample_bytree': 0.6, 'learning_rate': 0.01, 'max_depth': 5, 'min_child_samples': 100, 'n_estimators': 1000, 'num_leaves': 15, 'subsample': 0.6}",1.90916944718233,0.975102511613199,0.538057327270508
LightGBM,Enhanced,4,"{'colsample_bytree': 0.6, 'learning_rate': 0.01, 'max_depth': 5, 'min_child_samples': 100, 'n_estimators': 1000, 'num_leaves': 15, 'subsample': 0.8}",1.90916879581725,0.975102528602107,0.541839599609375
LightGBM,Enhanced,4,"{'colsample_bytree': 0.6, 'learning_rate': 0.01, 'max_depth': 5, 'min_child_samples': 100, 'n_estimators': 1000, 'num_leaves': 31, 'subsample': 0.6}",1.91024984623325,0.975074324661016,0.536072492599487
LightGBM,Enhanced,4,"{'colsample_bytree': 0.6, 'learning_rate': 0.01, 'max_depth': 5, 'min_child_samples': 100, 'n_estimators': 1000, 'num_leaves': 31, 'subsample': 0.8}",1.91024984545982,0.9750743246812,0.535035610198975
LightGBM,Enhanced,4,"{'colsample_bytree': 0.6, 'learning_rate': 0.01, 'max_depth': 5, 'min_child_samples': 100, 'n_estimators': 1000, 'num_leaves': 62, 'subsample': 0.6}",1.91025052621771,0.975074306915615,0.539644241333008
LightGBM,Enhanced,4,"{'colsample_bytree': 0.6, 'learning_rate': 0.01, 'max_depth': 5, 'min_child_samples': 100, 'n_estimators': 1000, 'num_leaves': 62, 'subsample': 0.8}",1.91024984751398,0.975074324627593,0.53685188293457
LightGBM,Enhanced,4,"{'colsample_bytree': 0.6, 'learning_rate': 0.01, 'max_depth': 9, 'min_child_samples': 50, 'n_estimators': 500, 'num_leaves': 15, 'subsample': 0.6}",1.66793028872802,0.980996990835706,0.598650217056274
LightGBM,Enhanced,4,"{'colsample_bytree': 0.6, 'learning_rate': 0.01, 'max_depth': 9, 'min_child_samples': 50, 'n_estimators': 500, 'num_leaves': 15, 'subsample': 0.8}",1.66666031693359,0.981025917821683,0.509914636611939
LightGBM,Enhanced,4,"{'colsample_bytree': 0.6, 'learning_rate': 0.01, 'max_depth': 9, 'min_child_samples': 50, 'n_estimators': 500, 'num_leaves': 31, 'subsample': 0.6}",1.65958438428207,0.981186687622443,0.721120119094849
LightGBM,Enhanced,4,"{'colsample_bytree': 0.6, 'learning_rate': 0.01, 'max_depth': 9, 'min_child_samples': 50, 'n_estimators': 500, 'num_leaves': 31, 'subsample': 0.8}",1.65958457071198,0.981186683395645,0.678885221481323
LightGBM,Enhanced,4,"{'colsample_bytree': 0.6, 'learning_rate': 0.01, 'max_depth': 9, 'min_child_samples': 50, 'n_estimators': 500, 'num_leaves': 62, 'subsample': 0.6}",1.66042776097962,0.981167561459255,0.827964782714844
LightGBM,Enhanced,4,"{'colsample_bytree': 0.6, 'learning_rate': 0.01, 'max_depth': 9, 'min_child_samples': 50, 'n_estimators': 500, 'num_leaves': 62, 'subsample': 0.8}",1.66034946933297,0.981169337372545,0.777805328369141
LightGBM,Enhanced,4,"{'colsample_bytree': 0.6, 'learning_rate': 0.01, 'max_depth': 9, 'min_child_samples': 50, 'n_estimators': 750, 'num_leaves': 15, 'subsample': 0.6}",1.61792604950524,0.982119324482548,0.609384536743164
LightGBM,Enhanced,4,"{'colsample_bytree': 0.6, 'learning_rate': 0.01, 'max_depth': 9, 'min_child_samples': 50, 'n_estimators': 750, 'num_leaves': 15, 'subsample': 0.8}",1.6179260487144,0.982119324500028,0.683103084564209
LightGBM,Enhanced,4,"{'colsample_bytree': 0.6, 'learning_rate': 0.01, 'max_depth': 9, 'min_child_samples': 50, 'n_estimators': 750, 'num_leaves': 31, 'subsample': 0.6}",1.62025941140763,0.982067712515847,0.846981763839722
LightGBM,Enhanced,4,"{'colsample_bytree': 0.6, 'learning_rate': 0.01, 'max_depth': 9, 'min_child_samples': 50, 'n_estimators': 750, 'num_leaves': 31, 'subsample': 0.8}",1.62023123023614,0.982068336302964,0.864812612533569
LightGBM,Enhanced,4,"{'colsample_bytree': 0.6, 'learning_rate': 0.01, 'max_depth': 9, 'min_child_samples': 50, 'n_estimators': 750, 'num_leaves': 62, 'subsample': 0.6}",1.61374325681506,0.982211658097931,1.0275936126709
LightGBM,Enhanced,4,"{'colsample_bytree': 0.6, 'learning_rate': 0.01, 'max_depth': 9, 'min_child_samples': 50, 'n_estimators': 750, 'num_leaves': 62, 'subsample': 0.8}",1.61369267837203,0.982212773135945,1.06412720680237
LightGBM,Enhanced,4,"{'colsample_bytree': 0.6, 'learning_rate': 0.01, 'max_depth': 9, 'min_child_samples': 50, 'n_estimators': 1000, 'num_leaves': 15, 'subsample': 0.6}",1.58039597632892,0.982939238265943,0.846889495849609
LightGBM,Enhanced,4,"{'colsample_bytree': 0.6, 'learning_rate': 0.01, 'max_depth': 9, 'min_child_samples': 50, 'n_estimators': 1000, 'num_leaves': 15, 'subsample': 0.8}",1.58636911457326,0.982810031575531,0.83806586265564
LightGBM,Enhanced,4,"{'colsample_bytree': 0.6, 'learning_rate': 0.01, 'max_depth': 9, 'min_child_samples': 50, 'n_estimators': 1000, 'num_leaves': 31, 'subsample': 0.6}",1.58188987370226,0.982906969045372,1.09912014007568
LightGBM,Enhanced,4,"{'colsample_bytree': 0.6, 'learning_rate': 0.01, 'max_depth': 9, 'min_child_samples': 50, 'n_estimators': 1000, 'num_leaves': 31, 'subsample': 0.8}",1.5817549593444,0.982909884541569,1.14820289611816
LightGBM,Enhanced,4,"{'colsample_bytree': 0.6, 'learning_rate': 0.01, 'max_depth': 9, 'min_child_samples': 50, 'n_estimators': 1000, 'num_leaves': 62, 'subsample': 0.6}",1.57598409377518,0.983034360013948,1.198317527771
LightGBM,Enhanced,4,"{'colsample_bytree': 0.6, 'learning_rate': 0.01, 'max_depth': 9, 'min_child_samples': 50, 'n_estimators': 1000, 'num_leaves': 62, 'subsample': 0.8}",1.57595897503136,0.98303490082165,1.11546516418457
LightGBM,Enhanced,4,"{'colsample_bytree': 0.6, 'learning_rate': 0.01, 'max_depth': 9, 'min_child_samples': 100, 'n_estimators': 500, 'num_leaves': 15, 'subsample': 0.6}",1.98828106604935,0.972996370488225,0.48519778251648
LightGBM,Enhanced,4,"{'colsample_bytree': 0.6, 'learning_rate': 0.01, 'max_depth': 9, 'min_child_samples': 100, 'n_estimators': 500, 'num_leaves': 15, 'subsample': 0.8}",1.98827520860549,0.972996529592502,0.487842321395874
LightGBM,Enhanced,4,"{'colsample_bytree': 0.6, 'learning_rate': 0.01, 'max_depth': 9, 'min_child_samples': 100, 'n_estimators': 500, 'num_leaves': 31, 'subsample': 0.6}",1.98440190891702,0.973101636427074,0.645842790603638
LightGBM,Enhanced,4,"{'colsample_bytree': 0.6, 'learning_rate': 0.01, 'max_depth': 9, 'min_child_samples': 100, 'n_estimators': 500, 'num_leaves': 31, 'subsample': 0.8}",1.98440797455402,0.973101471988653,0.605160713195801
LightGBM,Enhanced,4,"{'colsample_bytree': 0.6, 'learning_rate': 0.01, 'max_depth': 9, 'min_child_samples': 100, 'n_estimators': 500, 'num_leaves': 62, 'subsample': 0.6}",1.98444047356411,0.973100590937274,0.634751319885254
LightGBM,Enhanced,4,"{'colsample_bytree': 0.6, 'learning_rate': 0.01, 'max_depth': 9, 'min_child_samples': 100, 'n_estimators': 500, 'num_leaves': 62, 'subsample': 0.8}",1.9844147211085,0.97310128909008,0.699152231216431
LightGBM,Enhanced,4,"{'colsample_bytree': 0.6, 'learning_rate': 0.01, 'max_depth': 9, 'min_child_samples': 100, 'n_estimators': 750, 'num_leaves': 15, 'subsample': 0.6}",1.93796704347285,0.974345747688302,0.7907874584198
LightGBM,Enhanced,4,"{'colsample_bytree': 0.6, 'learning_rate': 0.01, 'max_depth': 9, 'min_child_samples': 100, 'n_estimators': 750, 'num_leaves': 15, 'subsample': 0.8}",1.93793806592516,0.974346514875509,0.723306894302368
LightGBM,Enhanced,4,"{'colsample_bytree': 0.6, 'learning_rate': 0.01, 'max_depth': 9, 'min_child_samples': 100, 'n_estimators': 750, 'num_leaves': 31, 'subsample': 0.6}",1.93783978056713,0.974349116917418,0.845234632492065
LightGBM,Enhanced,4,"{'colsample_bytree': 0.6, 'learning_rate': 0.01, 'max_depth': 9, 'min_child_samples': 100, 'n_estimators': 750, 'num_leaves': 31, 'subsample': 0.8}",1.93784707799198,0.974348923727305,0.890805721282959
LightGBM,Enhanced,4,"{'colsample_bytree': 0.6, 'learning_rate': 0.01, 'max_depth': 9, 'min_child_samples': 100, 'n_estimators': 750, 'num_leaves': 62, 'subsample': 0.6}",1.9378727311225,0.974348244587273,0.754629611968994
LightGBM,Enhanced,4,"{'colsample_bytree': 0.6, 'learning_rate': 0.01, 'max_depth': 9, 'min_child_samples': 100, 'n_estimators': 750, 'num_leaves': 62, 'subsample': 0.8}",1.93786967752323,0.974348325428619,0.754467964172363
LightGBM,Enhanced,4,"{'colsample_bytree': 0.6, 'learning_rate': 0.01, 'max_depth': 9, 'min_child_samples': 100, 'n_estimators': 1000, 'num_leaves': 15, 'subsample': 0.6}",1.90000873567315,0.975340868158321,0.827469110488892
LightGBM,Enhanced,4,"{'colsample_bytree': 0.6, 'learning_rate': 0.01, 'max_depth': 9, 'min_child_samples': 100, 'n_estimators': 1000, 'num_leaves': 15, 'subsample': 0.8}",1.90000857698981,0.975340872277243,0.974834442138672
LightGBM,Enhanced,4,"{'colsample_bytree': 0.6, 'learning_rate': 0.01, 'max_depth': 9, 'min_child_samples': 100, 'n_estimators': 1000, 'num_leaves': 31, 'subsample': 0.6}",1.8989904580154,0.975367292367793,1.16174936294556
LightGBM,Enhanced,4,"{'colsample_bytree': 0.6, 'learning_rate': 0.01, 'max_depth': 9, 'min_child_samples': 100, 'n_estimators': 1000, 'num_leaves': 31, 'subsample': 0.8}",1.89899328297572,0.975367219079934,1.10713911056519
LightGBM,Enhanced,4,"{'colsample_bytree': 0.6, 'learning_rate': 0.01, 'max_depth': 9, 'min_child_samples': 100, 'n_estimators': 1000, 'num_leaves': 62, 'subsample': 0.6}",1.8990067303736,0.975366870213003,1.22623229026794
LightGBM,Enhanced,4,"{'colsample_bytree': 0.6, 'learning_rate': 0.01, 'max_depth': 9, 'min_child_samples': 100, 'n_estimators': 1000, 'num_leaves': 62, 'subsample': 0.8}",1.89899434706952,0.975367191474152,1.13898372650146
LightGBM,Enhanced,4,"{'colsample_bytree': 0.6, 'learning_rate': 0.05, 'max_depth': 3, 'min_child_samples': 50, 'n_estimators': 500, 'num_leaves': 15, 'subsample': 0.6}",1.52309349890689,0.984153997650312,0.221736907958984
LightGBM,Enhanced,4,"{'colsample_bytree': 0.6, 'learning_rate': 0.05, 'max_depth': 3, 'min_child_samples': 50, 'n_estimators': 500, 'num_leaves': 15, 'subsample': 0.8}",1.52309350527411,0.984153997517825,0.198358774185181
LightGBM,Enhanced,4,"{'colsample_bytree': 0.6, 'learning_rate': 0.05, 'max_depth': 3, 'min_child_samples': 50, 'n_estimators': 500, 'num_leaves': 31, 'subsample': 0.6}",1.52309350614327,0.98415399749974,0.198932886123657
LightGBM,Enhanced,4,"{'colsample_bytree': 0.6, 'learning_rate': 0.05, 'max_depth': 3, 'min_child_samples': 50, 'n_estimators': 500, 'num_leaves': 31, 'subsample': 0.8}",1.52309350434513,0.984153997537155,0.215799570083618
LightGBM,Enhanced,4,"{'colsample_bytree': 0.6, 'learning_rate': 0.05, 'max_depth': 3, 'min_child_samples': 50, 'n_estimators': 500, 'num_leaves': 62, 'subsample': 0.6}",1.52309349580618,0.984153997714831,0.249099254608154
LightGBM,Enhanced,4,"{'colsample_bytree': 0.6, 'learning_rate': 0.05, 'max_depth': 3, 'min_child_samples': 50, 'n_estimators': 500, 'num_leaves': 62, 'subsample': 0.8}",1.52309349356504,0.984153997761464,0.20586633682251
LightGBM,Enhanced,4,"{'colsample_bytree': 0.6, 'learning_rate': 0.05, 'max_depth': 3, 'min_child_samples': 50, 'n_estimators': 750, 'num_leaves': 15, 'subsample': 0.6}",1.52309349516318,0.98415399772821,0.222194910049438
LightGBM,Enhanced,4,"{'colsample_bytree': 0.6, 'learning_rate': 0.05, 'max_depth': 3, 'min_child_samples': 50, 'n_estimators': 750, 'num_leaves': 15, 'subsample': 0.8}",1.52309350244699,0.984153997576651,0.235624551773071
LightGBM,Enhanced,4,"{'colsample_bytree': 0.6, 'learning_rate': 0.05, 'max_depth': 3, 'min_child_samples': 50, 'n_estimators': 750, 'num_leaves': 31, 'subsample': 0.6}",1.52309349828516,0.984153997663249,0.255385637283325
LightGBM,Enhanced,4,"{'colsample_bytree': 0.6, 'learning_rate': 0.05, 'max_depth': 3, 'min_child_samples': 50, 'n_estimators': 750, 'num_leaves': 31, 'subsample': 0.8}",1.52309349232597,0.984153997787246,0.200529098510742
LightGBM,Enhanced,4,"{'colsample_bytree': 0.6, 'learning_rate': 0.05, 'max_depth': 3, 'min_child_samples': 50, 'n_estimators': 750, 'num_leaves': 62, 'subsample': 0.6}",1.52309350397073,0.984153997544946,0.194535255432129
LightGBM,Enhanced,4,"{'colsample_bytree': 0.6, 'learning_rate': 0.05, 'max_depth': 3, 'min_child_samples': 50, 'n_estimators': 750, 'num_leaves': 62, 'subsample': 0.8}",1.52309349366691,0.984153997759344,0.225913047790527
LightGBM,Enhanced,4,"{'colsample_bytree': 0.6, 'learning_rate': 0.05, 'max_depth': 3, 'min_child_samples': 50, 'n_estimators': 1000, 'num_leaves': 15, 'subsample': 0.6}",1.52309349465514,0.984153997738781,0.247508764266968
LightGBM,Enhanced,4,"{'colsample_bytree': 0.6, 'learning_rate': 0.05, 'max_depth': 3, 'min_child_samples': 50, 'n_estimators': 1000, 'num_leaves': 15, 'subsample': 0.8}",1.52309350842097,0.984153997452347,0.223164796829224
LightGBM,Enhanced,4,"{'colsample_bytree': 0.6, 'learning_rate': 0.05, 'max_depth': 3, 'min_child_samples': 50, 'n_estimators': 1000, 'num_leaves': 31, 'subsample': 0.6}",1.52309350170363,0.984153997592119,0.245132684707642
LightGBM,Enhanced,4,"{'colsample_bytree': 0.6, 'learning_rate': 0.05, 'max_depth': 3, 'min_child_samples': 50, 'n_estimators': 1000, 'num_leaves': 31, 'subsample': 0.8}",1.52309349811162,0.98415399766686,0.208214044570923
LightGBM,Enhanced,4,"{'colsample_bytree': 0.6, 'learning_rate': 0.05, 'max_depth': 3, 'min_child_samples': 50, 'n_estimators': 1000, 'num_leaves': 62, 'subsample': 0.6}",1.52309348985666,0.984153997838627,0.195477724075317
LightGBM,Enhanced,4,"{'colsample_bytree': 0.6, 'learning_rate': 0.05, 'max_depth': 3, 'min_child_samples': 50, 'n_estimators': 1000, 'num_leaves': 62, 'subsample': 0.8}",1.52309349288962,0.984153997775518,0.192572116851807
LightGBM,Enhanced,4,"{'colsample_bytree': 0.6, 'learning_rate': 0.05, 'max_depth': 3, 'min_child_samples': 100, 'n_estimators': 500, 'num_leaves': 15, 'subsample': 0.6}",1.93677107518289,0.974377401688977,0.185347557067871
LightGBM,Enhanced,4,"{'colsample_bytree': 0.6, 'learning_rate': 0.05, 'max_depth': 3, 'min_child_samples': 100, 'n_estimators': 500, 'num_leaves': 15, 'subsample': 0.8}",1.93747913466051,0.974358663656266,0.218280792236328
LightGBM,Enhanced,4,"{'colsample_bytree': 0.6, 'learning_rate': 0.05, 'max_depth': 3, 'min_child_samples': 100, 'n_estimators': 500, 'num_leaves': 31, 'subsample': 0.6}",1.93677107896507,0.974377401588904,0.210515737533569
LightGBM,Enhanced,4,"{'colsample_bytree': 0.6, 'learning_rate': 0.05, 'max_depth': 3, 'min_child_samples': 100, 'n_estimators': 500, 'num_leaves': 31, 'subsample': 0.8}",1.9374791351811,0.974358663642487,0.19721531867981
LightGBM,Enhanced,4,"{'colsample_bytree': 0.6, 'learning_rate': 0.05, 'max_depth': 3, 'min_child_samples': 100, 'n_estimators': 500, 'num_leaves': 62, 'subsample': 0.6}",1.93747913012133,0.974358663776413,0.185323715209961
LightGBM,Enhanced,4,"{'colsample_bytree': 0.6, 'learning_rate': 0.05, 'max_depth': 3, 'min_child_samples': 100, 'n_estimators': 500, 'num_leaves': 62, 'subsample': 0.8}",1.937479133328,0.974358663691536,0.19694185256958
LightGBM,Enhanced,4,"{'colsample_bytree': 0.6, 'learning_rate': 0.05, 'max_depth': 3, 'min_child_samples': 100, 'n_estimators': 750, 'num_leaves': 15, 'subsample': 0.6}",1.93677107791143,0.974377401616782,0.204158306121826
LightGBM,Enhanced,4,"{'colsample_bytree': 0.6, 'learning_rate': 0.05, 'max_depth': 3, 'min_child_samples': 100, 'n_estimators': 750, 'num_leaves': 15, 'subsample': 0.8}",1.93747913440071,0.974358663663143,0.193990468978882
LightGBM,Enhanced,4,"{'colsample_bytree': 0.6, 'learning_rate': 0.05, 'max_depth': 3, 'min_child_samples': 100, 'n_estimators': 750, 'num_leaves': 31, 'subsample': 0.6}",1.93677107501051,0.974377401693537,0.192748308181763
LightGBM,Enhanced,4,"{'colsample_bytree': 0.6, 'learning_rate': 0.05, 'max_depth': 3, 'min_child_samples': 100, 'n_estimators': 750, 'num_leaves': 31, 'subsample': 0.8}",1.93718485803795,0.974366452202405,0.188655138015747
LightGBM,Enhanced,4,"{'colsample_bytree': 0.6, 'learning_rate': 0.05, 'max_depth': 3, 'min_child_samples': 100, 'n_estimators': 750, 'num_leaves': 62, 'subsample': 0.6}",1.93677108314818,0.974377401478222,0.204027891159058
LightGBM,Enhanced,4,"{'colsample_bytree': 0.6, 'learning_rate': 0.05, 'max_depth': 3, 'min_child_samples': 100, 'n_estimators': 750, 'num_leaves': 62, 'subsample': 0.8}",1.93747913580485,0.974358663625977,0.186463832855225
LightGBM,Enhanced,4,"{'colsample_bytree': 0.6, 'learning_rate': 0.05, 'max_depth': 3, 'min_child_samples': 100, 'n_estimators': 1000, 'num_leaves': 15, 'subsample': 0.6}",1.93747913647306,0.97435866360829,0.18190860748291
LightGBM,Enhanced,4,"{'colsample_bytree': 0.6, 'learning_rate': 0.05, 'max_depth': 3, 'min_child_samples': 100, 'n_estimators': 1000, 'num_leaves': 15, 'subsample': 0.8}",1.93747913388281,0.974358663676851,0.190735340118408
LightGBM,Enhanced,4,"{'colsample_bytree': 0.6, 'learning_rate': 0.05, 'max_depth': 3, 'min_child_samples': 100, 'n_estimators': 1000, 'num_leaves': 31, 'subsample': 0.6}",1.93747914517362,0.974358663377997,0.224182844161987
LightGBM,Enhanced,4,"{'colsample_bytree': 0.6, 'learning_rate': 0.05, 'max_depth': 3, 'min_child_samples': 100, 'n_estimators': 1000, 'num_leaves': 31, 'subsample': 0.8}",1.93789462681568,0.974347664914387,0.208534002304077
LightGBM,Enhanced,4,"{'colsample_bytree': 0.6, 'learning_rate': 0.05, 'max_depth': 3, 'min_child_samples': 100, 'n_estimators': 1000, 'num_leaves': 62, 'subsample': 0.6}",1.93718486037203,0.974366452140634,0.217930555343628
LightGBM,Enhanced,4,"{'colsample_bytree': 0.6, 'learning_rate': 0.05, 'max_depth': 3, 'min_child_samples': 100, 'n_estimators': 1000, 'num_leaves': 62, 'subsample': 0.8}",1.93789462882207,0.974347664861269,0.208453893661499
LightGBM,Enhanced,4,"{'colsample_bytree': 0.6, 'learning_rate': 0.05, 'max_depth': 5, 'min_child_samples': 50, 'n_estimators': 500, 'num_leaves': 15, 'subsample': 0.6}",1.55705498408437,0.983439460334525,0.343109130859375
LightGBM,Enhanced,4,"{'colsample_bytree': 0.6, 'learning_rate': 0.05, 'max_depth': 5, 'min_child_samples': 50, 'n_estimators': 500, 'num_leaves': 15, 'subsample': 0.8}",1.55663422159304,0.983448409424328,0.247892618179321
LightGBM,Enhanced,4,"{'colsample_bytree': 0.6, 'learning_rate': 0.05, 'max_depth': 5, 'min_child_samples': 50, 'n_estimators': 500, 'num_leaves': 31, 'subsample': 0.6}",1.59399719567624,0.982644317639276,0.257889032363892
LightGBM,Enhanced,4,"{'colsample_bytree': 0.6, 'learning_rate': 0.05, 'max_depth': 5, 'min_child_samples': 50, 'n_estimators': 500, 'num_leaves': 31, 'subsample': 0.8}",1.59315431029274,0.982662667713225,0.246731519699097
LightGBM,Enhanced,4,"{'colsample_bytree': 0.6, 'learning_rate': 0.05, 'max_depth': 5, 'min_child_samples': 50, 'n_estimators': 500, 'num_leaves': 62, 'subsample': 0.6}",1.59399719881956,0.982644317570826,0.250143051147461
LightGBM,Enhanced,4,"{'colsample_bytree': 0.6, 'learning_rate': 0.05, 'max_depth': 5, 'min_child_samples': 50, 'n_estimators': 500, 'num_leaves': 62, 'subsample': 0.8}",1.59315431660987,0.982662667575734,0.248945474624634
LightGBM,Enhanced,4,"{'colsample_bytree': 0.6, 'learning_rate': 0.05, 'max_depth': 5, 'min_child_samples': 50, 'n_estimators': 750, 'num_leaves': 15, 'subsample': 0.6}",1.556634226818,0.983448409313214,0.245073795318604
LightGBM,Enhanced,4,"{'colsample_bytree': 0.6, 'learning_rate': 0.05, 'max_depth': 5, 'min_child_samples': 50, 'n_estimators': 750, 'num_leaves': 15, 'subsample': 0.8}",1.55705498560462,0.983439460302187,0.253086090087891
LightGBM,Enhanced,4,"{'colsample_bytree': 0.6, 'learning_rate': 0.05, 'max_depth': 5, 'min_child_samples': 50, 'n_estimators': 750, 'num_leaves': 31, 'subsample': 0.6}",1.59355935333121,0.98265385091703,0.275677442550659
LightGBM,Enhanced,4,"{'colsample_bytree': 0.6, 'learning_rate': 0.05, 'max_depth': 5, 'min_child_samples': 50, 'n_estimators': 750, 'num_leaves': 31, 'subsample': 0.8}",1.59399719327331,0.982644317691603,0.276127815246582
LightGBM,Enhanced,4,"{'colsample_bytree': 0.6, 'learning_rate': 0.05, 'max_depth': 5, 'min_child_samples': 50, 'n_estimators': 750, 'num_leaves': 62, 'subsample': 0.6}",1.5935883500579,0.982653219643248,0.267589330673218
LightGBM,Enhanced,4,"{'colsample_bytree': 0.6, 'learning_rate': 0.05, 'max_depth': 5, 'min_child_samples': 50, 'n_estimators': 750, 'num_leaves': 62, 'subsample': 0.8}",1.5931543100234,0.982662667719087,0.268323421478272
LightGBM,Enhanced,4,"{'colsample_bytree': 0.6, 'learning_rate': 0.05, 'max_depth': 5, 'min_child_samples': 50, 'n_estimators': 1000, 'num_leaves': 15, 'subsample': 0.6}",1.55663422102152,0.983448409436482,0.266801595687866
LightGBM,Enhanced,4,"{'colsample_bytree': 0.6, 'learning_rate': 0.05, 'max_depth': 5, 'min_child_samples': 50, 'n_estimators': 1000, 'num_leaves': 15, 'subsample': 0.8}",1.55663422416449,0.983448409369644,0.272072553634644
LightGBM,Enhanced,4,"{'colsample_bytree': 0.6, 'learning_rate': 0.05, 'max_depth': 5, 'min_child_samples': 50, 'n_estimators': 1000, 'num_leaves': 31, 'subsample': 0.6}",1.59399719271357,0.982644317703792,0.274525880813599
LightGBM,Enhanced,4,"{'colsample_bytree': 0.6, 'learning_rate': 0.05, 'max_depth': 5, 'min_child_samples': 50, 'n_estimators': 1000, 'num_leaves': 31, 'subsample': 0.8}",1.59358834665704,0.982653219717287,0.270857810974121
LightGBM,Enhanced,4,"{'colsample_bytree': 0.6, 'learning_rate': 0.05, 'max_depth': 5, 'min_child_samples': 50, 'n_estimators': 1000, 'num_leaves': 62, 'subsample': 0.6}",1.59315431660679,0.982662667575801,0.272996187210083
LightGBM,Enhanced,4,"{'colsample_bytree': 0.6, 'learning_rate': 0.05, 'max_depth': 5, 'min_child_samples': 50, 'n_estimators': 1000, 'num_leaves': 62, 'subsample': 0.8}",1.59358834631342,0.982653219724768,0.276825904846191
LightGBM,Enhanced,4,"{'colsample_bytree': 0.6, 'learning_rate': 0.05, 'max_depth': 5, 'min_child_samples': 100, 'n_estimators': 500, 'num_leaves': 15, 'subsample': 0.6}",1.8969907442443,0.975419143527907,0.268993616104126
LightGBM,Enhanced,4,"{'colsample_bytree': 0.6, 'learning_rate': 0.05, 'max_depth': 5, 'min_child_samples': 100, 'n_estimators': 500, 'num_leaves': 15, 'subsample': 0.8}",1.89529624684487,0.975463037884764,0.257920026779175
LightGBM,Enhanced,4,"{'colsample_bytree': 0.6, 'learning_rate': 0.05, 'max_depth': 5, 'min_child_samples': 100, 'n_estimators': 500, 'num_leaves': 31, 'subsample': 0.6}",1.91403364644566,0.974975481901121,0.217427968978882
LightGBM,Enhanced,4,"{'colsample_bytree': 0.6, 'learning_rate': 0.05, 'max_depth': 5, 'min_child_samples': 100, 'n_estimators': 500, 'num_leaves': 31, 'subsample': 0.8}",1.91318188199046,0.97499774927596,0.218235015869141
LightGBM,Enhanced,4,"{'colsample_bytree': 0.6, 'learning_rate': 0.05, 'max_depth': 5, 'min_child_samples': 100, 'n_estimators': 500, 'num_leaves': 62, 'subsample': 0.6}",1.9140336526254,0.97497548173953,0.281007289886475
LightGBM,Enhanced,4,"{'colsample_bytree': 0.6, 'learning_rate': 0.05, 'max_depth': 5, 'min_child_samples': 100, 'n_estimators': 500, 'num_leaves': 62, 'subsample': 0.8}",1.9140336474094,0.97497548187592,0.247811317443848
LightGBM,Enhanced,4,"{'colsample_bytree': 0.6, 'learning_rate': 0.05, 'max_depth': 5, 'min_child_samples': 100, 'n_estimators': 750, 'num_leaves': 15, 'subsample': 0.6}",1.89627917734064,0.975437580774934,0.293191909790039
LightGBM,Enhanced,4,"{'colsample_bytree': 0.6, 'learning_rate': 0.05, 'max_depth': 5, 'min_child_samples': 100, 'n_estimators': 750, 'num_leaves': 15, 'subsample': 0.8}",1.89616815883979,0.97544045672608,0.297978162765503
LightGBM,Enhanced,4,"{'colsample_bytree': 0.6, 'learning_rate': 0.05, 'max_depth': 5, 'min_child_samples': 100, 'n_estimators': 750, 'num_leaves': 31, 'subsample': 0.6}",1.91318189097998,0.974997749041003,0.240374565124512
LightGBM,Enhanced,4,"{'colsample_bytree': 0.6, 'learning_rate': 0.05, 'max_depth': 5, 'min_child_samples': 100, 'n_estimators': 750, 'num_leaves': 31, 'subsample': 0.8}",1.91318188206332,0.974997749274056,0.229921817779541
LightGBM,Enhanced,4,"{'colsample_bytree': 0.6, 'learning_rate': 0.05, 'max_depth': 5, 'min_child_samples': 100, 'n_estimators': 750, 'num_leaves': 62, 'subsample': 0.6}",1.91403365054172,0.974975481794015,0.234374523162842
LightGBM,Enhanced,4,"{'colsample_bytree': 0.6, 'learning_rate': 0.05, 'max_depth': 5, 'min_child_samples': 100, 'n_estimators': 750, 'num_leaves': 62, 'subsample': 0.8}",1.9140336506464,0.974975481791278,0.234531164169312
LightGBM,Enhanced,4,"{'colsample_bytree': 0.6, 'learning_rate': 0.05, 'max_depth': 5, 'min_child_samples': 100, 'n_estimators': 1000, 'num_leaves': 15, 'subsample': 0.6}",1.89528433103194,0.975463346413767,0.291057109832764
LightGBM,Enhanced,4,"{'colsample_bytree': 0.6, 'learning_rate': 0.05, 'max_depth': 5, 'min_child_samples': 100, 'n_estimators': 1000, 'num_leaves': 15, 'subsample': 0.8}",1.89705880527041,0.975417379651798,0.283413171768189
LightGBM,Enhanced,4,"{'colsample_bytree': 0.6, 'learning_rate': 0.05, 'max_depth': 5, 'min_child_samples': 100, 'n_estimators': 1000, 'num_leaves': 31, 'subsample': 0.6}",1.91318187371373,0.974997749492288,0.231357097625732
LightGBM,Enhanced,4,"{'colsample_bytree': 0.6, 'learning_rate': 0.05, 'max_depth': 5, 'min_child_samples': 100, 'n_estimators': 1000, 'num_leaves': 31, 'subsample': 0.8}",1.91318188059673,0.974997749312388,0.255076885223389
LightGBM,Enhanced,4,"{'colsample_bytree': 0.6, 'learning_rate': 0.05, 'max_depth': 5, 'min_child_samples': 100, 'n_estimators': 1000, 'num_leaves': 62, 'subsample': 0.6}",1.91403365222143,0.974975481750093,0.23701024055481
LightGBM,Enhanced,4,"{'colsample_bytree': 0.6, 'learning_rate': 0.05, 'max_depth': 5, 'min_child_samples': 100, 'n_estimators': 1000, 'num_leaves': 62, 'subsample': 0.8}",1.91318189428796,0.974997748954542,0.24386739730835
LightGBM,Enhanced,4,"{'colsample_bytree': 0.6, 'learning_rate': 0.05, 'max_depth': 9, 'min_child_samples': 50, 'n_estimators': 500, 'num_leaves': 15, 'subsample': 0.6}",1.54638161842052,0.983665721934333,0.474186658859253
LightGBM,Enhanced,4,"{'colsample_bytree': 0.6, 'learning_rate': 0.05, 'max_depth': 9, 'min_child_samples': 50, 'n_estimators': 500, 'num_leaves': 15, 'subsample': 0.8}",1.54689249446885,0.983654927483908,0.469292402267456
LightGBM,Enhanced,4,"{'colsample_bytree': 0.6, 'learning_rate': 0.05, 'max_depth': 9, 'min_child_samples': 50, 'n_estimators': 500, 'num_leaves': 31, 'subsample': 0.6}",1.56737879239979,0.983219128199123,0.4519362449646
LightGBM,Enhanced,4,"{'colsample_bytree': 0.6, 'learning_rate': 0.05, 'max_depth': 9, 'min_child_samples': 50, 'n_estimators': 500, 'num_leaves': 31, 'subsample': 0.8}",1.56643939011527,0.983239237269554,0.517163515090942
LightGBM,Enhanced,4,"{'colsample_bytree': 0.6, 'learning_rate': 0.05, 'max_depth': 9, 'min_child_samples': 50, 'n_estimators': 500, 'num_leaves': 62, 'subsample': 0.6}",1.54161858844515,0.98376618981073,0.569865942001343
LightGBM,Enhanced,4,"{'colsample_bytree': 0.6, 'learning_rate': 0.05, 'max_depth': 9, 'min_child_samples': 50, 'n_estimators': 500, 'num_leaves': 62, 'subsample': 0.8}",1.54152632751007,0.98376813283568,0.62631893157959
LightGBM,Enhanced,4,"{'colsample_bytree': 0.6, 'learning_rate': 0.05, 'max_depth': 9, 'min_child_samples': 50, 'n_estimators': 750, 'num_leaves': 15, 'subsample': 0.6}",1.54711246550131,0.983650278553062,0.418972492218018
LightGBM,Enhanced,4,"{'colsample_bytree': 0.6, 'learning_rate': 0.05, 'max_depth': 9, 'min_child_samples': 50, 'n_estimators': 750, 'num_leaves': 15, 'subsample': 0.8}",1.54737007251658,0.983644833372203,0.406975507736206
LightGBM,Enhanced,4,"{'colsample_bytree': 0.6, 'learning_rate': 0.05, 'max_depth': 9, 'min_child_samples': 50, 'n_estimators': 750, 'num_leaves': 31, 'subsample': 0.6}",1.56731529216409,0.983220487880311,0.440151214599609
LightGBM,Enhanced,4,"{'colsample_bytree': 0.6, 'learning_rate': 0.05, 'max_depth': 9, 'min_child_samples': 50, 'n_estimators': 750, 'num_leaves': 31, 'subsample': 0.8}",1.56648300927874,0.983238303814186,0.445343017578125
LightGBM,Enhanced,4,"{'colsample_bytree': 0.6, 'learning_rate': 0.05, 'max_depth': 9, 'min_child_samples': 50, 'n_estimators': 750, 'num_leaves': 62, 'subsample': 0.6}",1.53594733295517,0.983885410921597,0.640573263168335
LightGBM,Enhanced,4,"{'colsample_bytree': 0.6, 'learning_rate': 0.05, 'max_depth': 9, 'min_child_samples': 50, 'n_estimators': 750, 'num_leaves': 62, 'subsample': 0.8}",1.53442815931042,0.983917272368593,0.613673210144043
LightGBM,Enhanced,4,"{'colsample_bytree': 0.6, 'learning_rate': 0.05, 'max_depth': 9, 'min_child_samples': 50, 'n_estimators': 1000, 'num_leaves': 15, 'subsample': 0.6}",1.5459173709209,0.983675528064167,0.42487359046936
LightGBM,Enhanced,4,"{'colsample_bytree': 0.6, 'learning_rate': 0.05, 'max_depth': 9, 'min_child_samples': 50, 'n_estimators': 1000, 'num_leaves': 15, 'subsample': 0.8}",1.54596119037412,0.983674602607754,0.410408020019531
LightGBM,Enhanced,4,"{'colsample_bytree': 0.6, 'learning_rate': 0.05, 'max_depth': 9, 'min_child_samples': 50, 'n_estimators': 1000, 'num_leaves': 31, 'subsample': 0.6}",1.56745865004697,0.983217418191199,0.44509744644165
LightGBM,Enhanced,4,"{'colsample_bytree': 0.6, 'learning_rate': 0.05, 'max_depth': 9, 'min_child_samples': 50, 'n_estimators': 1000, 'num_leaves': 31, 'subsample': 0.8}",1.56646245983153,0.983238743578077,0.427089691162109
LightGBM,Enhanced,4,"{'colsample_bytree': 0.6, 'learning_rate': 0.05, 'max_depth': 9, 'min_child_samples': 50, 'n_estimators': 1000, 'num_leaves': 62, 'subsample': 0.6}",1.5348034498043,0.98390940437834,0.633055448532105
LightGBM,Enhanced,4,"{'colsample_bytree': 0.6, 'learning_rate': 0.05, 'max_depth': 9, 'min_child_samples': 50, 'n_estimators': 1000, 'num_leaves': 62, 'subsample': 0.8}",1.53516171407066,0.983901891548926,0.61479926109314
LightGBM,Enhanced,4,"{'colsample_bytree': 0.6, 'learning_rate': 0.05, 'max_depth': 9, 'min_child_samples': 100, 'n_estimators': 500, 'num_leaves': 15, 'subsample': 0.6}",1.89176219532984,0.97555445793808,0.313534736633301
LightGBM,Enhanced,4,"{'colsample_bytree': 0.6, 'learning_rate': 0.05, 'max_depth': 9, 'min_child_samples': 100, 'n_estimators': 500, 'num_leaves': 15, 'subsample': 0.8}",1.89176268116722,0.975554445381999,0.312519073486328
LightGBM,Enhanced,4,"{'colsample_bytree': 0.6, 'learning_rate': 0.05, 'max_depth': 9, 'min_child_samples': 100, 'n_estimators': 500, 'num_leaves': 31, 'subsample': 0.6}",1.88903644749397,0.975624851965259,0.33809757232666
LightGBM,Enhanced,4,"{'colsample_bytree': 0.6, 'learning_rate': 0.05, 'max_depth': 9, 'min_child_samples': 100, 'n_estimators': 500, 'num_leaves': 31, 'subsample': 0.8}",1.88903645699702,0.975624851720014,0.330687522888184
LightGBM,Enhanced,4,"{'colsample_bytree': 0.6, 'learning_rate': 0.05, 'max_depth': 9, 'min_child_samples': 100, 'n_estimators': 500, 'num_leaves': 62, 'subsample': 0.6}",1.88903445402336,0.975624903410657,0.339511394500732
LightGBM,Enhanced,4,"{'colsample_bytree': 0.6, 'learning_rate': 0.05, 'max_depth': 9, 'min_child_samples': 100, 'n_estimators': 500, 'num_leaves': 62, 'subsample': 0.8}",1.88903444404815,0.975624903668086,0.342605590820313
LightGBM,Enhanced,4,"{'colsample_bytree': 0.6, 'learning_rate': 0.05, 'max_depth': 9, 'min_child_samples': 100, 'n_estimators': 750, 'num_leaves': 15, 'subsample': 0.6}",1.89176218852852,0.975554458113855,0.32235050201416
LightGBM,Enhanced,4,"{'colsample_bytree': 0.6, 'learning_rate': 0.05, 'max_depth': 9, 'min_child_samples': 100, 'n_estimators': 750, 'num_leaves': 15, 'subsample': 0.8}",1.89261309838181,0.975532462082119,0.303803205490112
LightGBM,Enhanced,4,"{'colsample_bytree': 0.6, 'learning_rate': 0.05, 'max_depth': 9, 'min_child_samples': 100, 'n_estimators': 750, 'num_leaves': 31, 'subsample': 0.6}",1.88903625188353,0.97562485701337,0.330963850021362
LightGBM,Enhanced,4,"{'colsample_bytree': 0.6, 'learning_rate': 0.05, 'max_depth': 9, 'min_child_samples': 100, 'n_estimators': 750, 'num_leaves': 31, 'subsample': 0.8}",1.88903444415325,0.975624903665374,0.344274520874023
LightGBM,Enhanced,4,"{'colsample_bytree': 0.6, 'learning_rate': 0.05, 'max_depth': 9, 'min_child_samples': 100, 'n_estimators': 750, 'num_leaves': 62, 'subsample': 0.6}",1.8890344502213,0.975624903508776,0.346368551254272
LightGBM,Enhanced,4,"{'colsample_bytree': 0.6, 'learning_rate': 0.05, 'max_depth': 9, 'min_child_samples': 100, 'n_estimators': 750, 'num_leaves': 62, 'subsample': 0.8}",1.88903644762162,0.975624851961965,0.345479965209961
LightGBM,Enhanced,4,"{'colsample_bytree': 0.6, 'learning_rate': 0.05, 'max_depth': 9, 'min_child_samples': 100, 'n_estimators': 1000, 'num_leaves': 15, 'subsample': 0.6}",1.89176218894151,0.975554458103181,0.325417041778564
LightGBM,Enhanced,4,"{'colsample_bytree': 0.6, 'learning_rate': 0.05, 'max_depth': 9, 'min_child_samples': 100, 'n_estimators': 1000, 'num_leaves': 15, 'subsample': 0.8}",1.89261310012595,0.975532462037023,0.321291923522949
LightGBM,Enhanced,4,"{'colsample_bytree': 0.6, 'learning_rate': 0.05, 'max_depth': 9, 'min_child_samples': 100, 'n_estimators': 1000, 'num_leaves': 31, 'subsample': 0.6}",1.889034448293,0.97562490355854,0.336469173431397
LightGBM,Enhanced,4,"{'colsample_bytree': 0.6, 'learning_rate': 0.05, 'max_depth': 9, 'min_child_samples': 100, 'n_estimators': 1000, 'num_leaves': 31, 'subsample': 0.8}",1.88903424969398,0.975624908683772,0.343966484069824
LightGBM,Enhanced,4,"{'colsample_bytree': 0.6, 'learning_rate': 0.05, 'max_depth': 9, 'min_child_samples': 100, 'n_estimators': 1000, 'num_leaves': 62, 'subsample': 0.6}",1.88903445009969,0.975624903511914,0.346541166305542
LightGBM,Enhanced,4,"{'colsample_bytree': 0.6, 'learning_rate': 0.05, 'max_depth': 9, 'min_child_samples': 100, 'n_estimators': 1000, 'num_leaves': 62, 'subsample': 0.8}",1.88903425176191,0.975624908630405,0.341460943222046
LightGBM,Enhanced,4,"{'colsample_bytree': 0.8, 'learning_rate': 0.01, 'max_depth': 3, 'min_child_samples': 50, 'n_estimators': 500, 'num_leaves': 15, 'subsample': 0.6}",1.53609682181102,0.983882274005819,0.267916917800903
LightGBM,Enhanced,4,"{'colsample_bytree': 0.8, 'learning_rate': 0.01, 'max_depth': 3, 'min_child_samples': 50, 'n_estimators': 500, 'num_leaves': 15, 'subsample': 0.8}",1.53609682052736,0.983882274032757,0.250531673431397
LightGBM,Enhanced,4,"{'colsample_bytree': 0.8, 'learning_rate': 0.01, 'max_depth': 3, 'min_child_samples': 50, 'n_estimators': 500, 'num_leaves': 31, 'subsample': 0.6}",1.53609682096104,0.983882274023656,0.254784345626831
LightGBM,Enhanced,4,"{'colsample_bytree': 0.8, 'learning_rate': 0.01, 'max_depth': 3, 'min_child_samples': 50, 'n_estimators': 500, 'num_leaves': 31, 'subsample': 0.8}",1.5360968190668,0.983882274063407,0.265113115310669
LightGBM,Enhanced,4,"{'colsample_bytree': 0.8, 'learning_rate': 0.01, 'max_depth': 3, 'min_child_samples': 50, 'n_estimators': 500, 'num_leaves': 62, 'subsample': 0.6}",1.53609682049231,0.983882274033493,0.250356197357178
LightGBM,Enhanced,4,"{'colsample_bytree': 0.8, 'learning_rate': 0.01, 'max_depth': 3, 'min_child_samples': 50, 'n_estimators': 500, 'num_leaves': 62, 'subsample': 0.8}",1.53609682017094,0.983882274040237,0.267875671386719
LightGBM,Enhanced,4,"{'colsample_bytree': 0.8, 'learning_rate': 0.01, 'max_depth': 3, 'min_child_samples': 50, 'n_estimators': 750, 'num_leaves': 15, 'subsample': 0.6}",1.45256603460959,0.985587531974054,0.347093343734741
LightGBM,Enhanced,4,"{'colsample_bytree': 0.8, 'learning_rate': 0.01, 'max_depth': 3, 'min_child_samples': 50, 'n_estimators': 750, 'num_leaves': 15, 'subsample': 0.8}",1.45256603463696,0.985587531973511,0.343628883361816
LightGBM,Enhanced,4,"{'colsample_bytree': 0.8, 'learning_rate': 0.01, 'max_depth': 3, 'min_child_samples': 50, 'n_estimators': 750, 'num_leaves': 31, 'subsample': 0.6}",1.45256603667172,0.985587531933133,0.353330135345459
LightGBM,Enhanced,4,"{'colsample_bytree': 0.8, 'learning_rate': 0.01, 'max_depth': 3, 'min_child_samples': 50, 'n_estimators': 750, 'num_leaves': 31, 'subsample': 0.8}",1.45256603579614,0.985587531950508,0.342218637466431
LightGBM,Enhanced,4,"{'colsample_bytree': 0.8, 'learning_rate': 0.01, 'max_depth': 3, 'min_child_samples': 50, 'n_estimators': 750, 'num_leaves': 62, 'subsample': 0.6}",1.45256603434015,0.985587531979401,0.38782000541687
LightGBM,Enhanced,4,"{'colsample_bytree': 0.8, 'learning_rate': 0.01, 'max_depth': 3, 'min_child_samples': 50, 'n_estimators': 750, 'num_leaves': 62, 'subsample': 0.8}",1.45256603568566,0.985587531952701,0.393453598022461
LightGBM,Enhanced,4,"{'colsample_bytree': 0.8, 'learning_rate': 0.01, 'max_depth': 3, 'min_child_samples': 50, 'n_estimators': 1000, 'num_leaves': 15, 'subsample': 0.6}",1.43483371193808,0.985937266998066,0.437145233154297
LightGBM,Enhanced,4,"{'colsample_bytree': 0.8, 'learning_rate': 0.01, 'max_depth': 3, 'min_child_samples': 50, 'n_estimators': 1000, 'num_leaves': 15, 'subsample': 0.8}",1.4348337138254,0.985937266961071,0.452623128890991
LightGBM,Enhanced,4,"{'colsample_bytree': 0.8, 'learning_rate': 0.01, 'max_depth': 3, 'min_child_samples': 50, 'n_estimators': 1000, 'num_leaves': 31, 'subsample': 0.6}",1.43483371308587,0.985937266975568,0.440624237060547
LightGBM,Enhanced,4,"{'colsample_bytree': 0.8, 'learning_rate': 0.01, 'max_depth': 3, 'min_child_samples': 50, 'n_estimators': 1000, 'num_leaves': 31, 'subsample': 0.8}",1.43483226950744,0.985937295272432,0.442123174667358
LightGBM,Enhanced,4,"{'colsample_bytree': 0.8, 'learning_rate': 0.01, 'max_depth': 3, 'min_child_samples': 50, 'n_estimators': 1000, 'num_leaves': 62, 'subsample': 0.6}",1.43483226739896,0.985937295313763,0.468756675720215
LightGBM,Enhanced,4,"{'colsample_bytree': 0.8, 'learning_rate': 0.01, 'max_depth': 3, 'min_child_samples': 50, 'n_estimators': 1000, 'num_leaves': 62, 'subsample': 0.8}",1.43483371359227,0.985937266965641,0.445894241333008
LightGBM,Enhanced,4,"{'colsample_bytree': 0.8, 'learning_rate': 0.01, 'max_depth': 3, 'min_child_samples': 100, 'n_estimators': 500, 'num_leaves': 15, 'subsample': 0.6}",2.10047307007111,0.969862944152304,0.279496669769287
LightGBM,Enhanced,4,"{'colsample_bytree': 0.8, 'learning_rate': 0.01, 'max_depth': 3, 'min_child_samples': 100, 'n_estimators': 500, 'num_leaves': 15, 'subsample': 0.8}",2.10047307158412,0.969862944108887,0.295223951339722
LightGBM,Enhanced,4,"{'colsample_bytree': 0.8, 'learning_rate': 0.01, 'max_depth': 3, 'min_child_samples': 100, 'n_estimators': 500, 'num_leaves': 31, 'subsample': 0.6}",2.100473074126,0.969862944035947,0.310311794281006
LightGBM,Enhanced,4,"{'colsample_bytree': 0.8, 'learning_rate': 0.01, 'max_depth': 3, 'min_child_samples': 100, 'n_estimators': 500, 'num_leaves': 31, 'subsample': 0.8}",2.10047307281082,0.969862944073687,0.28651237487793
LightGBM,Enhanced,4,"{'colsample_bytree': 0.8, 'learning_rate': 0.01, 'max_depth': 3, 'min_child_samples': 100, 'n_estimators': 500, 'num_leaves': 62, 'subsample': 0.6}",2.10047307239101,0.969862944085733,0.27940845489502
LightGBM,Enhanced,4,"{'colsample_bytree': 0.8, 'learning_rate': 0.01, 'max_depth': 3, 'min_child_samples': 100, 'n_estimators': 500, 'num_leaves': 62, 'subsample': 0.8}",2.10047307211953,0.969862944093524,0.246694803237915
LightGBM,Enhanced,4,"{'colsample_bytree': 0.8, 'learning_rate': 0.01, 'max_depth': 3, 'min_child_samples': 100, 'n_estimators': 750, 'num_leaves': 15, 'subsample': 0.6}",2.03064044892319,0.971833515027922,0.314988374710083
LightGBM,Enhanced,4,"{'colsample_bytree': 0.8, 'learning_rate': 0.01, 'max_depth': 3, 'min_child_samples': 100, 'n_estimators': 750, 'num_leaves': 15, 'subsample': 0.8}",2.03064044416882,0.971833515159815,0.315255165100098
LightGBM,Enhanced,4,"{'colsample_bytree': 0.8, 'learning_rate': 0.01, 'max_depth': 3, 'min_child_samples': 100, 'n_estimators': 750, 'num_leaves': 31, 'subsample': 0.6}",2.03064044496315,0.97183351513778,0.328147411346436
LightGBM,Enhanced,4,"{'colsample_bytree': 0.8, 'learning_rate': 0.01, 'max_depth': 3, 'min_child_samples': 100, 'n_estimators': 750, 'num_leaves': 31, 'subsample': 0.8}",2.0306404449799,0.971833515137315,0.328717708587647
LightGBM,Enhanced,4,"{'colsample_bytree': 0.8, 'learning_rate': 0.01, 'max_depth': 3, 'min_child_samples': 100, 'n_estimators': 750, 'num_leaves': 62, 'subsample': 0.6}",2.03064044846378,0.971833515040667,0.364611625671387
LightGBM,Enhanced,4,"{'colsample_bytree': 0.8, 'learning_rate': 0.01, 'max_depth': 3, 'min_child_samples': 100, 'n_estimators': 750, 'num_leaves': 62, 'subsample': 0.8}",2.0306404462683,0.971833515101573,0.337547540664673
LightGBM,Enhanced,4,"{'colsample_bytree': 0.8, 'learning_rate': 0.01, 'max_depth': 3, 'min_child_samples': 100, 'n_estimators': 1000, 'num_leaves': 15, 'subsample': 0.6}",1.99364618069891,0.972850442392562,0.429282188415527
LightGBM,Enhanced,4,"{'colsample_bytree': 0.8, 'learning_rate': 0.01, 'max_depth': 3, 'min_child_samples': 100, 'n_estimators': 1000, 'num_leaves': 15, 'subsample': 0.8}",1.99364617909827,0.972850442436157,0.495094537734985
LightGBM,Enhanced,4,"{'colsample_bytree': 0.8, 'learning_rate': 0.01, 'max_depth': 3, 'min_child_samples': 100, 'n_estimators': 1000, 'num_leaves': 31, 'subsample': 0.6}",1.9936461824708,0.972850442344302,0.485899925231934
LightGBM,Enhanced,4,"{'colsample_bytree': 0.8, 'learning_rate': 0.01, 'max_depth': 3, 'min_child_samples': 100, 'n_estimators': 1000, 'num_leaves': 31, 'subsample': 0.8}",1.99364617906291,0.97285044243712,0.49507212638855
LightGBM,Enhanced,4,"{'colsample_bytree': 0.8, 'learning_rate': 0.01, 'max_depth': 3, 'min_child_samples': 100, 'n_estimators': 1000, 'num_leaves': 62, 'subsample': 0.6}",1.99364618134333,0.97285044237501,0.464012384414673
LightGBM,Enhanced,4,"{'colsample_bytree': 0.8, 'learning_rate': 0.01, 'max_depth': 3, 'min_child_samples': 100, 'n_estimators': 1000, 'num_leaves': 62, 'subsample': 0.8}",1.99364617994352,0.972850442413136,0.458566188812256
LightGBM,Enhanced,4,"{'colsample_bytree': 0.8, 'learning_rate': 0.01, 'max_depth': 5, 'min_child_samples': 50, 'n_estimators': 500, 'num_leaves': 15, 'subsample': 0.6}",1.58822175021217,0.982769857641358,0.463098764419556
LightGBM,Enhanced,4,"{'colsample_bytree': 0.8, 'learning_rate': 0.01, 'max_depth': 5, 'min_child_samples': 50, 'n_estimators': 500, 'num_leaves': 15, 'subsample': 0.8}",1.58855587851275,0.982762607162931,0.409323692321777
LightGBM,Enhanced,4,"{'colsample_bytree': 0.8, 'learning_rate': 0.01, 'max_depth': 5, 'min_child_samples': 50, 'n_estimators': 500, 'num_leaves': 31, 'subsample': 0.6}",1.58193865879196,0.982905914739481,0.448381185531616
LightGBM,Enhanced,4,"{'colsample_bytree': 0.8, 'learning_rate': 0.01, 'max_depth': 5, 'min_child_samples': 50, 'n_estimators': 500, 'num_leaves': 31, 'subsample': 0.8}",1.58190956431958,0.982906543510786,0.36719536781311
LightGBM,Enhanced,4,"{'colsample_bytree': 0.8, 'learning_rate': 0.01, 'max_depth': 5, 'min_child_samples': 50, 'n_estimators': 500, 'num_leaves': 62, 'subsample': 0.6}",1.58193898497253,0.982905907690207,0.370842218399048
LightGBM,Enhanced,4,"{'colsample_bytree': 0.8, 'learning_rate': 0.01, 'max_depth': 5, 'min_child_samples': 50, 'n_estimators': 500, 'num_leaves': 62, 'subsample': 0.8}",1.58190956702525,0.982906543452314,0.365176439285278
LightGBM,Enhanced,4,"{'colsample_bytree': 0.8, 'learning_rate': 0.01, 'max_depth': 5, 'min_child_samples': 50, 'n_estimators': 750, 'num_leaves': 15, 'subsample': 0.6}",1.58855347862799,0.982762659245109,0.349571466445923
LightGBM,Enhanced,4,"{'colsample_bytree': 0.8, 'learning_rate': 0.01, 'max_depth': 5, 'min_child_samples': 50, 'n_estimators': 750, 'num_leaves': 15, 'subsample': 0.8}",1.58792203647405,0.982776360037026,0.339581727981567
LightGBM,Enhanced,4,"{'colsample_bytree': 0.8, 'learning_rate': 0.01, 'max_depth': 5, 'min_child_samples': 50, 'n_estimators': 750, 'num_leaves': 31, 'subsample': 0.6}",1.5249058276566,0.984116264902431,0.696634531021118
LightGBM,Enhanced,4,"{'colsample_bytree': 0.8, 'learning_rate': 0.01, 'max_depth': 5, 'min_child_samples': 50, 'n_estimators': 750, 'num_leaves': 31, 'subsample': 0.8}",1.52493192450188,0.984115721237482,0.869773149490356
LightGBM,Enhanced,4,"{'colsample_bytree': 0.8, 'learning_rate': 0.01, 'max_depth': 5, 'min_child_samples': 50, 'n_estimators': 750, 'num_leaves': 62, 'subsample': 0.6}",1.52482765837268,0.984117893315612,0.738682746887207
LightGBM,Enhanced,4,"{'colsample_bytree': 0.8, 'learning_rate': 0.01, 'max_depth': 5, 'min_child_samples': 50, 'n_estimators': 750, 'num_leaves': 62, 'subsample': 0.8}",1.52463627072867,0.984121879927744,0.749258756637573
LightGBM,Enhanced,4,"{'colsample_bytree': 0.8, 'learning_rate': 0.01, 'max_depth': 5, 'min_child_samples': 50, 'n_estimators': 1000, 'num_leaves': 15, 'subsample': 0.6}",1.58821935196326,0.982769909677088,0.537005662918091
LightGBM,Enhanced,4,"{'colsample_bytree': 0.8, 'learning_rate': 0.01, 'max_depth': 5, 'min_child_samples': 50, 'n_estimators': 1000, 'num_leaves': 15, 'subsample': 0.8}",1.58821934854044,0.982769909751354,0.5357506275177
LightGBM,Enhanced,4,"{'colsample_bytree': 0.8, 'learning_rate': 0.01, 'max_depth': 5, 'min_child_samples': 50, 'n_estimators': 1000, 'num_leaves': 31, 'subsample': 0.6}",1.47199904503164,0.985199320863384,0.894561767578125
LightGBM,Enhanced,4,"{'colsample_bytree': 0.8, 'learning_rate': 0.01, 'max_depth': 5, 'min_child_samples': 50, 'n_estimators': 1000, 'num_leaves': 31, 'subsample': 0.8}",1.47217399926863,0.985195802389078,0.822978973388672
LightGBM,Enhanced,4,"{'colsample_bytree': 0.8, 'learning_rate': 0.01, 'max_depth': 5, 'min_child_samples': 50, 'n_estimators': 1000, 'num_leaves': 62, 'subsample': 0.6}",1.47219478886556,0.985195384265304,0.714980602264404
LightGBM,Enhanced,4,"{'colsample_bytree': 0.8, 'learning_rate': 0.01, 'max_depth': 5, 'min_child_samples': 50, 'n_estimators': 1000, 'num_leaves': 62, 'subsample': 0.8}",1.47188082954855,0.98520169803772,0.707534790039063
LightGBM,Enhanced,4,"{'colsample_bytree': 0.8, 'learning_rate': 0.01, 'max_depth': 5, 'min_child_samples': 100, 'n_estimators': 500, 'num_leaves': 15, 'subsample': 0.6}",2.03058439104802,0.97183507013484,0.379173040390015
LightGBM,Enhanced,4,"{'colsample_bytree': 0.8, 'learning_rate': 0.01, 'max_depth': 5, 'min_child_samples': 100, 'n_estimators': 500, 'num_leaves': 15, 'subsample': 0.8}",2.03058439410175,0.971835070050127,0.388868808746338
LightGBM,Enhanced,4,"{'colsample_bytree': 0.8, 'learning_rate': 0.01, 'max_depth': 5, 'min_child_samples': 100, 'n_estimators': 500, 'num_leaves': 31, 'subsample': 0.6}",2.03058949930715,0.971834928427909,0.388758182525635
LightGBM,Enhanced,4,"{'colsample_bytree': 0.8, 'learning_rate': 0.01, 'max_depth': 5, 'min_child_samples': 100, 'n_estimators': 500, 'num_leaves': 31, 'subsample': 0.8}",2.03058950134193,0.971834928371462,0.387922525405884
LightGBM,Enhanced,4,"{'colsample_bytree': 0.8, 'learning_rate': 0.01, 'max_depth': 5, 'min_child_samples': 100, 'n_estimators': 500, 'num_leaves': 62, 'subsample': 0.6}",2.03058950912153,0.97183492815565,0.389131784439087
LightGBM,Enhanced,4,"{'colsample_bytree': 0.8, 'learning_rate': 0.01, 'max_depth': 5, 'min_child_samples': 100, 'n_estimators': 500, 'num_leaves': 62, 'subsample': 0.8}",2.03058950196174,0.971834928354268,0.393625259399414
LightGBM,Enhanced,4,"{'colsample_bytree': 0.8, 'learning_rate': 0.01, 'max_depth': 5, 'min_child_samples': 100, 'n_estimators': 750, 'num_leaves': 15, 'subsample': 0.6}",1.97172932424572,0.973444090612465,0.508859872817993
LightGBM,Enhanced,4,"{'colsample_bytree': 0.8, 'learning_rate': 0.01, 'max_depth': 5, 'min_child_samples': 100, 'n_estimators': 750, 'num_leaves': 15, 'subsample': 0.8}",1.97172995335187,0.973444073666439,0.493919372558594
LightGBM,Enhanced,4,"{'colsample_bytree': 0.8, 'learning_rate': 0.01, 'max_depth': 5, 'min_child_samples': 100, 'n_estimators': 750, 'num_leaves': 31, 'subsample': 0.6}",1.97402192836941,0.97338229959315,0.52947211265564
LightGBM,Enhanced,4,"{'colsample_bytree': 0.8, 'learning_rate': 0.01, 'max_depth': 5, 'min_child_samples': 100, 'n_estimators': 750, 'num_leaves': 31, 'subsample': 0.8}",1.97402059406484,0.973382335576648,0.51114559173584
LightGBM,Enhanced,4,"{'colsample_bytree': 0.8, 'learning_rate': 0.01, 'max_depth': 5, 'min_child_samples': 100, 'n_estimators': 750, 'num_leaves': 62, 'subsample': 0.6}",1.97402265601111,0.973382279970114,0.506006002426148
LightGBM,Enhanced,4,"{'colsample_bytree': 0.8, 'learning_rate': 0.01, 'max_depth': 5, 'min_child_samples': 100, 'n_estimators': 750, 'num_leaves': 62, 'subsample': 0.8}",1.97402127426162,0.973382317233119,0.514942407608032
LightGBM,Enhanced,4,"{'colsample_bytree': 0.8, 'learning_rate': 0.01, 'max_depth': 5, 'min_child_samples': 100, 'n_estimators': 1000, 'num_leaves': 15, 'subsample': 0.6}",1.94002093684199,0.974291341169479,0.640276193618774
LightGBM,Enhanced,4,"{'colsample_bytree': 0.8, 'learning_rate': 0.01, 'max_depth': 5, 'min_child_samples': 100, 'n_estimators': 1000, 'num_leaves': 15, 'subsample': 0.8}",1.9400192351114,0.974291386271252,0.615132570266724
LightGBM,Enhanced,4,"{'colsample_bytree': 0.8, 'learning_rate': 0.01, 'max_depth': 5, 'min_child_samples': 100, 'n_estimators': 1000, 'num_leaves': 31, 'subsample': 0.6}",1.9389311319226,0.974320216686183,0.614326477050781
LightGBM,Enhanced,4,"{'colsample_bytree': 0.8, 'learning_rate': 0.01, 'max_depth': 5, 'min_child_samples': 100, 'n_estimators': 1000, 'num_leaves': 31, 'subsample': 0.8}",1.9389330417269,0.97432016609812,0.604140758514404
LightGBM,Enhanced,4,"{'colsample_bytree': 0.8, 'learning_rate': 0.01, 'max_depth': 5, 'min_child_samples': 100, 'n_estimators': 1000, 'num_leaves': 62, 'subsample': 0.6}",1.93893111550178,0.974320217121147,0.611053705215454
LightGBM,Enhanced,4,"{'colsample_bytree': 0.8, 'learning_rate': 0.01, 'max_depth': 5, 'min_child_samples': 100, 'n_estimators': 1000, 'num_leaves': 62, 'subsample': 0.8}",1.93893030705978,0.974320238535638,0.616717100143433
LightGBM,Enhanced,4,"{'colsample_bytree': 0.8, 'learning_rate': 0.01, 'max_depth': 9, 'min_child_samples': 50, 'n_estimators': 500, 'num_leaves': 15, 'subsample': 0.6}",1.56552904174054,0.983258712902657,0.577723503112793
LightGBM,Enhanced,4,"{'colsample_bytree': 0.8, 'learning_rate': 0.01, 'max_depth': 9, 'min_child_samples': 50, 'n_estimators': 500, 'num_leaves': 15, 'subsample': 0.8}",1.56524366248204,0.983264815862763,0.586872100830078
LightGBM,Enhanced,4,"{'colsample_bytree': 0.8, 'learning_rate': 0.01, 'max_depth': 9, 'min_child_samples': 50, 'n_estimators': 500, 'num_leaves': 31, 'subsample': 0.6}",1.56003882019508,0.983375928495824,0.860533952713013
LightGBM,Enhanced,4,"{'colsample_bytree': 0.8, 'learning_rate': 0.01, 'max_depth': 9, 'min_child_samples': 50, 'n_estimators': 500, 'num_leaves': 31, 'subsample': 0.8}",1.56007090377751,0.983375244711233,0.855795860290527
LightGBM,Enhanced,4,"{'colsample_bytree': 0.8, 'learning_rate': 0.01, 'max_depth': 9, 'min_child_samples': 50, 'n_estimators': 500, 'num_leaves': 62, 'subsample': 0.6}",1.5763604268801,0.983026256513016,0.993070840835571
LightGBM,Enhanced,4,"{'colsample_bytree': 0.8, 'learning_rate': 0.01, 'max_depth': 9, 'min_child_samples': 50, 'n_estimators': 500, 'num_leaves': 62, 'subsample': 0.8}",1.57637699911484,0.983025899622123,1.0177595615387
LightGBM,Enhanced,4,"{'colsample_bytree': 0.8, 'learning_rate': 0.01, 'max_depth': 9, 'min_child_samples': 50, 'n_estimators': 750, 'num_leaves': 15, 'subsample': 0.6}",1.51478853570431,0.984326333331558,0.788856267929077
LightGBM,Enhanced,4,"{'colsample_bytree': 0.8, 'learning_rate': 0.01, 'max_depth': 9, 'min_child_samples': 50, 'n_estimators': 750, 'num_leaves': 15, 'subsample': 0.8}",1.51490971218478,0.984323825581221,0.769217491149902
LightGBM,Enhanced,4,"{'colsample_bytree': 0.8, 'learning_rate': 0.01, 'max_depth': 9, 'min_child_samples': 50, 'n_estimators': 750, 'num_leaves': 31, 'subsample': 0.6}",1.51455844392782,0.984331094534622,1.04399919509888
LightGBM,Enhanced,4,"{'colsample_bytree': 0.8, 'learning_rate': 0.01, 'max_depth': 9, 'min_child_samples': 50, 'n_estimators': 750, 'num_leaves': 31, 'subsample': 0.8}",1.51461727710074,0.984329877190605,1.061274766922
LightGBM,Enhanced,4,"{'colsample_bytree': 0.8, 'learning_rate': 0.01, 'max_depth': 9, 'min_child_samples': 50, 'n_estimators': 750, 'num_leaves': 62, 'subsample': 0.6}",1.57634908964704,0.983026500663517,0.968666315078735
LightGBM,Enhanced,4,"{'colsample_bytree': 0.8, 'learning_rate': 0.01, 'max_depth': 9, 'min_child_samples': 50, 'n_estimators': 750, 'num_leaves': 62, 'subsample': 0.8}",1.57635440173552,0.983026386266417,1.00566816329956
LightGBM,Enhanced,4,"{'colsample_bytree': 0.8, 'learning_rate': 0.01, 'max_depth': 9, 'min_child_samples': 50, 'n_estimators': 1000, 'num_leaves': 15, 'subsample': 0.6}",1.48573420286622,0.984921823254793,0.964539051055908
LightGBM,Enhanced,4,"{'colsample_bytree': 0.8, 'learning_rate': 0.01, 'max_depth': 9, 'min_child_samples': 50, 'n_estimators': 1000, 'num_leaves': 15, 'subsample': 0.8}",1.48620641399074,0.984912237133303,0.974908590316773
LightGBM,Enhanced,4,"{'colsample_bytree': 0.8, 'learning_rate': 0.01, 'max_depth': 9, 'min_child_samples': 50, 'n_estimators': 1000, 'num_leaves': 31, 'subsample': 0.6}",1.48304910694682,0.984976274133363,1.28175783157349
LightGBM,Enhanced,4,"{'colsample_bytree': 0.8, 'learning_rate': 0.01, 'max_depth': 9, 'min_child_samples': 50, 'n_estimators': 1000, 'num_leaves': 31, 'subsample': 0.8}",1.48347314428501,0.984967681657971,1.32141947746277
LightGBM,Enhanced,4,"{'colsample_bytree': 0.8, 'learning_rate': 0.01, 'max_depth': 9, 'min_child_samples': 50, 'n_estimators': 1000, 'num_leaves': 62, 'subsample': 0.6}",1.57639026589765,0.983025613912993,1.00095295906067
LightGBM,Enhanced,4,"{'colsample_bytree': 0.8, 'learning_rate': 0.01, 'max_depth': 9, 'min_child_samples': 50, 'n_estimators': 1000, 'num_leaves': 62, 'subsample': 0.8}",1.57632023307024,0.983027122090087,1.03749537467957
LightGBM,Enhanced,4,"{'colsample_bytree': 0.8, 'learning_rate': 0.01, 'max_depth': 9, 'min_child_samples': 100, 'n_estimators': 500, 'num_leaves': 15, 'subsample': 0.6}",2.02496107380253,0.971990848968182,0.613512277603149
LightGBM,Enhanced,4,"{'colsample_bytree': 0.8, 'learning_rate': 0.01, 'max_depth': 9, 'min_child_samples': 100, 'n_estimators': 500, 'num_leaves': 15, 'subsample': 0.8}",2.02496102424407,0.971990850339162,0.592245578765869
LightGBM,Enhanced,4,"{'colsample_bytree': 0.8, 'learning_rate': 0.01, 'max_depth': 9, 'min_child_samples': 100, 'n_estimators': 500, 'num_leaves': 31, 'subsample': 0.6}",2.02142775161387,0.97208850913022,0.707073450088501
LightGBM,Enhanced,4,"{'colsample_bytree': 0.8, 'learning_rate': 0.01, 'max_depth': 9, 'min_child_samples': 100, 'n_estimators': 500, 'num_leaves': 31, 'subsample': 0.8}",2.02141520490333,0.972088855614342,0.75266170501709
LightGBM,Enhanced,4,"{'colsample_bytree': 0.8, 'learning_rate': 0.01, 'max_depth': 9, 'min_child_samples': 100, 'n_estimators': 500, 'num_leaves': 62, 'subsample': 0.6}",2.02144174428046,0.972088122712712,0.712232112884522
LightGBM,Enhanced,4,"{'colsample_bytree': 0.8, 'learning_rate': 0.01, 'max_depth': 9, 'min_child_samples': 100, 'n_estimators': 500, 'num_leaves': 62, 'subsample': 0.8}",2.0214437571237,0.972088067126384,0.752058744430542
LightGBM,Enhanced,4,"{'colsample_bytree': 0.8, 'learning_rate': 0.01, 'max_depth': 9, 'min_child_samples': 100, 'n_estimators': 750, 'num_leaves': 15, 'subsample': 0.6}",1.97022358248238,0.973484634791872,0.835089683532715
LightGBM,Enhanced,4,"{'colsample_bytree': 0.8, 'learning_rate': 0.01, 'max_depth': 9, 'min_child_samples': 100, 'n_estimators': 750, 'num_leaves': 15, 'subsample': 0.8}",1.97021862927166,0.973484768112808,0.804132461547852
LightGBM,Enhanced,4,"{'colsample_bytree': 0.8, 'learning_rate': 0.01, 'max_depth': 9, 'min_child_samples': 100, 'n_estimators': 750, 'num_leaves': 31, 'subsample': 0.6}",1.96785885052086,0.973548245951255,1.01097106933594
LightGBM,Enhanced,4,"{'colsample_bytree': 0.8, 'learning_rate': 0.01, 'max_depth': 9, 'min_child_samples': 100, 'n_estimators': 750, 'num_leaves': 31, 'subsample': 0.8}",1.96785512152077,0.973548346200823,1.20695185661316
LightGBM,Enhanced,4,"{'colsample_bytree': 0.8, 'learning_rate': 0.01, 'max_depth': 9, 'min_child_samples': 100, 'n_estimators': 750, 'num_leaves': 62, 'subsample': 0.6}",1.96785190242415,0.973548432742112,1.29991936683655
LightGBM,Enhanced,4,"{'colsample_bytree': 0.8, 'learning_rate': 0.01, 'max_depth': 9, 'min_child_samples': 100, 'n_estimators': 750, 'num_leaves': 62, 'subsample': 0.8}",1.96783740510121,0.973548822482315,1.03152942657471
LightGBM,Enhanced,4,"{'colsample_bytree': 0.8, 'learning_rate': 0.01, 'max_depth': 9, 'min_child_samples': 100, 'n_estimators': 1000, 'num_leaves': 15, 'subsample': 0.6}",1.93631393055024,0.974389495891621,1.13166642189026
LightGBM,Enhanced,4,"{'colsample_bytree': 0.8, 'learning_rate': 0.01, 'max_depth': 9, 'min_child_samples': 100, 'n_estimators': 1000, 'num_leaves': 15, 'subsample': 0.8}",1.93631430278871,0.974389486044854,1.07147765159607
LightGBM,Enhanced,4,"{'colsample_bytree': 0.8, 'learning_rate': 0.01, 'max_depth': 9, 'min_child_samples': 100, 'n_estimators': 1000, 'num_leaves': 31, 'subsample': 0.6}",1.93501665837535,0.974423800933142,1.12603664398193
LightGBM,Enhanced,4,"{'colsample_bytree': 0.8, 'learning_rate': 0.01, 'max_depth': 9, 'min_child_samples': 100, 'n_estimators': 1000, 'num_leaves': 31, 'subsample': 0.8}",1.93500576725692,0.974424088840357,1.1694827079773
LightGBM,Enhanced,4,"{'colsample_bytree': 0.8, 'learning_rate': 0.01, 'max_depth': 9, 'min_child_samples': 100, 'n_estimators': 1000, 'num_leaves': 62, 'subsample': 0.6}",1.93503220776513,0.974423389881501,0.909901857376099
LightGBM,Enhanced,4,"{'colsample_bytree': 0.8, 'learning_rate': 0.01, 'max_depth': 9, 'min_child_samples': 100, 'n_estimators': 1000, 'num_leaves': 62, 'subsample': 0.8}",1.93502076148035,0.974423692466953,0.87103009223938
LightGBM,Enhanced,4,"{'colsample_bytree': 0.8, 'learning_rate': 0.05, 'max_depth': 3, 'min_child_samples': 50, 'n_estimators': 500, 'num_leaves': 15, 'subsample': 0.6}",1.43114489029079,0.986009481960316,0.15440845489502
LightGBM,Enhanced,4,"{'colsample_bytree': 0.8, 'learning_rate': 0.05, 'max_depth': 3, 'min_child_samples': 50, 'n_estimators': 500, 'num_leaves': 15, 'subsample': 0.8}",1.4311448868693,0.986009482027211,0.15833854675293
LightGBM,Enhanced,4,"{'colsample_bytree': 0.8, 'learning_rate': 0.05, 'max_depth': 3, 'min_child_samples': 50, 'n_estimators': 500, 'num_leaves': 31, 'subsample': 0.6}",1.4311448837467,0.986009482088263,0.164009809494019
LightGBM,Enhanced,4,"{'colsample_bytree': 0.8, 'learning_rate': 0.05, 'max_depth': 3, 'min_child_samples': 50, 'n_estimators': 500, 'num_leaves': 31, 'subsample': 0.8}",1.43114488234302,0.986009482115707,0.164257764816284
LightGBM,Enhanced,4,"{'colsample_bytree': 0.8, 'learning_rate': 0.05, 'max_depth': 3, 'min_child_samples': 50, 'n_estimators': 500, 'num_leaves': 62, 'subsample': 0.6}",1.43114488060527,0.986009482149682,0.160513401031494
LightGBM,Enhanced,4,"{'colsample_bytree': 0.8, 'learning_rate': 0.05, 'max_depth': 3, 'min_child_samples': 50, 'n_estimators': 500, 'num_leaves': 62, 'subsample': 0.8}",1.43114488676752,0.986009482029201,0.169917106628418
LightGBM,Enhanced,4,"{'colsample_bytree': 0.8, 'learning_rate': 0.05, 'max_depth': 3, 'min_child_samples': 50, 'n_estimators': 750, 'num_leaves': 15, 'subsample': 0.6}",1.4311448860637,0.986009482042962,0.16772198677063
LightGBM,Enhanced,4,"{'colsample_bytree': 0.8, 'learning_rate': 0.05, 'max_depth': 3, 'min_child_samples': 50, 'n_estimators': 750, 'num_leaves': 15, 'subsample': 0.8}",1.43114488725389,0.986009482019692,0.167805910110474
LightGBM,Enhanced,4,"{'colsample_bytree': 0.8, 'learning_rate': 0.05, 'max_depth': 3, 'min_child_samples': 50, 'n_estimators': 750, 'num_leaves': 31, 'subsample': 0.6}",1.43114489206921,0.986009481925545,0.167100191116333
LightGBM,Enhanced,4,"{'colsample_bytree': 0.8, 'learning_rate': 0.05, 'max_depth': 3, 'min_child_samples': 50, 'n_estimators': 750, 'num_leaves': 31, 'subsample': 0.8}",1.43114488252876,0.986009482112075,0.172113180160522
LightGBM,Enhanced,4,"{'colsample_bytree': 0.8, 'learning_rate': 0.05, 'max_depth': 3, 'min_child_samples': 50, 'n_estimators': 750, 'num_leaves': 62, 'subsample': 0.6}",1.43114488047987,0.986009482152134,0.175590515136719
LightGBM,Enhanced,4,"{'colsample_bytree': 0.8, 'learning_rate': 0.05, 'max_depth': 3, 'min_child_samples': 50, 'n_estimators': 750, 'num_leaves': 62, 'subsample': 0.8}",1.43114489020759,0.986009481961943,0.17902684211731
LightGBM,Enhanced,4,"{'colsample_bytree': 0.8, 'learning_rate': 0.05, 'max_depth': 3, 'min_child_samples': 50, 'n_estimators': 1000, 'num_leaves': 15, 'subsample': 0.6}",1.43114488367305,0.986009482089703,0.201663494110107
LightGBM,Enhanced,4,"{'colsample_bytree': 0.8, 'learning_rate': 0.05, 'max_depth': 3, 'min_child_samples': 50, 'n_estimators': 1000, 'num_leaves': 15, 'subsample': 0.8}",1.43114488925119,0.986009481980642,0.167251586914063
LightGBM,Enhanced,4,"{'colsample_bytree': 0.8, 'learning_rate': 0.05, 'max_depth': 3, 'min_child_samples': 50, 'n_estimators': 1000, 'num_leaves': 31, 'subsample': 0.6}",1.4311448846653,0.986009482070303,0.175889015197754
LightGBM,Enhanced,4,"{'colsample_bytree': 0.8, 'learning_rate': 0.05, 'max_depth': 3, 'min_child_samples': 50, 'n_estimators': 1000, 'num_leaves': 31, 'subsample': 0.8}",1.43114489607309,0.986009481847263,0.17575478553772
LightGBM,Enhanced,4,"{'colsample_bytree': 0.8, 'learning_rate': 0.05, 'max_depth': 3, 'min_child_samples': 50, 'n_estimators': 1000, 'num_leaves': 62, 'subsample': 0.6}",1.43114488598878,0.986009482044427,0.186623096466064
LightGBM,Enhanced,4,"{'colsample_bytree': 0.8, 'learning_rate': 0.05, 'max_depth': 3, 'min_child_samples': 50, 'n_estimators': 1000, 'num_leaves': 62, 'subsample': 0.8}",1.43114489265109,0.986009481914169,0.17452335357666
LightGBM,Enhanced,4,"{'colsample_bytree': 0.8, 'learning_rate': 0.05, 'max_depth': 3, 'min_child_samples': 100, 'n_estimators': 500, 'num_leaves': 15, 'subsample': 0.6}",1.99009086420856,0.972947188949599,0.166758060455322
LightGBM,Enhanced,4,"{'colsample_bytree': 0.8, 'learning_rate': 0.05, 'max_depth': 3, 'min_child_samples': 100, 'n_estimators': 500, 'num_leaves': 15, 'subsample': 0.8}",1.99009086670623,0.972947188881693,0.168127059936523
LightGBM,Enhanced,4,"{'colsample_bytree': 0.8, 'learning_rate': 0.05, 'max_depth': 3, 'min_child_samples': 100, 'n_estimators': 500, 'num_leaves': 31, 'subsample': 0.6}",1.9900908664029,0.97294718888994,0.181933879852295
LightGBM,Enhanced,4,"{'colsample_bytree': 0.8, 'learning_rate': 0.05, 'max_depth': 3, 'min_child_samples': 100, 'n_estimators': 500, 'num_leaves': 31, 'subsample': 0.8}",1.99009086155909,0.972947189021632,0.169385194778442
LightGBM,Enhanced,4,"{'colsample_bytree': 0.8, 'learning_rate': 0.05, 'max_depth': 3, 'min_child_samples': 100, 'n_estimators': 500, 'num_leaves': 62, 'subsample': 0.6}",1.99009086639058,0.972947188890275,0.191685199737549
LightGBM,Enhanced,4,"{'colsample_bytree': 0.8, 'learning_rate': 0.05, 'max_depth': 3, 'min_child_samples': 100, 'n_estimators': 500, 'num_leaves': 62, 'subsample': 0.8}",1.99009086790513,0.972947188849099,0.187411546707153
LightGBM,Enhanced,4,"{'colsample_bytree': 0.8, 'learning_rate': 0.05, 'max_depth': 3, 'min_child_samples': 100, 'n_estimators': 750, 'num_leaves': 15, 'subsample': 0.6}",1.99009087033086,0.972947188783149,0.173308849334717
LightGBM,Enhanced,4,"{'colsample_bytree': 0.8, 'learning_rate': 0.05, 'max_depth': 3, 'min_child_samples': 100, 'n_estimators': 750, 'num_leaves': 15, 'subsample': 0.8}",1.99009086115305,0.972947189032671,0.170552253723145
LightGBM,Enhanced,4,"{'colsample_bytree': 0.8, 'learning_rate': 0.05, 'max_depth': 3, 'min_child_samples': 100, 'n_estimators': 750, 'num_leaves': 31, 'subsample': 0.6}",1.99009086501586,0.97294718892765,0.173458576202393
LightGBM,Enhanced,4,"{'colsample_bytree': 0.8, 'learning_rate': 0.05, 'max_depth': 3, 'min_child_samples': 100, 'n_estimators': 750, 'num_leaves': 31, 'subsample': 0.8}",1.99009086259922,0.972947188993353,0.184124708175659
LightGBM,Enhanced,4,"{'colsample_bytree': 0.8, 'learning_rate': 0.05, 'max_depth': 3, 'min_child_samples': 100, 'n_estimators': 750, 'num_leaves': 62, 'subsample': 0.6}",1.9900908552062,0.972947189194351,0.180058240890503
LightGBM,Enhanced,4,"{'colsample_bytree': 0.8, 'learning_rate': 0.05, 'max_depth': 3, 'min_child_samples': 100, 'n_estimators': 750, 'num_leaves': 62, 'subsample': 0.8}",1.99009086663889,0.972947188883524,0.17646861076355
LightGBM,Enhanced,4,"{'colsample_bytree': 0.8, 'learning_rate': 0.05, 'max_depth': 3, 'min_child_samples': 100, 'n_estimators': 1000, 'num_leaves': 15, 'subsample': 0.6}",1.99009085927925,0.972947189083615,0.168869018554688
LightGBM,Enhanced,4,"{'colsample_bytree': 0.8, 'learning_rate': 0.05, 'max_depth': 3, 'min_child_samples': 100, 'n_estimators': 1000, 'num_leaves': 15, 'subsample': 0.8}",1.99009085954232,0.972947189076462,0.170809984207153
LightGBM,Enhanced,4,"{'colsample_bytree': 0.8, 'learning_rate': 0.05, 'max_depth': 3, 'min_child_samples': 100, 'n_estimators': 1000, 'num_leaves': 31, 'subsample': 0.6}",1.99009085549008,0.972947189186633,0.17266583442688
LightGBM,Enhanced,4,"{'colsample_bytree': 0.8, 'learning_rate': 0.05, 'max_depth': 3, 'min_child_samples': 100, 'n_estimators': 1000, 'num_leaves': 31, 'subsample': 0.8}",1.99009085703539,0.97294718914462,0.186959743499756
LightGBM,Enhanced,4,"{'colsample_bytree': 0.8, 'learning_rate': 0.05, 'max_depth': 3, 'min_child_samples': 100, 'n_estimators': 1000, 'num_leaves': 62, 'subsample': 0.6}",1.99009085998778,0.972947189064352,0.26810359954834
LightGBM,Enhanced,4,"{'colsample_bytree': 0.8, 'learning_rate': 0.05, 'max_depth': 3, 'min_child_samples': 100, 'n_estimators': 1000, 'num_leaves': 62, 'subsample': 0.8}",1.99009085339298,0.972947189243648,0.444473266601563
LightGBM,Enhanced,4,"{'colsample_bytree': 0.8, 'learning_rate': 0.05, 'max_depth': 5, 'min_child_samples': 50, 'n_estimators': 500, 'num_leaves': 15, 'subsample': 0.6}",1.4846046850277,0.984944740672598,0.709499597549439
LightGBM,Enhanced,4,"{'colsample_bytree': 0.8, 'learning_rate': 0.05, 'max_depth': 5, 'min_child_samples': 50, 'n_estimators': 500, 'num_leaves': 15, 'subsample': 0.8}",1.48664598893207,0.984903310804878,0.520260095596314
LightGBM,Enhanced,4,"{'colsample_bytree': 0.8, 'learning_rate': 0.05, 'max_depth': 5, 'min_child_samples': 50, 'n_estimators': 500, 'num_leaves': 31, 'subsample': 0.6}",1.48596922596044,0.984917052549466,0.784515380859375
LightGBM,Enhanced,4,"{'colsample_bytree': 0.8, 'learning_rate': 0.05, 'max_depth': 5, 'min_child_samples': 50, 'n_estimators': 500, 'num_leaves': 31, 'subsample': 0.8}",1.48585768205966,0.984919316859681,1.11352610588074
LightGBM,Enhanced,4,"{'colsample_bytree': 0.8, 'learning_rate': 0.05, 'max_depth': 5, 'min_child_samples': 50, 'n_estimators': 500, 'num_leaves': 62, 'subsample': 0.6}",1.48563260873396,0.984923885268181,0.719149589538574
LightGBM,Enhanced,4,"{'colsample_bytree': 0.8, 'learning_rate': 0.05, 'max_depth': 5, 'min_child_samples': 50, 'n_estimators': 500, 'num_leaves': 62, 'subsample': 0.8}",1.4835900182095,0.98496531295281,1.1159839630127
LightGBM,Enhanced,4,"{'colsample_bytree': 0.8, 'learning_rate': 0.05, 'max_depth': 5, 'min_child_samples': 50, 'n_estimators': 750, 'num_leaves': 15, 'subsample': 0.6}",1.48724922923745,0.984891056671561,0.921420812606812
LightGBM,Enhanced,4,"{'colsample_bytree': 0.8, 'learning_rate': 0.05, 'max_depth': 5, 'min_child_samples': 50, 'n_estimators': 750, 'num_leaves': 15, 'subsample': 0.8}",1.48588492449157,0.984918763861565,1.00420594215393
LightGBM,Enhanced,4,"{'colsample_bytree': 0.8, 'learning_rate': 0.05, 'max_depth': 5, 'min_child_samples': 50, 'n_estimators': 750, 'num_leaves': 31, 'subsample': 0.6}",1.48553934223148,0.984925778135027,1.21712732315063
LightGBM,Enhanced,4,"{'colsample_bytree': 0.8, 'learning_rate': 0.05, 'max_depth': 5, 'min_child_samples': 50, 'n_estimators': 750, 'num_leaves': 31, 'subsample': 0.8}",1.48434973015822,0.98494991118314,1.09602403640747
LightGBM,Enhanced,4,"{'colsample_bytree': 0.8, 'learning_rate': 0.05, 'max_depth': 5, 'min_child_samples': 50, 'n_estimators': 750, 'num_leaves': 62, 'subsample': 0.6}",1.48543632035597,0.984927868851463,0.868660926818848
LightGBM,Enhanced,4,"{'colsample_bytree': 0.8, 'learning_rate': 0.05, 'max_depth': 5, 'min_child_samples': 50, 'n_estimators': 750, 'num_leaves': 62, 'subsample': 0.8}",1.4849926400016,0.984936871202767,1.314697265625
LightGBM,Enhanced,4,"{'colsample_bytree': 0.8, 'learning_rate': 0.05, 'max_depth': 5, 'min_child_samples': 50, 'n_estimators': 1000, 'num_leaves': 15, 'subsample': 0.6}",1.48635080585577,0.984909305298227,0.976713180541992
LightGBM,Enhanced,4,"{'colsample_bytree': 0.8, 'learning_rate': 0.05, 'max_depth': 5, 'min_child_samples': 50, 'n_estimators': 1000, 'num_leaves': 15, 'subsample': 0.8}",1.484725777708,0.984942284589745,1.04740977287292
LightGBM,Enhanced,4,"{'colsample_bytree': 0.8, 'learning_rate': 0.05, 'max_depth': 5, 'min_child_samples': 50, 'n_estimators': 1000, 'num_leaves': 31, 'subsample': 0.6}",1.48529190905804,0.984930799276941,1.00935125350952
LightGBM,Enhanced,4,"{'colsample_bytree': 0.8, 'learning_rate': 0.05, 'max_depth': 5, 'min_child_samples': 50, 'n_estimators': 1000, 'num_leaves': 31, 'subsample': 0.8}",1.48586216768503,0.984919225806012,1.10301184654236
LightGBM,Enhanced,4,"{'colsample_bytree': 0.8, 'learning_rate': 0.05, 'max_depth': 5, 'min_child_samples': 50, 'n_estimators': 1000, 'num_leaves': 62, 'subsample': 0.6}",1.48497953517854,0.98493713706101,1.11795544624329
LightGBM,Enhanced,4,"{'colsample_bytree': 0.8, 'learning_rate': 0.05, 'max_depth': 5, 'min_child_samples': 50, 'n_estimators': 1000, 'num_leaves': 62, 'subsample': 0.8}",1.48534164315164,0.984929790094057,1.16436266899109
LightGBM,Enhanced,4,"{'colsample_bytree': 0.8, 'learning_rate': 0.05, 'max_depth': 5, 'min_child_samples': 100, 'n_estimators': 500, 'num_leaves': 15, 'subsample': 0.6}",1.92643096029315,0.974650261373487,0.750142574310303
LightGBM,Enhanced,4,"{'colsample_bytree': 0.8, 'learning_rate': 0.05, 'max_depth': 5, 'min_child_samples': 100, 'n_estimators': 500, 'num_leaves': 15, 'subsample': 0.8}",1.92643096345035,0.974650261290397,0.806210994720459
LightGBM,Enhanced,4,"{'colsample_bytree': 0.8, 'learning_rate': 0.05, 'max_depth': 5, 'min_child_samples': 100, 'n_estimators': 500, 'num_leaves': 31, 'subsample': 0.6}",1.92643192521342,0.974650235978876,0.680516481399536
LightGBM,Enhanced,4,"{'colsample_bytree': 0.8, 'learning_rate': 0.05, 'max_depth': 5, 'min_child_samples': 100, 'n_estimators': 500, 'num_leaves': 31, 'subsample': 0.8}",1.92642641059018,0.974650381111643,0.898911237716675
LightGBM,Enhanced,4,"{'colsample_bytree': 0.8, 'learning_rate': 0.05, 'max_depth': 5, 'min_child_samples': 100, 'n_estimators': 500, 'num_leaves': 62, 'subsample': 0.6}",1.92643192514218,0.974650235980751,0.849589824676514
LightGBM,Enhanced,4,"{'colsample_bytree': 0.8, 'learning_rate': 0.05, 'max_depth': 5, 'min_child_samples': 100, 'n_estimators': 500, 'num_leaves': 62, 'subsample': 0.8}",1.92643096005512,0.974650261379752,0.933799266815186
LightGBM,Enhanced,4,"{'colsample_bytree': 0.8, 'learning_rate': 0.05, 'max_depth': 5, 'min_child_samples': 100, 'n_estimators': 750, 'num_leaves': 15, 'subsample': 0.6}",1.92643096141951,0.974650261343844,0.887245893478394
LightGBM,Enhanced,4,"{'colsample_bytree': 0.8, 'learning_rate': 0.05, 'max_depth': 5, 'min_child_samples': 100, 'n_estimators': 750, 'num_leaves': 15, 'subsample': 0.8}",1.92643096424769,0.974650261269412,0.852842092514038
LightGBM,Enhanced,4,"{'colsample_bytree': 0.8, 'learning_rate': 0.05, 'max_depth': 5, 'min_child_samples': 100, 'n_estimators': 750, 'num_leaves': 31, 'subsample': 0.6}",1.92643096299916,0.974650261302271,0.333401203155518
LightGBM,Enhanced,4,"{'colsample_bytree': 0.8, 'learning_rate': 0.05, 'max_depth': 5, 'min_child_samples': 100, 'n_estimators': 750, 'num_leaves': 31, 'subsample': 0.8}",1.92643096529349,0.974650261241889,0.533060312271118
LightGBM,Enhanced,4,"{'colsample_bytree': 0.8, 'learning_rate': 0.05, 'max_depth': 5, 'min_child_samples': 100, 'n_estimators': 750, 'num_leaves': 62, 'subsample': 0.6}",1.92643192232342,0.974650236054934,0.585874795913696
LightGBM,Enhanced,4,"{'colsample_bytree': 0.8, 'learning_rate': 0.05, 'max_depth': 5, 'min_child_samples': 100, 'n_estimators': 750, 'num_leaves': 62, 'subsample': 0.8}",1.92643192628134,0.974650235950771,0.478084802627564
LightGBM,Enhanced,4,"{'colsample_bytree': 0.8, 'learning_rate': 0.05, 'max_depth': 5, 'min_child_samples': 100, 'n_estimators': 1000, 'num_leaves': 15, 'subsample': 0.6}",1.92643192317992,0.974650236032393,0.340364217758179
LightGBM,Enhanced,4,"{'colsample_bytree': 0.8, 'learning_rate': 0.05, 'max_depth': 5, 'min_child_samples': 100, 'n_estimators': 1000, 'num_leaves': 15, 'subsample': 0.8}",1.92643096793052,0.974650261172488,0.37545657157898
LightGBM,Enhanced,4,"{'colsample_bytree': 0.8, 'learning_rate': 0.05, 'max_depth': 5, 'min_child_samples': 100, 'n_estimators': 1000, 'num_leaves': 31, 'subsample': 0.6}",1.92643192412379,0.974650236007553,0.341486930847168
LightGBM,Enhanced,4,"{'colsample_bytree': 0.8, 'learning_rate': 0.05, 'max_depth': 5, 'min_child_samples': 100, 'n_estimators': 1000, 'num_leaves': 31, 'subsample': 0.8}",1.92643096250772,0.974650261315205,0.385462284088135
LightGBM,Enhanced,4,"{'colsample_bytree': 0.8, 'learning_rate': 0.05, 'max_depth': 5, 'min_child_samples': 100, 'n_estimators': 1000, 'num_leaves': 62, 'subsample': 0.6}",1.9264309639081,0.97465026127835,0.441526889801025
LightGBM,Enhanced,4,"{'colsample_bytree': 0.8, 'learning_rate': 0.05, 'max_depth': 5, 'min_child_samples': 100, 'n_estimators': 1000, 'num_leaves': 62, 'subsample': 0.8}",1.92643096720282,0.97465026119164,0.511556386947632
LightGBM,Enhanced,4,"{'colsample_bytree': 0.8, 'learning_rate': 0.05, 'max_depth': 9, 'min_child_samples': 50, 'n_estimators': 500, 'num_leaves': 15, 'subsample': 0.6}",1.49469777375221,0.984739338386375,1.27550745010376
LightGBM,Enhanced,4,"{'colsample_bytree': 0.8, 'learning_rate': 0.05, 'max_depth': 9, 'min_child_samples': 50, 'n_estimators': 500, 'num_leaves': 15, 'subsample': 0.8}",1.49598136418819,0.984713116563413,1.24831986427307
LightGBM,Enhanced,4,"{'colsample_bytree': 0.8, 'learning_rate': 0.05, 'max_depth': 9, 'min_child_samples': 50, 'n_estimators': 500, 'num_leaves': 31, 'subsample': 0.6}",1.49559775736214,0.984720955432423,1.31961631774902
LightGBM,Enhanced,4,"{'colsample_bytree': 0.8, 'learning_rate': 0.05, 'max_depth': 9, 'min_child_samples': 50, 'n_estimators': 500, 'num_leaves': 31, 'subsample': 0.8}",1.49705828056425,0.984691099416636,1.36276936531067
LightGBM,Enhanced,4,"{'colsample_bytree': 0.8, 'learning_rate': 0.05, 'max_depth': 9, 'min_child_samples': 50, 'n_estimators': 500, 'num_leaves': 62, 'subsample': 0.6}",1.50364769779962,0.984556036215658,1.72305202484131
LightGBM,Enhanced,4,"{'colsample_bytree': 0.8, 'learning_rate': 0.05, 'max_depth': 9, 'min_child_samples': 50, 'n_estimators': 500, 'num_leaves': 62, 'subsample': 0.8}",1.50421208685249,0.984544440361201,2.17916226387024
LightGBM,Enhanced,4,"{'colsample_bytree': 0.8, 'learning_rate': 0.05, 'max_depth': 9, 'min_child_samples': 50, 'n_estimators': 750, 'num_leaves': 15, 'subsample': 0.6}",1.49586727218383,0.984715448202971,1.13800978660584
LightGBM,Enhanced,4,"{'colsample_bytree': 0.8, 'learning_rate': 0.05, 'max_depth': 9, 'min_child_samples': 50, 'n_estimators': 750, 'num_leaves': 15, 'subsample': 0.8}",1.49469807901535,0.984739332152984,1.37554478645325
LightGBM,Enhanced,4,"{'colsample_bytree': 0.8, 'learning_rate': 0.05, 'max_depth': 9, 'min_child_samples': 50, 'n_estimators': 750, 'num_leaves': 31, 'subsample': 0.6}",1.49781717390561,0.984675574613709,1.65123009681702
LightGBM,Enhanced,4,"{'colsample_bytree': 0.8, 'learning_rate': 0.05, 'max_depth': 9, 'min_child_samples': 50, 'n_estimators': 750, 'num_leaves': 31, 'subsample': 0.8}",1.49715003842471,0.984689222729494,1.93520212173462
LightGBM,Enhanced,4,"{'colsample_bytree': 0.8, 'learning_rate': 0.05, 'max_depth': 9, 'min_child_samples': 50, 'n_estimators': 750, 'num_leaves': 62, 'subsample': 0.6}",1.5044995210062,0.984538533108907,1.92293810844421
LightGBM,Enhanced,4,"{'colsample_bytree': 0.8, 'learning_rate': 0.05, 'max_depth': 9, 'min_child_samples': 50, 'n_estimators': 750, 'num_leaves': 62, 'subsample': 0.8}",1.50229236756707,0.984583864858706,2.05789136886597
LightGBM,Enhanced,4,"{'colsample_bytree': 0.8, 'learning_rate': 0.05, 'max_depth': 9, 'min_child_samples': 50, 'n_estimators': 1000, 'num_leaves': 15, 'subsample': 0.6}",1.49438020456182,0.984745822374249,1.39471483230591
LightGBM,Enhanced,4,"{'colsample_bytree': 0.8, 'learning_rate': 0.05, 'max_depth': 9, 'min_child_samples': 50, 'n_estimators': 1000, 'num_leaves': 15, 'subsample': 0.8}",1.49412878542803,0.984750954762233,1.54844117164612
LightGBM,Enhanced,4,"{'colsample_bytree': 0.8, 'learning_rate': 0.05, 'max_depth': 9, 'min_child_samples': 50, 'n_estimators': 1000, 'num_leaves': 31, 'subsample': 0.6}",1.49646495909735,0.984703231608868,1.63880753517151
LightGBM,Enhanced,4,"{'colsample_bytree': 0.8, 'learning_rate': 0.05, 'max_depth': 9, 'min_child_samples': 50, 'n_estimators': 1000, 'num_leaves': 31, 'subsample': 0.8}",1.49537535436258,0.984725499237959,1.38020992279053
LightGBM,Enhanced,4,"{'colsample_bytree': 0.8, 'learning_rate': 0.05, 'max_depth': 9, 'min_child_samples': 50, 'n_estimators': 1000, 'num_leaves': 62, 'subsample': 0.6}",1.50330146565415,0.984563147696754,1.60991168022156
LightGBM,Enhanced,4,"{'colsample_bytree': 0.8, 'learning_rate': 0.05, 'max_depth': 9, 'min_child_samples': 50, 'n_estimators': 1000, 'num_leaves': 62, 'subsample': 0.8}",1.50250910431814,0.984579416345036,1.6094241142273
LightGBM,Enhanced,4,"{'colsample_bytree': 0.8, 'learning_rate': 0.05, 'max_depth': 9, 'min_child_samples': 100, 'n_estimators': 500, 'num_leaves': 15, 'subsample': 0.6}",1.92618156377752,0.974656824523045,1.1741361618042
LightGBM,Enhanced,4,"{'colsample_bytree': 0.8, 'learning_rate': 0.05, 'max_depth': 9, 'min_child_samples': 100, 'n_estimators': 500, 'num_leaves': 15, 'subsample': 0.8}",1.92618137021402,0.974656829616556,1.20008444786072
LightGBM,Enhanced,4,"{'colsample_bytree': 0.8, 'learning_rate': 0.05, 'max_depth': 9, 'min_child_samples': 100, 'n_estimators': 500, 'num_leaves': 31, 'subsample': 0.6}",1.90022389738279,0.975335282919389,2.00918674468994
LightGBM,Enhanced,4,"{'colsample_bytree': 0.8, 'learning_rate': 0.05, 'max_depth': 9, 'min_child_samples': 100, 'n_estimators': 500, 'num_leaves': 31, 'subsample': 0.8}",1.8976201238077,0.975402830053339,2.1583890914917
LightGBM,Enhanced,4,"{'colsample_bytree': 0.8, 'learning_rate': 0.05, 'max_depth': 9, 'min_child_samples': 100, 'n_estimators': 500, 'num_leaves': 62, 'subsample': 0.6}",1.90005551423869,0.975339653918625,1.94551157951355
LightGBM,Enhanced,4,"{'colsample_bytree': 0.8, 'learning_rate': 0.05, 'max_depth': 9, 'min_child_samples': 100, 'n_estimators': 500, 'num_leaves': 62, 'subsample': 0.8}",1.89915811884192,0.975362942559274,1.94096040725708
LightGBM,Enhanced,4,"{'colsample_bytree': 0.8, 'learning_rate': 0.05, 'max_depth': 9, 'min_child_samples': 100, 'n_estimators': 750, 'num_leaves': 15, 'subsample': 0.6}",1.92618137315835,0.974656829539078,1.25891470909119
LightGBM,Enhanced,4,"{'colsample_bytree': 0.8, 'learning_rate': 0.05, 'max_depth': 9, 'min_child_samples': 100, 'n_estimators': 750, 'num_leaves': 15, 'subsample': 0.8}",1.92618137518579,0.974656829485727,1.25637888908386
LightGBM,Enhanced,4,"{'colsample_bytree': 0.8, 'learning_rate': 0.05, 'max_depth': 9, 'min_child_samples': 100, 'n_estimators': 750, 'num_leaves': 31, 'subsample': 0.6}",1.87147932311749,0.97607584245858,2.77100968360901
LightGBM,Enhanced,4,"{'colsample_bytree': 0.8, 'learning_rate': 0.05, 'max_depth': 9, 'min_child_samples': 100, 'n_estimators': 750, 'num_leaves': 31, 'subsample': 0.8}",1.87229722036448,0.976054926621397,2.74363470077515
LightGBM,Enhanced,4,"{'colsample_bytree': 0.8, 'learning_rate': 0.05, 'max_depth': 9, 'min_child_samples': 100, 'n_estimators': 750, 'num_leaves': 62, 'subsample': 0.6}",1.87104868612961,0.976086851334468,2.73189902305603
LightGBM,Enhanced,4,"{'colsample_bytree': 0.8, 'learning_rate': 0.05, 'max_depth': 9, 'min_child_samples': 100, 'n_estimators': 750, 'num_leaves': 62, 'subsample': 0.8}",1.87176560036142,0.976068522617387,2.79739594459534
LightGBM,Enhanced,4,"{'colsample_bytree': 0.8, 'learning_rate': 0.05, 'max_depth': 9, 'min_child_samples': 100, 'n_estimators': 1000, 'num_leaves': 15, 'subsample': 0.6}",1.926181331093,0.974656830646003,1.27916049957275
LightGBM,Enhanced,4,"{'colsample_bytree': 0.8, 'learning_rate': 0.05, 'max_depth': 9, 'min_child_samples': 100, 'n_estimators': 1000, 'num_leaves': 15, 'subsample': 0.8}",1.9261771928568,0.974656939541159,1.21121335029602
LightGBM,Enhanced,4,"{'colsample_bytree': 0.8, 'learning_rate': 0.05, 'max_depth': 9, 'min_child_samples': 100, 'n_estimators': 1000, 'num_leaves': 31, 'subsample': 0.6}",1.87253693717207,0.976048794684711,2.72762608528137
LightGBM,Enhanced,4,"{'colsample_bytree': 0.8, 'learning_rate': 0.05, 'max_depth': 9, 'min_child_samples': 100, 'n_estimators': 1000, 'num_leaves': 31, 'subsample': 0.8}",1.87098008655008,0.976088604791643,2.63434863090515
LightGBM,Enhanced,4,"{'colsample_bytree': 0.8, 'learning_rate': 0.05, 'max_depth': 9, 'min_child_samples': 100, 'n_estimators': 1000, 'num_leaves': 62, 'subsample': 0.6}",1.87230447423473,0.976054741079497,2.75553011894226
LightGBM,Enhanced,4,"{'colsample_bytree': 0.8, 'learning_rate': 0.05, 'max_depth': 9, 'min_child_samples': 100, 'n_estimators': 1000, 'num_leaves': 62, 'subsample': 0.8}",1.87004961181529,0.976112382080196,2.67316675186157
LightGBM,Enhanced,5,"{'colsample_bytree': 0.6, 'learning_rate': 0.01, 'max_depth': 3, 'min_child_samples': 50, 'n_estimators': 500, 'num_leaves': 15, 'subsample': 0.6}",2.50086406300869,0.957734879666158,0.911016464233398
LightGBM,Enhanced,5,"{'colsample_bytree': 0.6, 'learning_rate': 0.01, 'max_depth': 3, 'min_child_samples': 50, 'n_estimators': 500, 'num_leaves': 15, 'subsample': 0.8}",2.50086406492113,0.957734879601516,0.816891670227051
LightGBM,Enhanced,5,"{'colsample_bytree': 0.6, 'learning_rate': 0.01, 'max_depth': 3, 'min_child_samples': 50, 'n_estimators': 500, 'num_leaves': 31, 'subsample': 0.6}",2.50086406026198,0.957734879758997,0.846294403076172
LightGBM,Enhanced,5,"{'colsample_bytree': 0.6, 'learning_rate': 0.01, 'max_depth': 3, 'min_child_samples': 50, 'n_estimators': 500, 'num_leaves': 31, 'subsample': 0.8}",2.50086406231747,0.957734879689521,0.941380739212036
LightGBM,Enhanced,5,"{'colsample_bytree': 0.6, 'learning_rate': 0.01, 'max_depth': 3, 'min_child_samples': 50, 'n_estimators': 500, 'num_leaves': 62, 'subsample': 0.6}",2.50086406303549,0.957734879665252,0.975797891616821
LightGBM,Enhanced,5,"{'colsample_bytree': 0.6, 'learning_rate': 0.01, 'max_depth': 3, 'min_child_samples': 50, 'n_estimators': 500, 'num_leaves': 62, 'subsample': 0.8}",2.50086406286122,0.957734879671142,0.935051679611206
LightGBM,Enhanced,5,"{'colsample_bytree': 0.6, 'learning_rate': 0.01, 'max_depth': 3, 'min_child_samples': 50, 'n_estimators': 750, 'num_leaves': 15, 'subsample': 0.6}",2.45396922487528,0.959305083472756,1.14880633354187
LightGBM,Enhanced,5,"{'colsample_bytree': 0.6, 'learning_rate': 0.01, 'max_depth': 3, 'min_child_samples': 50, 'n_estimators': 750, 'num_leaves': 15, 'subsample': 0.8}",2.45396922297104,0.959305083535914,1.28310966491699
LightGBM,Enhanced,5,"{'colsample_bytree': 0.6, 'learning_rate': 0.01, 'max_depth': 3, 'min_child_samples': 50, 'n_estimators': 750, 'num_leaves': 31, 'subsample': 0.6}",2.45396922683265,0.959305083407837,1.25631952285767
LightGBM,Enhanced,5,"{'colsample_bytree': 0.6, 'learning_rate': 0.01, 'max_depth': 3, 'min_child_samples': 50, 'n_estimators': 750, 'num_leaves': 31, 'subsample': 0.8}",2.45396922625873,0.959305083426872,1.21266841888428
LightGBM,Enhanced,5,"{'colsample_bytree': 0.6, 'learning_rate': 0.01, 'max_depth': 3, 'min_child_samples': 50, 'n_estimators': 750, 'num_leaves': 62, 'subsample': 0.6}",2.45396922689538,0.959305083405757,1.35897445678711
LightGBM,Enhanced,5,"{'colsample_bytree': 0.6, 'learning_rate': 0.01, 'max_depth': 3, 'min_child_samples': 50, 'n_estimators': 750, 'num_leaves': 62, 'subsample': 0.8}",2.45396922551905,0.959305083451405,1.27284145355225
LightGBM,Enhanced,5,"{'colsample_bytree': 0.6, 'learning_rate': 0.01, 'max_depth': 3, 'min_child_samples': 50, 'n_estimators': 1000, 'num_leaves': 15, 'subsample': 0.6}",2.45210795094948,0.959366792202574,1.24009585380554
LightGBM,Enhanced,5,"{'colsample_bytree': 0.6, 'learning_rate': 0.01, 'max_depth': 3, 'min_child_samples': 50, 'n_estimators': 1000, 'num_leaves': 15, 'subsample': 0.8}",2.45396922525022,0.959305083460321,1.26453232765198
LightGBM,Enhanced,5,"{'colsample_bytree': 0.6, 'learning_rate': 0.01, 'max_depth': 3, 'min_child_samples': 50, 'n_estimators': 1000, 'num_leaves': 31, 'subsample': 0.6}",2.45396922433435,0.959305083490697,1.25399947166443
LightGBM,Enhanced,5,"{'colsample_bytree': 0.6, 'learning_rate': 0.01, 'max_depth': 3, 'min_child_samples': 50, 'n_estimators': 1000, 'num_leaves': 31, 'subsample': 0.8}",2.45210795277394,0.959366792142108,1.24396014213562
LightGBM,Enhanced,5,"{'colsample_bytree': 0.6, 'learning_rate': 0.01, 'max_depth': 3, 'min_child_samples': 50, 'n_estimators': 1000, 'num_leaves': 62, 'subsample': 0.6}",2.45396922458175,0.959305083482492,1.24156928062439
LightGBM,Enhanced,5,"{'colsample_bytree': 0.6, 'learning_rate': 0.01, 'max_depth': 3, 'min_child_samples': 50, 'n_estimators': 1000, 'num_leaves': 62, 'subsample': 0.8}",2.45396922269674,0.959305083545011,1.26534509658813
LightGBM,Enhanced,5,"{'colsample_bytree': 0.6, 'learning_rate': 0.01, 'max_depth': 3, 'min_child_samples': 100, 'n_estimators': 500, 'num_leaves': 15, 'subsample': 0.6}",3.07994877836052,0.935895439652174,0.873844385147095
LightGBM,Enhanced,5,"{'colsample_bytree': 0.6, 'learning_rate': 0.01, 'max_depth': 3, 'min_child_samples': 100, 'n_estimators': 500, 'num_leaves': 15, 'subsample': 0.8}",3.07994878202103,0.935895439499798,0.847619533538818
LightGBM,Enhanced,5,"{'colsample_bytree': 0.6, 'learning_rate': 0.01, 'max_depth': 3, 'min_child_samples': 100, 'n_estimators': 500, 'num_leaves': 31, 'subsample': 0.6}",3.07994877961347,0.935895439600017,0.940517663955689
LightGBM,Enhanced,5,"{'colsample_bytree': 0.6, 'learning_rate': 0.01, 'max_depth': 3, 'min_child_samples': 100, 'n_estimators': 500, 'num_leaves': 31, 'subsample': 0.8}",3.07994878022487,0.935895439574567,0.894553661346436
LightGBM,Enhanced,5,"{'colsample_bytree': 0.6, 'learning_rate': 0.01, 'max_depth': 3, 'min_child_samples': 100, 'n_estimators': 500, 'num_leaves': 62, 'subsample': 0.6}",3.07994877954046,0.935895439603057,0.905579566955566
LightGBM,Enhanced,5,"{'colsample_bytree': 0.6, 'learning_rate': 0.01, 'max_depth': 3, 'min_child_samples': 100, 'n_estimators': 500, 'num_leaves': 62, 'subsample': 0.8}",3.07994878073862,0.935895439553181,0.893471717834473
LightGBM,Enhanced,5,"{'colsample_bytree': 0.6, 'learning_rate': 0.01, 'max_depth': 3, 'min_child_samples': 100, 'n_estimators': 750, 'num_leaves': 15, 'subsample': 0.6}",2.94400489625202,0.941429491571228,1.30801248550415
LightGBM,Enhanced,5,"{'colsample_bytree': 0.6, 'learning_rate': 0.01, 'max_depth': 3, 'min_child_samples': 100, 'n_estimators': 750, 'num_leaves': 15, 'subsample': 0.8}",2.94400489478648,0.941429491629541,1.25162625312805
LightGBM,Enhanced,5,"{'colsample_bytree': 0.6, 'learning_rate': 0.01, 'max_depth': 3, 'min_child_samples': 100, 'n_estimators': 750, 'num_leaves': 31, 'subsample': 0.6}",2.94400489645461,0.941429491563167,1.27223062515259
LightGBM,Enhanced,5,"{'colsample_bytree': 0.6, 'learning_rate': 0.01, 'max_depth': 3, 'min_child_samples': 100, 'n_estimators': 750, 'num_leaves': 31, 'subsample': 0.8}",2.94400489511463,0.941429491616485,1.20588970184326
LightGBM,Enhanced,5,"{'colsample_bytree': 0.6, 'learning_rate': 0.01, 'max_depth': 3, 'min_child_samples': 100, 'n_estimators': 750, 'num_leaves': 62, 'subsample': 0.6}",2.94400489505914,0.941429491618693,1.30439686775208
LightGBM,Enhanced,5,"{'colsample_bytree': 0.6, 'learning_rate': 0.01, 'max_depth': 3, 'min_child_samples': 100, 'n_estimators': 750, 'num_leaves': 62, 'subsample': 0.8}",2.94400489789722,0.941429491505766,1.24937748908997
LightGBM,Enhanced,5,"{'colsample_bytree': 0.6, 'learning_rate': 0.01, 'max_depth': 3, 'min_child_samples': 100, 'n_estimators': 1000, 'num_leaves': 15, 'subsample': 0.6}",2.8573902058723,0.944825165179954,1.50855374336243
LightGBM,Enhanced,5,"{'colsample_bytree': 0.6, 'learning_rate': 0.01, 'max_depth': 3, 'min_child_samples': 100, 'n_estimators': 1000, 'num_leaves': 15, 'subsample': 0.8}",2.85739020674724,0.944825165146165,1.59262561798096
LightGBM,Enhanced,5,"{'colsample_bytree': 0.6, 'learning_rate': 0.01, 'max_depth': 3, 'min_child_samples': 100, 'n_estimators': 1000, 'num_leaves': 31, 'subsample': 0.6}",2.85739020645794,0.944825165157337,1.45894193649292
LightGBM,Enhanced,5,"{'colsample_bytree': 0.6, 'learning_rate': 0.01, 'max_depth': 3, 'min_child_samples': 100, 'n_estimators': 1000, 'num_leaves': 31, 'subsample': 0.8}",2.85739020593847,0.944825165177399,1.59798240661621
LightGBM,Enhanced,5,"{'colsample_bytree': 0.6, 'learning_rate': 0.01, 'max_depth': 3, 'min_child_samples': 100, 'n_estimators': 1000, 'num_leaves': 62, 'subsample': 0.6}",2.85739020537277,0.944825165199245,1.595290184021
LightGBM,Enhanced,5,"{'colsample_bytree': 0.6, 'learning_rate': 0.01, 'max_depth': 3, 'min_child_samples': 100, 'n_estimators': 1000, 'num_leaves': 62, 'subsample': 0.8}",2.85739020803937,0.944825165096264,1.62281036376953
LightGBM,Enhanced,5,"{'colsample_bytree': 0.6, 'learning_rate': 0.01, 'max_depth': 5, 'min_child_samples': 50, 'n_estimators': 500, 'num_leaves': 15, 'subsample': 0.6}",2.42139109523136,0.960378417267477,1.67316007614136
LightGBM,Enhanced,5,"{'colsample_bytree': 0.6, 'learning_rate': 0.01, 'max_depth': 5, 'min_child_samples': 50, 'n_estimators': 500, 'num_leaves': 15, 'subsample': 0.8}",2.42139088952043,0.960378423999634,1.48929667472839
LightGBM,Enhanced,5,"{'colsample_bytree': 0.6, 'learning_rate': 0.01, 'max_depth': 5, 'min_child_samples': 50, 'n_estimators': 500, 'num_leaves': 31, 'subsample': 0.6}",2.41342047873291,0.960638836710062,1.73513245582581
LightGBM,Enhanced,5,"{'colsample_bytree': 0.6, 'learning_rate': 0.01, 'max_depth': 5, 'min_child_samples': 50, 'n_estimators': 500, 'num_leaves': 31, 'subsample': 0.8}",2.41343602895525,0.960638329482401,1.74733138084412
LightGBM,Enhanced,5,"{'colsample_bytree': 0.6, 'learning_rate': 0.01, 'max_depth': 5, 'min_child_samples': 50, 'n_estimators': 500, 'num_leaves': 62, 'subsample': 0.6}",2.41341461929526,0.960639027836312,1.79453897476196
LightGBM,Enhanced,5,"{'colsample_bytree': 0.6, 'learning_rate': 0.01, 'max_depth': 5, 'min_child_samples': 50, 'n_estimators': 500, 'num_leaves': 62, 'subsample': 0.8}",2.41343574054628,0.960638338889949,1.78644108772278
LightGBM,Enhanced,5,"{'colsample_bytree': 0.6, 'learning_rate': 0.01, 'max_depth': 5, 'min_child_samples': 50, 'n_estimators': 750, 'num_leaves': 15, 'subsample': 0.6}",2.35863420930656,0.962405602897481,2.19598937034607
LightGBM,Enhanced,5,"{'colsample_bytree': 0.6, 'learning_rate': 0.01, 'max_depth': 5, 'min_child_samples': 50, 'n_estimators': 750, 'num_leaves': 15, 'subsample': 0.8}",2.35865111210744,0.962405064066252,2.20546746253967
LightGBM,Enhanced,5,"{'colsample_bytree': 0.6, 'learning_rate': 0.01, 'max_depth': 5, 'min_child_samples': 50, 'n_estimators': 750, 'num_leaves': 31, 'subsample': 0.6}",2.34580950009877,0.962813318884537,2.34416580200195
LightGBM,Enhanced,5,"{'colsample_bytree': 0.6, 'learning_rate': 0.01, 'max_depth': 5, 'min_child_samples': 50, 'n_estimators': 750, 'num_leaves': 31, 'subsample': 0.8}",2.34563700037456,0.962818787748384,2.22546887397766
LightGBM,Enhanced,5,"{'colsample_bytree': 0.6, 'learning_rate': 0.01, 'max_depth': 5, 'min_child_samples': 50, 'n_estimators': 750, 'num_leaves': 62, 'subsample': 0.6}",2.34580997074527,0.962813303962794,2.07257318496704
LightGBM,Enhanced,5,"{'colsample_bytree': 0.6, 'learning_rate': 0.01, 'max_depth': 5, 'min_child_samples': 50, 'n_estimators': 750, 'num_leaves': 62, 'subsample': 0.8}",2.34581141954618,0.962813258028863,2.21791386604309
LightGBM,Enhanced,5,"{'colsample_bytree': 0.6, 'learning_rate': 0.01, 'max_depth': 5, 'min_child_samples': 50, 'n_estimators': 1000, 'num_leaves': 15, 'subsample': 0.6}",2.35848427075351,0.962410382502826,2.27138733863831
LightGBM,Enhanced,5,"{'colsample_bytree': 0.6, 'learning_rate': 0.01, 'max_depth': 5, 'min_child_samples': 50, 'n_estimators': 1000, 'num_leaves': 15, 'subsample': 0.8}",2.35846773182437,0.962410909697218,2.19465732574463
LightGBM,Enhanced,5,"{'colsample_bytree': 0.6, 'learning_rate': 0.01, 'max_depth': 5, 'min_child_samples': 50, 'n_estimators': 1000, 'num_leaves': 31, 'subsample': 0.6}",2.34563590230859,0.96281882255975,2.38277053833008
LightGBM,Enhanced,5,"{'colsample_bytree': 0.6, 'learning_rate': 0.01, 'max_depth': 5, 'min_child_samples': 50, 'n_estimators': 1000, 'num_leaves': 31, 'subsample': 0.8}",2.34561952080981,0.962819341891233,2.38973903656006
LightGBM,Enhanced,5,"{'colsample_bytree': 0.6, 'learning_rate': 0.01, 'max_depth': 5, 'min_child_samples': 50, 'n_estimators': 1000, 'num_leaves': 62, 'subsample': 0.6}",2.34563676025401,0.962818795360791,2.44272470474243
LightGBM,Enhanced,5,"{'colsample_bytree': 0.6, 'learning_rate': 0.01, 'max_depth': 5, 'min_child_samples': 50, 'n_estimators': 1000, 'num_leaves': 62, 'subsample': 0.8}",2.34579246549037,0.962813858961001,2.2192554473877
LightGBM,Enhanced,5,"{'colsample_bytree': 0.6, 'learning_rate': 0.01, 'max_depth': 5, 'min_child_samples': 100, 'n_estimators': 500, 'num_leaves': 15, 'subsample': 0.6}",3.06711522722763,0.936428549271084,1.29652738571167
LightGBM,Enhanced,5,"{'colsample_bytree': 0.6, 'learning_rate': 0.01, 'max_depth': 5, 'min_child_samples': 100, 'n_estimators': 500, 'num_leaves': 15, 'subsample': 0.8}",3.06711694674386,0.936428477990964,1.31135416030884
LightGBM,Enhanced,5,"{'colsample_bytree': 0.6, 'learning_rate': 0.01, 'max_depth': 5, 'min_child_samples': 100, 'n_estimators': 500, 'num_leaves': 31, 'subsample': 0.6}",3.06182341476106,0.936647724594835,1.45242977142334
LightGBM,Enhanced,5,"{'colsample_bytree': 0.6, 'learning_rate': 0.01, 'max_depth': 5, 'min_child_samples': 100, 'n_estimators': 500, 'num_leaves': 31, 'subsample': 0.8}",3.06477554077374,0.93652550065407,1.35738921165466
LightGBM,Enhanced,5,"{'colsample_bytree': 0.6, 'learning_rate': 0.01, 'max_depth': 5, 'min_child_samples': 100, 'n_estimators': 500, 'num_leaves': 62, 'subsample': 0.6}",3.06603106466244,0.936473483745839,1.37716293334961
LightGBM,Enhanced,5,"{'colsample_bytree': 0.6, 'learning_rate': 0.01, 'max_depth': 5, 'min_child_samples': 100, 'n_estimators': 500, 'num_leaves': 62, 'subsample': 0.8}",3.06477517121774,0.936525515961801,1.36521530151367
LightGBM,Enhanced,5,"{'colsample_bytree': 0.6, 'learning_rate': 0.01, 'max_depth': 5, 'min_child_samples': 100, 'n_estimators': 750, 'num_leaves': 15, 'subsample': 0.6}",2.93896184699555,0.941629981029058,1.83327579498291
LightGBM,Enhanced,5,"{'colsample_bytree': 0.6, 'learning_rate': 0.01, 'max_depth': 5, 'min_child_samples': 100, 'n_estimators': 750, 'num_leaves': 15, 'subsample': 0.8}",2.93896156369185,0.941629992282311,1.82053422927856
LightGBM,Enhanced,5,"{'colsample_bytree': 0.6, 'learning_rate': 0.01, 'max_depth': 5, 'min_child_samples': 100, 'n_estimators': 750, 'num_leaves': 31, 'subsample': 0.6}",2.93721350439798,0.941699407201759,1.77658104896545
LightGBM,Enhanced,5,"{'colsample_bytree': 0.6, 'learning_rate': 0.01, 'max_depth': 5, 'min_child_samples': 100, 'n_estimators': 750, 'num_leaves': 31, 'subsample': 0.8}",2.93721377585118,0.941699396425638,1.86037230491638
LightGBM,Enhanced,5,"{'colsample_bytree': 0.6, 'learning_rate': 0.01, 'max_depth': 5, 'min_child_samples': 100, 'n_estimators': 750, 'num_leaves': 62, 'subsample': 0.6}",2.9372132150231,0.941699418689331,1.88622212409973
LightGBM,Enhanced,5,"{'colsample_bytree': 0.6, 'learning_rate': 0.01, 'max_depth': 5, 'min_child_samples': 100, 'n_estimators': 750, 'num_leaves': 62, 'subsample': 0.8}",2.93867687463602,0.941641300016141,1.99491500854492
LightGBM,Enhanced,5,"{'colsample_bytree': 0.6, 'learning_rate': 0.01, 'max_depth': 5, 'min_child_samples': 100, 'n_estimators': 1000, 'num_leaves': 15, 'subsample': 0.6}",2.84910956597482,0.945144492180083,2.37645888328552
LightGBM,Enhanced,5,"{'colsample_bytree': 0.6, 'learning_rate': 0.01, 'max_depth': 5, 'min_child_samples': 100, 'n_estimators': 1000, 'num_leaves': 15, 'subsample': 0.8}",2.84910889006322,0.945144518207492,2.28417062759399
LightGBM,Enhanced,5,"{'colsample_bytree': 0.6, 'learning_rate': 0.01, 'max_depth': 5, 'min_child_samples': 100, 'n_estimators': 1000, 'num_leaves': 31, 'subsample': 0.6}",2.84450694744418,0.945321582626267,2.32301950454712
LightGBM,Enhanced,5,"{'colsample_bytree': 0.6, 'learning_rate': 0.01, 'max_depth': 5, 'min_child_samples': 100, 'n_estimators': 1000, 'num_leaves': 31, 'subsample': 0.8}",2.84450694703345,0.945321582642058,2.314040184021
LightGBM,Enhanced,5,"{'colsample_bytree': 0.6, 'learning_rate': 0.01, 'max_depth': 5, 'min_child_samples': 100, 'n_estimators': 1000, 'num_leaves': 62, 'subsample': 0.6}",2.84597173057025,0.945265254660568,2.30880522727966
LightGBM,Enhanced,5,"{'colsample_bytree': 0.6, 'learning_rate': 0.01, 'max_depth': 5, 'min_child_samples': 100, 'n_estimators': 1000, 'num_leaves': 62, 'subsample': 0.8}",2.84580628029142,0.945271618473356,2.40808892250061
LightGBM,Enhanced,5,"{'colsample_bytree': 0.6, 'learning_rate': 0.01, 'max_depth': 9, 'min_child_samples': 50, 'n_estimators': 500, 'num_leaves': 15, 'subsample': 0.6}",2.4079336343687,0.960817606285931,2.20373964309692
LightGBM,Enhanced,5,"{'colsample_bytree': 0.6, 'learning_rate': 0.01, 'max_depth': 9, 'min_child_samples': 50, 'n_estimators': 500, 'num_leaves': 15, 'subsample': 0.8}",2.40873120734691,0.960791645442525,1.7061550617218
LightGBM,Enhanced,5,"{'colsample_bytree': 0.6, 'learning_rate': 0.01, 'max_depth': 9, 'min_child_samples': 50, 'n_estimators': 500, 'num_leaves': 31, 'subsample': 0.6}",2.4182609120015,0.960480790362516,2.75981998443604
LightGBM,Enhanced,5,"{'colsample_bytree': 0.6, 'learning_rate': 0.01, 'max_depth': 9, 'min_child_samples': 50, 'n_estimators': 500, 'num_leaves': 31, 'subsample': 0.8}",2.41844043283896,0.96047492268719,1.84248113632202
LightGBM,Enhanced,5,"{'colsample_bytree': 0.6, 'learning_rate': 0.01, 'max_depth': 9, 'min_child_samples': 50, 'n_estimators': 500, 'num_leaves': 62, 'subsample': 0.6}",2.4183652696028,0.960477379465958,1.14227676391602
LightGBM,Enhanced,5,"{'colsample_bytree': 0.6, 'learning_rate': 0.01, 'max_depth': 9, 'min_child_samples': 50, 'n_estimators': 500, 'num_leaves': 62, 'subsample': 0.8}",2.41839953933378,0.960476259338088,1.20707654953003
LightGBM,Enhanced,5,"{'colsample_bytree': 0.6, 'learning_rate': 0.01, 'max_depth': 9, 'min_child_samples': 50, 'n_estimators': 750, 'num_leaves': 15, 'subsample': 0.6}",2.30881744039763,0.96397689642604,1.04289865493774
LightGBM,Enhanced,5,"{'colsample_bytree': 0.6, 'learning_rate': 0.01, 'max_depth': 9, 'min_child_samples': 50, 'n_estimators': 750, 'num_leaves': 15, 'subsample': 0.8}",2.30873165746892,0.963979573216214,0.817869901657105
LightGBM,Enhanced,5,"{'colsample_bytree': 0.6, 'learning_rate': 0.01, 'max_depth': 9, 'min_child_samples': 50, 'n_estimators': 750, 'num_leaves': 31, 'subsample': 0.6}",2.31498335815177,0.963784233220775,1.01289749145508
LightGBM,Enhanced,5,"{'colsample_bytree': 0.6, 'learning_rate': 0.01, 'max_depth': 9, 'min_child_samples': 50, 'n_estimators': 750, 'num_leaves': 31, 'subsample': 0.8}",2.31166458963345,0.963887996898013,1.12760853767395
LightGBM,Enhanced,5,"{'colsample_bytree': 0.6, 'learning_rate': 0.01, 'max_depth': 9, 'min_child_samples': 50, 'n_estimators': 750, 'num_leaves': 62, 'subsample': 0.6}",2.31683510460108,0.963726272338428,1.19294309616089
LightGBM,Enhanced,5,"{'colsample_bytree': 0.6, 'learning_rate': 0.01, 'max_depth': 9, 'min_child_samples': 50, 'n_estimators': 750, 'num_leaves': 62, 'subsample': 0.8}",2.31289692256146,0.963849484500859,1.21495962142944
LightGBM,Enhanced,5,"{'colsample_bytree': 0.6, 'learning_rate': 0.01, 'max_depth': 9, 'min_child_samples': 50, 'n_estimators': 1000, 'num_leaves': 15, 'subsample': 0.6}",2.302674280429,0.964168337532601,0.901081562042236
LightGBM,Enhanced,5,"{'colsample_bytree': 0.6, 'learning_rate': 0.01, 'max_depth': 9, 'min_child_samples': 50, 'n_estimators': 1000, 'num_leaves': 15, 'subsample': 0.8}",2.30237271124051,0.9641777222883,0.869668483734131
LightGBM,Enhanced,5,"{'colsample_bytree': 0.6, 'learning_rate': 0.01, 'max_depth': 9, 'min_child_samples': 50, 'n_estimators': 1000, 'num_leaves': 31, 'subsample': 0.6}",2.30559497761047,0.964077382587443,1.13891053199768
LightGBM,Enhanced,5,"{'colsample_bytree': 0.6, 'learning_rate': 0.01, 'max_depth': 9, 'min_child_samples': 50, 'n_estimators': 1000, 'num_leaves': 31, 'subsample': 0.8}",2.3053899300246,0.964083771843587,1.19911980628967
LightGBM,Enhanced,5,"{'colsample_bytree': 0.6, 'learning_rate': 0.01, 'max_depth': 9, 'min_child_samples': 50, 'n_estimators': 1000, 'num_leaves': 62, 'subsample': 0.6}",2.30908200021782,0.963968640414405,1.28038859367371
LightGBM,Enhanced,5,"{'colsample_bytree': 0.6, 'learning_rate': 0.01, 'max_depth': 9, 'min_child_samples': 50, 'n_estimators': 1000, 'num_leaves': 62, 'subsample': 0.8}",2.30895628882271,0.963972563557179,1.27963209152222
LightGBM,Enhanced,5,"{'colsample_bytree': 0.6, 'learning_rate': 0.01, 'max_depth': 9, 'min_child_samples': 100, 'n_estimators': 500, 'num_leaves': 15, 'subsample': 0.6}",3.07485103523214,0.936107467945666,0.600582838058472
LightGBM,Enhanced,5,"{'colsample_bytree': 0.6, 'learning_rate': 0.01, 'max_depth': 9, 'min_child_samples': 100, 'n_estimators': 500, 'num_leaves': 15, 'subsample': 0.8}",3.07485132436463,0.936107455929859,0.584237575531006
LightGBM,Enhanced,5,"{'colsample_bytree': 0.6, 'learning_rate': 0.01, 'max_depth': 9, 'min_child_samples': 100, 'n_estimators': 500, 'num_leaves': 31, 'subsample': 0.6}",3.07059670638867,0.936284147593214,0.691142082214356
LightGBM,Enhanced,5,"{'colsample_bytree': 0.6, 'learning_rate': 0.01, 'max_depth': 9, 'min_child_samples': 100, 'n_estimators': 500, 'num_leaves': 31, 'subsample': 0.8}",3.07059695431363,0.936284137304171,0.709007263183594
LightGBM,Enhanced,5,"{'colsample_bytree': 0.6, 'learning_rate': 0.01, 'max_depth': 9, 'min_child_samples': 100, 'n_estimators': 500, 'num_leaves': 62, 'subsample': 0.6}",3.07059772907668,0.936284105151008,0.678378582000732
LightGBM,Enhanced,5,"{'colsample_bytree': 0.6, 'learning_rate': 0.01, 'max_depth': 9, 'min_child_samples': 100, 'n_estimators': 500, 'num_leaves': 62, 'subsample': 0.8}",3.07059644527967,0.936284158429402,0.718065977096558
LightGBM,Enhanced,5,"{'colsample_bytree': 0.6, 'learning_rate': 0.01, 'max_depth': 9, 'min_child_samples': 100, 'n_estimators': 750, 'num_leaves': 15, 'subsample': 0.6}",2.94509789156887,0.941385993562734,0.774971961975098
LightGBM,Enhanced,5,"{'colsample_bytree': 0.6, 'learning_rate': 0.01, 'max_depth': 9, 'min_child_samples': 100, 'n_estimators': 750, 'num_leaves': 15, 'subsample': 0.8}",2.94509769328662,0.94138600145525,0.796454429626465
LightGBM,Enhanced,5,"{'colsample_bytree': 0.6, 'learning_rate': 0.01, 'max_depth': 9, 'min_child_samples': 100, 'n_estimators': 750, 'num_leaves': 31, 'subsample': 0.6}",2.93329658148279,0.941854797106825,0.908838748931885
LightGBM,Enhanced,5,"{'colsample_bytree': 0.6, 'learning_rate': 0.01, 'max_depth': 9, 'min_child_samples': 100, 'n_estimators': 750, 'num_leaves': 31, 'subsample': 0.8}",2.93329742928981,0.941854763495551,0.906882047653198
LightGBM,Enhanced,5,"{'colsample_bytree': 0.6, 'learning_rate': 0.01, 'max_depth': 9, 'min_child_samples': 100, 'n_estimators': 750, 'num_leaves': 62, 'subsample': 0.6}",2.93329695743443,0.941854782202239,0.893171548843384
LightGBM,Enhanced,5,"{'colsample_bytree': 0.6, 'learning_rate': 0.01, 'max_depth': 9, 'min_child_samples': 100, 'n_estimators': 750, 'num_leaves': 62, 'subsample': 0.8}",2.93329653891773,0.941854798794315,0.910444021224976
LightGBM,Enhanced,5,"{'colsample_bytree': 0.6, 'learning_rate': 0.01, 'max_depth': 9, 'min_child_samples': 100, 'n_estimators': 1000, 'num_leaves': 15, 'subsample': 0.6}",2.84844497976222,0.945170080499122,1.01696467399597
LightGBM,Enhanced,5,"{'colsample_bytree': 0.6, 'learning_rate': 0.01, 'max_depth': 9, 'min_child_samples': 100, 'n_estimators': 1000, 'num_leaves': 15, 'subsample': 0.8}",2.84844457019344,0.945170096266758,0.998779296875
LightGBM,Enhanced,5,"{'colsample_bytree': 0.6, 'learning_rate': 0.01, 'max_depth': 9, 'min_child_samples': 100, 'n_estimators': 1000, 'num_leaves': 31, 'subsample': 0.6}",2.84357309318439,0.945357478682863,1.12657856941223
LightGBM,Enhanced,5,"{'colsample_bytree': 0.6, 'learning_rate': 0.01, 'max_depth': 9, 'min_child_samples': 100, 'n_estimators': 1000, 'num_leaves': 31, 'subsample': 0.8}",2.84357272246001,0.945357492930651,1.12521982192993
LightGBM,Enhanced,5,"{'colsample_bytree': 0.6, 'learning_rate': 0.01, 'max_depth': 9, 'min_child_samples': 100, 'n_estimators': 1000, 'num_leaves': 62, 'subsample': 0.6}",2.84198751118307,0.945418399250118,1.12692761421204
LightGBM,Enhanced,5,"{'colsample_bytree': 0.6, 'learning_rate': 0.01, 'max_depth': 9, 'min_child_samples': 100, 'n_estimators': 1000, 'num_leaves': 62, 'subsample': 0.8}",2.84357315903798,0.945357476151958,1.154381275177
LightGBM,Enhanced,5,"{'colsample_bytree': 0.6, 'learning_rate': 0.05, 'max_depth': 3, 'min_child_samples': 50, 'n_estimators': 500, 'num_leaves': 15, 'subsample': 0.6}",2.36657394141772,0.962152073262023,0.167493581771851
LightGBM,Enhanced,5,"{'colsample_bytree': 0.6, 'learning_rate': 0.05, 'max_depth': 3, 'min_child_samples': 50, 'n_estimators': 500, 'num_leaves': 15, 'subsample': 0.8}",2.36657393335734,0.962152073519838,0.178025007247925
LightGBM,Enhanced,5,"{'colsample_bytree': 0.6, 'learning_rate': 0.05, 'max_depth': 3, 'min_child_samples': 50, 'n_estimators': 500, 'num_leaves': 31, 'subsample': 0.6}",2.36657394247743,0.962152073228128,0.155758142471313
LightGBM,Enhanced,5,"{'colsample_bytree': 0.6, 'learning_rate': 0.05, 'max_depth': 3, 'min_child_samples': 50, 'n_estimators': 500, 'num_leaves': 31, 'subsample': 0.8}",2.36657393688103,0.962152073407131,0.154510498046875
LightGBM,Enhanced,5,"{'colsample_bytree': 0.6, 'learning_rate': 0.05, 'max_depth': 3, 'min_child_samples': 50, 'n_estimators': 500, 'num_leaves': 62, 'subsample': 0.6}",2.36657394335576,0.962152073200034,0.15394115447998
LightGBM,Enhanced,5,"{'colsample_bytree': 0.6, 'learning_rate': 0.05, 'max_depth': 3, 'min_child_samples': 50, 'n_estimators': 500, 'num_leaves': 62, 'subsample': 0.8}",2.36657394120463,0.962152073268839,0.158533811569214
LightGBM,Enhanced,5,"{'colsample_bytree': 0.6, 'learning_rate': 0.05, 'max_depth': 3, 'min_child_samples': 50, 'n_estimators': 750, 'num_leaves': 15, 'subsample': 0.6}",2.36657393396346,0.962152073500451,0.149885177612305
LightGBM,Enhanced,5,"{'colsample_bytree': 0.6, 'learning_rate': 0.05, 'max_depth': 3, 'min_child_samples': 50, 'n_estimators': 750, 'num_leaves': 15, 'subsample': 0.8}",2.36657394144563,0.96215207326113,0.150883674621582
LightGBM,Enhanced,5,"{'colsample_bytree': 0.6, 'learning_rate': 0.05, 'max_depth': 3, 'min_child_samples': 50, 'n_estimators': 750, 'num_leaves': 31, 'subsample': 0.6}",2.36657394258635,0.962152073224644,0.156532764434814
LightGBM,Enhanced,5,"{'colsample_bytree': 0.6, 'learning_rate': 0.05, 'max_depth': 3, 'min_child_samples': 50, 'n_estimators': 750, 'num_leaves': 31, 'subsample': 0.8}",2.36657394126768,0.962152073266822,0.152188301086426
LightGBM,Enhanced,5,"{'colsample_bytree': 0.6, 'learning_rate': 0.05, 'max_depth': 3, 'min_child_samples': 50, 'n_estimators': 750, 'num_leaves': 62, 'subsample': 0.6}",2.36657394070296,0.962152073284885,0.159941911697388
LightGBM,Enhanced,5,"{'colsample_bytree': 0.6, 'learning_rate': 0.05, 'max_depth': 3, 'min_child_samples': 50, 'n_estimators': 750, 'num_leaves': 62, 'subsample': 0.8}",2.36657393956867,0.962152073321166,0.169047594070435
LightGBM,Enhanced,5,"{'colsample_bytree': 0.6, 'learning_rate': 0.05, 'max_depth': 3, 'min_child_samples': 50, 'n_estimators': 1000, 'num_leaves': 15, 'subsample': 0.6}",2.36657394134268,0.962152073264423,0.163144111633301
LightGBM,Enhanced,5,"{'colsample_bytree': 0.6, 'learning_rate': 0.05, 'max_depth': 3, 'min_child_samples': 50, 'n_estimators': 1000, 'num_leaves': 15, 'subsample': 0.8}",2.36657394360316,0.962152073192121,0.17092227935791
LightGBM,Enhanced,5,"{'colsample_bytree': 0.6, 'learning_rate': 0.05, 'max_depth': 3, 'min_child_samples': 50, 'n_estimators': 1000, 'num_leaves': 31, 'subsample': 0.6}",2.36657393794469,0.96215207337311,0.188334941864014
LightGBM,Enhanced,5,"{'colsample_bytree': 0.6, 'learning_rate': 0.05, 'max_depth': 3, 'min_child_samples': 50, 'n_estimators': 1000, 'num_leaves': 31, 'subsample': 0.8}",2.36657394182931,0.962152073248858,0.164211988449097
LightGBM,Enhanced,5,"{'colsample_bytree': 0.6, 'learning_rate': 0.05, 'max_depth': 3, 'min_child_samples': 50, 'n_estimators': 1000, 'num_leaves': 62, 'subsample': 0.6}",2.36657393898409,0.962152073339864,0.16910195350647
LightGBM,Enhanced,5,"{'colsample_bytree': 0.6, 'learning_rate': 0.05, 'max_depth': 3, 'min_child_samples': 50, 'n_estimators': 1000, 'num_leaves': 62, 'subsample': 0.8}",2.36657394154927,0.962152073257815,0.169504404067993
LightGBM,Enhanced,5,"{'colsample_bytree': 0.6, 'learning_rate': 0.05, 'max_depth': 3, 'min_child_samples': 100, 'n_estimators': 500, 'num_leaves': 15, 'subsample': 0.6}",2.79083041327776,0.947365702330154,0.224594116210938
LightGBM,Enhanced,5,"{'colsample_bytree': 0.6, 'learning_rate': 0.05, 'max_depth': 3, 'min_child_samples': 100, 'n_estimators': 500, 'num_leaves': 15, 'subsample': 0.8}",2.79083041761368,0.947365702166605,0.226512432098389
LightGBM,Enhanced,5,"{'colsample_bytree': 0.6, 'learning_rate': 0.05, 'max_depth': 3, 'min_child_samples': 100, 'n_estimators': 500, 'num_leaves': 31, 'subsample': 0.6}",2.79083041839363,0.947365702137186,0.228927850723267
LightGBM,Enhanced,5,"{'colsample_bytree': 0.6, 'learning_rate': 0.05, 'max_depth': 3, 'min_child_samples': 100, 'n_estimators': 500, 'num_leaves': 31, 'subsample': 0.8}",2.7908304195992,0.947365702091712,0.232825994491577
LightGBM,Enhanced,5,"{'colsample_bytree': 0.6, 'learning_rate': 0.05, 'max_depth': 3, 'min_child_samples': 100, 'n_estimators': 500, 'num_leaves': 62, 'subsample': 0.6}",2.79083041891175,0.947365702117642,0.230237245559692
LightGBM,Enhanced,5,"{'colsample_bytree': 0.6, 'learning_rate': 0.05, 'max_depth': 3, 'min_child_samples': 100, 'n_estimators': 500, 'num_leaves': 62, 'subsample': 0.8}",2.79083041642944,0.947365702211274,0.219494104385376
LightGBM,Enhanced,5,"{'colsample_bytree': 0.6, 'learning_rate': 0.05, 'max_depth': 3, 'min_child_samples': 100, 'n_estimators': 750, 'num_leaves': 15, 'subsample': 0.6}",2.79083041961673,0.947365702091051,0.217415332794189
LightGBM,Enhanced,5,"{'colsample_bytree': 0.6, 'learning_rate': 0.05, 'max_depth': 3, 'min_child_samples': 100, 'n_estimators': 750, 'num_leaves': 15, 'subsample': 0.8}",2.79083041708976,0.947365702186367,0.220897674560547
LightGBM,Enhanced,5,"{'colsample_bytree': 0.6, 'learning_rate': 0.05, 'max_depth': 3, 'min_child_samples': 100, 'n_estimators': 750, 'num_leaves': 31, 'subsample': 0.6}",2.79083042320827,0.94736570195558,0.218157529830933
LightGBM,Enhanced,5,"{'colsample_bytree': 0.6, 'learning_rate': 0.05, 'max_depth': 3, 'min_child_samples': 100, 'n_estimators': 750, 'num_leaves': 31, 'subsample': 0.8}",2.79083041803757,0.947365702150616,0.218992948532105
LightGBM,Enhanced,5,"{'colsample_bytree': 0.6, 'learning_rate': 0.05, 'max_depth': 3, 'min_child_samples': 100, 'n_estimators': 750, 'num_leaves': 62, 'subsample': 0.6}",2.79083041967002,0.947365702089041,0.228728294372559
LightGBM,Enhanced,5,"{'colsample_bytree': 0.6, 'learning_rate': 0.05, 'max_depth': 3, 'min_child_samples': 100, 'n_estimators': 750, 'num_leaves': 62, 'subsample': 0.8}",2.79083041634827,0.947365702214335,0.222427129745483
LightGBM,Enhanced,5,"{'colsample_bytree': 0.6, 'learning_rate': 0.05, 'max_depth': 3, 'min_child_samples': 100, 'n_estimators': 1000, 'num_leaves': 15, 'subsample': 0.6}",2.79083041491911,0.947365702268243,0.2138991355896
LightGBM,Enhanced,5,"{'colsample_bytree': 0.6, 'learning_rate': 0.05, 'max_depth': 3, 'min_child_samples': 100, 'n_estimators': 1000, 'num_leaves': 15, 'subsample': 0.8}",2.79083041542395,0.9473657022492,0.215745210647583
LightGBM,Enhanced,5,"{'colsample_bytree': 0.6, 'learning_rate': 0.05, 'max_depth': 3, 'min_child_samples': 100, 'n_estimators': 1000, 'num_leaves': 31, 'subsample': 0.6}",2.79083041751335,0.947365702170389,0.230768918991089
LightGBM,Enhanced,5,"{'colsample_bytree': 0.6, 'learning_rate': 0.05, 'max_depth': 3, 'min_child_samples': 100, 'n_estimators': 1000, 'num_leaves': 31, 'subsample': 0.8}",2.79083040579784,0.947365702612292,0.229187965393066
LightGBM,Enhanced,5,"{'colsample_bytree': 0.6, 'learning_rate': 0.05, 'max_depth': 3, 'min_child_samples': 100, 'n_estimators': 1000, 'num_leaves': 62, 'subsample': 0.6}",2.79083041656002,0.947365702206349,0.228080034255981
LightGBM,Enhanced,5,"{'colsample_bytree': 0.6, 'learning_rate': 0.05, 'max_depth': 3, 'min_child_samples': 100, 'n_estimators': 1000, 'num_leaves': 62, 'subsample': 0.8}",2.79083042140721,0.947365702023515,0.22610354423523
LightGBM,Enhanced,5,"{'colsample_bytree': 0.6, 'learning_rate': 0.05, 'max_depth': 5, 'min_child_samples': 50, 'n_estimators': 500, 'num_leaves': 15, 'subsample': 0.6}",2.28982516613079,0.964567109153027,0.260775804519653
LightGBM,Enhanced,5,"{'colsample_bytree': 0.6, 'learning_rate': 0.05, 'max_depth': 5, 'min_child_samples': 50, 'n_estimators': 500, 'num_leaves': 15, 'subsample': 0.8}",2.28880192967977,0.964598769321014,0.251979351043701
LightGBM,Enhanced,5,"{'colsample_bytree': 0.6, 'learning_rate': 0.05, 'max_depth': 5, 'min_child_samples': 50, 'n_estimators': 500, 'num_leaves': 31, 'subsample': 0.6}",2.28341026340314,0.964765360238015,0.247264385223389
LightGBM,Enhanced,5,"{'colsample_bytree': 0.6, 'learning_rate': 0.05, 'max_depth': 5, 'min_child_samples': 50, 'n_estimators': 500, 'num_leaves': 31, 'subsample': 0.8}",2.28341027126079,0.964765359995517,0.237502813339233
LightGBM,Enhanced,5,"{'colsample_bytree': 0.6, 'learning_rate': 0.05, 'max_depth': 5, 'min_child_samples': 50, 'n_estimators': 500, 'num_leaves': 62, 'subsample': 0.6}",2.28337395362863,0.964766480800249,0.247418880462646
LightGBM,Enhanced,5,"{'colsample_bytree': 0.6, 'learning_rate': 0.05, 'max_depth': 5, 'min_child_samples': 50, 'n_estimators': 500, 'num_leaves': 62, 'subsample': 0.8}",2.28337395393656,0.964766480790746,0.255706071853638
LightGBM,Enhanced,5,"{'colsample_bytree': 0.6, 'learning_rate': 0.05, 'max_depth': 5, 'min_child_samples': 50, 'n_estimators': 750, 'num_leaves': 15, 'subsample': 0.6}",2.28982165507577,0.964567217813492,0.25371265411377
LightGBM,Enhanced,5,"{'colsample_bytree': 0.6, 'learning_rate': 0.05, 'max_depth': 5, 'min_child_samples': 50, 'n_estimators': 750, 'num_leaves': 15, 'subsample': 0.8}",2.28880192693665,0.96459876940587,0.249106168746948
LightGBM,Enhanced,5,"{'colsample_bytree': 0.6, 'learning_rate': 0.05, 'max_depth': 5, 'min_child_samples': 50, 'n_estimators': 750, 'num_leaves': 31, 'subsample': 0.6}",2.28337395491768,0.964766480760468,0.244955539703369
LightGBM,Enhanced,5,"{'colsample_bytree': 0.6, 'learning_rate': 0.05, 'max_depth': 5, 'min_child_samples': 50, 'n_estimators': 750, 'num_leaves': 31, 'subsample': 0.8}",2.28340845395612,0.964765416080095,0.251916408538818
LightGBM,Enhanced,5,"{'colsample_bytree': 0.6, 'learning_rate': 0.05, 'max_depth': 5, 'min_child_samples': 50, 'n_estimators': 750, 'num_leaves': 62, 'subsample': 0.6}",2.28325117748786,0.964770269683981,0.24565052986145
LightGBM,Enhanced,5,"{'colsample_bytree': 0.6, 'learning_rate': 0.05, 'max_depth': 5, 'min_child_samples': 50, 'n_estimators': 750, 'num_leaves': 62, 'subsample': 0.8}",2.28337395533176,0.964766480747689,0.242466688156128
LightGBM,Enhanced,5,"{'colsample_bytree': 0.6, 'learning_rate': 0.05, 'max_depth': 5, 'min_child_samples': 50, 'n_estimators': 1000, 'num_leaves': 15, 'subsample': 0.6}",2.28880020778727,0.964598822586515,0.2490074634552
LightGBM,Enhanced,5,"{'colsample_bytree': 0.6, 'learning_rate': 0.05, 'max_depth': 5, 'min_child_samples': 50, 'n_estimators': 1000, 'num_leaves': 15, 'subsample': 0.8}",2.28880193756261,0.964598769077164,0.239602565765381
LightGBM,Enhanced,5,"{'colsample_bytree': 0.6, 'learning_rate': 0.05, 'max_depth': 5, 'min_child_samples': 50, 'n_estimators': 1000, 'num_leaves': 31, 'subsample': 0.6}",2.2833739517472,0.964766480858312,0.241088628768921
LightGBM,Enhanced,5,"{'colsample_bytree': 0.6, 'learning_rate': 0.05, 'max_depth': 5, 'min_child_samples': 50, 'n_estimators': 1000, 'num_leaves': 31, 'subsample': 0.8}",2.28341026526557,0.964765360180538,0.238634347915649
LightGBM,Enhanced,5,"{'colsample_bytree': 0.6, 'learning_rate': 0.05, 'max_depth': 5, 'min_child_samples': 50, 'n_estimators': 1000, 'num_leaves': 62, 'subsample': 0.6}",2.28340669867641,0.964765470250452,0.254394769668579
LightGBM,Enhanced,5,"{'colsample_bytree': 0.6, 'learning_rate': 0.05, 'max_depth': 5, 'min_child_samples': 50, 'n_estimators': 1000, 'num_leaves': 62, 'subsample': 0.8}",2.28341026710095,0.964765360123896,0.236854553222656
LightGBM,Enhanced,5,"{'colsample_bytree': 0.6, 'learning_rate': 0.05, 'max_depth': 5, 'min_child_samples': 100, 'n_estimators': 500, 'num_leaves': 15, 'subsample': 0.6}",2.69814752658033,0.950803600234865,0.329399824142456
LightGBM,Enhanced,5,"{'colsample_bytree': 0.6, 'learning_rate': 0.05, 'max_depth': 5, 'min_child_samples': 100, 'n_estimators': 500, 'num_leaves': 15, 'subsample': 0.8}",2.69814683978244,0.950803625280182,0.316633701324463
LightGBM,Enhanced,5,"{'colsample_bytree': 0.6, 'learning_rate': 0.05, 'max_depth': 5, 'min_child_samples': 100, 'n_estimators': 500, 'num_leaves': 31, 'subsample': 0.6}",2.69142123412635,0.95104858083902,0.332747459411621
LightGBM,Enhanced,5,"{'colsample_bytree': 0.6, 'learning_rate': 0.05, 'max_depth': 5, 'min_child_samples': 100, 'n_estimators': 500, 'num_leaves': 31, 'subsample': 0.8}",2.67609744074298,0.951604410591249,0.336145877838135
LightGBM,Enhanced,5,"{'colsample_bytree': 0.6, 'learning_rate': 0.05, 'max_depth': 5, 'min_child_samples': 100, 'n_estimators': 500, 'num_leaves': 62, 'subsample': 0.6}",2.67609743753223,0.951604410707378,0.347006320953369
LightGBM,Enhanced,5,"{'colsample_bytree': 0.6, 'learning_rate': 0.05, 'max_depth': 5, 'min_child_samples': 100, 'n_estimators': 500, 'num_leaves': 62, 'subsample': 0.8}",2.69142119322433,0.951048582326868,0.335853099822998
LightGBM,Enhanced,5,"{'colsample_bytree': 0.6, 'learning_rate': 0.05, 'max_depth': 5, 'min_child_samples': 100, 'n_estimators': 750, 'num_leaves': 15, 'subsample': 0.6}",2.69814748563521,0.950803601728003,0.30975866317749
LightGBM,Enhanced,5,"{'colsample_bytree': 0.6, 'learning_rate': 0.05, 'max_depth': 5, 'min_child_samples': 100, 'n_estimators': 750, 'num_leaves': 15, 'subsample': 0.8}",2.69814684057872,0.950803625251144,0.318374156951904
LightGBM,Enhanced,5,"{'colsample_bytree': 0.6, 'learning_rate': 0.05, 'max_depth': 5, 'min_child_samples': 100, 'n_estimators': 750, 'num_leaves': 31, 'subsample': 0.6}",2.67609744203,0.951604410544699,0.337293386459351
LightGBM,Enhanced,5,"{'colsample_bytree': 0.6, 'learning_rate': 0.05, 'max_depth': 5, 'min_child_samples': 100, 'n_estimators': 750, 'num_leaves': 31, 'subsample': 0.8}",2.67609734302326,0.951604414125652,0.345689535140991
LightGBM,Enhanced,5,"{'colsample_bytree': 0.6, 'learning_rate': 0.05, 'max_depth': 5, 'min_child_samples': 100, 'n_estimators': 750, 'num_leaves': 62, 'subsample': 0.6}",2.69142119876422,0.951048582125349,0.336236476898193
LightGBM,Enhanced,5,"{'colsample_bytree': 0.6, 'learning_rate': 0.05, 'max_depth': 5, 'min_child_samples': 100, 'n_estimators': 750, 'num_leaves': 62, 'subsample': 0.8}",2.67609736885833,0.95160441319123,0.339646577835083
LightGBM,Enhanced,5,"{'colsample_bytree': 0.6, 'learning_rate': 0.05, 'max_depth': 5, 'min_child_samples': 100, 'n_estimators': 1000, 'num_leaves': 15, 'subsample': 0.6}",2.69814683734207,0.950803625369174,0.31431770324707
LightGBM,Enhanced,5,"{'colsample_bytree': 0.6, 'learning_rate': 0.05, 'max_depth': 5, 'min_child_samples': 100, 'n_estimators': 1000, 'num_leaves': 15, 'subsample': 0.8}",2.69814615297191,0.950803650325953,0.302339553833008
LightGBM,Enhanced,5,"{'colsample_bytree': 0.6, 'learning_rate': 0.05, 'max_depth': 5, 'min_child_samples': 100, 'n_estimators': 1000, 'num_leaves': 31, 'subsample': 0.6}",2.69142120490918,0.951048581901821,0.33552074432373
LightGBM,Enhanced,5,"{'colsample_bytree': 0.6, 'learning_rate': 0.05, 'max_depth': 5, 'min_child_samples': 100, 'n_estimators': 1000, 'num_leaves': 31, 'subsample': 0.8}",2.67609737570707,0.951604412943519,0.346324682235718
LightGBM,Enhanced,5,"{'colsample_bytree': 0.6, 'learning_rate': 0.05, 'max_depth': 5, 'min_child_samples': 100, 'n_estimators': 1000, 'num_leaves': 62, 'subsample': 0.6}",2.69142119337236,0.951048582321483,0.347093343734741
LightGBM,Enhanced,5,"{'colsample_bytree': 0.6, 'learning_rate': 0.05, 'max_depth': 5, 'min_child_samples': 100, 'n_estimators': 1000, 'num_leaves': 62, 'subsample': 0.8}",2.67609737578418,0.95160441294073,0.331403017044067
LightGBM,Enhanced,5,"{'colsample_bytree': 0.6, 'learning_rate': 0.05, 'max_depth': 9, 'min_child_samples': 50, 'n_estimators': 500, 'num_leaves': 15, 'subsample': 0.6}",2.28467030408022,0.964726462866183,0.310919284820557
LightGBM,Enhanced,5,"{'colsample_bytree': 0.6, 'learning_rate': 0.05, 'max_depth': 9, 'min_child_samples': 50, 'n_estimators': 500, 'num_leaves': 15, 'subsample': 0.8}",2.28561858686681,0.964697175288179,0.294301271438599
LightGBM,Enhanced,5,"{'colsample_bytree': 0.6, 'learning_rate': 0.05, 'max_depth': 9, 'min_child_samples': 50, 'n_estimators': 500, 'num_leaves': 31, 'subsample': 0.6}",2.28234834210391,0.964798125014986,0.339529514312744
LightGBM,Enhanced,5,"{'colsample_bytree': 0.6, 'learning_rate': 0.05, 'max_depth': 9, 'min_child_samples': 50, 'n_estimators': 500, 'num_leaves': 31, 'subsample': 0.8}",2.28223699940704,0.96480155952673,0.343212604522705
LightGBM,Enhanced,5,"{'colsample_bytree': 0.6, 'learning_rate': 0.05, 'max_depth': 9, 'min_child_samples': 50, 'n_estimators': 500, 'num_leaves': 62, 'subsample': 0.6}",2.25646277608297,0.965592090665637,0.352652072906494
LightGBM,Enhanced,5,"{'colsample_bytree': 0.6, 'learning_rate': 0.05, 'max_depth': 9, 'min_child_samples': 50, 'n_estimators': 500, 'num_leaves': 62, 'subsample': 0.8}",2.25646140324662,0.965592132533303,0.367403030395508
LightGBM,Enhanced,5,"{'colsample_bytree': 0.6, 'learning_rate': 0.05, 'max_depth': 9, 'min_child_samples': 50, 'n_estimators': 750, 'num_leaves': 15, 'subsample': 0.6}",2.28467136870086,0.964726429992342,0.30339503288269
LightGBM,Enhanced,5,"{'colsample_bytree': 0.6, 'learning_rate': 0.05, 'max_depth': 9, 'min_child_samples': 50, 'n_estimators': 750, 'num_leaves': 15, 'subsample': 0.8}",2.28561857595911,0.964697175625132,0.303102254867554
LightGBM,Enhanced,5,"{'colsample_bytree': 0.6, 'learning_rate': 0.05, 'max_depth': 9, 'min_child_samples': 50, 'n_estimators': 750, 'num_leaves': 31, 'subsample': 0.6}",2.29109588129848,0.964527771996973,0.352233171463013
LightGBM,Enhanced,5,"{'colsample_bytree': 0.6, 'learning_rate': 0.05, 'max_depth': 9, 'min_child_samples': 50, 'n_estimators': 750, 'num_leaves': 31, 'subsample': 0.8}",2.28223595256413,0.964801591817179,0.358144521713257
LightGBM,Enhanced,5,"{'colsample_bytree': 0.6, 'learning_rate': 0.05, 'max_depth': 9, 'min_child_samples': 50, 'n_estimators': 750, 'num_leaves': 62, 'subsample': 0.6}",2.25646017538815,0.965592169979527,0.356621026992798
LightGBM,Enhanced,5,"{'colsample_bytree': 0.6, 'learning_rate': 0.05, 'max_depth': 9, 'min_child_samples': 50, 'n_estimators': 750, 'num_leaves': 62, 'subsample': 0.8}",2.25646279809409,0.96559208999436,0.366829633712769
LightGBM,Enhanced,5,"{'colsample_bytree': 0.6, 'learning_rate': 0.05, 'max_depth': 9, 'min_child_samples': 50, 'n_estimators': 1000, 'num_leaves': 15, 'subsample': 0.6}",2.28561751746209,0.964697208323436,0.284908294677734
LightGBM,Enhanced,5,"{'colsample_bytree': 0.6, 'learning_rate': 0.05, 'max_depth': 9, 'min_child_samples': 50, 'n_estimators': 1000, 'num_leaves': 15, 'subsample': 0.8}",2.28561858043787,0.964697175486777,0.296625375747681
LightGBM,Enhanced,5,"{'colsample_bytree': 0.6, 'learning_rate': 0.05, 'max_depth': 9, 'min_child_samples': 50, 'n_estimators': 1000, 'num_leaves': 31, 'subsample': 0.6}",2.2822353071141,0.964801611726436,0.342211961746216
LightGBM,Enhanced,5,"{'colsample_bytree': 0.6, 'learning_rate': 0.05, 'max_depth': 9, 'min_child_samples': 50, 'n_estimators': 1000, 'num_leaves': 31, 'subsample': 0.8}",2.28223588303937,0.964801593961708,0.355486631393433
LightGBM,Enhanced,5,"{'colsample_bytree': 0.6, 'learning_rate': 0.05, 'max_depth': 9, 'min_child_samples': 50, 'n_estimators': 1000, 'num_leaves': 62, 'subsample': 0.6}",2.25645828820811,0.965592227533163,0.363645076751709
LightGBM,Enhanced,5,"{'colsample_bytree': 0.6, 'learning_rate': 0.05, 'max_depth': 9, 'min_child_samples': 50, 'n_estimators': 1000, 'num_leaves': 62, 'subsample': 0.8}",2.25646280846413,0.965592089678103,0.366562366485596
LightGBM,Enhanced,5,"{'colsample_bytree': 0.6, 'learning_rate': 0.05, 'max_depth': 9, 'min_child_samples': 100, 'n_estimators': 500, 'num_leaves': 15, 'subsample': 0.6}",2.66888460826986,0.951864938368584,0.524229526519775
LightGBM,Enhanced,5,"{'colsample_bytree': 0.6, 'learning_rate': 0.05, 'max_depth': 9, 'min_child_samples': 100, 'n_estimators': 500, 'num_leaves': 15, 'subsample': 0.8}",2.66912747004203,0.951856177631441,0.52367901802063
LightGBM,Enhanced,5,"{'colsample_bytree': 0.6, 'learning_rate': 0.05, 'max_depth': 9, 'min_child_samples': 100, 'n_estimators': 500, 'num_leaves': 31, 'subsample': 0.6}",2.65684151172203,0.952298368335636,0.571154356002808
LightGBM,Enhanced,5,"{'colsample_bytree': 0.6, 'learning_rate': 0.05, 'max_depth': 9, 'min_child_samples': 100, 'n_estimators': 500, 'num_leaves': 31, 'subsample': 0.8}",2.65684178652623,0.952298358467822,0.568361282348633
LightGBM,Enhanced,5,"{'colsample_bytree': 0.6, 'learning_rate': 0.05, 'max_depth': 9, 'min_child_samples': 100, 'n_estimators': 500, 'num_leaves': 62, 'subsample': 0.6}",2.65685476729705,0.952297892346285,0.586775302886963
LightGBM,Enhanced,5,"{'colsample_bytree': 0.6, 'learning_rate': 0.05, 'max_depth': 9, 'min_child_samples': 100, 'n_estimators': 500, 'num_leaves': 62, 'subsample': 0.8}",2.65686019911996,0.952297697296356,0.575865745544434
LightGBM,Enhanced,5,"{'colsample_bytree': 0.6, 'learning_rate': 0.05, 'max_depth': 9, 'min_child_samples': 100, 'n_estimators': 750, 'num_leaves': 15, 'subsample': 0.6}",2.65369395117859,0.952411325646297,0.538031578063965
LightGBM,Enhanced,5,"{'colsample_bytree': 0.6, 'learning_rate': 0.05, 'max_depth': 9, 'min_child_samples': 100, 'n_estimators': 750, 'num_leaves': 15, 'subsample': 0.8}",2.66887559591779,0.951865263455242,0.551087141036987
LightGBM,Enhanced,5,"{'colsample_bytree': 0.6, 'learning_rate': 0.05, 'max_depth': 9, 'min_child_samples': 100, 'n_estimators': 750, 'num_leaves': 31, 'subsample': 0.6}",2.64427518262531,0.952748539561038,0.713258981704712
LightGBM,Enhanced,5,"{'colsample_bytree': 0.6, 'learning_rate': 0.05, 'max_depth': 9, 'min_child_samples': 100, 'n_estimators': 750, 'num_leaves': 31, 'subsample': 0.8}",2.64429881641166,0.95274769491679,0.685514450073242
LightGBM,Enhanced,5,"{'colsample_bytree': 0.6, 'learning_rate': 0.05, 'max_depth': 9, 'min_child_samples': 100, 'n_estimators': 750, 'num_leaves': 62, 'subsample': 0.6}",2.6442784126738,0.952748424123278,0.693829774856567
LightGBM,Enhanced,5,"{'colsample_bytree': 0.6, 'learning_rate': 0.05, 'max_depth': 9, 'min_child_samples': 100, 'n_estimators': 750, 'num_leaves': 62, 'subsample': 0.8}",2.64427239713552,0.952748639110731,0.69212532043457
LightGBM,Enhanced,5,"{'colsample_bytree': 0.6, 'learning_rate': 0.05, 'max_depth': 9, 'min_child_samples': 100, 'n_estimators': 1000, 'num_leaves': 15, 'subsample': 0.6}",2.66888386184018,0.951864965293265,0.543429374694824
LightGBM,Enhanced,5,"{'colsample_bytree': 0.6, 'learning_rate': 0.05, 'max_depth': 9, 'min_child_samples': 100, 'n_estimators': 1000, 'num_leaves': 15, 'subsample': 0.8}",2.66887649087142,0.95186523117321,0.54173469543457
LightGBM,Enhanced,5,"{'colsample_bytree': 0.6, 'learning_rate': 0.05, 'max_depth': 9, 'min_child_samples': 100, 'n_estimators': 1000, 'num_leaves': 31, 'subsample': 0.6}",2.64426132172377,0.952749034930149,0.706331729888916
LightGBM,Enhanced,5,"{'colsample_bytree': 0.6, 'learning_rate': 0.05, 'max_depth': 9, 'min_child_samples': 100, 'n_estimators': 1000, 'num_leaves': 31, 'subsample': 0.8}",2.64424863905409,0.952749488188638,0.702598571777344
LightGBM,Enhanced,5,"{'colsample_bytree': 0.6, 'learning_rate': 0.05, 'max_depth': 9, 'min_child_samples': 100, 'n_estimators': 1000, 'num_leaves': 62, 'subsample': 0.6}",2.64429360916928,0.952747881018272,0.690313339233398
LightGBM,Enhanced,5,"{'colsample_bytree': 0.6, 'learning_rate': 0.05, 'max_depth': 9, 'min_child_samples': 100, 'n_estimators': 1000, 'num_leaves': 62, 'subsample': 0.8}",2.64426827116594,0.952748786567192,0.694446325302124
LightGBM,Enhanced,5,"{'colsample_bytree': 0.8, 'learning_rate': 0.01, 'max_depth': 3, 'min_child_samples': 50, 'n_estimators': 500, 'num_leaves': 15, 'subsample': 0.6}",2.54098664442265,0.956367841037013,0.285731315612793
LightGBM,Enhanced,5,"{'colsample_bytree': 0.8, 'learning_rate': 0.01, 'max_depth': 3, 'min_child_samples': 50, 'n_estimators': 500, 'num_leaves': 15, 'subsample': 0.8}",2.54098664504748,0.956367841015555,0.295545816421509
LightGBM,Enhanced,5,"{'colsample_bytree': 0.8, 'learning_rate': 0.01, 'max_depth': 3, 'min_child_samples': 50, 'n_estimators': 500, 'num_leaves': 31, 'subsample': 0.6}",2.54098664554016,0.956367840998635,0.292068004608154
LightGBM,Enhanced,5,"{'colsample_bytree': 0.8, 'learning_rate': 0.01, 'max_depth': 3, 'min_child_samples': 50, 'n_estimators': 500, 'num_leaves': 31, 'subsample': 0.8}",2.54098664481833,0.956367841023424,0.289007663726807
LightGBM,Enhanced,5,"{'colsample_bytree': 0.8, 'learning_rate': 0.01, 'max_depth': 3, 'min_child_samples': 50, 'n_estimators': 500, 'num_leaves': 62, 'subsample': 0.6}",2.54098664753631,0.956367840930082,0.294642686843872
LightGBM,Enhanced,5,"{'colsample_bytree': 0.8, 'learning_rate': 0.01, 'max_depth': 3, 'min_child_samples': 50, 'n_estimators': 500, 'num_leaves': 62, 'subsample': 0.8}",2.54098664367199,0.956367841062793,0.29997992515564
LightGBM,Enhanced,5,"{'colsample_bytree': 0.8, 'learning_rate': 0.01, 'max_depth': 3, 'min_child_samples': 50, 'n_estimators': 750, 'num_leaves': 15, 'subsample': 0.6}",2.54098664756997,0.956367840928926,0.322881460189819
LightGBM,Enhanced,5,"{'colsample_bytree': 0.8, 'learning_rate': 0.01, 'max_depth': 3, 'min_child_samples': 50, 'n_estimators': 750, 'num_leaves': 15, 'subsample': 0.8}",2.54098664307871,0.956367841083168,0.305390357971191
LightGBM,Enhanced,5,"{'colsample_bytree': 0.8, 'learning_rate': 0.01, 'max_depth': 3, 'min_child_samples': 50, 'n_estimators': 750, 'num_leaves': 31, 'subsample': 0.6}",2.5409866456502,0.956367840994856,0.303907155990601
LightGBM,Enhanced,5,"{'colsample_bytree': 0.8, 'learning_rate': 0.01, 'max_depth': 3, 'min_child_samples': 50, 'n_estimators': 750, 'num_leaves': 31, 'subsample': 0.8}",2.54098664703446,0.956367840947317,0.309492588043213
LightGBM,Enhanced,5,"{'colsample_bytree': 0.8, 'learning_rate': 0.01, 'max_depth': 3, 'min_child_samples': 50, 'n_estimators': 750, 'num_leaves': 62, 'subsample': 0.6}",2.54098664398872,0.956367841051915,0.306069850921631
LightGBM,Enhanced,5,"{'colsample_bytree': 0.8, 'learning_rate': 0.01, 'max_depth': 3, 'min_child_samples': 50, 'n_estimators': 750, 'num_leaves': 62, 'subsample': 0.8}",2.54098664615937,0.95636784097737,0.303366184234619
LightGBM,Enhanced,5,"{'colsample_bytree': 0.8, 'learning_rate': 0.01, 'max_depth': 3, 'min_child_samples': 50, 'n_estimators': 1000, 'num_leaves': 15, 'subsample': 0.6}",2.54098664145537,0.956367841138917,0.294190883636475
LightGBM,Enhanced,5,"{'colsample_bytree': 0.8, 'learning_rate': 0.01, 'max_depth': 3, 'min_child_samples': 50, 'n_estimators': 1000, 'num_leaves': 15, 'subsample': 0.8}",2.54098664418415,0.956367841045204,0.314713716506958
LightGBM,Enhanced,5,"{'colsample_bytree': 0.8, 'learning_rate': 0.01, 'max_depth': 3, 'min_child_samples': 50, 'n_estimators': 1000, 'num_leaves': 31, 'subsample': 0.6}",2.54098664818423,0.95636784090783,0.312426090240479
LightGBM,Enhanced,5,"{'colsample_bytree': 0.8, 'learning_rate': 0.01, 'max_depth': 3, 'min_child_samples': 50, 'n_estimators': 1000, 'num_leaves': 31, 'subsample': 0.8}",2.54098664332368,0.956367841074755,0.304369688034058
LightGBM,Enhanced,5,"{'colsample_bytree': 0.8, 'learning_rate': 0.01, 'max_depth': 3, 'min_child_samples': 50, 'n_estimators': 1000, 'num_leaves': 62, 'subsample': 0.6}",2.54098664435769,0.956367841039244,0.30813193321228
LightGBM,Enhanced,5,"{'colsample_bytree': 0.8, 'learning_rate': 0.01, 'max_depth': 3, 'min_child_samples': 50, 'n_estimators': 1000, 'num_leaves': 62, 'subsample': 0.8}",2.54098664342828,0.956367841071163,0.316290378570557
LightGBM,Enhanced,5,"{'colsample_bytree': 0.8, 'learning_rate': 0.01, 'max_depth': 3, 'min_child_samples': 100, 'n_estimators': 500, 'num_leaves': 15, 'subsample': 0.6}",3.1482273696267,0.933021700286463,0.272677659988403
LightGBM,Enhanced,5,"{'colsample_bytree': 0.8, 'learning_rate': 0.01, 'max_depth': 3, 'min_child_samples': 100, 'n_estimators': 500, 'num_leaves': 15, 'subsample': 0.8}",3.15120504511173,0.932894940726072,0.263609409332275
LightGBM,Enhanced,5,"{'colsample_bytree': 0.8, 'learning_rate': 0.01, 'max_depth': 3, 'min_child_samples': 100, 'n_estimators': 500, 'num_leaves': 31, 'subsample': 0.6}",3.14822736994067,0.933021700273103,0.268691539764404
LightGBM,Enhanced,5,"{'colsample_bytree': 0.8, 'learning_rate': 0.01, 'max_depth': 3, 'min_child_samples': 100, 'n_estimators': 500, 'num_leaves': 31, 'subsample': 0.8}",3.15120504699606,0.932894940645819,0.261378765106201
LightGBM,Enhanced,5,"{'colsample_bytree': 0.8, 'learning_rate': 0.01, 'max_depth': 3, 'min_child_samples': 100, 'n_estimators': 500, 'num_leaves': 62, 'subsample': 0.6}",3.14977818244046,0.932955697182776,0.276150941848755
LightGBM,Enhanced,5,"{'colsample_bytree': 0.8, 'learning_rate': 0.01, 'max_depth': 3, 'min_child_samples': 100, 'n_estimators': 500, 'num_leaves': 62, 'subsample': 0.8}",3.15120504613156,0.932894940682638,0.267311334609985
LightGBM,Enhanced,5,"{'colsample_bytree': 0.8, 'learning_rate': 0.01, 'max_depth': 3, 'min_child_samples': 100, 'n_estimators': 750, 'num_leaves': 15, 'subsample': 0.6}",3.01201313245099,0.938692210127604,0.342556953430176
LightGBM,Enhanced,5,"{'colsample_bytree': 0.8, 'learning_rate': 0.01, 'max_depth': 3, 'min_child_samples': 100, 'n_estimators': 750, 'num_leaves': 15, 'subsample': 0.8}",3.01201313075347,0.938692210196709,0.37873649597168
LightGBM,Enhanced,5,"{'colsample_bytree': 0.8, 'learning_rate': 0.01, 'max_depth': 3, 'min_child_samples': 100, 'n_estimators': 750, 'num_leaves': 31, 'subsample': 0.6}",3.008358265994,0.938840905254233,0.354150533676147
LightGBM,Enhanced,5,"{'colsample_bytree': 0.8, 'learning_rate': 0.01, 'max_depth': 3, 'min_child_samples': 100, 'n_estimators': 750, 'num_leaves': 31, 'subsample': 0.8}",3.01201313106306,0.938692210184105,0.349464893341064
LightGBM,Enhanced,5,"{'colsample_bytree': 0.8, 'learning_rate': 0.01, 'max_depth': 3, 'min_child_samples': 100, 'n_estimators': 750, 'num_leaves': 62, 'subsample': 0.6}",3.01055031048603,0.938751745461628,0.377317667007446
LightGBM,Enhanced,5,"{'colsample_bytree': 0.8, 'learning_rate': 0.01, 'max_depth': 3, 'min_child_samples': 100, 'n_estimators': 750, 'num_leaves': 62, 'subsample': 0.8}",3.01055031177228,0.938751745409291,0.365176916122437
LightGBM,Enhanced,5,"{'colsample_bytree': 0.8, 'learning_rate': 0.01, 'max_depth': 3, 'min_child_samples': 100, 'n_estimators': 1000, 'num_leaves': 15, 'subsample': 0.6}",2.95958816668374,0.940807797165656,0.433544397354126
LightGBM,Enhanced,5,"{'colsample_bytree': 0.8, 'learning_rate': 0.01, 'max_depth': 3, 'min_child_samples': 100, 'n_estimators': 1000, 'num_leaves': 15, 'subsample': 0.8}",2.95958816614704,0.940807797187124,0.443242311477661
LightGBM,Enhanced,5,"{'colsample_bytree': 0.8, 'learning_rate': 0.01, 'max_depth': 3, 'min_child_samples': 100, 'n_estimators': 1000, 'num_leaves': 31, 'subsample': 0.6}",2.95958816624887,0.940807797183051,0.411075353622437
LightGBM,Enhanced,5,"{'colsample_bytree': 0.8, 'learning_rate': 0.01, 'max_depth': 3, 'min_child_samples': 100, 'n_estimators': 1000, 'num_leaves': 31, 'subsample': 0.8}",2.95958816774391,0.940807797123249,0.43306565284729
LightGBM,Enhanced,5,"{'colsample_bytree': 0.8, 'learning_rate': 0.01, 'max_depth': 3, 'min_child_samples': 100, 'n_estimators': 1000, 'num_leaves': 62, 'subsample': 0.6}",2.95843394062594,0.940853957547848,0.420510292053223
LightGBM,Enhanced,5,"{'colsample_bytree': 0.8, 'learning_rate': 0.01, 'max_depth': 3, 'min_child_samples': 100, 'n_estimators': 1000, 'num_leaves': 62, 'subsample': 0.8}",2.95958816850757,0.940807797092702,0.422107696533203
LightGBM,Enhanced,5,"{'colsample_bytree': 0.8, 'learning_rate': 0.01, 'max_depth': 5, 'min_child_samples': 50, 'n_estimators': 500, 'num_leaves': 15, 'subsample': 0.6}",2.49931002383573,0.957787390513349,0.42208743095398
LightGBM,Enhanced,5,"{'colsample_bytree': 0.8, 'learning_rate': 0.01, 'max_depth': 5, 'min_child_samples': 50, 'n_estimators': 500, 'num_leaves': 15, 'subsample': 0.8}",2.49931002335719,0.957787390529514,0.406327724456787
LightGBM,Enhanced,5,"{'colsample_bytree': 0.8, 'learning_rate': 0.01, 'max_depth': 5, 'min_child_samples': 50, 'n_estimators': 500, 'num_leaves': 31, 'subsample': 0.6}",2.49895222685821,0.957799475819169,0.427667856216431
LightGBM,Enhanced,5,"{'colsample_bytree': 0.8, 'learning_rate': 0.01, 'max_depth': 5, 'min_child_samples': 50, 'n_estimators': 500, 'num_leaves': 31, 'subsample': 0.8}",2.49895222799871,0.957799475780649,0.420832395553589
LightGBM,Enhanced,5,"{'colsample_bytree': 0.8, 'learning_rate': 0.01, 'max_depth': 5, 'min_child_samples': 50, 'n_estimators': 500, 'num_leaves': 62, 'subsample': 0.6}",2.49895222925321,0.957799475738279,0.421082973480225
LightGBM,Enhanced,5,"{'colsample_bytree': 0.8, 'learning_rate': 0.01, 'max_depth': 5, 'min_child_samples': 50, 'n_estimators': 500, 'num_leaves': 62, 'subsample': 0.8}",2.49895223021312,0.957799475705858,0.43856954574585
LightGBM,Enhanced,5,"{'colsample_bytree': 0.8, 'learning_rate': 0.01, 'max_depth': 5, 'min_child_samples': 50, 'n_estimators': 750, 'num_leaves': 15, 'subsample': 0.6}",2.44617715178831,0.959563109793029,0.52026104927063
LightGBM,Enhanced,5,"{'colsample_bytree': 0.8, 'learning_rate': 0.01, 'max_depth': 5, 'min_child_samples': 50, 'n_estimators': 750, 'num_leaves': 15, 'subsample': 0.8}",2.44707920452932,0.959533281263963,0.501752614974976
LightGBM,Enhanced,5,"{'colsample_bytree': 0.8, 'learning_rate': 0.01, 'max_depth': 5, 'min_child_samples': 50, 'n_estimators': 750, 'num_leaves': 31, 'subsample': 0.6}",2.44734992918541,0.959524326960812,0.529180526733398
LightGBM,Enhanced,5,"{'colsample_bytree': 0.8, 'learning_rate': 0.01, 'max_depth': 5, 'min_child_samples': 50, 'n_estimators': 750, 'num_leaves': 31, 'subsample': 0.8}",2.44734992876416,0.959524326974745,0.521580219268799
LightGBM,Enhanced,5,"{'colsample_bytree': 0.8, 'learning_rate': 0.01, 'max_depth': 5, 'min_child_samples': 50, 'n_estimators': 750, 'num_leaves': 62, 'subsample': 0.6}",2.44818239414131,0.959496786714468,0.548995494842529
LightGBM,Enhanced,5,"{'colsample_bytree': 0.8, 'learning_rate': 0.01, 'max_depth': 5, 'min_child_samples': 50, 'n_estimators': 750, 'num_leaves': 62, 'subsample': 0.8}",2.44383230515555,0.959640596299268,0.532133102416992
LightGBM,Enhanced,5,"{'colsample_bytree': 0.8, 'learning_rate': 0.01, 'max_depth': 5, 'min_child_samples': 50, 'n_estimators': 1000, 'num_leaves': 15, 'subsample': 0.6}",2.44707920324163,0.959533281306552,0.53024959564209
LightGBM,Enhanced,5,"{'colsample_bytree': 0.8, 'learning_rate': 0.01, 'max_depth': 5, 'min_child_samples': 50, 'n_estimators': 1000, 'num_leaves': 15, 'subsample': 0.8}",2.44707920478976,0.95953328125535,0.523741006851196
LightGBM,Enhanced,5,"{'colsample_bytree': 0.8, 'learning_rate': 0.01, 'max_depth': 5, 'min_child_samples': 50, 'n_estimators': 1000, 'num_leaves': 31, 'subsample': 0.6}",2.44383230693485,0.959640596240498,0.515796184539795
LightGBM,Enhanced,5,"{'colsample_bytree': 0.8, 'learning_rate': 0.01, 'max_depth': 5, 'min_child_samples': 50, 'n_estimators': 1000, 'num_leaves': 31, 'subsample': 0.8}",2.4446659680274,0.959613056050155,0.505207300186157
LightGBM,Enhanced,5,"{'colsample_bytree': 0.8, 'learning_rate': 0.01, 'max_depth': 5, 'min_child_samples': 50, 'n_estimators': 1000, 'num_leaves': 62, 'subsample': 0.6}",2.44734993094825,0.959524326902502,0.526532411575317
LightGBM,Enhanced,5,"{'colsample_bytree': 0.8, 'learning_rate': 0.01, 'max_depth': 5, 'min_child_samples': 50, 'n_estimators': 1000, 'num_leaves': 62, 'subsample': 0.8}",2.44383230548449,0.959640596288403,0.527246713638306
LightGBM,Enhanced,5,"{'colsample_bytree': 0.8, 'learning_rate': 0.01, 'max_depth': 5, 'min_child_samples': 100, 'n_estimators': 500, 'num_leaves': 15, 'subsample': 0.6}",3.12522590125079,0.933996833989618,0.382096529006958
LightGBM,Enhanced,5,"{'colsample_bytree': 0.8, 'learning_rate': 0.01, 'max_depth': 5, 'min_child_samples': 100, 'n_estimators': 500, 'num_leaves': 15, 'subsample': 0.8}",3.12524208508574,0.933996150399283,0.366742610931397
LightGBM,Enhanced,5,"{'colsample_bytree': 0.8, 'learning_rate': 0.01, 'max_depth': 5, 'min_child_samples': 100, 'n_estimators': 500, 'num_leaves': 31, 'subsample': 0.6}",3.12526774963373,0.933995066345072,0.368752479553223
LightGBM,Enhanced,5,"{'colsample_bytree': 0.8, 'learning_rate': 0.01, 'max_depth': 5, 'min_child_samples': 100, 'n_estimators': 500, 'num_leaves': 31, 'subsample': 0.8}",3.12526775178775,0.933995066254087,0.35750675201416
LightGBM,Enhanced,5,"{'colsample_bytree': 0.8, 'learning_rate': 0.01, 'max_depth': 5, 'min_child_samples': 100, 'n_estimators': 500, 'num_leaves': 62, 'subsample': 0.6}",3.1252420825559,0.933996150506141,0.37349009513855
LightGBM,Enhanced,5,"{'colsample_bytree': 0.8, 'learning_rate': 0.01, 'max_depth': 5, 'min_child_samples': 100, 'n_estimators': 500, 'num_leaves': 62, 'subsample': 0.8}",3.12526775104535,0.933995066285446,0.373073816299439
LightGBM,Enhanced,5,"{'colsample_bytree': 0.8, 'learning_rate': 0.01, 'max_depth': 5, 'min_child_samples': 100, 'n_estimators': 750, 'num_leaves': 15, 'subsample': 0.6}",2.99262530830878,0.939478925927028,0.466891765594482
LightGBM,Enhanced,5,"{'colsample_bytree': 0.8, 'learning_rate': 0.01, 'max_depth': 5, 'min_child_samples': 100, 'n_estimators': 750, 'num_leaves': 15, 'subsample': 0.8}",2.99052701274793,0.939563765536224,0.488616943359375
LightGBM,Enhanced,5,"{'colsample_bytree': 0.8, 'learning_rate': 0.01, 'max_depth': 5, 'min_child_samples': 100, 'n_estimators': 750, 'num_leaves': 31, 'subsample': 0.6}",2.99262503245391,0.939478937084477,0.48959231376648
LightGBM,Enhanced,5,"{'colsample_bytree': 0.8, 'learning_rate': 0.01, 'max_depth': 5, 'min_child_samples': 100, 'n_estimators': 750, 'num_leaves': 31, 'subsample': 0.8}",2.99052676216208,0.939563775664516,0.482562303543091
LightGBM,Enhanced,5,"{'colsample_bytree': 0.8, 'learning_rate': 0.01, 'max_depth': 5, 'min_child_samples': 100, 'n_estimators': 750, 'num_leaves': 62, 'subsample': 0.6}",2.99052700958251,0.939563765664165,0.477223873138428
LightGBM,Enhanced,5,"{'colsample_bytree': 0.8, 'learning_rate': 0.01, 'max_depth': 5, 'min_child_samples': 100, 'n_estimators': 750, 'num_leaves': 62, 'subsample': 0.8}",2.99052700974666,0.939563765657531,0.480749130249023
LightGBM,Enhanced,5,"{'colsample_bytree': 0.8, 'learning_rate': 0.01, 'max_depth': 5, 'min_child_samples': 100, 'n_estimators': 1000, 'num_leaves': 15, 'subsample': 0.6}",2.91141008562112,0.942719249124395,0.586777448654175
LightGBM,Enhanced,5,"{'colsample_bytree': 0.8, 'learning_rate': 0.01, 'max_depth': 5, 'min_child_samples': 100, 'n_estimators': 1000, 'num_leaves': 15, 'subsample': 0.8}",2.91145341995287,0.94271754394274,0.586013555526733
LightGBM,Enhanced,5,"{'colsample_bytree': 0.8, 'learning_rate': 0.01, 'max_depth': 5, 'min_child_samples': 100, 'n_estimators': 1000, 'num_leaves': 31, 'subsample': 0.6}",2.90716816581827,0.942886043449709,0.607267379760742
LightGBM,Enhanced,5,"{'colsample_bytree': 0.8, 'learning_rate': 0.01, 'max_depth': 5, 'min_child_samples': 100, 'n_estimators': 1000, 'num_leaves': 31, 'subsample': 0.8}",2.9114101141383,0.942719248002269,0.609774589538574
LightGBM,Enhanced,5,"{'colsample_bytree': 0.8, 'learning_rate': 0.01, 'max_depth': 5, 'min_child_samples': 100, 'n_estimators': 1000, 'num_leaves': 62, 'subsample': 0.6}",2.91141008436447,0.942719249173843,0.601115942001343
LightGBM,Enhanced,5,"{'colsample_bytree': 0.8, 'learning_rate': 0.01, 'max_depth': 5, 'min_child_samples': 100, 'n_estimators': 1000, 'num_leaves': 62, 'subsample': 0.8}",2.90716816704126,0.942886043401655,0.615846872329712
LightGBM,Enhanced,5,"{'colsample_bytree': 0.8, 'learning_rate': 0.01, 'max_depth': 9, 'min_child_samples': 50, 'n_estimators': 500, 'num_leaves': 15, 'subsample': 0.6}",2.49779955100097,0.957838397977118,0.56881046295166
LightGBM,Enhanced,5,"{'colsample_bytree': 0.8, 'learning_rate': 0.01, 'max_depth': 9, 'min_child_samples': 50, 'n_estimators': 500, 'num_leaves': 15, 'subsample': 0.8}",2.49779770461522,0.957838460309224,0.559093236923218
LightGBM,Enhanced,5,"{'colsample_bytree': 0.8, 'learning_rate': 0.01, 'max_depth': 9, 'min_child_samples': 50, 'n_estimators': 500, 'num_leaves': 31, 'subsample': 0.6}",2.49529304538441,0.957922972633171,0.810189008712769
LightGBM,Enhanced,5,"{'colsample_bytree': 0.8, 'learning_rate': 0.01, 'max_depth': 9, 'min_child_samples': 50, 'n_estimators': 500, 'num_leaves': 31, 'subsample': 0.8}",2.49523338235091,0.957924984752016,0.796107053756714
LightGBM,Enhanced,5,"{'colsample_bytree': 0.8, 'learning_rate': 0.01, 'max_depth': 9, 'min_child_samples': 50, 'n_estimators': 500, 'num_leaves': 62, 'subsample': 0.6}",2.49649061310876,0.957882574827486,0.910473346710205
LightGBM,Enhanced,5,"{'colsample_bytree': 0.8, 'learning_rate': 0.01, 'max_depth': 9, 'min_child_samples': 50, 'n_estimators': 500, 'num_leaves': 62, 'subsample': 0.8}",2.49677207281055,0.957873077474595,0.937164068222046
LightGBM,Enhanced,5,"{'colsample_bytree': 0.8, 'learning_rate': 0.01, 'max_depth': 9, 'min_child_samples': 50, 'n_estimators': 750, 'num_leaves': 15, 'subsample': 0.6}",2.39490703809025,0.961240402482231,0.7488853931427
LightGBM,Enhanced,5,"{'colsample_bytree': 0.8, 'learning_rate': 0.01, 'max_depth': 9, 'min_child_samples': 50, 'n_estimators': 750, 'num_leaves': 15, 'subsample': 0.8}",2.39492556747425,0.961239802714279,0.732030153274536
LightGBM,Enhanced,5,"{'colsample_bytree': 0.8, 'learning_rate': 0.01, 'max_depth': 9, 'min_child_samples': 50, 'n_estimators': 750, 'num_leaves': 31, 'subsample': 0.6}",2.39490813950375,0.961240366831283,0.975203990936279
LightGBM,Enhanced,5,"{'colsample_bytree': 0.8, 'learning_rate': 0.01, 'max_depth': 9, 'min_child_samples': 50, 'n_estimators': 750, 'num_leaves': 31, 'subsample': 0.8}",2.39411002414594,0.961266196217737,1.01523971557617
LightGBM,Enhanced,5,"{'colsample_bytree': 0.8, 'learning_rate': 0.01, 'max_depth': 9, 'min_child_samples': 50, 'n_estimators': 750, 'num_leaves': 62, 'subsample': 0.6}",2.39201139920333,0.961334072880372,1.19437026977539
LightGBM,Enhanced,5,"{'colsample_bytree': 0.8, 'learning_rate': 0.01, 'max_depth': 9, 'min_child_samples': 50, 'n_estimators': 750, 'num_leaves': 62, 'subsample': 0.8}",2.39305213586291,0.961300419360115,1.13400340080261
LightGBM,Enhanced,5,"{'colsample_bytree': 0.8, 'learning_rate': 0.01, 'max_depth': 9, 'min_child_samples': 50, 'n_estimators': 1000, 'num_leaves': 15, 'subsample': 0.6}",2.38366493541203,0.961603436746712,0.868585348129273
LightGBM,Enhanced,5,"{'colsample_bytree': 0.8, 'learning_rate': 0.01, 'max_depth': 9, 'min_child_samples': 50, 'n_estimators': 1000, 'num_leaves': 15, 'subsample': 0.8}",2.38356786857513,0.961606563828041,0.827190160751343
LightGBM,Enhanced,5,"{'colsample_bytree': 0.8, 'learning_rate': 0.01, 'max_depth': 9, 'min_child_samples': 50, 'n_estimators': 1000, 'num_leaves': 31, 'subsample': 0.6}",2.37585984434433,0.961854477081257,1.19777131080627
LightGBM,Enhanced,5,"{'colsample_bytree': 0.8, 'learning_rate': 0.01, 'max_depth': 9, 'min_child_samples': 50, 'n_estimators': 1000, 'num_leaves': 31, 'subsample': 0.8}",2.37490898162057,0.961885004048339,1.19443941116333
LightGBM,Enhanced,5,"{'colsample_bytree': 0.8, 'learning_rate': 0.01, 'max_depth': 9, 'min_child_samples': 50, 'n_estimators': 1000, 'num_leaves': 62, 'subsample': 0.6}",2.37401440806762,0.961913712723828,1.25507593154907
LightGBM,Enhanced,5,"{'colsample_bytree': 0.8, 'learning_rate': 0.01, 'max_depth': 9, 'min_child_samples': 50, 'n_estimators': 1000, 'num_leaves': 62, 'subsample': 0.8}",2.37419397075071,0.961907951061604,1.23102855682373
LightGBM,Enhanced,5,"{'colsample_bytree': 0.8, 'learning_rate': 0.01, 'max_depth': 9, 'min_child_samples': 100, 'n_estimators': 500, 'num_leaves': 15, 'subsample': 0.6}",3.12349065943429,0.934070108473598,0.575998306274414
LightGBM,Enhanced,5,"{'colsample_bytree': 0.8, 'learning_rate': 0.01, 'max_depth': 9, 'min_child_samples': 100, 'n_estimators': 500, 'num_leaves': 15, 'subsample': 0.8}",3.12459246356021,0.934023587035537,0.552559852600098
LightGBM,Enhanced,5,"{'colsample_bytree': 0.8, 'learning_rate': 0.01, 'max_depth': 9, 'min_child_samples': 100, 'n_estimators': 500, 'num_leaves': 31, 'subsample': 0.6}",3.12356281306056,0.934067062435549,0.690563678741455
LightGBM,Enhanced,5,"{'colsample_bytree': 0.8, 'learning_rate': 0.01, 'max_depth': 9, 'min_child_samples': 100, 'n_estimators': 500, 'num_leaves': 31, 'subsample': 0.8}",3.12356274224534,0.934067065425119,0.684263706207275
LightGBM,Enhanced,5,"{'colsample_bytree': 0.8, 'learning_rate': 0.01, 'max_depth': 9, 'min_child_samples': 100, 'n_estimators': 500, 'num_leaves': 62, 'subsample': 0.6}",3.12356226048711,0.934067085763261,0.673037052154541
LightGBM,Enhanced,5,"{'colsample_bytree': 0.8, 'learning_rate': 0.01, 'max_depth': 9, 'min_child_samples': 100, 'n_estimators': 500, 'num_leaves': 62, 'subsample': 0.8}",3.12191145446634,0.934136758579769,0.672134399414063
LightGBM,Enhanced,5,"{'colsample_bytree': 0.8, 'learning_rate': 0.01, 'max_depth': 9, 'min_child_samples': 100, 'n_estimators': 750, 'num_leaves': 15, 'subsample': 0.6}",2.99330850417858,0.939451289679061,0.746376752853394
LightGBM,Enhanced,5,"{'colsample_bytree': 0.8, 'learning_rate': 0.01, 'max_depth': 9, 'min_child_samples': 100, 'n_estimators': 750, 'num_leaves': 15, 'subsample': 0.8}",2.99090983780791,0.939548291349991,0.759831428527832
LightGBM,Enhanced,5,"{'colsample_bytree': 0.8, 'learning_rate': 0.01, 'max_depth': 9, 'min_child_samples': 100, 'n_estimators': 750, 'num_leaves': 31, 'subsample': 0.6}",2.99138740760078,0.939528984706576,0.874470710754395
LightGBM,Enhanced,5,"{'colsample_bytree': 0.8, 'learning_rate': 0.01, 'max_depth': 9, 'min_child_samples': 100, 'n_estimators': 750, 'num_leaves': 31, 'subsample': 0.8}",2.98962990357566,0.939600019860497,0.897439956665039
LightGBM,Enhanced,5,"{'colsample_bytree': 0.8, 'learning_rate': 0.01, 'max_depth': 9, 'min_child_samples': 100, 'n_estimators': 750, 'num_leaves': 62, 'subsample': 0.6}",2.99203474880344,0.939502809818476,0.893351793289185
LightGBM,Enhanced,5,"{'colsample_bytree': 0.8, 'learning_rate': 0.01, 'max_depth': 9, 'min_child_samples': 100, 'n_estimators': 750, 'num_leaves': 62, 'subsample': 0.8}",2.9896295727055,0.939600033229744,0.91450309753418
LightGBM,Enhanced,5,"{'colsample_bytree': 0.8, 'learning_rate': 0.01, 'max_depth': 9, 'min_child_samples': 100, 'n_estimators': 1000, 'num_leaves': 15, 'subsample': 0.6}",2.90734500299019,0.94287909498498,0.967086553573608
LightGBM,Enhanced,5,"{'colsample_bytree': 0.8, 'learning_rate': 0.01, 'max_depth': 9, 'min_child_samples': 100, 'n_estimators': 1000, 'num_leaves': 15, 'subsample': 0.8}",2.90493563903945,0.94297372979659,0.989434242248535
LightGBM,Enhanced,5,"{'colsample_bytree': 0.8, 'learning_rate': 0.01, 'max_depth': 9, 'min_child_samples': 100, 'n_estimators': 1000, 'num_leaves': 31, 'subsample': 0.6}",2.90037783394882,0.943152536321499,1.07698059082031
LightGBM,Enhanced,5,"{'colsample_bytree': 0.8, 'learning_rate': 0.01, 'max_depth': 9, 'min_child_samples': 100, 'n_estimators': 1000, 'num_leaves': 31, 'subsample': 0.8}",2.9003763588147,0.943152594146801,1.10738444328308
LightGBM,Enhanced,5,"{'colsample_bytree': 0.8, 'learning_rate': 0.01, 'max_depth': 9, 'min_child_samples': 100, 'n_estimators': 1000, 'num_leaves': 62, 'subsample': 0.6}",2.90037464355949,0.94315266138482,1.11639499664307
LightGBM,Enhanced,5,"{'colsample_bytree': 0.8, 'learning_rate': 0.01, 'max_depth': 9, 'min_child_samples': 100, 'n_estimators': 1000, 'num_leaves': 62, 'subsample': 0.8}",2.90277740475988,0.943058434138812,1.11449217796326
LightGBM,Enhanced,5,"{'colsample_bytree': 0.8, 'learning_rate': 0.05, 'max_depth': 3, 'min_child_samples': 50, 'n_estimators': 500, 'num_leaves': 15, 'subsample': 0.6}",2.53635593040035,0.956526727305698,0.160813808441162
LightGBM,Enhanced,5,"{'colsample_bytree': 0.8, 'learning_rate': 0.05, 'max_depth': 3, 'min_child_samples': 50, 'n_estimators': 500, 'num_leaves': 15, 'subsample': 0.8}",2.53635593221679,0.956526727243431,0.183505058288574
LightGBM,Enhanced,5,"{'colsample_bytree': 0.8, 'learning_rate': 0.05, 'max_depth': 3, 'min_child_samples': 50, 'n_estimators': 500, 'num_leaves': 31, 'subsample': 0.6}",2.53635592770116,0.956526727398227,0.160442352294922
LightGBM,Enhanced,5,"{'colsample_bytree': 0.8, 'learning_rate': 0.05, 'max_depth': 3, 'min_child_samples': 50, 'n_estimators': 500, 'num_leaves': 31, 'subsample': 0.8}",2.53635592417046,0.95652672751926,0.146741390228271
LightGBM,Enhanced,5,"{'colsample_bytree': 0.8, 'learning_rate': 0.05, 'max_depth': 3, 'min_child_samples': 50, 'n_estimators': 500, 'num_leaves': 62, 'subsample': 0.6}",2.53635592555651,0.956526727471746,0.14758825302124
LightGBM,Enhanced,5,"{'colsample_bytree': 0.8, 'learning_rate': 0.05, 'max_depth': 3, 'min_child_samples': 50, 'n_estimators': 500, 'num_leaves': 62, 'subsample': 0.8}",2.53635593592595,0.956526727116281,0.158873796463013
LightGBM,Enhanced,5,"{'colsample_bytree': 0.8, 'learning_rate': 0.05, 'max_depth': 3, 'min_child_samples': 50, 'n_estimators': 750, 'num_leaves': 15, 'subsample': 0.6}",2.5363559263407,0.956526727444864,0.15242600440979
LightGBM,Enhanced,5,"{'colsample_bytree': 0.8, 'learning_rate': 0.05, 'max_depth': 3, 'min_child_samples': 50, 'n_estimators': 750, 'num_leaves': 15, 'subsample': 0.8}",2.53635592064054,0.956526727640266,0.155087947845459
LightGBM,Enhanced,5,"{'colsample_bytree': 0.8, 'learning_rate': 0.05, 'max_depth': 3, 'min_child_samples': 50, 'n_estimators': 750, 'num_leaves': 31, 'subsample': 0.6}",2.53635593046872,0.956526727303355,0.150569915771484
LightGBM,Enhanced,5,"{'colsample_bytree': 0.8, 'learning_rate': 0.05, 'max_depth': 3, 'min_child_samples': 50, 'n_estimators': 750, 'num_leaves': 31, 'subsample': 0.8}",2.53635592844418,0.956526727372757,0.159409761428833
LightGBM,Enhanced,5,"{'colsample_bytree': 0.8, 'learning_rate': 0.05, 'max_depth': 3, 'min_child_samples': 50, 'n_estimators': 750, 'num_leaves': 62, 'subsample': 0.6}",2.53635592540068,0.956526727477088,0.155817270278931
LightGBM,Enhanced,5,"{'colsample_bytree': 0.8, 'learning_rate': 0.05, 'max_depth': 3, 'min_child_samples': 50, 'n_estimators': 750, 'num_leaves': 62, 'subsample': 0.8}",2.53635593252953,0.95652672723271,0.163138628005981
LightGBM,Enhanced,5,"{'colsample_bytree': 0.8, 'learning_rate': 0.05, 'max_depth': 3, 'min_child_samples': 50, 'n_estimators': 1000, 'num_leaves': 15, 'subsample': 0.6}",2.53635592895089,0.956526727355386,0.161017417907715
LightGBM,Enhanced,5,"{'colsample_bytree': 0.8, 'learning_rate': 0.05, 'max_depth': 3, 'min_child_samples': 50, 'n_estimators': 1000, 'num_leaves': 15, 'subsample': 0.8}",2.5363559223266,0.956526727582468,0.160202503204346
LightGBM,Enhanced,5,"{'colsample_bytree': 0.8, 'learning_rate': 0.05, 'max_depth': 3, 'min_child_samples': 50, 'n_estimators': 1000, 'num_leaves': 31, 'subsample': 0.6}",2.53635592251995,0.956526727575839,0.168305397033691
LightGBM,Enhanced,5,"{'colsample_bytree': 0.8, 'learning_rate': 0.05, 'max_depth': 3, 'min_child_samples': 50, 'n_estimators': 1000, 'num_leaves': 31, 'subsample': 0.8}",2.53635593396228,0.956526727183595,0.159701347351074
LightGBM,Enhanced,5,"{'colsample_bytree': 0.8, 'learning_rate': 0.05, 'max_depth': 3, 'min_child_samples': 50, 'n_estimators': 1000, 'num_leaves': 62, 'subsample': 0.6}",2.53635592999634,0.956526727319548,0.156324148178101
LightGBM,Enhanced,5,"{'colsample_bytree': 0.8, 'learning_rate': 0.05, 'max_depth': 3, 'min_child_samples': 50, 'n_estimators': 1000, 'num_leaves': 62, 'subsample': 0.8}",2.53635592349969,0.956526727542254,0.167587757110596
LightGBM,Enhanced,5,"{'colsample_bytree': 0.8, 'learning_rate': 0.05, 'max_depth': 3, 'min_child_samples': 100, 'n_estimators': 500, 'num_leaves': 15, 'subsample': 0.6}",2.87492969958796,0.944145727840549,0.219395875930786
LightGBM,Enhanced,5,"{'colsample_bytree': 0.8, 'learning_rate': 0.05, 'max_depth': 3, 'min_child_samples': 100, 'n_estimators': 500, 'num_leaves': 15, 'subsample': 0.8}",2.88174609274196,0.943880555427313,0.232478857040405
LightGBM,Enhanced,5,"{'colsample_bytree': 0.8, 'learning_rate': 0.05, 'max_depth': 3, 'min_child_samples': 100, 'n_estimators': 500, 'num_leaves': 31, 'subsample': 0.6}",2.88174609509728,0.943880555335578,0.221234321594238
LightGBM,Enhanced,5,"{'colsample_bytree': 0.8, 'learning_rate': 0.05, 'max_depth': 3, 'min_child_samples': 100, 'n_estimators': 500, 'num_leaves': 31, 'subsample': 0.8}",2.8749297071796,0.944145727545567,0.222105503082275
LightGBM,Enhanced,5,"{'colsample_bytree': 0.8, 'learning_rate': 0.05, 'max_depth': 3, 'min_child_samples': 100, 'n_estimators': 500, 'num_leaves': 62, 'subsample': 0.6}",2.88174609622559,0.943880555291632,0.221106052398682
LightGBM,Enhanced,5,"{'colsample_bytree': 0.8, 'learning_rate': 0.05, 'max_depth': 3, 'min_child_samples': 100, 'n_estimators': 500, 'num_leaves': 62, 'subsample': 0.8}",2.87492970270375,0.944145727719481,0.21665096282959
LightGBM,Enhanced,5,"{'colsample_bytree': 0.8, 'learning_rate': 0.05, 'max_depth': 3, 'min_child_samples': 100, 'n_estimators': 750, 'num_leaves': 15, 'subsample': 0.6}",2.87492969700538,0.944145727940898,0.209746837615967
LightGBM,Enhanced,5,"{'colsample_bytree': 0.8, 'learning_rate': 0.05, 'max_depth': 3, 'min_child_samples': 100, 'n_estimators': 750, 'num_leaves': 15, 'subsample': 0.8}",2.8817460931485,0.94388055541148,0.213221073150635
LightGBM,Enhanced,5,"{'colsample_bytree': 0.8, 'learning_rate': 0.05, 'max_depth': 3, 'min_child_samples': 100, 'n_estimators': 750, 'num_leaves': 31, 'subsample': 0.6}",2.87492970242632,0.944145727730261,0.221980810165405
LightGBM,Enhanced,5,"{'colsample_bytree': 0.8, 'learning_rate': 0.05, 'max_depth': 3, 'min_child_samples': 100, 'n_estimators': 750, 'num_leaves': 31, 'subsample': 0.8}",2.88174609182081,0.943880555463191,0.213548183441162
LightGBM,Enhanced,5,"{'colsample_bytree': 0.8, 'learning_rate': 0.05, 'max_depth': 3, 'min_child_samples': 100, 'n_estimators': 750, 'num_leaves': 62, 'subsample': 0.6}",2.87492970085601,0.944145727791277,0.222877502441406
LightGBM,Enhanced,5,"{'colsample_bytree': 0.8, 'learning_rate': 0.05, 'max_depth': 3, 'min_child_samples': 100, 'n_estimators': 750, 'num_leaves': 62, 'subsample': 0.8}",2.87492969862765,0.944145727877863,0.215908765792847
LightGBM,Enhanced,5,"{'colsample_bytree': 0.8, 'learning_rate': 0.05, 'max_depth': 3, 'min_child_samples': 100, 'n_estimators': 1000, 'num_leaves': 15, 'subsample': 0.6}",2.87492970105621,0.944145727783498,0.220638275146484
LightGBM,Enhanced,5,"{'colsample_bytree': 0.8, 'learning_rate': 0.05, 'max_depth': 3, 'min_child_samples': 100, 'n_estimators': 1000, 'num_leaves': 15, 'subsample': 0.8}",2.87492970104559,0.944145727783911,0.212569713592529
LightGBM,Enhanced,5,"{'colsample_bytree': 0.8, 'learning_rate': 0.05, 'max_depth': 3, 'min_child_samples': 100, 'n_estimators': 1000, 'num_leaves': 31, 'subsample': 0.6}",2.88174608905384,0.943880555570959,0.229984045028687
LightGBM,Enhanced,5,"{'colsample_bytree': 0.8, 'learning_rate': 0.05, 'max_depth': 3, 'min_child_samples': 100, 'n_estimators': 1000, 'num_leaves': 31, 'subsample': 0.8}",2.8749297009281,0.944145727788476,0.227208375930786
LightGBM,Enhanced,5,"{'colsample_bytree': 0.8, 'learning_rate': 0.05, 'max_depth': 3, 'min_child_samples': 100, 'n_estimators': 1000, 'num_leaves': 62, 'subsample': 0.6}",2.87492970232943,0.944145727734026,0.216330766677856
LightGBM,Enhanced,5,"{'colsample_bytree': 0.8, 'learning_rate': 0.05, 'max_depth': 3, 'min_child_samples': 100, 'n_estimators': 1000, 'num_leaves': 62, 'subsample': 0.8}",2.88174609328361,0.943880555406217,0.210774421691895
LightGBM,Enhanced,5,"{'colsample_bytree': 0.8, 'learning_rate': 0.05, 'max_depth': 5, 'min_child_samples': 50, 'n_estimators': 500, 'num_leaves': 15, 'subsample': 0.6}",2.36917758161078,0.962068748935345,0.245691537857056
LightGBM,Enhanced,5,"{'colsample_bytree': 0.8, 'learning_rate': 0.05, 'max_depth': 5, 'min_child_samples': 50, 'n_estimators': 500, 'num_leaves': 15, 'subsample': 0.8}",2.36961070416854,0.962054878820807,0.247090101242065
LightGBM,Enhanced,5,"{'colsample_bytree': 0.8, 'learning_rate': 0.05, 'max_depth': 5, 'min_child_samples': 50, 'n_estimators': 500, 'num_leaves': 31, 'subsample': 0.6}",2.36340391630115,0.962253399927068,0.245862722396851
LightGBM,Enhanced,5,"{'colsample_bytree': 0.8, 'learning_rate': 0.05, 'max_depth': 5, 'min_child_samples': 50, 'n_estimators': 500, 'num_leaves': 31, 'subsample': 0.8}",2.36340392931642,0.962253399511327,0.248862028121948
LightGBM,Enhanced,5,"{'colsample_bytree': 0.8, 'learning_rate': 0.05, 'max_depth': 5, 'min_child_samples': 50, 'n_estimators': 500, 'num_leaves': 62, 'subsample': 0.6}",2.36340392736109,0.962253399573785,0.243721008300781
LightGBM,Enhanced,5,"{'colsample_bytree': 0.8, 'learning_rate': 0.05, 'max_depth': 5, 'min_child_samples': 50, 'n_estimators': 500, 'num_leaves': 62, 'subsample': 0.8}",2.36296457875686,0.962267432193917,0.249017000198364
LightGBM,Enhanced,5,"{'colsample_bytree': 0.8, 'learning_rate': 0.05, 'max_depth': 5, 'min_child_samples': 50, 'n_estimators': 750, 'num_leaves': 15, 'subsample': 0.6}",2.36961070297202,0.962054878859128,0.238364934921265
LightGBM,Enhanced,5,"{'colsample_bytree': 0.8, 'learning_rate': 0.05, 'max_depth': 5, 'min_child_samples': 50, 'n_estimators': 750, 'num_leaves': 15, 'subsample': 0.8}",2.36961071181757,0.962054878575836,0.23784613609314
LightGBM,Enhanced,5,"{'colsample_bytree': 0.8, 'learning_rate': 0.05, 'max_depth': 5, 'min_child_samples': 50, 'n_estimators': 750, 'num_leaves': 31, 'subsample': 0.6}",2.36296457340109,0.962267432364962,0.230000019073486
LightGBM,Enhanced,5,"{'colsample_bytree': 0.8, 'learning_rate': 0.05, 'max_depth': 5, 'min_child_samples': 50, 'n_estimators': 750, 'num_leaves': 31, 'subsample': 0.8}",2.36340391899486,0.962253399841024,0.246227502822876
LightGBM,Enhanced,5,"{'colsample_bytree': 0.8, 'learning_rate': 0.05, 'max_depth': 5, 'min_child_samples': 50, 'n_estimators': 750, 'num_leaves': 62, 'subsample': 0.6}",2.36340391448946,0.962253399984938,0.237051010131836
LightGBM,Enhanced,5,"{'colsample_bytree': 0.8, 'learning_rate': 0.05, 'max_depth': 5, 'min_child_samples': 50, 'n_estimators': 750, 'num_leaves': 62, 'subsample': 0.8}",2.36296457805992,0.962267432216175,0.23416018486023
LightGBM,Enhanced,5,"{'colsample_bytree': 0.8, 'learning_rate': 0.05, 'max_depth': 5, 'min_child_samples': 50, 'n_estimators': 1000, 'num_leaves': 15, 'subsample': 0.6}",2.36961070555477,0.962054878776411,0.251810312271118
LightGBM,Enhanced,5,"{'colsample_bytree': 0.8, 'learning_rate': 0.05, 'max_depth': 5, 'min_child_samples': 50, 'n_estimators': 1000, 'num_leaves': 15, 'subsample': 0.8}",2.36917757766802,0.962068749061594,0.238680839538574
LightGBM,Enhanced,5,"{'colsample_bytree': 0.8, 'learning_rate': 0.05, 'max_depth': 5, 'min_child_samples': 50, 'n_estimators': 1000, 'num_leaves': 31, 'subsample': 0.6}",2.36296456994803,0.962267432475241,0.23830509185791
LightGBM,Enhanced,5,"{'colsample_bytree': 0.8, 'learning_rate': 0.05, 'max_depth': 5, 'min_child_samples': 50, 'n_estimators': 1000, 'num_leaves': 31, 'subsample': 0.8}",2.36340392244206,0.962253399730912,0.253777503967285
LightGBM,Enhanced,5,"{'colsample_bytree': 0.8, 'learning_rate': 0.05, 'max_depth': 5, 'min_child_samples': 50, 'n_estimators': 1000, 'num_leaves': 62, 'subsample': 0.6}",2.36340392944233,0.962253399507305,0.241180419921875
LightGBM,Enhanced,5,"{'colsample_bytree': 0.8, 'learning_rate': 0.05, 'max_depth': 5, 'min_child_samples': 50, 'n_estimators': 1000, 'num_leaves': 62, 'subsample': 0.8}",2.3629645794303,0.96226743217241,0.236545324325562
LightGBM,Enhanced,5,"{'colsample_bytree': 0.8, 'learning_rate': 0.05, 'max_depth': 5, 'min_child_samples': 100, 'n_estimators': 500, 'num_leaves': 15, 'subsample': 0.6}",2.82021631554731,0.946251446658094,0.338238954544067
LightGBM,Enhanced,5,"{'colsample_bytree': 0.8, 'learning_rate': 0.05, 'max_depth': 5, 'min_child_samples': 100, 'n_estimators': 500, 'num_leaves': 15, 'subsample': 0.8}",2.82021631414367,0.946251446711596,0.309245586395264
LightGBM,Enhanced,5,"{'colsample_bytree': 0.8, 'learning_rate': 0.05, 'max_depth': 5, 'min_child_samples': 100, 'n_estimators': 500, 'num_leaves': 31, 'subsample': 0.6}",2.8202163189176,0.94625144652963,0.324201345443726
LightGBM,Enhanced,5,"{'colsample_bytree': 0.8, 'learning_rate': 0.05, 'max_depth': 5, 'min_child_samples': 100, 'n_estimators': 500, 'num_leaves': 31, 'subsample': 0.8}",2.82021631581121,0.946251446648035,0.313146829605103
LightGBM,Enhanced,5,"{'colsample_bytree': 0.8, 'learning_rate': 0.05, 'max_depth': 5, 'min_child_samples': 100, 'n_estimators': 500, 'num_leaves': 62, 'subsample': 0.6}",2.82021631874242,0.946251446536308,0.302664995193481
LightGBM,Enhanced,5,"{'colsample_bytree': 0.8, 'learning_rate': 0.05, 'max_depth': 5, 'min_child_samples': 100, 'n_estimators': 500, 'num_leaves': 62, 'subsample': 0.8}",2.82021631768678,0.946251446576545,0.301935195922852
LightGBM,Enhanced,5,"{'colsample_bytree': 0.8, 'learning_rate': 0.05, 'max_depth': 5, 'min_child_samples': 100, 'n_estimators': 750, 'num_leaves': 15, 'subsample': 0.6}",2.82021631729167,0.946251446591605,0.306780815124512
LightGBM,Enhanced,5,"{'colsample_bytree': 0.8, 'learning_rate': 0.05, 'max_depth': 5, 'min_child_samples': 100, 'n_estimators': 750, 'num_leaves': 15, 'subsample': 0.8}",2.82021631607764,0.94625144663788,0.30898380279541
LightGBM,Enhanced,5,"{'colsample_bytree': 0.8, 'learning_rate': 0.05, 'max_depth': 5, 'min_child_samples': 100, 'n_estimators': 750, 'num_leaves': 31, 'subsample': 0.6}",2.82021631657796,0.94625144661881,0.293445825576782
LightGBM,Enhanced,5,"{'colsample_bytree': 0.8, 'learning_rate': 0.05, 'max_depth': 5, 'min_child_samples': 100, 'n_estimators': 750, 'num_leaves': 31, 'subsample': 0.8}",2.82021631489698,0.946251446682883,0.307744741439819
LightGBM,Enhanced,5,"{'colsample_bytree': 0.8, 'learning_rate': 0.05, 'max_depth': 5, 'min_child_samples': 100, 'n_estimators': 750, 'num_leaves': 62, 'subsample': 0.6}",2.82021631926687,0.946251446516317,0.301897048950195
LightGBM,Enhanced,5,"{'colsample_bytree': 0.8, 'learning_rate': 0.05, 'max_depth': 5, 'min_child_samples': 100, 'n_estimators': 750, 'num_leaves': 62, 'subsample': 0.8}",2.82021631734735,0.946251446589483,0.307308435440064
LightGBM,Enhanced,5,"{'colsample_bytree': 0.8, 'learning_rate': 0.05, 'max_depth': 5, 'min_child_samples': 100, 'n_estimators': 1000, 'num_leaves': 15, 'subsample': 0.6}",2.8202163137419,0.946251446726911,0.302119731903076
LightGBM,Enhanced,5,"{'colsample_bytree': 0.8, 'learning_rate': 0.05, 'max_depth': 5, 'min_child_samples': 100, 'n_estimators': 1000, 'num_leaves': 15, 'subsample': 0.8}",2.80861920336843,0.946692580477841,0.295958757400513
LightGBM,Enhanced,5,"{'colsample_bytree': 0.8, 'learning_rate': 0.05, 'max_depth': 5, 'min_child_samples': 100, 'n_estimators': 1000, 'num_leaves': 31, 'subsample': 0.6}",2.82021631998211,0.946251446489055,0.296630144119263
LightGBM,Enhanced,5,"{'colsample_bytree': 0.8, 'learning_rate': 0.05, 'max_depth': 5, 'min_child_samples': 100, 'n_estimators': 1000, 'num_leaves': 31, 'subsample': 0.8}",2.8202163156291,0.946251446654977,0.290246486663818
LightGBM,Enhanced,5,"{'colsample_bytree': 0.8, 'learning_rate': 0.05, 'max_depth': 5, 'min_child_samples': 100, 'n_estimators': 1000, 'num_leaves': 62, 'subsample': 0.6}",2.82021631216949,0.946251446786845,0.293258666992188
LightGBM,Enhanced,5,"{'colsample_bytree': 0.8, 'learning_rate': 0.05, 'max_depth': 5, 'min_child_samples': 100, 'n_estimators': 1000, 'num_leaves': 62, 'subsample': 0.8}",2.82021631588383,0.946251446645268,0.296453952789307
LightGBM,Enhanced,5,"{'colsample_bytree': 0.8, 'learning_rate': 0.05, 'max_depth': 9, 'min_child_samples': 50, 'n_estimators': 500, 'num_leaves': 15, 'subsample': 0.6}",2.35300421388856,0.962584862295749,0.27657413482666
LightGBM,Enhanced,5,"{'colsample_bytree': 0.8, 'learning_rate': 0.05, 'max_depth': 9, 'min_child_samples': 50, 'n_estimators': 500, 'num_leaves': 15, 'subsample': 0.8}",2.35300422042831,0.962584862087772,0.263152360916138
LightGBM,Enhanced,5,"{'colsample_bytree': 0.8, 'learning_rate': 0.05, 'max_depth': 9, 'min_child_samples': 50, 'n_estimators': 500, 'num_leaves': 31, 'subsample': 0.6}",2.33637266436157,0.963111909834115,0.341438055038452
LightGBM,Enhanced,5,"{'colsample_bytree': 0.8, 'learning_rate': 0.05, 'max_depth': 9, 'min_child_samples': 50, 'n_estimators': 500, 'num_leaves': 31, 'subsample': 0.8}",2.35186169883952,0.962621187755364,0.338608264923096
LightGBM,Enhanced,5,"{'colsample_bytree': 0.8, 'learning_rate': 0.05, 'max_depth': 9, 'min_child_samples': 50, 'n_estimators': 500, 'num_leaves': 62, 'subsample': 0.6}",2.34398888503211,0.962871018675967,0.359315872192383
LightGBM,Enhanced,5,"{'colsample_bytree': 0.8, 'learning_rate': 0.05, 'max_depth': 9, 'min_child_samples': 50, 'n_estimators': 500, 'num_leaves': 62, 'subsample': 0.8}",2.34398839304119,0.96287103426232,0.361819982528687
LightGBM,Enhanced,5,"{'colsample_bytree': 0.8, 'learning_rate': 0.05, 'max_depth': 9, 'min_child_samples': 50, 'n_estimators': 750, 'num_leaves': 15, 'subsample': 0.6}",2.35293488117204,0.962587067183358,0.271507501602173
LightGBM,Enhanced,5,"{'colsample_bytree': 0.8, 'learning_rate': 0.05, 'max_depth': 9, 'min_child_samples': 50, 'n_estimators': 750, 'num_leaves': 15, 'subsample': 0.8}",2.35300422394572,0.962584861975911,0.282488822937012
LightGBM,Enhanced,5,"{'colsample_bytree': 0.8, 'learning_rate': 0.05, 'max_depth': 9, 'min_child_samples': 50, 'n_estimators': 750, 'num_leaves': 31, 'subsample': 0.6}",2.33573368958863,0.963132084129286,0.339828252792358
LightGBM,Enhanced,5,"{'colsample_bytree': 0.8, 'learning_rate': 0.05, 'max_depth': 9, 'min_child_samples': 50, 'n_estimators': 750, 'num_leaves': 31, 'subsample': 0.8}",2.33637432181743,0.963111857496229,0.333771467208862
LightGBM,Enhanced,5,"{'colsample_bytree': 0.8, 'learning_rate': 0.05, 'max_depth': 9, 'min_child_samples': 50, 'n_estimators': 750, 'num_leaves': 62, 'subsample': 0.6}",2.34406150934874,0.962868717889742,0.362886428833008
LightGBM,Enhanced,5,"{'colsample_bytree': 0.8, 'learning_rate': 0.05, 'max_depth': 9, 'min_child_samples': 50, 'n_estimators': 750, 'num_leaves': 62, 'subsample': 0.8}",2.34399089758468,0.962870954917935,0.374572038650513
LightGBM,Enhanced,5,"{'colsample_bytree': 0.8, 'learning_rate': 0.05, 'max_depth': 9, 'min_child_samples': 50, 'n_estimators': 1000, 'num_leaves': 15, 'subsample': 0.6}",2.3530059236711,0.962584807921199,0.260464191436768
LightGBM,Enhanced,5,"{'colsample_bytree': 0.8, 'learning_rate': 0.05, 'max_depth': 9, 'min_child_samples': 50, 'n_estimators': 1000, 'num_leaves': 15, 'subsample': 0.8}",2.35300591619136,0.96258480815907,0.270283699035645
LightGBM,Enhanced,5,"{'colsample_bytree': 0.8, 'learning_rate': 0.05, 'max_depth': 9, 'min_child_samples': 50, 'n_estimators': 1000, 'num_leaves': 31, 'subsample': 0.6}",2.33637668110351,0.963111782996416,0.332812070846558
LightGBM,Enhanced,5,"{'colsample_bytree': 0.8, 'learning_rate': 0.05, 'max_depth': 9, 'min_child_samples': 50, 'n_estimators': 1000, 'num_leaves': 31, 'subsample': 0.8}",2.33637455872797,0.963111850015244,0.331800937652588
LightGBM,Enhanced,5,"{'colsample_bytree': 0.8, 'learning_rate': 0.05, 'max_depth': 9, 'min_child_samples': 50, 'n_estimators': 1000, 'num_leaves': 62, 'subsample': 0.6}",2.34398808852329,0.962871043909496,0.365785360336304
LightGBM,Enhanced,5,"{'colsample_bytree': 0.8, 'learning_rate': 0.05, 'max_depth': 9, 'min_child_samples': 50, 'n_estimators': 1000, 'num_leaves': 62, 'subsample': 0.8}",2.34405802750854,0.962868828198362,0.38654088973999
LightGBM,Enhanced,5,"{'colsample_bytree': 0.8, 'learning_rate': 0.05, 'max_depth': 9, 'min_child_samples': 100, 'n_estimators': 500, 'num_leaves': 15, 'subsample': 0.6}",2.78486621201647,0.947590428352076,0.333035469055176
LightGBM,Enhanced,5,"{'colsample_bytree': 0.8, 'learning_rate': 0.05, 'max_depth': 9, 'min_child_samples': 100, 'n_estimators': 500, 'num_leaves': 15, 'subsample': 0.8}",2.78486654489852,0.94759041582278,0.333296060562134
LightGBM,Enhanced,5,"{'colsample_bytree': 0.8, 'learning_rate': 0.05, 'max_depth': 9, 'min_child_samples': 100, 'n_estimators': 500, 'num_leaves': 31, 'subsample': 0.6}",2.80223070112412,0.946934811432543,0.379997491836548
LightGBM,Enhanced,5,"{'colsample_bytree': 0.8, 'learning_rate': 0.05, 'max_depth': 9, 'min_child_samples': 100, 'n_estimators': 500, 'num_leaves': 31, 'subsample': 0.8}",2.802394607567,0.946928603534909,0.361900091171265
LightGBM,Enhanced,5,"{'colsample_bytree': 0.8, 'learning_rate': 0.05, 'max_depth': 9, 'min_child_samples': 100, 'n_estimators': 500, 'num_leaves': 62, 'subsample': 0.6}",2.80239860133761,0.94692845226775,0.371032953262329
LightGBM,Enhanced,5,"{'colsample_bytree': 0.8, 'learning_rate': 0.05, 'max_depth': 9, 'min_child_samples': 100, 'n_estimators': 500, 'num_leaves': 62, 'subsample': 0.8}",2.80239783467618,0.946928481305663,0.365864276885986
LightGBM,Enhanced,5,"{'colsample_bytree': 0.8, 'learning_rate': 0.05, 'max_depth': 9, 'min_child_samples': 100, 'n_estimators': 750, 'num_leaves': 15, 'subsample': 0.6}",2.78486700875253,0.947590398363848,0.339733362197876
LightGBM,Enhanced,5,"{'colsample_bytree': 0.8, 'learning_rate': 0.05, 'max_depth': 9, 'min_child_samples': 100, 'n_estimators': 750, 'num_leaves': 15, 'subsample': 0.8}",2.78489941998994,0.94758917843491,0.334916353225708
LightGBM,Enhanced,5,"{'colsample_bytree': 0.8, 'learning_rate': 0.05, 'max_depth': 9, 'min_child_samples': 100, 'n_estimators': 750, 'num_leaves': 31, 'subsample': 0.6}",2.80240200125728,0.946928323492987,0.378852367401123
LightGBM,Enhanced,5,"{'colsample_bytree': 0.8, 'learning_rate': 0.05, 'max_depth': 9, 'min_child_samples': 100, 'n_estimators': 750, 'num_leaves': 31, 'subsample': 0.8}",2.80274934834596,0.946915166612034,0.3563232421875
LightGBM,Enhanced,5,"{'colsample_bytree': 0.8, 'learning_rate': 0.05, 'max_depth': 9, 'min_child_samples': 100, 'n_estimators': 750, 'num_leaves': 62, 'subsample': 0.6}",2.80239623050253,0.946928542064993,0.364779472351074
LightGBM,Enhanced,5,"{'colsample_bytree': 0.8, 'learning_rate': 0.05, 'max_depth': 9, 'min_child_samples': 100, 'n_estimators': 750, 'num_leaves': 62, 'subsample': 0.8}",2.80239623010136,0.946928542080188,0.364947557449341
LightGBM,Enhanced,5,"{'colsample_bytree': 0.8, 'learning_rate': 0.05, 'max_depth': 9, 'min_child_samples': 100, 'n_estimators': 1000, 'num_leaves': 15, 'subsample': 0.6}",2.78489440633004,0.947589367145351,0.332716226577759
LightGBM,Enhanced,5,"{'colsample_bytree': 0.8, 'learning_rate': 0.05, 'max_depth': 9, 'min_child_samples': 100, 'n_estimators': 1000, 'num_leaves': 15, 'subsample': 0.8}",2.78486674493296,0.947590408293714,0.337536811828613
LightGBM,Enhanced,5,"{'colsample_bytree': 0.8, 'learning_rate': 0.05, 'max_depth': 9, 'min_child_samples': 100, 'n_estimators': 1000, 'num_leaves': 31, 'subsample': 0.6}",2.80239878365148,0.946928445362466,0.361975431442261
LightGBM,Enhanced,5,"{'colsample_bytree': 0.8, 'learning_rate': 0.05, 'max_depth': 9, 'min_child_samples': 100, 'n_estimators': 1000, 'num_leaves': 31, 'subsample': 0.8}",2.80239878624244,0.946928445264331,0.369012832641602
LightGBM,Enhanced,5,"{'colsample_bytree': 0.8, 'learning_rate': 0.05, 'max_depth': 9, 'min_child_samples': 100, 'n_estimators': 1000, 'num_leaves': 62, 'subsample': 0.6}",2.80223487177207,0.946934653475252,0.368871688842773
LightGBM,Enhanced,5,"{'colsample_bytree': 0.8, 'learning_rate': 0.05, 'max_depth': 9, 'min_child_samples': 100, 'n_estimators': 1000, 'num_leaves': 62, 'subsample': 0.8}",2.80239963191619,0.946928413233752,0.382454395294189
LightGBM,Enhanced,6,"{'colsample_bytree': 0.6, 'learning_rate': 0.01, 'max_depth': 3, 'min_child_samples': 50, 'n_estimators': 500, 'num_leaves': 15, 'subsample': 0.6}",2.17572317092228,0.965586249630302,0.237381458282471
LightGBM,Enhanced,6,"{'colsample_bytree': 0.6, 'learning_rate': 0.01, 'max_depth': 3, 'min_child_samples': 50, 'n_estimators': 500, 'num_leaves': 15, 'subsample': 0.8}",2.17589720184597,0.965580744061974,0.234449625015259
LightGBM,Enhanced,6,"{'colsample_bytree': 0.6, 'learning_rate': 0.01, 'max_depth': 3, 'min_child_samples': 50, 'n_estimators': 500, 'num_leaves': 31, 'subsample': 0.6}",2.17572709172375,0.965586125598342,0.227855920791626
LightGBM,Enhanced,6,"{'colsample_bytree': 0.6, 'learning_rate': 0.01, 'max_depth': 3, 'min_child_samples': 50, 'n_estimators': 500, 'num_leaves': 31, 'subsample': 0.8}",2.17587899174016,0.96558132016977,0.231374740600586
LightGBM,Enhanced,6,"{'colsample_bytree': 0.6, 'learning_rate': 0.01, 'max_depth': 3, 'min_child_samples': 50, 'n_estimators': 500, 'num_leaves': 62, 'subsample': 0.6}",2.1757270903859,0.965586125640664,0.242479085922241
LightGBM,Enhanced,6,"{'colsample_bytree': 0.6, 'learning_rate': 0.01, 'max_depth': 3, 'min_child_samples': 50, 'n_estimators': 500, 'num_leaves': 62, 'subsample': 0.8}",2.1758789921836,0.965581320155741,0.23435115814209
LightGBM,Enhanced,6,"{'colsample_bytree': 0.6, 'learning_rate': 0.01, 'max_depth': 3, 'min_child_samples': 50, 'n_estimators': 750, 'num_leaves': 15, 'subsample': 0.6}",2.1758789929772,0.965581320130634,0.23645544052124
LightGBM,Enhanced,6,"{'colsample_bytree': 0.6, 'learning_rate': 0.01, 'max_depth': 3, 'min_child_samples': 50, 'n_estimators': 750, 'num_leaves': 15, 'subsample': 0.8}",2.17603356125131,0.965576429946095,0.246914625167847
LightGBM,Enhanced,6,"{'colsample_bytree': 0.6, 'learning_rate': 0.01, 'max_depth': 3, 'min_child_samples': 50, 'n_estimators': 750, 'num_leaves': 31, 'subsample': 0.6}",2.17587899327014,0.965581320121367,0.233245134353638
LightGBM,Enhanced,6,"{'colsample_bytree': 0.6, 'learning_rate': 0.01, 'max_depth': 3, 'min_child_samples': 50, 'n_estimators': 750, 'num_leaves': 31, 'subsample': 0.8}",2.17572316984518,0.965586249664375,0.233536958694458
LightGBM,Enhanced,6,"{'colsample_bytree': 0.6, 'learning_rate': 0.01, 'max_depth': 3, 'min_child_samples': 50, 'n_estimators': 750, 'num_leaves': 62, 'subsample': 0.6}",2.17572709169206,0.965586125599345,0.235265731811523
LightGBM,Enhanced,6,"{'colsample_bytree': 0.6, 'learning_rate': 0.01, 'max_depth': 3, 'min_child_samples': 50, 'n_estimators': 750, 'num_leaves': 62, 'subsample': 0.8}",2.17587899299466,0.965581320130082,0.248275995254517
LightGBM,Enhanced,6,"{'colsample_bytree': 0.6, 'learning_rate': 0.01, 'max_depth': 3, 'min_child_samples': 50, 'n_estimators': 1000, 'num_leaves': 15, 'subsample': 0.6}",2.17572709078417,0.965586125628065,0.228727340698242
LightGBM,Enhanced,6,"{'colsample_bytree': 0.6, 'learning_rate': 0.01, 'max_depth': 3, 'min_child_samples': 50, 'n_estimators': 1000, 'num_leaves': 15, 'subsample': 0.8}",2.17603356161225,0.965576429934676,0.245775938034058
LightGBM,Enhanced,6,"{'colsample_bytree': 0.6, 'learning_rate': 0.01, 'max_depth': 3, 'min_child_samples': 50, 'n_estimators': 1000, 'num_leaves': 31, 'subsample': 0.6}",2.17601727113287,0.965576945344336,0.245849609375
LightGBM,Enhanced,6,"{'colsample_bytree': 0.6, 'learning_rate': 0.01, 'max_depth': 3, 'min_child_samples': 50, 'n_estimators': 1000, 'num_leaves': 31, 'subsample': 0.8}",2.17587502212804,0.965581445754588,0.24756121635437
LightGBM,Enhanced,6,"{'colsample_bytree': 0.6, 'learning_rate': 0.01, 'max_depth': 3, 'min_child_samples': 50, 'n_estimators': 1000, 'num_leaves': 62, 'subsample': 0.6}",2.17572709195413,0.965586125591054,0.236713171005249
LightGBM,Enhanced,6,"{'colsample_bytree': 0.6, 'learning_rate': 0.01, 'max_depth': 3, 'min_child_samples': 50, 'n_estimators': 1000, 'num_leaves': 62, 'subsample': 0.8}",2.17588053372027,0.965581271386782,0.24226450920105
LightGBM,Enhanced,6,"{'colsample_bytree': 0.6, 'learning_rate': 0.01, 'max_depth': 3, 'min_child_samples': 100, 'n_estimators': 500, 'num_leaves': 15, 'subsample': 0.6}",2.13872061099542,0.966746846287553,0.282066583633423
LightGBM,Enhanced,6,"{'colsample_bytree': 0.6, 'learning_rate': 0.01, 'max_depth': 3, 'min_child_samples': 100, 'n_estimators': 500, 'num_leaves': 15, 'subsample': 0.8}",2.1387206107519,0.966746846295125,0.291445970535278
LightGBM,Enhanced,6,"{'colsample_bytree': 0.6, 'learning_rate': 0.01, 'max_depth': 3, 'min_child_samples': 100, 'n_estimators': 500, 'num_leaves': 31, 'subsample': 0.6}",2.13872061066061,0.966746846297964,0.283434152603149
LightGBM,Enhanced,6,"{'colsample_bytree': 0.6, 'learning_rate': 0.01, 'max_depth': 3, 'min_child_samples': 100, 'n_estimators': 500, 'num_leaves': 31, 'subsample': 0.8}",2.13872061006646,0.96674684631644,0.264163970947266
LightGBM,Enhanced,6,"{'colsample_bytree': 0.6, 'learning_rate': 0.01, 'max_depth': 3, 'min_child_samples': 100, 'n_estimators': 500, 'num_leaves': 62, 'subsample': 0.6}",2.13872061115509,0.966746846282587,0.288247346878052
LightGBM,Enhanced,6,"{'colsample_bytree': 0.6, 'learning_rate': 0.01, 'max_depth': 3, 'min_child_samples': 100, 'n_estimators': 500, 'num_leaves': 62, 'subsample': 0.8}",2.13872061051369,0.966746846302533,0.287310600280762
LightGBM,Enhanced,6,"{'colsample_bytree': 0.6, 'learning_rate': 0.01, 'max_depth': 3, 'min_child_samples': 100, 'n_estimators': 750, 'num_leaves': 15, 'subsample': 0.6}",2.13872061065331,0.966746846298191,0.273711919784546
LightGBM,Enhanced,6,"{'colsample_bytree': 0.6, 'learning_rate': 0.01, 'max_depth': 3, 'min_child_samples': 100, 'n_estimators': 750, 'num_leaves': 15, 'subsample': 0.8}",2.13872061035583,0.966746846307442,0.279532432556152
LightGBM,Enhanced,6,"{'colsample_bytree': 0.6, 'learning_rate': 0.01, 'max_depth': 3, 'min_child_samples': 100, 'n_estimators': 750, 'num_leaves': 31, 'subsample': 0.6}",2.13872061034372,0.966746846307818,0.30781364440918
LightGBM,Enhanced,6,"{'colsample_bytree': 0.6, 'learning_rate': 0.01, 'max_depth': 3, 'min_child_samples': 100, 'n_estimators': 750, 'num_leaves': 31, 'subsample': 0.8}",2.13872061002091,0.966746846317857,0.354235887527466
LightGBM,Enhanced,6,"{'colsample_bytree': 0.6, 'learning_rate': 0.01, 'max_depth': 3, 'min_child_samples': 100, 'n_estimators': 750, 'num_leaves': 62, 'subsample': 0.6}",2.13872061039861,0.966746846306111,0.33894419670105
LightGBM,Enhanced,6,"{'colsample_bytree': 0.6, 'learning_rate': 0.01, 'max_depth': 3, 'min_child_samples': 100, 'n_estimators': 750, 'num_leaves': 62, 'subsample': 0.8}",2.13872060996283,0.966746846319663,0.271374940872192
LightGBM,Enhanced,6,"{'colsample_bytree': 0.6, 'learning_rate': 0.01, 'max_depth': 3, 'min_child_samples': 100, 'n_estimators': 1000, 'num_leaves': 15, 'subsample': 0.6}",2.13872061082853,0.966746846292742,0.269842147827148
LightGBM,Enhanced,6,"{'colsample_bytree': 0.6, 'learning_rate': 0.01, 'max_depth': 3, 'min_child_samples': 100, 'n_estimators': 1000, 'num_leaves': 15, 'subsample': 0.8}",2.13872061004639,0.966746846317064,0.269881963729858
LightGBM,Enhanced,6,"{'colsample_bytree': 0.6, 'learning_rate': 0.01, 'max_depth': 3, 'min_child_samples': 100, 'n_estimators': 1000, 'num_leaves': 31, 'subsample': 0.6}",2.13872061001525,0.966746846318032,0.270714282989502
LightGBM,Enhanced,6,"{'colsample_bytree': 0.6, 'learning_rate': 0.01, 'max_depth': 3, 'min_child_samples': 100, 'n_estimators': 1000, 'num_leaves': 31, 'subsample': 0.8}",2.13872061016887,0.966746846313256,0.273730039596558
LightGBM,Enhanced,6,"{'colsample_bytree': 0.6, 'learning_rate': 0.01, 'max_depth': 3, 'min_child_samples': 100, 'n_estimators': 1000, 'num_leaves': 62, 'subsample': 0.6}",2.13872061040356,0.966746846305958,0.280231714248657
LightGBM,Enhanced,6,"{'colsample_bytree': 0.6, 'learning_rate': 0.01, 'max_depth': 3, 'min_child_samples': 100, 'n_estimators': 1000, 'num_leaves': 62, 'subsample': 0.8}",2.13872060995693,0.966746846319846,0.276724815368652
LightGBM,Enhanced,6,"{'colsample_bytree': 0.6, 'learning_rate': 0.01, 'max_depth': 5, 'min_child_samples': 50, 'n_estimators': 500, 'num_leaves': 15, 'subsample': 0.6}",2.13526475585606,0.966854223788179,0.361457347869873
LightGBM,Enhanced,6,"{'colsample_bytree': 0.6, 'learning_rate': 0.01, 'max_depth': 5, 'min_child_samples': 50, 'n_estimators': 500, 'num_leaves': 15, 'subsample': 0.8}",2.13516604175302,0.966857288401059,0.438595533370972
LightGBM,Enhanced,6,"{'colsample_bytree': 0.6, 'learning_rate': 0.01, 'max_depth': 5, 'min_child_samples': 50, 'n_estimators': 500, 'num_leaves': 31, 'subsample': 0.6}",2.13146643630441,0.966972041751812,0.393522262573242
LightGBM,Enhanced,6,"{'colsample_bytree': 0.6, 'learning_rate': 0.01, 'max_depth': 5, 'min_child_samples': 50, 'n_estimators': 500, 'num_leaves': 31, 'subsample': 0.8}",2.13149426488056,0.966971179315476,0.3316490650177
LightGBM,Enhanced,6,"{'colsample_bytree': 0.6, 'learning_rate': 0.01, 'max_depth': 5, 'min_child_samples': 50, 'n_estimators': 500, 'num_leaves': 62, 'subsample': 0.6}",2.13158800548741,0.966968274114343,0.333507061004639
LightGBM,Enhanced,6,"{'colsample_bytree': 0.6, 'learning_rate': 0.01, 'max_depth': 5, 'min_child_samples': 50, 'n_estimators': 500, 'num_leaves': 62, 'subsample': 0.8}",2.1314664367316,0.966972041738573,0.339384078979492
LightGBM,Enhanced,6,"{'colsample_bytree': 0.6, 'learning_rate': 0.01, 'max_depth': 5, 'min_child_samples': 50, 'n_estimators': 750, 'num_leaves': 15, 'subsample': 0.6}",2.13541441203224,0.966849577391103,0.336283683776855
LightGBM,Enhanced,6,"{'colsample_bytree': 0.6, 'learning_rate': 0.01, 'max_depth': 5, 'min_child_samples': 50, 'n_estimators': 750, 'num_leaves': 15, 'subsample': 0.8}",2.13538377991452,0.966850528457424,0.352128267288208
LightGBM,Enhanced,6,"{'colsample_bytree': 0.6, 'learning_rate': 0.01, 'max_depth': 5, 'min_child_samples': 50, 'n_estimators': 750, 'num_leaves': 31, 'subsample': 0.6}",2.1315876183906,0.966968286111478,0.338486194610596
LightGBM,Enhanced,6,"{'colsample_bytree': 0.6, 'learning_rate': 0.01, 'max_depth': 5, 'min_child_samples': 50, 'n_estimators': 750, 'num_leaves': 31, 'subsample': 0.8}",2.13158768510549,0.966968284043811,0.347894906997681
LightGBM,Enhanced,6,"{'colsample_bytree': 0.6, 'learning_rate': 0.01, 'max_depth': 5, 'min_child_samples': 50, 'n_estimators': 750, 'num_leaves': 62, 'subsample': 0.6}",2.13137494537219,0.966974877070994,0.354732990264893
LightGBM,Enhanced,6,"{'colsample_bytree': 0.6, 'learning_rate': 0.01, 'max_depth': 5, 'min_child_samples': 50, 'n_estimators': 750, 'num_leaves': 62, 'subsample': 0.8}",2.13146937769043,0.966971950595751,0.365056753158569
LightGBM,Enhanced,6,"{'colsample_bytree': 0.6, 'learning_rate': 0.01, 'max_depth': 5, 'min_child_samples': 50, 'n_estimators': 1000, 'num_leaves': 15, 'subsample': 0.6}",2.1352888474142,0.96685347583606,0.349234342575073
LightGBM,Enhanced,6,"{'colsample_bytree': 0.6, 'learning_rate': 0.01, 'max_depth': 5, 'min_child_samples': 50, 'n_estimators': 1000, 'num_leaves': 15, 'subsample': 0.8}",2.13538859875761,0.966850378842836,0.356856107711792
LightGBM,Enhanced,6,"{'colsample_bytree': 0.6, 'learning_rate': 0.01, 'max_depth': 5, 'min_child_samples': 50, 'n_estimators': 1000, 'num_leaves': 31, 'subsample': 0.6}",2.13158800613551,0.966968274094257,0.344014167785645
LightGBM,Enhanced,6,"{'colsample_bytree': 0.6, 'learning_rate': 0.01, 'max_depth': 5, 'min_child_samples': 50, 'n_estimators': 1000, 'num_leaves': 31, 'subsample': 0.8}",2.13159094674141,0.966968182957175,0.36103081703186
LightGBM,Enhanced,6,"{'colsample_bytree': 0.6, 'learning_rate': 0.01, 'max_depth': 5, 'min_child_samples': 50, 'n_estimators': 1000, 'num_leaves': 62, 'subsample': 0.6}",2.1317097015395,0.966964502329765,0.351780891418457
LightGBM,Enhanced,6,"{'colsample_bytree': 0.6, 'learning_rate': 0.01, 'max_depth': 5, 'min_child_samples': 50, 'n_estimators': 1000, 'num_leaves': 62, 'subsample': 0.8}",2.13158800621209,0.966968274091884,0.348174571990967
LightGBM,Enhanced,6,"{'colsample_bytree': 0.6, 'learning_rate': 0.01, 'max_depth': 5, 'min_child_samples': 100, 'n_estimators': 500, 'num_leaves': 15, 'subsample': 0.6}",2.1246630320327,0.967182548411084,0.392753124237061
LightGBM,Enhanced,6,"{'colsample_bytree': 0.6, 'learning_rate': 0.01, 'max_depth': 5, 'min_child_samples': 100, 'n_estimators': 500, 'num_leaves': 15, 'subsample': 0.8}",2.12465757939332,0.967182716853324,0.379918336868286
LightGBM,Enhanced,6,"{'colsample_bytree': 0.6, 'learning_rate': 0.01, 'max_depth': 5, 'min_child_samples': 100, 'n_estimators': 500, 'num_leaves': 31, 'subsample': 0.6}",2.12564594953562,0.967152177186606,0.363527297973633
LightGBM,Enhanced,6,"{'colsample_bytree': 0.6, 'learning_rate': 0.01, 'max_depth': 5, 'min_child_samples': 100, 'n_estimators': 500, 'num_leaves': 31, 'subsample': 0.8}",2.12564187487474,0.967152303118782,0.380743980407715
LightGBM,Enhanced,6,"{'colsample_bytree': 0.6, 'learning_rate': 0.01, 'max_depth': 5, 'min_child_samples': 100, 'n_estimators': 500, 'num_leaves': 62, 'subsample': 0.6}",2.12564295125323,0.967152269852065,0.37111234664917
LightGBM,Enhanced,6,"{'colsample_bytree': 0.6, 'learning_rate': 0.01, 'max_depth': 5, 'min_child_samples': 100, 'n_estimators': 500, 'num_leaves': 62, 'subsample': 0.8}",2.12564680176979,0.967152150847278,0.372697114944458
LightGBM,Enhanced,6,"{'colsample_bytree': 0.6, 'learning_rate': 0.01, 'max_depth': 5, 'min_child_samples': 100, 'n_estimators': 750, 'num_leaves': 15, 'subsample': 0.6}",2.12466454041003,0.967182501814408,0.378862619400024
LightGBM,Enhanced,6,"{'colsample_bytree': 0.6, 'learning_rate': 0.01, 'max_depth': 5, 'min_child_samples': 100, 'n_estimators': 750, 'num_leaves': 15, 'subsample': 0.8}",2.12466298547701,0.967182549849279,0.382345676422119
LightGBM,Enhanced,6,"{'colsample_bytree': 0.6, 'learning_rate': 0.01, 'max_depth': 5, 'min_child_samples': 100, 'n_estimators': 750, 'num_leaves': 31, 'subsample': 0.6}",2.12564054452093,0.967152344234875,0.385569095611572
LightGBM,Enhanced,6,"{'colsample_bytree': 0.6, 'learning_rate': 0.01, 'max_depth': 5, 'min_child_samples': 100, 'n_estimators': 750, 'num_leaves': 31, 'subsample': 0.8}",2.12564146420673,0.967152315810945,0.365824937820435
LightGBM,Enhanced,6,"{'colsample_bytree': 0.6, 'learning_rate': 0.01, 'max_depth': 5, 'min_child_samples': 100, 'n_estimators': 750, 'num_leaves': 62, 'subsample': 0.6}",2.12564461966902,0.96715221828772,0.360052824020386
LightGBM,Enhanced,6,"{'colsample_bytree': 0.6, 'learning_rate': 0.01, 'max_depth': 5, 'min_child_samples': 100, 'n_estimators': 750, 'num_leaves': 62, 'subsample': 0.8}",2.12564502853576,0.967152205651208,0.38198184967041
LightGBM,Enhanced,6,"{'colsample_bytree': 0.6, 'learning_rate': 0.01, 'max_depth': 5, 'min_child_samples': 100, 'n_estimators': 1000, 'num_leaves': 15, 'subsample': 0.6}",2.12466434712308,0.967182507785416,0.383085489273071
LightGBM,Enhanced,6,"{'colsample_bytree': 0.6, 'learning_rate': 0.01, 'max_depth': 5, 'min_child_samples': 100, 'n_estimators': 1000, 'num_leaves': 15, 'subsample': 0.8}",2.1246575804317,0.967182716821246,0.380485534667969
LightGBM,Enhanced,6,"{'colsample_bytree': 0.6, 'learning_rate': 0.01, 'max_depth': 5, 'min_child_samples': 100, 'n_estimators': 1000, 'num_leaves': 31, 'subsample': 0.6}",2.12563647935788,0.967152469873191,0.386383533477783
LightGBM,Enhanced,6,"{'colsample_bytree': 0.6, 'learning_rate': 0.01, 'max_depth': 5, 'min_child_samples': 100, 'n_estimators': 1000, 'num_leaves': 31, 'subsample': 0.8}",2.12564687266478,0.967152148656182,0.378282070159912
LightGBM,Enhanced,6,"{'colsample_bytree': 0.6, 'learning_rate': 0.01, 'max_depth': 5, 'min_child_samples': 100, 'n_estimators': 1000, 'num_leaves': 62, 'subsample': 0.6}",2.12564520330254,0.967152200249833,0.364770174026489
LightGBM,Enhanced,6,"{'colsample_bytree': 0.6, 'learning_rate': 0.01, 'max_depth': 5, 'min_child_samples': 100, 'n_estimators': 1000, 'num_leaves': 62, 'subsample': 0.8}",2.12564598806549,0.967152175995793,0.366599559783936
LightGBM,Enhanced,6,"{'colsample_bytree': 0.6, 'learning_rate': 0.01, 'max_depth': 9, 'min_child_samples': 50, 'n_estimators': 500, 'num_leaves': 15, 'subsample': 0.6}",2.12933407626934,0.967038092306019,0.405696630477905
LightGBM,Enhanced,6,"{'colsample_bytree': 0.6, 'learning_rate': 0.01, 'max_depth': 9, 'min_child_samples': 50, 'n_estimators': 500, 'num_leaves': 15, 'subsample': 0.8}",2.12933550053448,0.967038048211002,0.421710014343262
LightGBM,Enhanced,6,"{'colsample_bytree': 0.6, 'learning_rate': 0.01, 'max_depth': 9, 'min_child_samples': 50, 'n_estimators': 500, 'num_leaves': 31, 'subsample': 0.6}",2.12680182071878,0.967116443884176,0.65874195098877
LightGBM,Enhanced,6,"{'colsample_bytree': 0.6, 'learning_rate': 0.01, 'max_depth': 9, 'min_child_samples': 50, 'n_estimators': 500, 'num_leaves': 31, 'subsample': 0.8}",2.1267953237967,0.96711664478825,0.658056735992432
LightGBM,Enhanced,6,"{'colsample_bytree': 0.6, 'learning_rate': 0.01, 'max_depth': 9, 'min_child_samples': 50, 'n_estimators': 500, 'num_leaves': 62, 'subsample': 0.6}",2.12626726703779,0.967132971815223,0.770878553390503
LightGBM,Enhanced,6,"{'colsample_bytree': 0.6, 'learning_rate': 0.01, 'max_depth': 9, 'min_child_samples': 50, 'n_estimators': 500, 'num_leaves': 62, 'subsample': 0.8}",2.12648904229938,0.9671261152229,0.775092840194702
LightGBM,Enhanced,6,"{'colsample_bytree': 0.6, 'learning_rate': 0.01, 'max_depth': 9, 'min_child_samples': 50, 'n_estimators': 750, 'num_leaves': 15, 'subsample': 0.6}",2.12933407590095,0.967038092317424,0.403928756713867
LightGBM,Enhanced,6,"{'colsample_bytree': 0.6, 'learning_rate': 0.01, 'max_depth': 9, 'min_child_samples': 50, 'n_estimators': 750, 'num_leaves': 15, 'subsample': 0.8}",2.12933535524604,0.967038052709109,0.423638582229614
LightGBM,Enhanced,6,"{'colsample_bytree': 0.6, 'learning_rate': 0.01, 'max_depth': 9, 'min_child_samples': 50, 'n_estimators': 750, 'num_leaves': 31, 'subsample': 0.6}",2.12691936442666,0.967112808978574,0.650346040725708
LightGBM,Enhanced,6,"{'colsample_bytree': 0.6, 'learning_rate': 0.01, 'max_depth': 9, 'min_child_samples': 50, 'n_estimators': 750, 'num_leaves': 31, 'subsample': 0.8}",2.12692836557894,0.967112530619887,0.654193639755249
LightGBM,Enhanced,6,"{'colsample_bytree': 0.6, 'learning_rate': 0.01, 'max_depth': 9, 'min_child_samples': 50, 'n_estimators': 750, 'num_leaves': 62, 'subsample': 0.6}",2.12638876169824,0.967129215671697,0.788911581039429
LightGBM,Enhanced,6,"{'colsample_bytree': 0.6, 'learning_rate': 0.01, 'max_depth': 9, 'min_child_samples': 50, 'n_estimators': 750, 'num_leaves': 62, 'subsample': 0.8}",2.12638930546721,0.967129198859988,0.801131248474121
LightGBM,Enhanced,6,"{'colsample_bytree': 0.6, 'learning_rate': 0.01, 'max_depth': 9, 'min_child_samples': 50, 'n_estimators': 1000, 'num_leaves': 15, 'subsample': 0.6}",2.12923750031067,0.967041082213221,0.419569969177246
LightGBM,Enhanced,6,"{'colsample_bytree': 0.6, 'learning_rate': 0.01, 'max_depth': 9, 'min_child_samples': 50, 'n_estimators': 1000, 'num_leaves': 15, 'subsample': 0.8}",2.12933407667367,0.967038092293501,0.414022922515869
LightGBM,Enhanced,6,"{'colsample_bytree': 0.6, 'learning_rate': 0.01, 'max_depth': 9, 'min_child_samples': 50, 'n_estimators': 1000, 'num_leaves': 31, 'subsample': 0.6}",2.12680709029879,0.967116280932703,0.673167705535889
LightGBM,Enhanced,6,"{'colsample_bytree': 0.6, 'learning_rate': 0.01, 'max_depth': 9, 'min_child_samples': 50, 'n_estimators': 1000, 'num_leaves': 31, 'subsample': 0.8}",2.12692401111726,0.967112665280819,0.660811901092529
LightGBM,Enhanced,6,"{'colsample_bytree': 0.6, 'learning_rate': 0.01, 'max_depth': 9, 'min_child_samples': 50, 'n_estimators': 1000, 'num_leaves': 62, 'subsample': 0.6}",2.12650631568863,0.967125581154111,0.796178102493286
LightGBM,Enhanced,6,"{'colsample_bytree': 0.6, 'learning_rate': 0.01, 'max_depth': 9, 'min_child_samples': 50, 'n_estimators': 1000, 'num_leaves': 62, 'subsample': 0.8}",2.12637488546848,0.967129644681741,0.788986682891846
LightGBM,Enhanced,6,"{'colsample_bytree': 0.6, 'learning_rate': 0.01, 'max_depth': 9, 'min_child_samples': 100, 'n_estimators': 500, 'num_leaves': 15, 'subsample': 0.6}",2.1198777129411,0.967330209592773,0.568378925323486
LightGBM,Enhanced,6,"{'colsample_bytree': 0.6, 'learning_rate': 0.01, 'max_depth': 9, 'min_child_samples': 100, 'n_estimators': 500, 'num_leaves': 15, 'subsample': 0.8}",2.11987939573643,0.967330157725072,0.56971549987793
LightGBM,Enhanced,6,"{'colsample_bytree': 0.6, 'learning_rate': 0.01, 'max_depth': 9, 'min_child_samples': 100, 'n_estimators': 500, 'num_leaves': 31, 'subsample': 0.6}",2.11871663290877,0.967365986989857,0.854709625244141
LightGBM,Enhanced,6,"{'colsample_bytree': 0.6, 'learning_rate': 0.01, 'max_depth': 9, 'min_child_samples': 100, 'n_estimators': 500, 'num_leaves': 31, 'subsample': 0.8}",2.11871489553705,0.967366040510358,0.767799615859985
LightGBM,Enhanced,6,"{'colsample_bytree': 0.6, 'learning_rate': 0.01, 'max_depth': 9, 'min_child_samples': 100, 'n_estimators': 500, 'num_leaves': 62, 'subsample': 0.6}",2.11871399134533,0.967366068364365,0.717496156692505
LightGBM,Enhanced,6,"{'colsample_bytree': 0.6, 'learning_rate': 0.01, 'max_depth': 9, 'min_child_samples': 100, 'n_estimators': 500, 'num_leaves': 62, 'subsample': 0.8}",2.11871466467312,0.96736604762222,0.74321460723877
LightGBM,Enhanced,6,"{'colsample_bytree': 0.6, 'learning_rate': 0.01, 'max_depth': 9, 'min_child_samples': 100, 'n_estimators': 750, 'num_leaves': 15, 'subsample': 0.6}",2.11987586487581,0.967330266554436,0.679807186126709
LightGBM,Enhanced,6,"{'colsample_bytree': 0.6, 'learning_rate': 0.01, 'max_depth': 9, 'min_child_samples': 100, 'n_estimators': 750, 'num_leaves': 15, 'subsample': 0.8}",2.11988189457332,0.967330080704978,0.626017808914185
LightGBM,Enhanced,6,"{'colsample_bytree': 0.6, 'learning_rate': 0.01, 'max_depth': 9, 'min_child_samples': 100, 'n_estimators': 750, 'num_leaves': 31, 'subsample': 0.6}",2.11871011908086,0.967366187650969,0.715571165084839
LightGBM,Enhanced,6,"{'colsample_bytree': 0.6, 'learning_rate': 0.01, 'max_depth': 9, 'min_child_samples': 100, 'n_estimators': 750, 'num_leaves': 31, 'subsample': 0.8}",2.11872046370252,0.967365868980413,0.718024730682373
LightGBM,Enhanced,6,"{'colsample_bytree': 0.6, 'learning_rate': 0.01, 'max_depth': 9, 'min_child_samples': 100, 'n_estimators': 750, 'num_leaves': 62, 'subsample': 0.6}",2.11871366130727,0.967366078531324,0.713683843612671
LightGBM,Enhanced,6,"{'colsample_bytree': 0.6, 'learning_rate': 0.01, 'max_depth': 9, 'min_child_samples': 100, 'n_estimators': 750, 'num_leaves': 62, 'subsample': 0.8}",2.11871904992443,0.967365912532552,0.709132671356201
LightGBM,Enhanced,6,"{'colsample_bytree': 0.6, 'learning_rate': 0.01, 'max_depth': 9, 'min_child_samples': 100, 'n_estimators': 1000, 'num_leaves': 15, 'subsample': 0.6}",2.11988365501358,0.967330026443969,0.613786697387695
LightGBM,Enhanced,6,"{'colsample_bytree': 0.6, 'learning_rate': 0.01, 'max_depth': 9, 'min_child_samples': 100, 'n_estimators': 1000, 'num_leaves': 15, 'subsample': 0.8}",2.11988719906751,0.967329917207554,0.582140207290649
LightGBM,Enhanced,6,"{'colsample_bytree': 0.6, 'learning_rate': 0.01, 'max_depth': 9, 'min_child_samples': 100, 'n_estimators': 1000, 'num_leaves': 31, 'subsample': 0.6}",2.11871979422507,0.967365889604003,0.726035594940186
LightGBM,Enhanced,6,"{'colsample_bytree': 0.6, 'learning_rate': 0.01, 'max_depth': 9, 'min_child_samples': 100, 'n_estimators': 1000, 'num_leaves': 31, 'subsample': 0.8}",2.11871969628445,0.967365892621112,0.720650672912598
LightGBM,Enhanced,6,"{'colsample_bytree': 0.6, 'learning_rate': 0.01, 'max_depth': 9, 'min_child_samples': 100, 'n_estimators': 1000, 'num_leaves': 62, 'subsample': 0.6}",2.11871122139733,0.967366153693706,0.724384307861328
LightGBM,Enhanced,6,"{'colsample_bytree': 0.6, 'learning_rate': 0.01, 'max_depth': 9, 'min_child_samples': 100, 'n_estimators': 1000, 'num_leaves': 62, 'subsample': 0.8}",2.11872230090537,0.967365812384419,0.727898359298706
LightGBM,Enhanced,6,"{'colsample_bytree': 0.6, 'learning_rate': 0.05, 'max_depth': 3, 'min_child_samples': 50, 'n_estimators': 500, 'num_leaves': 15, 'subsample': 0.6}",2.14907098918159,0.966424208955343,0.131497383117676
LightGBM,Enhanced,6,"{'colsample_bytree': 0.6, 'learning_rate': 0.05, 'max_depth': 3, 'min_child_samples': 50, 'n_estimators': 500, 'num_leaves': 15, 'subsample': 0.8}",2.14907098997225,0.966424208930637,0.135563135147095
LightGBM,Enhanced,6,"{'colsample_bytree': 0.6, 'learning_rate': 0.05, 'max_depth': 3, 'min_child_samples': 50, 'n_estimators': 500, 'num_leaves': 31, 'subsample': 0.6}",2.14907099313635,0.966424208831769,0.137435913085938
LightGBM,Enhanced,6,"{'colsample_bytree': 0.6, 'learning_rate': 0.05, 'max_depth': 3, 'min_child_samples': 50, 'n_estimators': 500, 'num_leaves': 31, 'subsample': 0.8}",2.14907098850577,0.96642420897646,0.13485860824585
LightGBM,Enhanced,6,"{'colsample_bytree': 0.6, 'learning_rate': 0.05, 'max_depth': 3, 'min_child_samples': 50, 'n_estimators': 500, 'num_leaves': 62, 'subsample': 0.6}",2.14907098951031,0.966424208945071,0.146597385406494
LightGBM,Enhanced,6,"{'colsample_bytree': 0.6, 'learning_rate': 0.05, 'max_depth': 3, 'min_child_samples': 50, 'n_estimators': 500, 'num_leaves': 62, 'subsample': 0.8}",2.14907099029296,0.966424208920616,0.134600877761841
LightGBM,Enhanced,6,"{'colsample_bytree': 0.6, 'learning_rate': 0.05, 'max_depth': 3, 'min_child_samples': 50, 'n_estimators': 750, 'num_leaves': 15, 'subsample': 0.6}",2.14907099080143,0.966424208904728,0.144523143768311
LightGBM,Enhanced,6,"{'colsample_bytree': 0.6, 'learning_rate': 0.05, 'max_depth': 3, 'min_child_samples': 50, 'n_estimators': 750, 'num_leaves': 15, 'subsample': 0.8}",2.14907099006781,0.966424208927651,0.13469934463501
LightGBM,Enhanced,6,"{'colsample_bytree': 0.6, 'learning_rate': 0.05, 'max_depth': 3, 'min_child_samples': 50, 'n_estimators': 750, 'num_leaves': 31, 'subsample': 0.6}",2.14907099080957,0.966424208904473,0.148018598556519
LightGBM,Enhanced,6,"{'colsample_bytree': 0.6, 'learning_rate': 0.05, 'max_depth': 3, 'min_child_samples': 50, 'n_estimators': 750, 'num_leaves': 31, 'subsample': 0.8}",2.14907099048963,0.96642420891447,0.140933036804199
LightGBM,Enhanced,6,"{'colsample_bytree': 0.6, 'learning_rate': 0.05, 'max_depth': 3, 'min_child_samples': 50, 'n_estimators': 750, 'num_leaves': 62, 'subsample': 0.6}",2.1490709935562,0.96642420881865,0.138467311859131
LightGBM,Enhanced,6,"{'colsample_bytree': 0.6, 'learning_rate': 0.05, 'max_depth': 3, 'min_child_samples': 50, 'n_estimators': 750, 'num_leaves': 62, 'subsample': 0.8}",2.14907099258381,0.966424208849034,0.142642259597778
LightGBM,Enhanced,6,"{'colsample_bytree': 0.6, 'learning_rate': 0.05, 'max_depth': 3, 'min_child_samples': 50, 'n_estimators': 1000, 'num_leaves': 15, 'subsample': 0.6}",2.14907099184851,0.96642420887201,0.141425848007202
LightGBM,Enhanced,6,"{'colsample_bytree': 0.6, 'learning_rate': 0.05, 'max_depth': 3, 'min_child_samples': 50, 'n_estimators': 1000, 'num_leaves': 15, 'subsample': 0.8}",2.14907099209235,0.966424208864391,0.138233661651611
LightGBM,Enhanced,6,"{'colsample_bytree': 0.6, 'learning_rate': 0.05, 'max_depth': 3, 'min_child_samples': 50, 'n_estimators': 1000, 'num_leaves': 31, 'subsample': 0.6}",2.14907099267138,0.966424208846298,0.150909423828125
LightGBM,Enhanced,6,"{'colsample_bytree': 0.6, 'learning_rate': 0.05, 'max_depth': 3, 'min_child_samples': 50, 'n_estimators': 1000, 'num_leaves': 31, 'subsample': 0.8}",2.14907099167449,0.966424208877448,0.140812158584595
LightGBM,Enhanced,6,"{'colsample_bytree': 0.6, 'learning_rate': 0.05, 'max_depth': 3, 'min_child_samples': 50, 'n_estimators': 1000, 'num_leaves': 62, 'subsample': 0.6}",2.14907099106892,0.96642420889637,0.140368461608887
LightGBM,Enhanced,6,"{'colsample_bytree': 0.6, 'learning_rate': 0.05, 'max_depth': 3, 'min_child_samples': 50, 'n_estimators': 1000, 'num_leaves': 62, 'subsample': 0.8}",2.14907099167207,0.966424208877523,0.155488967895508
LightGBM,Enhanced,6,"{'colsample_bytree': 0.6, 'learning_rate': 0.05, 'max_depth': 3, 'min_child_samples': 100, 'n_estimators': 500, 'num_leaves': 15, 'subsample': 0.6}",2.13231895075728,0.966945616336744,0.147273540496826
LightGBM,Enhanced,6,"{'colsample_bytree': 0.6, 'learning_rate': 0.05, 'max_depth': 3, 'min_child_samples': 100, 'n_estimators': 500, 'num_leaves': 15, 'subsample': 0.8}",2.13231895533218,0.966945616194907,0.146674156188965
LightGBM,Enhanced,6,"{'colsample_bytree': 0.6, 'learning_rate': 0.05, 'max_depth': 3, 'min_child_samples': 100, 'n_estimators': 500, 'num_leaves': 31, 'subsample': 0.6}",2.13231895320035,0.966945616261001,0.152752161026001
LightGBM,Enhanced,6,"{'colsample_bytree': 0.6, 'learning_rate': 0.05, 'max_depth': 3, 'min_child_samples': 100, 'n_estimators': 500, 'num_leaves': 31, 'subsample': 0.8}",2.13231895457246,0.966945616218461,0.146988391876221
LightGBM,Enhanced,6,"{'colsample_bytree': 0.6, 'learning_rate': 0.05, 'max_depth': 3, 'min_child_samples': 100, 'n_estimators': 500, 'num_leaves': 62, 'subsample': 0.6}",2.13231895302964,0.966945616266293,0.145646333694458
LightGBM,Enhanced,6,"{'colsample_bytree': 0.6, 'learning_rate': 0.05, 'max_depth': 3, 'min_child_samples': 100, 'n_estimators': 500, 'num_leaves': 62, 'subsample': 0.8}",2.13231895245734,0.966945616284036,0.150744438171387
LightGBM,Enhanced,6,"{'colsample_bytree': 0.6, 'learning_rate': 0.05, 'max_depth': 3, 'min_child_samples': 100, 'n_estimators': 750, 'num_leaves': 15, 'subsample': 0.6}",2.13231895429941,0.966945616226926,0.153162717819214
LightGBM,Enhanced,6,"{'colsample_bytree': 0.6, 'learning_rate': 0.05, 'max_depth': 3, 'min_child_samples': 100, 'n_estimators': 750, 'num_leaves': 15, 'subsample': 0.8}",2.13231895128842,0.966945616320277,0.144987106323242
LightGBM,Enhanced,6,"{'colsample_bytree': 0.6, 'learning_rate': 0.05, 'max_depth': 3, 'min_child_samples': 100, 'n_estimators': 750, 'num_leaves': 31, 'subsample': 0.6}",2.13231895277254,0.966945616274264,0.150662899017334
LightGBM,Enhanced,6,"{'colsample_bytree': 0.6, 'learning_rate': 0.05, 'max_depth': 3, 'min_child_samples': 100, 'n_estimators': 750, 'num_leaves': 31, 'subsample': 0.8}",2.13231895346504,0.966945616252794,0.15069317817688
LightGBM,Enhanced,6,"{'colsample_bytree': 0.6, 'learning_rate': 0.05, 'max_depth': 3, 'min_child_samples': 100, 'n_estimators': 750, 'num_leaves': 62, 'subsample': 0.6}",2.13231895179113,0.966945616304691,0.146433591842651
LightGBM,Enhanced,6,"{'colsample_bytree': 0.6, 'learning_rate': 0.05, 'max_depth': 3, 'min_child_samples': 100, 'n_estimators': 750, 'num_leaves': 62, 'subsample': 0.8}",2.13231895078225,0.96694561633597,0.148388862609863
LightGBM,Enhanced,6,"{'colsample_bytree': 0.6, 'learning_rate': 0.05, 'max_depth': 3, 'min_child_samples': 100, 'n_estimators': 1000, 'num_leaves': 15, 'subsample': 0.6}",2.13231895252483,0.966945616281944,0.160407781600952
LightGBM,Enhanced,6,"{'colsample_bytree': 0.6, 'learning_rate': 0.05, 'max_depth': 3, 'min_child_samples': 100, 'n_estimators': 1000, 'num_leaves': 15, 'subsample': 0.8}",2.13231895370073,0.966945616245487,0.14447283744812
LightGBM,Enhanced,6,"{'colsample_bytree': 0.6, 'learning_rate': 0.05, 'max_depth': 3, 'min_child_samples': 100, 'n_estimators': 1000, 'num_leaves': 31, 'subsample': 0.6}",2.13231895578067,0.966945616181003,0.152127742767334
LightGBM,Enhanced,6,"{'colsample_bytree': 0.6, 'learning_rate': 0.05, 'max_depth': 3, 'min_child_samples': 100, 'n_estimators': 1000, 'num_leaves': 31, 'subsample': 0.8}",2.13231895363613,0.96694561624749,0.144811391830444
LightGBM,Enhanced,6,"{'colsample_bytree': 0.6, 'learning_rate': 0.05, 'max_depth': 3, 'min_child_samples': 100, 'n_estimators': 1000, 'num_leaves': 62, 'subsample': 0.6}",2.13231895413192,0.966945616232119,0.148288249969482
LightGBM,Enhanced,6,"{'colsample_bytree': 0.6, 'learning_rate': 0.05, 'max_depth': 3, 'min_child_samples': 100, 'n_estimators': 1000, 'num_leaves': 62, 'subsample': 0.8}",2.13231895231716,0.966945616288383,0.164724588394165
LightGBM,Enhanced,6,"{'colsample_bytree': 0.6, 'learning_rate': 0.05, 'max_depth': 5, 'min_child_samples': 50, 'n_estimators': 500, 'num_leaves': 15, 'subsample': 0.6}",2.12765166780123,0.967090158804473,0.17966890335083
LightGBM,Enhanced,6,"{'colsample_bytree': 0.6, 'learning_rate': 0.05, 'max_depth': 5, 'min_child_samples': 50, 'n_estimators': 500, 'num_leaves': 15, 'subsample': 0.8}",2.12865248632479,0.96705919083572,0.186035394668579
LightGBM,Enhanced,6,"{'colsample_bytree': 0.6, 'learning_rate': 0.05, 'max_depth': 5, 'min_child_samples': 50, 'n_estimators': 500, 'num_leaves': 31, 'subsample': 0.6}",2.12791524384269,0.967082004478193,0.175941228866577
LightGBM,Enhanced,6,"{'colsample_bytree': 0.6, 'learning_rate': 0.05, 'max_depth': 5, 'min_child_samples': 50, 'n_estimators': 500, 'num_leaves': 31, 'subsample': 0.8}",2.12791524416079,0.967082004468351,0.174498319625855
LightGBM,Enhanced,6,"{'colsample_bytree': 0.6, 'learning_rate': 0.05, 'max_depth': 5, 'min_child_samples': 50, 'n_estimators': 500, 'num_leaves': 62, 'subsample': 0.6}",2.12790083926931,0.967082450142632,0.18614673614502
LightGBM,Enhanced,6,"{'colsample_bytree': 0.6, 'learning_rate': 0.05, 'max_depth': 5, 'min_child_samples': 50, 'n_estimators': 500, 'num_leaves': 62, 'subsample': 0.8}",2.12791127979691,0.967082127122475,0.173619270324707
LightGBM,Enhanced,6,"{'colsample_bytree': 0.6, 'learning_rate': 0.05, 'max_depth': 5, 'min_child_samples': 50, 'n_estimators': 750, 'num_leaves': 15, 'subsample': 0.6}",2.12765166912597,0.967090158763492,0.180493116378784
LightGBM,Enhanced,6,"{'colsample_bytree': 0.6, 'learning_rate': 0.05, 'max_depth': 5, 'min_child_samples': 50, 'n_estimators': 750, 'num_leaves': 15, 'subsample': 0.8}",2.12766256150444,0.967089821802918,0.189297676086426
LightGBM,Enhanced,6,"{'colsample_bytree': 0.6, 'learning_rate': 0.05, 'max_depth': 5, 'min_child_samples': 50, 'n_estimators': 750, 'num_leaves': 31, 'subsample': 0.6}",2.12848127899882,0.9670644894752,0.183322906494141
LightGBM,Enhanced,6,"{'colsample_bytree': 0.6, 'learning_rate': 0.05, 'max_depth': 5, 'min_child_samples': 50, 'n_estimators': 750, 'num_leaves': 31, 'subsample': 0.8}",2.12848127969588,0.967064489453628,0.172777891159058
LightGBM,Enhanced,6,"{'colsample_bytree': 0.6, 'learning_rate': 0.05, 'max_depth': 5, 'min_child_samples': 50, 'n_estimators': 750, 'num_leaves': 62, 'subsample': 0.6}",2.12848128255149,0.967064489365254,0.16507363319397
LightGBM,Enhanced,6,"{'colsample_bytree': 0.6, 'learning_rate': 0.05, 'max_depth': 5, 'min_child_samples': 50, 'n_estimators': 750, 'num_leaves': 62, 'subsample': 0.8}",2.12790083845826,0.967082450167725,0.168441295623779
LightGBM,Enhanced,6,"{'colsample_bytree': 0.6, 'learning_rate': 0.05, 'max_depth': 5, 'min_child_samples': 50, 'n_estimators': 1000, 'num_leaves': 15, 'subsample': 0.6}",2.12765167020571,0.96709015873009,0.174460887908936
LightGBM,Enhanced,6,"{'colsample_bytree': 0.6, 'learning_rate': 0.05, 'max_depth': 5, 'min_child_samples': 50, 'n_estimators': 1000, 'num_leaves': 15, 'subsample': 0.8}",2.12712961627893,0.967106306677916,0.177183151245117
LightGBM,Enhanced,6,"{'colsample_bytree': 0.6, 'learning_rate': 0.05, 'max_depth': 5, 'min_child_samples': 50, 'n_estimators': 1000, 'num_leaves': 31, 'subsample': 0.6}",2.12790083998188,0.967082450120586,0.167921543121338
LightGBM,Enhanced,6,"{'colsample_bytree': 0.6, 'learning_rate': 0.05, 'max_depth': 5, 'min_child_samples': 50, 'n_estimators': 1000, 'num_leaves': 31, 'subsample': 0.8}",2.12848128132487,0.967064489403215,0.167366743087769
LightGBM,Enhanced,6,"{'colsample_bytree': 0.6, 'learning_rate': 0.05, 'max_depth': 5, 'min_child_samples': 50, 'n_estimators': 1000, 'num_leaves': 62, 'subsample': 0.6}",2.12790084087894,0.967082450092832,0.173340082168579
LightGBM,Enhanced,6,"{'colsample_bytree': 0.6, 'learning_rate': 0.05, 'max_depth': 5, 'min_child_samples': 50, 'n_estimators': 1000, 'num_leaves': 62, 'subsample': 0.8}",2.12791524439268,0.967082004461176,0.176313638687134
LightGBM,Enhanced,6,"{'colsample_bytree': 0.6, 'learning_rate': 0.05, 'max_depth': 5, 'min_child_samples': 100, 'n_estimators': 500, 'num_leaves': 15, 'subsample': 0.6}",2.11033086436623,0.967623803166903,0.168468475341797
LightGBM,Enhanced,6,"{'colsample_bytree': 0.6, 'learning_rate': 0.05, 'max_depth': 5, 'min_child_samples': 100, 'n_estimators': 500, 'num_leaves': 15, 'subsample': 0.8}",2.11033086439341,0.967623803166069,0.171865463256836
LightGBM,Enhanced,6,"{'colsample_bytree': 0.6, 'learning_rate': 0.05, 'max_depth': 5, 'min_child_samples': 100, 'n_estimators': 500, 'num_leaves': 31, 'subsample': 0.6}",2.11033086492028,0.967623803149903,0.171339273452759
LightGBM,Enhanced,6,"{'colsample_bytree': 0.6, 'learning_rate': 0.05, 'max_depth': 5, 'min_child_samples': 100, 'n_estimators': 500, 'num_leaves': 31, 'subsample': 0.8}",2.11033086430724,0.967623803168713,0.169815540313721
LightGBM,Enhanced,6,"{'colsample_bytree': 0.6, 'learning_rate': 0.05, 'max_depth': 5, 'min_child_samples': 100, 'n_estimators': 500, 'num_leaves': 62, 'subsample': 0.6}",2.11033086448205,0.96762380316335,0.167573690414429
LightGBM,Enhanced,6,"{'colsample_bytree': 0.6, 'learning_rate': 0.05, 'max_depth': 5, 'min_child_samples': 100, 'n_estimators': 500, 'num_leaves': 62, 'subsample': 0.8}",2.11033086587887,0.96762380312049,0.181077480316162
LightGBM,Enhanced,6,"{'colsample_bytree': 0.6, 'learning_rate': 0.05, 'max_depth': 5, 'min_child_samples': 100, 'n_estimators': 750, 'num_leaves': 15, 'subsample': 0.6}",2.11033086362899,0.967623803189525,0.176689386367798
LightGBM,Enhanced,6,"{'colsample_bytree': 0.6, 'learning_rate': 0.05, 'max_depth': 5, 'min_child_samples': 100, 'n_estimators': 750, 'num_leaves': 15, 'subsample': 0.8}",2.11033086375113,0.967623803185777,0.179141283035278
LightGBM,Enhanced,6,"{'colsample_bytree': 0.6, 'learning_rate': 0.05, 'max_depth': 5, 'min_child_samples': 100, 'n_estimators': 750, 'num_leaves': 31, 'subsample': 0.6}",2.11033086449531,0.967623803162943,0.207322359085083
LightGBM,Enhanced,6,"{'colsample_bytree': 0.6, 'learning_rate': 0.05, 'max_depth': 5, 'min_child_samples': 100, 'n_estimators': 750, 'num_leaves': 31, 'subsample': 0.8}",2.11033086449893,0.967623803162832,0.180939435958862
LightGBM,Enhanced,6,"{'colsample_bytree': 0.6, 'learning_rate': 0.05, 'max_depth': 5, 'min_child_samples': 100, 'n_estimators': 750, 'num_leaves': 62, 'subsample': 0.6}",2.11033086534311,0.967623803136929,0.189685344696045
LightGBM,Enhanced,6,"{'colsample_bytree': 0.6, 'learning_rate': 0.05, 'max_depth': 5, 'min_child_samples': 100, 'n_estimators': 750, 'num_leaves': 62, 'subsample': 0.8}",2.11032658706029,0.967623934409602,0.179324626922607
LightGBM,Enhanced,6,"{'colsample_bytree': 0.6, 'learning_rate': 0.05, 'max_depth': 5, 'min_child_samples': 100, 'n_estimators': 1000, 'num_leaves': 15, 'subsample': 0.6}",2.11032659033212,0.967623934309211,0.178141832351685
LightGBM,Enhanced,6,"{'colsample_bytree': 0.6, 'learning_rate': 0.05, 'max_depth': 5, 'min_child_samples': 100, 'n_estimators': 1000, 'num_leaves': 15, 'subsample': 0.8}",2.11033086504544,0.967623803146063,0.177500247955322
LightGBM,Enhanced,6,"{'colsample_bytree': 0.6, 'learning_rate': 0.05, 'max_depth': 5, 'min_child_samples': 100, 'n_estimators': 1000, 'num_leaves': 31, 'subsample': 0.6}",2.1103308648745,0.967623803151308,0.187307357788086
LightGBM,Enhanced,6,"{'colsample_bytree': 0.6, 'learning_rate': 0.05, 'max_depth': 5, 'min_child_samples': 100, 'n_estimators': 1000, 'num_leaves': 31, 'subsample': 0.8}",2.11032659046158,0.967623934305239,0.17238712310791
LightGBM,Enhanced,6,"{'colsample_bytree': 0.6, 'learning_rate': 0.05, 'max_depth': 5, 'min_child_samples': 100, 'n_estimators': 1000, 'num_leaves': 62, 'subsample': 0.6}",2.11033086382711,0.967623803183446,0.178697109222412
LightGBM,Enhanced,6,"{'colsample_bytree': 0.6, 'learning_rate': 0.05, 'max_depth': 5, 'min_child_samples': 100, 'n_estimators': 1000, 'num_leaves': 62, 'subsample': 0.8}",2.11033086334668,0.967623803198187,0.181278467178345
LightGBM,Enhanced,6,"{'colsample_bytree': 0.6, 'learning_rate': 0.05, 'max_depth': 9, 'min_child_samples': 50, 'n_estimators': 500, 'num_leaves': 15, 'subsample': 0.6}",2.11696516939917,0.967419919315852,0.205766439437866
LightGBM,Enhanced,6,"{'colsample_bytree': 0.6, 'learning_rate': 0.05, 'max_depth': 9, 'min_child_samples': 50, 'n_estimators': 500, 'num_leaves': 15, 'subsample': 0.8}",2.11744783342411,0.967405061229602,0.221295118331909
LightGBM,Enhanced,6,"{'colsample_bytree': 0.6, 'learning_rate': 0.05, 'max_depth': 9, 'min_child_samples': 50, 'n_estimators': 500, 'num_leaves': 31, 'subsample': 0.6}",2.11560284927687,0.967461838019924,0.264436960220337
LightGBM,Enhanced,6,"{'colsample_bytree': 0.6, 'learning_rate': 0.05, 'max_depth': 9, 'min_child_samples': 50, 'n_estimators': 500, 'num_leaves': 31, 'subsample': 0.8}",2.11602928642666,0.967448719414527,0.271491527557373
LightGBM,Enhanced,6,"{'colsample_bytree': 0.6, 'learning_rate': 0.05, 'max_depth': 9, 'min_child_samples': 50, 'n_estimators': 500, 'num_leaves': 62, 'subsample': 0.6}",2.11311360768706,0.967538362492442,0.297302484512329
LightGBM,Enhanced,6,"{'colsample_bytree': 0.6, 'learning_rate': 0.05, 'max_depth': 9, 'min_child_samples': 50, 'n_estimators': 500, 'num_leaves': 62, 'subsample': 0.8}",2.11356492891452,0.967524494624117,0.291600942611694
LightGBM,Enhanced,6,"{'colsample_bytree': 0.6, 'learning_rate': 0.05, 'max_depth': 9, 'min_child_samples': 50, 'n_estimators': 750, 'num_leaves': 15, 'subsample': 0.6}",2.11744783466738,0.967405061191326,0.215547323226929
LightGBM,Enhanced,6,"{'colsample_bytree': 0.6, 'learning_rate': 0.05, 'max_depth': 9, 'min_child_samples': 50, 'n_estimators': 750, 'num_leaves': 15, 'subsample': 0.8}",2.11696516581311,0.967419919426231,0.214046001434326
LightGBM,Enhanced,6,"{'colsample_bytree': 0.6, 'learning_rate': 0.05, 'max_depth': 9, 'min_child_samples': 50, 'n_estimators': 750, 'num_leaves': 31, 'subsample': 0.6}",2.11602928552688,0.96744871944221,0.266462087631226
LightGBM,Enhanced,6,"{'colsample_bytree': 0.6, 'learning_rate': 0.05, 'max_depth': 9, 'min_child_samples': 50, 'n_estimators': 750, 'num_leaves': 31, 'subsample': 0.8}",2.11559598612084,0.967462049131495,0.26809573173523
LightGBM,Enhanced,6,"{'colsample_bytree': 0.6, 'learning_rate': 0.05, 'max_depth': 9, 'min_child_samples': 50, 'n_estimators': 750, 'num_leaves': 62, 'subsample': 0.6}",2.11310460284645,0.967538639156458,0.292939424514771
LightGBM,Enhanced,6,"{'colsample_bytree': 0.6, 'learning_rate': 0.05, 'max_depth': 9, 'min_child_samples': 50, 'n_estimators': 750, 'num_leaves': 62, 'subsample': 0.8}",2.11355689027797,0.967524741655362,0.299231767654419
LightGBM,Enhanced,6,"{'colsample_bytree': 0.6, 'learning_rate': 0.05, 'max_depth': 9, 'min_child_samples': 50, 'n_estimators': 1000, 'num_leaves': 15, 'subsample': 0.6}",2.11696516749878,0.967419919374346,0.193953514099121
LightGBM,Enhanced,6,"{'colsample_bytree': 0.6, 'learning_rate': 0.05, 'max_depth': 9, 'min_child_samples': 50, 'n_estimators': 1000, 'num_leaves': 15, 'subsample': 0.8}",2.1174478367683,0.967405061126645,0.196552038192749
LightGBM,Enhanced,6,"{'colsample_bytree': 0.6, 'learning_rate': 0.05, 'max_depth': 9, 'min_child_samples': 50, 'n_estimators': 1000, 'num_leaves': 31, 'subsample': 0.6}",2.11551562595859,0.967464520969566,0.271859169006348
LightGBM,Enhanced,6,"{'colsample_bytree': 0.6, 'learning_rate': 0.05, 'max_depth': 9, 'min_child_samples': 50, 'n_estimators': 1000, 'num_leaves': 31, 'subsample': 0.8}",2.11560284807165,0.967461838056997,0.271778106689453
LightGBM,Enhanced,6,"{'colsample_bytree': 0.6, 'learning_rate': 0.05, 'max_depth': 9, 'min_child_samples': 50, 'n_estimators': 1000, 'num_leaves': 62, 'subsample': 0.6}",2.11310460234562,0.967538639171846,0.295956611633301
LightGBM,Enhanced,6,"{'colsample_bytree': 0.6, 'learning_rate': 0.05, 'max_depth': 9, 'min_child_samples': 50, 'n_estimators': 1000, 'num_leaves': 62, 'subsample': 0.8}",2.11311360672568,0.967538362521979,0.279484033584595
LightGBM,Enhanced,6,"{'colsample_bytree': 0.6, 'learning_rate': 0.05, 'max_depth': 9, 'min_child_samples': 100, 'n_estimators': 500, 'num_leaves': 15, 'subsample': 0.6}",2.10375395014876,0.967825291627997,0.23996639251709
LightGBM,Enhanced,6,"{'colsample_bytree': 0.6, 'learning_rate': 0.05, 'max_depth': 9, 'min_child_samples': 100, 'n_estimators': 500, 'num_leaves': 15, 'subsample': 0.8}",2.10375394935436,0.967825291652296,0.226834774017334
LightGBM,Enhanced,6,"{'colsample_bytree': 0.6, 'learning_rate': 0.05, 'max_depth': 9, 'min_child_samples': 100, 'n_estimators': 500, 'num_leaves': 31, 'subsample': 0.6}",2.10269245425592,0.967857752367408,0.256910085678101
LightGBM,Enhanced,6,"{'colsample_bytree': 0.6, 'learning_rate': 0.05, 'max_depth': 9, 'min_child_samples': 100, 'n_estimators': 500, 'num_leaves': 31, 'subsample': 0.8}",2.10268922587399,0.967857851066932,0.255672454833984
LightGBM,Enhanced,6,"{'colsample_bytree': 0.6, 'learning_rate': 0.05, 'max_depth': 9, 'min_child_samples': 100, 'n_estimators': 500, 'num_leaves': 62, 'subsample': 0.6}",2.10268922546427,0.967857851079458,0.251457214355469
LightGBM,Enhanced,6,"{'colsample_bytree': 0.6, 'learning_rate': 0.05, 'max_depth': 9, 'min_child_samples': 100, 'n_estimators': 500, 'num_leaves': 62, 'subsample': 0.8}",2.10268922635204,0.967857851052317,0.260107517242432
LightGBM,Enhanced,6,"{'colsample_bytree': 0.6, 'learning_rate': 0.05, 'max_depth': 9, 'min_child_samples': 100, 'n_estimators': 750, 'num_leaves': 15, 'subsample': 0.6}",2.10375394841053,0.967825291681166,0.221046447753906
LightGBM,Enhanced,6,"{'colsample_bytree': 0.6, 'learning_rate': 0.05, 'max_depth': 9, 'min_child_samples': 100, 'n_estimators': 750, 'num_leaves': 15, 'subsample': 0.8}",2.10375394813382,0.96782529168963,0.2369544506073
LightGBM,Enhanced,6,"{'colsample_bytree': 0.6, 'learning_rate': 0.05, 'max_depth': 9, 'min_child_samples': 100, 'n_estimators': 750, 'num_leaves': 31, 'subsample': 0.6}",2.10269245382985,0.967857752380435,0.257225751876831
LightGBM,Enhanced,6,"{'colsample_bytree': 0.6, 'learning_rate': 0.05, 'max_depth': 9, 'min_child_samples': 100, 'n_estimators': 750, 'num_leaves': 31, 'subsample': 0.8}",2.10267542821354,0.967858272893417,0.262120485305786
LightGBM,Enhanced,6,"{'colsample_bytree': 0.6, 'learning_rate': 0.05, 'max_depth': 9, 'min_child_samples': 100, 'n_estimators': 750, 'num_leaves': 62, 'subsample': 0.6}",2.10266905395621,0.967858467768314,0.269682168960571
LightGBM,Enhanced,6,"{'colsample_bytree': 0.6, 'learning_rate': 0.05, 'max_depth': 9, 'min_child_samples': 100, 'n_estimators': 750, 'num_leaves': 62, 'subsample': 0.8}",2.10268922636548,0.967857851051906,0.256545543670654
LightGBM,Enhanced,6,"{'colsample_bytree': 0.6, 'learning_rate': 0.05, 'max_depth': 9, 'min_child_samples': 100, 'n_estimators': 1000, 'num_leaves': 15, 'subsample': 0.6}",2.10375394924232,0.967825291655723,0.229089736938477
LightGBM,Enhanced,6,"{'colsample_bytree': 0.6, 'learning_rate': 0.05, 'max_depth': 9, 'min_child_samples': 100, 'n_estimators': 1000, 'num_leaves': 15, 'subsample': 0.8}",2.10375394727657,0.967825291715851,0.230740785598755
LightGBM,Enhanced,6,"{'colsample_bytree': 0.6, 'learning_rate': 0.05, 'max_depth': 9, 'min_child_samples': 100, 'n_estimators': 1000, 'num_leaves': 31, 'subsample': 0.6}",2.10269555726239,0.967857657500776,0.262476205825806
LightGBM,Enhanced,6,"{'colsample_bytree': 0.6, 'learning_rate': 0.05, 'max_depth': 9, 'min_child_samples': 100, 'n_estimators': 1000, 'num_leaves': 31, 'subsample': 0.8}",2.10268922681894,0.967857851038043,0.268799781799316
LightGBM,Enhanced,6,"{'colsample_bytree': 0.6, 'learning_rate': 0.05, 'max_depth': 9, 'min_child_samples': 100, 'n_estimators': 1000, 'num_leaves': 62, 'subsample': 0.6}",2.10269882864849,0.967857557486208,0.258314847946167
LightGBM,Enhanced,6,"{'colsample_bytree': 0.6, 'learning_rate': 0.05, 'max_depth': 9, 'min_child_samples': 100, 'n_estimators': 1000, 'num_leaves': 62, 'subsample': 0.8}",2.10266905212834,0.967858467824196,0.264614582061768
LightGBM,Enhanced,6,"{'colsample_bytree': 0.8, 'learning_rate': 0.01, 'max_depth': 3, 'min_child_samples': 50, 'n_estimators': 500, 'num_leaves': 15, 'subsample': 0.6}",2.19979888235265,0.964820417229234,0.269741296768189
LightGBM,Enhanced,6,"{'colsample_bytree': 0.8, 'learning_rate': 0.01, 'max_depth': 3, 'min_child_samples': 50, 'n_estimators': 500, 'num_leaves': 15, 'subsample': 0.8}",2.19976649239481,0.96482145319377,0.256646633148193
LightGBM,Enhanced,6,"{'colsample_bytree': 0.8, 'learning_rate': 0.01, 'max_depth': 3, 'min_child_samples': 50, 'n_estimators': 500, 'num_leaves': 31, 'subsample': 0.6}",2.19987188910341,0.964818082116083,0.266276597976685
LightGBM,Enhanced,6,"{'colsample_bytree': 0.8, 'learning_rate': 0.01, 'max_depth': 3, 'min_child_samples': 50, 'n_estimators': 500, 'num_leaves': 31, 'subsample': 0.8}",2.19976214284656,0.964821592309114,0.272186756134033
LightGBM,Enhanced,6,"{'colsample_bytree': 0.8, 'learning_rate': 0.01, 'max_depth': 3, 'min_child_samples': 50, 'n_estimators': 500, 'num_leaves': 62, 'subsample': 0.6}",2.19973122497032,0.964822581174219,0.259575843811035
LightGBM,Enhanced,6,"{'colsample_bytree': 0.8, 'learning_rate': 0.01, 'max_depth': 3, 'min_child_samples': 50, 'n_estimators': 500, 'num_leaves': 62, 'subsample': 0.8}",2.19979888148454,0.964820417257001,0.262394666671753
LightGBM,Enhanced,6,"{'colsample_bytree': 0.8, 'learning_rate': 0.01, 'max_depth': 3, 'min_child_samples': 50, 'n_estimators': 750, 'num_leaves': 15, 'subsample': 0.6}",2.19993178434016,0.964816166315442,0.258491039276123
LightGBM,Enhanced,6,"{'colsample_bytree': 0.8, 'learning_rate': 0.01, 'max_depth': 3, 'min_child_samples': 50, 'n_estimators': 750, 'num_leaves': 15, 'subsample': 0.8}",2.19980325419502,0.964820277398503,0.273075342178345
LightGBM,Enhanced,6,"{'colsample_bytree': 0.8, 'learning_rate': 0.01, 'max_depth': 3, 'min_child_samples': 50, 'n_estimators': 750, 'num_leaves': 31, 'subsample': 0.6}",2.19983703156355,0.964819197040452,0.270768642425537
LightGBM,Enhanced,6,"{'colsample_bytree': 0.8, 'learning_rate': 0.01, 'max_depth': 3, 'min_child_samples': 50, 'n_estimators': 750, 'num_leaves': 31, 'subsample': 0.8}",2.19980325609141,0.964820277337848,0.278093576431274
LightGBM,Enhanced,6,"{'colsample_bytree': 0.8, 'learning_rate': 0.01, 'max_depth': 3, 'min_child_samples': 50, 'n_estimators': 750, 'num_leaves': 62, 'subsample': 0.6}",2.19976743248149,0.964821423126133,0.281876087188721
LightGBM,Enhanced,6,"{'colsample_bytree': 0.8, 'learning_rate': 0.01, 'max_depth': 3, 'min_child_samples': 50, 'n_estimators': 750, 'num_leaves': 62, 'subsample': 0.8}",2.19979888162989,0.964820417252352,0.268413066864014
LightGBM,Enhanced,6,"{'colsample_bytree': 0.8, 'learning_rate': 0.01, 'max_depth': 3, 'min_child_samples': 50, 'n_estimators': 1000, 'num_leaves': 15, 'subsample': 0.6}",2.19984108022868,0.964819067544113,0.273836374282837
LightGBM,Enhanced,6,"{'colsample_bytree': 0.8, 'learning_rate': 0.01, 'max_depth': 3, 'min_child_samples': 50, 'n_estimators': 1000, 'num_leaves': 15, 'subsample': 0.8}",2.1997621443065,0.964821592262419,0.26959753036499
LightGBM,Enhanced,6,"{'colsample_bytree': 0.8, 'learning_rate': 0.01, 'max_depth': 3, 'min_child_samples': 50, 'n_estimators': 1000, 'num_leaves': 31, 'subsample': 0.6}",2.19979888297152,0.96482041720944,0.26940131187439
LightGBM,Enhanced,6,"{'colsample_bytree': 0.8, 'learning_rate': 0.01, 'max_depth': 3, 'min_child_samples': 50, 'n_estimators': 1000, 'num_leaves': 31, 'subsample': 0.8}",2.19989502368078,0.964817342142919,0.26689624786377
LightGBM,Enhanced,6,"{'colsample_bytree': 0.8, 'learning_rate': 0.01, 'max_depth': 3, 'min_child_samples': 50, 'n_estimators': 1000, 'num_leaves': 62, 'subsample': 0.6}",2.1998335418113,0.964819308659802,0.255827903747559
LightGBM,Enhanced,6,"{'colsample_bytree': 0.8, 'learning_rate': 0.01, 'max_depth': 3, 'min_child_samples': 50, 'n_estimators': 1000, 'num_leaves': 62, 'subsample': 0.8}",2.199798882015,0.964820417240034,0.257829904556274
LightGBM,Enhanced,6,"{'colsample_bytree': 0.8, 'learning_rate': 0.01, 'max_depth': 3, 'min_child_samples': 100, 'n_estimators': 500, 'num_leaves': 15, 'subsample': 0.6}",2.15170020572852,0.966342004108329,0.289642572402954
LightGBM,Enhanced,6,"{'colsample_bytree': 0.8, 'learning_rate': 0.01, 'max_depth': 3, 'min_child_samples': 100, 'n_estimators': 500, 'num_leaves': 15, 'subsample': 0.8}",2.15170020515204,0.966342004126363,0.284371614456177
LightGBM,Enhanced,6,"{'colsample_bytree': 0.8, 'learning_rate': 0.01, 'max_depth': 3, 'min_child_samples': 100, 'n_estimators': 500, 'num_leaves': 31, 'subsample': 0.6}",2.15170020526134,0.966342004122944,0.285363435745239
LightGBM,Enhanced,6,"{'colsample_bytree': 0.8, 'learning_rate': 0.01, 'max_depth': 3, 'min_child_samples': 100, 'n_estimators': 500, 'num_leaves': 31, 'subsample': 0.8}",2.15170020514913,0.966342004126455,0.281281709671021
LightGBM,Enhanced,6,"{'colsample_bytree': 0.8, 'learning_rate': 0.01, 'max_depth': 3, 'min_child_samples': 100, 'n_estimators': 500, 'num_leaves': 62, 'subsample': 0.6}",2.15170020576511,0.966342004107184,0.270481109619141
LightGBM,Enhanced,6,"{'colsample_bytree': 0.8, 'learning_rate': 0.01, 'max_depth': 3, 'min_child_samples': 100, 'n_estimators': 500, 'num_leaves': 62, 'subsample': 0.8}",2.15170020582011,0.966342004105463,0.266725540161133
LightGBM,Enhanced,6,"{'colsample_bytree': 0.8, 'learning_rate': 0.01, 'max_depth': 3, 'min_child_samples': 100, 'n_estimators': 750, 'num_leaves': 15, 'subsample': 0.6}",2.1517002047695,0.966342004138331,0.278206586837769
LightGBM,Enhanced,6,"{'colsample_bytree': 0.8, 'learning_rate': 0.01, 'max_depth': 3, 'min_child_samples': 100, 'n_estimators': 750, 'num_leaves': 15, 'subsample': 0.8}",2.1517002052908,0.966342004122023,0.272070169448853
LightGBM,Enhanced,6,"{'colsample_bytree': 0.8, 'learning_rate': 0.01, 'max_depth': 3, 'min_child_samples': 100, 'n_estimators': 750, 'num_leaves': 31, 'subsample': 0.6}",2.15170020521101,0.966342004124519,0.281050205230713
LightGBM,Enhanced,6,"{'colsample_bytree': 0.8, 'learning_rate': 0.01, 'max_depth': 3, 'min_child_samples': 100, 'n_estimators': 750, 'num_leaves': 31, 'subsample': 0.8}",2.1517002044473,0.966342004148411,0.277229309082031
LightGBM,Enhanced,6,"{'colsample_bytree': 0.8, 'learning_rate': 0.01, 'max_depth': 3, 'min_child_samples': 100, 'n_estimators': 750, 'num_leaves': 62, 'subsample': 0.6}",2.15170020500007,0.966342004131118,0.278110980987549
LightGBM,Enhanced,6,"{'colsample_bytree': 0.8, 'learning_rate': 0.01, 'max_depth': 3, 'min_child_samples': 100, 'n_estimators': 750, 'num_leaves': 62, 'subsample': 0.8}",2.1517002054261,0.96634200411779,0.29805588722229
LightGBM,Enhanced,6,"{'colsample_bytree': 0.8, 'learning_rate': 0.01, 'max_depth': 3, 'min_child_samples': 100, 'n_estimators': 1000, 'num_leaves': 15, 'subsample': 0.6}",2.15170020462987,0.9663420041427,0.278716802597046
LightGBM,Enhanced,6,"{'colsample_bytree': 0.8, 'learning_rate': 0.01, 'max_depth': 3, 'min_child_samples': 100, 'n_estimators': 1000, 'num_leaves': 15, 'subsample': 0.8}",2.15170020585008,0.966342004104525,0.294509172439575
LightGBM,Enhanced,6,"{'colsample_bytree': 0.8, 'learning_rate': 0.01, 'max_depth': 3, 'min_child_samples': 100, 'n_estimators': 1000, 'num_leaves': 31, 'subsample': 0.6}",2.1517002048202,0.966342004136745,0.571824550628662
LightGBM,Enhanced,6,"{'colsample_bytree': 0.8, 'learning_rate': 0.01, 'max_depth': 3, 'min_child_samples': 100, 'n_estimators': 1000, 'num_leaves': 31, 'subsample': 0.8}",2.15170020495249,0.966342004132606,0.71763014793396
LightGBM,Enhanced,6,"{'colsample_bytree': 0.8, 'learning_rate': 0.01, 'max_depth': 3, 'min_child_samples': 100, 'n_estimators': 1000, 'num_leaves': 62, 'subsample': 0.6}",2.15170020509486,0.966342004128152,0.777741432189941
LightGBM,Enhanced,6,"{'colsample_bytree': 0.8, 'learning_rate': 0.01, 'max_depth': 3, 'min_child_samples': 100, 'n_estimators': 1000, 'num_leaves': 62, 'subsample': 0.8}",2.15170020582849,0.966342004105201,0.785845994949341
LightGBM,Enhanced,6,"{'colsample_bytree': 0.8, 'learning_rate': 0.01, 'max_depth': 5, 'min_child_samples': 50, 'n_estimators': 500, 'num_leaves': 15, 'subsample': 0.6}",2.19389834077451,0.96500888918227,0.872875452041626
LightGBM,Enhanced,6,"{'colsample_bytree': 0.8, 'learning_rate': 0.01, 'max_depth': 5, 'min_child_samples': 50, 'n_estimators': 500, 'num_leaves': 15, 'subsample': 0.8}",2.19389896919096,0.96500886913668,0.845991611480713
LightGBM,Enhanced,6,"{'colsample_bytree': 0.8, 'learning_rate': 0.01, 'max_depth': 5, 'min_child_samples': 50, 'n_estimators': 500, 'num_leaves': 31, 'subsample': 0.6}",2.1941228183277,0.96500172830281,0.453640222549439
LightGBM,Enhanced,6,"{'colsample_bytree': 0.8, 'learning_rate': 0.01, 'max_depth': 5, 'min_child_samples': 50, 'n_estimators': 500, 'num_leaves': 31, 'subsample': 0.8}",2.19412807719048,0.965001560535237,0.578633546829224
LightGBM,Enhanced,6,"{'colsample_bytree': 0.8, 'learning_rate': 0.01, 'max_depth': 5, 'min_child_samples': 50, 'n_estimators': 500, 'num_leaves': 62, 'subsample': 0.6}",2.19412713765222,0.965001590508297,1.05818605422974
LightGBM,Enhanced,6,"{'colsample_bytree': 0.8, 'learning_rate': 0.01, 'max_depth': 5, 'min_child_samples': 50, 'n_estimators': 500, 'num_leaves': 62, 'subsample': 0.8}",2.19413501608305,0.965001339170953,0.97234320640564
LightGBM,Enhanced,6,"{'colsample_bytree': 0.8, 'learning_rate': 0.01, 'max_depth': 5, 'min_child_samples': 50, 'n_estimators': 750, 'num_leaves': 15, 'subsample': 0.6}",2.19390439309072,0.965008696121766,1.1025013923645
LightGBM,Enhanced,6,"{'colsample_bytree': 0.8, 'learning_rate': 0.01, 'max_depth': 5, 'min_child_samples': 50, 'n_estimators': 750, 'num_leaves': 15, 'subsample': 0.8}",2.19389876319191,0.965008875707757,1.1293842792511
LightGBM,Enhanced,6,"{'colsample_bytree': 0.8, 'learning_rate': 0.01, 'max_depth': 5, 'min_child_samples': 50, 'n_estimators': 750, 'num_leaves': 31, 'subsample': 0.6}",2.19414157794174,0.965001129834145,1.17403697967529
LightGBM,Enhanced,6,"{'colsample_bytree': 0.8, 'learning_rate': 0.01, 'max_depth': 5, 'min_child_samples': 50, 'n_estimators': 750, 'num_leaves': 31, 'subsample': 0.8}",2.19412112558872,0.965001782304268,0.927938938140869
LightGBM,Enhanced,6,"{'colsample_bytree': 0.8, 'learning_rate': 0.01, 'max_depth': 5, 'min_child_samples': 50, 'n_estimators': 750, 'num_leaves': 62, 'subsample': 0.6}",2.19412764244741,0.965001574404371,0.339179277420044
LightGBM,Enhanced,6,"{'colsample_bytree': 0.8, 'learning_rate': 0.01, 'max_depth': 5, 'min_child_samples': 50, 'n_estimators': 750, 'num_leaves': 62, 'subsample': 0.8}",2.19412669890024,0.965001604505316,0.409784078598022
LightGBM,Enhanced,6,"{'colsample_bytree': 0.8, 'learning_rate': 0.01, 'max_depth': 5, 'min_child_samples': 50, 'n_estimators': 1000, 'num_leaves': 15, 'subsample': 0.6}",2.19389971641458,0.965008845301304,0.839060306549072
LightGBM,Enhanced,6,"{'colsample_bytree': 0.8, 'learning_rate': 0.01, 'max_depth': 5, 'min_child_samples': 50, 'n_estimators': 1000, 'num_leaves': 15, 'subsample': 0.8}",2.19389440238323,0.96500901481121,1.28397226333618
LightGBM,Enhanced,6,"{'colsample_bytree': 0.8, 'learning_rate': 0.01, 'max_depth': 5, 'min_child_samples': 50, 'n_estimators': 1000, 'num_leaves': 31, 'subsample': 0.6}",2.19412435404696,0.96500167931053,1.23584771156311
LightGBM,Enhanced,6,"{'colsample_bytree': 0.8, 'learning_rate': 0.01, 'max_depth': 5, 'min_child_samples': 50, 'n_estimators': 1000, 'num_leaves': 31, 'subsample': 0.8}",2.19412388339783,0.96500169432511,1.27495980262756
LightGBM,Enhanced,6,"{'colsample_bytree': 0.8, 'learning_rate': 0.01, 'max_depth': 5, 'min_child_samples': 50, 'n_estimators': 1000, 'num_leaves': 62, 'subsample': 0.6}",2.19414154928627,0.965001130748315,1.2895200252533
LightGBM,Enhanced,6,"{'colsample_bytree': 0.8, 'learning_rate': 0.01, 'max_depth': 5, 'min_child_samples': 50, 'n_estimators': 1000, 'num_leaves': 62, 'subsample': 0.8}",2.19413903230238,0.965001211045359,1.25683188438416
LightGBM,Enhanced,6,"{'colsample_bytree': 0.8, 'learning_rate': 0.01, 'max_depth': 5, 'min_child_samples': 100, 'n_estimators': 500, 'num_leaves': 15, 'subsample': 0.6}",2.13633661210053,0.966820938525423,1.43481993675232
LightGBM,Enhanced,6,"{'colsample_bytree': 0.8, 'learning_rate': 0.01, 'max_depth': 5, 'min_child_samples': 100, 'n_estimators': 500, 'num_leaves': 15, 'subsample': 0.8}",2.13633645298022,0.96682094346796,1.38591122627258
LightGBM,Enhanced,6,"{'colsample_bytree': 0.8, 'learning_rate': 0.01, 'max_depth': 5, 'min_child_samples': 100, 'n_estimators': 500, 'num_leaves': 31, 'subsample': 0.6}",2.13634578242037,0.96682065367962,1.24092078208923
LightGBM,Enhanced,6,"{'colsample_bytree': 0.8, 'learning_rate': 0.01, 'max_depth': 5, 'min_child_samples': 100, 'n_estimators': 500, 'num_leaves': 31, 'subsample': 0.8}",2.13635214273437,0.966820456116681,1.59749841690063
LightGBM,Enhanced,6,"{'colsample_bytree': 0.8, 'learning_rate': 0.01, 'max_depth': 5, 'min_child_samples': 100, 'n_estimators': 500, 'num_leaves': 62, 'subsample': 0.6}",2.13634646235256,0.966820632559715,1.36608910560608
LightGBM,Enhanced,6,"{'colsample_bytree': 0.8, 'learning_rate': 0.01, 'max_depth': 5, 'min_child_samples': 100, 'n_estimators': 500, 'num_leaves': 62, 'subsample': 0.8}",2.1363483015598,0.966820575430631,1.39419174194336
LightGBM,Enhanced,6,"{'colsample_bytree': 0.8, 'learning_rate': 0.01, 'max_depth': 5, 'min_child_samples': 100, 'n_estimators': 750, 'num_leaves': 15, 'subsample': 0.6}",2.13634175853925,0.966820778668393,1.67279362678528
LightGBM,Enhanced,6,"{'colsample_bytree': 0.8, 'learning_rate': 0.01, 'max_depth': 5, 'min_child_samples': 100, 'n_estimators': 750, 'num_leaves': 15, 'subsample': 0.8}",2.1363366962339,0.966820935912102,1.62193989753723
LightGBM,Enhanced,6,"{'colsample_bytree': 0.8, 'learning_rate': 0.01, 'max_depth': 5, 'min_child_samples': 100, 'n_estimators': 750, 'num_leaves': 31, 'subsample': 0.6}",2.13634583019107,0.966820652195777,1.68125939369202
LightGBM,Enhanced,6,"{'colsample_bytree': 0.8, 'learning_rate': 0.01, 'max_depth': 5, 'min_child_samples': 100, 'n_estimators': 750, 'num_leaves': 31, 'subsample': 0.8}",2.13634642554411,0.966820633703051,1.38786363601685
LightGBM,Enhanced,6,"{'colsample_bytree': 0.8, 'learning_rate': 0.01, 'max_depth': 5, 'min_child_samples': 100, 'n_estimators': 750, 'num_leaves': 62, 'subsample': 0.6}",2.13634845480981,0.966820570670408,1.40687394142151
LightGBM,Enhanced,6,"{'colsample_bytree': 0.8, 'learning_rate': 0.01, 'max_depth': 5, 'min_child_samples': 100, 'n_estimators': 750, 'num_leaves': 62, 'subsample': 0.8}",2.1363500005624,0.966820522656511,1.44972896575928
LightGBM,Enhanced,6,"{'colsample_bytree': 0.8, 'learning_rate': 0.01, 'max_depth': 5, 'min_child_samples': 100, 'n_estimators': 1000, 'num_leaves': 15, 'subsample': 0.6}",2.13633551306935,0.966820972663127,1.4721372127533
LightGBM,Enhanced,6,"{'colsample_bytree': 0.8, 'learning_rate': 0.01, 'max_depth': 5, 'min_child_samples': 100, 'n_estimators': 1000, 'num_leaves': 15, 'subsample': 0.8}",2.13633592786208,0.966820959778989,1.38967108726501
LightGBM,Enhanced,6,"{'colsample_bytree': 0.8, 'learning_rate': 0.01, 'max_depth': 5, 'min_child_samples': 100, 'n_estimators': 1000, 'num_leaves': 31, 'subsample': 0.6}",2.13634578315359,0.966820653656845,1.39410257339478
LightGBM,Enhanced,6,"{'colsample_bytree': 0.8, 'learning_rate': 0.01, 'max_depth': 5, 'min_child_samples': 100, 'n_estimators': 1000, 'num_leaves': 31, 'subsample': 0.8}",2.13634646272278,0.966820632548216,1.38782167434692
LightGBM,Enhanced,6,"{'colsample_bytree': 0.8, 'learning_rate': 0.01, 'max_depth': 5, 'min_child_samples': 100, 'n_estimators': 1000, 'num_leaves': 62, 'subsample': 0.6}",2.13634727834719,0.966820607213461,1.37789678573608
LightGBM,Enhanced,6,"{'colsample_bytree': 0.8, 'learning_rate': 0.01, 'max_depth': 5, 'min_child_samples': 100, 'n_estimators': 1000, 'num_leaves': 62, 'subsample': 0.8}",2.13634743149585,0.966820602456388,1.28850626945496
LightGBM,Enhanced,6,"{'colsample_bytree': 0.8, 'learning_rate': 0.01, 'max_depth': 9, 'min_child_samples': 50, 'n_estimators': 500, 'num_leaves': 15, 'subsample': 0.6}",2.18386735245392,0.965328131877416,1.48613095283508
LightGBM,Enhanced,6,"{'colsample_bytree': 0.8, 'learning_rate': 0.01, 'max_depth': 9, 'min_child_samples': 50, 'n_estimators': 500, 'num_leaves': 15, 'subsample': 0.8}",2.18386488605574,0.965328210192231,1.40391135215759
LightGBM,Enhanced,6,"{'colsample_bytree': 0.8, 'learning_rate': 0.01, 'max_depth': 9, 'min_child_samples': 50, 'n_estimators': 500, 'num_leaves': 31, 'subsample': 0.6}",2.18229448877415,0.96537805659812,2.57575297355652
LightGBM,Enhanced,6,"{'colsample_bytree': 0.8, 'learning_rate': 0.01, 'max_depth': 9, 'min_child_samples': 50, 'n_estimators': 500, 'num_leaves': 31, 'subsample': 0.8}",2.18228291306842,0.965378423892605,2.46501779556274
LightGBM,Enhanced,6,"{'colsample_bytree': 0.8, 'learning_rate': 0.01, 'max_depth': 9, 'min_child_samples': 50, 'n_estimators': 500, 'num_leaves': 62, 'subsample': 0.6}",2.17970113173814,0.965460294546475,3.20774435997009
LightGBM,Enhanced,6,"{'colsample_bytree': 0.8, 'learning_rate': 0.01, 'max_depth': 9, 'min_child_samples': 50, 'n_estimators': 500, 'num_leaves': 62, 'subsample': 0.8}",2.17957431779563,0.9654643134358,3.11610651016235
LightGBM,Enhanced,6,"{'colsample_bytree': 0.8, 'learning_rate': 0.01, 'max_depth': 9, 'min_child_samples': 50, 'n_estimators': 750, 'num_leaves': 15, 'subsample': 0.6}",2.18385760557133,0.965328441366793,1.29502391815186
LightGBM,Enhanced,6,"{'colsample_bytree': 0.8, 'learning_rate': 0.01, 'max_depth': 9, 'min_child_samples': 50, 'n_estimators': 750, 'num_leaves': 15, 'subsample': 0.8}",2.18386585825783,0.965328179322195,1.32536315917969
LightGBM,Enhanced,6,"{'colsample_bytree': 0.8, 'learning_rate': 0.01, 'max_depth': 9, 'min_child_samples': 50, 'n_estimators': 750, 'num_leaves': 31, 'subsample': 0.6}",2.18229760177348,0.965377957823033,2.16379332542419
LightGBM,Enhanced,6,"{'colsample_bytree': 0.8, 'learning_rate': 0.01, 'max_depth': 9, 'min_child_samples': 50, 'n_estimators': 750, 'num_leaves': 31, 'subsample': 0.8}",2.18218193902669,0.965381627693151,2.02386331558228
LightGBM,Enhanced,6,"{'colsample_bytree': 0.8, 'learning_rate': 0.01, 'max_depth': 9, 'min_child_samples': 50, 'n_estimators': 750, 'num_leaves': 62, 'subsample': 0.6}",2.1795864554042,0.965463928790222,2.63233780860901
LightGBM,Enhanced,6,"{'colsample_bytree': 0.8, 'learning_rate': 0.01, 'max_depth': 9, 'min_child_samples': 50, 'n_estimators': 750, 'num_leaves': 62, 'subsample': 0.8}",2.17971624058008,0.96545981571316,2.68536138534546
LightGBM,Enhanced,6,"{'colsample_bytree': 0.8, 'learning_rate': 0.01, 'max_depth': 9, 'min_child_samples': 50, 'n_estimators': 1000, 'num_leaves': 15, 'subsample': 0.6}",2.18383476345161,0.965329166659275,1.31882500648499
LightGBM,Enhanced,6,"{'colsample_bytree': 0.8, 'learning_rate': 0.01, 'max_depth': 9, 'min_child_samples': 50, 'n_estimators': 1000, 'num_leaves': 15, 'subsample': 0.8}",2.18386486655083,0.965328210811565,1.32660984992981
LightGBM,Enhanced,6,"{'colsample_bytree': 0.8, 'learning_rate': 0.01, 'max_depth': 9, 'min_child_samples': 50, 'n_estimators': 1000, 'num_leaves': 31, 'subsample': 0.6}",2.18217239020311,0.965381930659646,2.19260001182556
LightGBM,Enhanced,6,"{'colsample_bytree': 0.8, 'learning_rate': 0.01, 'max_depth': 9, 'min_child_samples': 50, 'n_estimators': 1000, 'num_leaves': 31, 'subsample': 0.8}",2.18218344924493,0.9653815797766,2.10144734382629
LightGBM,Enhanced,6,"{'colsample_bytree': 0.8, 'learning_rate': 0.01, 'max_depth': 9, 'min_child_samples': 50, 'n_estimators': 1000, 'num_leaves': 62, 'subsample': 0.6}",2.17957146593143,0.965464403812185,2.67149877548218
LightGBM,Enhanced,6,"{'colsample_bytree': 0.8, 'learning_rate': 0.01, 'max_depth': 9, 'min_child_samples': 50, 'n_estimators': 1000, 'num_leaves': 62, 'subsample': 0.8}",2.17971212556359,0.965459946127653,2.71704053878784
LightGBM,Enhanced,6,"{'colsample_bytree': 0.8, 'learning_rate': 0.01, 'max_depth': 9, 'min_child_samples': 100, 'n_estimators': 500, 'num_leaves': 15, 'subsample': 0.6}",2.13143889326164,0.966972895328086,1.83975768089294
LightGBM,Enhanced,6,"{'colsample_bytree': 0.8, 'learning_rate': 0.01, 'max_depth': 9, 'min_child_samples': 100, 'n_estimators': 500, 'num_leaves': 15, 'subsample': 0.8}",2.13143779894419,0.966972929241446,1.85111451148987
LightGBM,Enhanced,6,"{'colsample_bytree': 0.8, 'learning_rate': 0.01, 'max_depth': 9, 'min_child_samples': 100, 'n_estimators': 500, 'num_leaves': 31, 'subsample': 0.6}",2.14066016999475,0.966686505821931,1.97049736976624
LightGBM,Enhanced,6,"{'colsample_bytree': 0.8, 'learning_rate': 0.01, 'max_depth': 9, 'min_child_samples': 100, 'n_estimators': 500, 'num_leaves': 31, 'subsample': 0.8}",2.14065929290201,0.966686533121003,1.9706563949585
LightGBM,Enhanced,6,"{'colsample_bytree': 0.8, 'learning_rate': 0.01, 'max_depth': 9, 'min_child_samples': 100, 'n_estimators': 500, 'num_leaves': 62, 'subsample': 0.6}",2.14065709016149,0.966686601680148,2.08601665496826
LightGBM,Enhanced,6,"{'colsample_bytree': 0.8, 'learning_rate': 0.01, 'max_depth': 9, 'min_child_samples': 100, 'n_estimators': 500, 'num_leaves': 62, 'subsample': 0.8}",2.14066510143908,0.96668635233299,2.12808918952942
LightGBM,Enhanced,6,"{'colsample_bytree': 0.8, 'learning_rate': 0.01, 'max_depth': 9, 'min_child_samples': 100, 'n_estimators': 750, 'num_leaves': 15, 'subsample': 0.6}",2.1314422700084,0.966972790681166,1.85539507865906
LightGBM,Enhanced,6,"{'colsample_bytree': 0.8, 'learning_rate': 0.01, 'max_depth': 9, 'min_child_samples': 100, 'n_estimators': 750, 'num_leaves': 15, 'subsample': 0.8}",2.13143626522916,0.966972976771894,1.90466952323914
LightGBM,Enhanced,6,"{'colsample_bytree': 0.8, 'learning_rate': 0.01, 'max_depth': 9, 'min_child_samples': 100, 'n_estimators': 750, 'num_leaves': 31, 'subsample': 0.6}",2.140665947071,0.966686326013049,2.04645395278931
LightGBM,Enhanced,6,"{'colsample_bytree': 0.8, 'learning_rate': 0.01, 'max_depth': 9, 'min_child_samples': 100, 'n_estimators': 750, 'num_leaves': 31, 'subsample': 0.8}",2.1406740492937,0.96668607383422,1.89523339271545
LightGBM,Enhanced,6,"{'colsample_bytree': 0.8, 'learning_rate': 0.01, 'max_depth': 9, 'min_child_samples': 100, 'n_estimators': 750, 'num_leaves': 62, 'subsample': 0.6}",2.14066728676011,0.966686284315763,1.9626784324646
LightGBM,Enhanced,6,"{'colsample_bytree': 0.8, 'learning_rate': 0.01, 'max_depth': 9, 'min_child_samples': 100, 'n_estimators': 750, 'num_leaves': 62, 'subsample': 0.8}",2.14066553766511,0.966686338755638,2.17980933189392
LightGBM,Enhanced,6,"{'colsample_bytree': 0.8, 'learning_rate': 0.01, 'max_depth': 9, 'min_child_samples': 100, 'n_estimators': 1000, 'num_leaves': 15, 'subsample': 0.6}",2.13143983648808,0.966972866097085,1.763263463974
LightGBM,Enhanced,6,"{'colsample_bytree': 0.8, 'learning_rate': 0.01, 'max_depth': 9, 'min_child_samples': 100, 'n_estimators': 1000, 'num_leaves': 15, 'subsample': 0.8}",2.13143410251525,0.966973043795213,1.76199007034302
LightGBM,Enhanced,6,"{'colsample_bytree': 0.8, 'learning_rate': 0.01, 'max_depth': 9, 'min_child_samples': 100, 'n_estimators': 1000, 'num_leaves': 31, 'subsample': 0.6}",2.14066168948264,0.966686458528606,1.9412260055542
LightGBM,Enhanced,6,"{'colsample_bytree': 0.8, 'learning_rate': 0.01, 'max_depth': 9, 'min_child_samples': 100, 'n_estimators': 1000, 'num_leaves': 31, 'subsample': 0.8}",2.14066277968159,0.96668642459667,2.02315807342529
LightGBM,Enhanced,6,"{'colsample_bytree': 0.8, 'learning_rate': 0.01, 'max_depth': 9, 'min_child_samples': 100, 'n_estimators': 1000, 'num_leaves': 62, 'subsample': 0.6}",2.14066294199126,0.966686419544856,2.13046979904175
LightGBM,Enhanced,6,"{'colsample_bytree': 0.8, 'learning_rate': 0.01, 'max_depth': 9, 'min_child_samples': 100, 'n_estimators': 1000, 'num_leaves': 62, 'subsample': 0.8}",2.14066061162251,0.966686492076484,2.16003084182739
LightGBM,Enhanced,6,"{'colsample_bytree': 0.8, 'learning_rate': 0.05, 'max_depth': 3, 'min_child_samples': 50, 'n_estimators': 500, 'num_leaves': 15, 'subsample': 0.6}",2.08359435403847,0.968438976820378,0.37766695022583
LightGBM,Enhanced,6,"{'colsample_bytree': 0.8, 'learning_rate': 0.05, 'max_depth': 3, 'min_child_samples': 50, 'n_estimators': 500, 'num_leaves': 15, 'subsample': 0.8}",2.08359435200051,0.968438976882117,0.371219873428345
LightGBM,Enhanced,6,"{'colsample_bytree': 0.8, 'learning_rate': 0.05, 'max_depth': 3, 'min_child_samples': 50, 'n_estimators': 500, 'num_leaves': 31, 'subsample': 0.6}",2.08379762085747,0.968432818595098,0.353992938995361
LightGBM,Enhanced,6,"{'colsample_bytree': 0.8, 'learning_rate': 0.05, 'max_depth': 3, 'min_child_samples': 50, 'n_estimators': 500, 'num_leaves': 31, 'subsample': 0.8}",2.08359435341724,0.968438976839198,0.39940071105957
LightGBM,Enhanced,6,"{'colsample_bytree': 0.8, 'learning_rate': 0.05, 'max_depth': 3, 'min_child_samples': 50, 'n_estimators': 500, 'num_leaves': 62, 'subsample': 0.6}",2.08359435442426,0.96843897680869,0.410375833511353
LightGBM,Enhanced,6,"{'colsample_bytree': 0.8, 'learning_rate': 0.05, 'max_depth': 3, 'min_child_samples': 50, 'n_estimators': 500, 'num_leaves': 62, 'subsample': 0.8}",2.08359435288766,0.968438976855241,0.385672092437744
LightGBM,Enhanced,6,"{'colsample_bytree': 0.8, 'learning_rate': 0.05, 'max_depth': 3, 'min_child_samples': 50, 'n_estimators': 750, 'num_leaves': 15, 'subsample': 0.6}",2.08359435185848,0.96843897688642,0.408258676528931
LightGBM,Enhanced,6,"{'colsample_bytree': 0.8, 'learning_rate': 0.05, 'max_depth': 3, 'min_child_samples': 50, 'n_estimators': 750, 'num_leaves': 15, 'subsample': 0.8}",2.08359435114533,0.968438976908025,0.385441303253174
LightGBM,Enhanced,6,"{'colsample_bytree': 0.8, 'learning_rate': 0.05, 'max_depth': 3, 'min_child_samples': 50, 'n_estimators': 750, 'num_leaves': 31, 'subsample': 0.6}",2.08359435299513,0.968438976851985,0.396580696105957
LightGBM,Enhanced,6,"{'colsample_bytree': 0.8, 'learning_rate': 0.05, 'max_depth': 3, 'min_child_samples': 50, 'n_estimators': 750, 'num_leaves': 31, 'subsample': 0.8}",2.08359435197007,0.968438976883039,0.354146718978882
LightGBM,Enhanced,6,"{'colsample_bytree': 0.8, 'learning_rate': 0.05, 'max_depth': 3, 'min_child_samples': 50, 'n_estimators': 750, 'num_leaves': 62, 'subsample': 0.6}",2.08359435445789,0.968438976807671,0.385256290435791
LightGBM,Enhanced,6,"{'colsample_bytree': 0.8, 'learning_rate': 0.05, 'max_depth': 3, 'min_child_samples': 50, 'n_estimators': 750, 'num_leaves': 62, 'subsample': 0.8}",2.08359435300927,0.968438976851557,0.360919713973999
LightGBM,Enhanced,6,"{'colsample_bytree': 0.8, 'learning_rate': 0.05, 'max_depth': 3, 'min_child_samples': 50, 'n_estimators': 1000, 'num_leaves': 15, 'subsample': 0.6}",2.0835943539567,0.968438976822855,0.418625354766846
LightGBM,Enhanced,6,"{'colsample_bytree': 0.8, 'learning_rate': 0.05, 'max_depth': 3, 'min_child_samples': 50, 'n_estimators': 1000, 'num_leaves': 15, 'subsample': 0.8}",2.08359435120475,0.968438976906225,0.357712268829346
LightGBM,Enhanced,6,"{'colsample_bytree': 0.8, 'learning_rate': 0.05, 'max_depth': 3, 'min_child_samples': 50, 'n_estimators': 1000, 'num_leaves': 31, 'subsample': 0.6}",2.08359435295415,0.968438976853227,0.35221529006958
LightGBM,Enhanced,6,"{'colsample_bytree': 0.8, 'learning_rate': 0.05, 'max_depth': 3, 'min_child_samples': 50, 'n_estimators': 1000, 'num_leaves': 31, 'subsample': 0.8}",2.08387444028142,0.968430491097106,0.378263711929321
LightGBM,Enhanced,6,"{'colsample_bytree': 0.8, 'learning_rate': 0.05, 'max_depth': 3, 'min_child_samples': 50, 'n_estimators': 1000, 'num_leaves': 62, 'subsample': 0.6}",2.08359435465021,0.968438976801845,0.390379190444946
LightGBM,Enhanced,6,"{'colsample_bytree': 0.8, 'learning_rate': 0.05, 'max_depth': 3, 'min_child_samples': 50, 'n_estimators': 1000, 'num_leaves': 62, 'subsample': 0.8}",2.08359435063421,0.968438976923509,0.382319927215576
LightGBM,Enhanced,6,"{'colsample_bytree': 0.8, 'learning_rate': 0.05, 'max_depth': 3, 'min_child_samples': 100, 'n_estimators': 500, 'num_leaves': 15, 'subsample': 0.6}",2.15781294889393,0.96615049515188,0.310950756072998
LightGBM,Enhanced,6,"{'colsample_bytree': 0.8, 'learning_rate': 0.05, 'max_depth': 3, 'min_child_samples': 100, 'n_estimators': 500, 'num_leaves': 15, 'subsample': 0.8}",2.15781294951275,0.966150495132465,0.292472839355469
LightGBM,Enhanced,6,"{'colsample_bytree': 0.8, 'learning_rate': 0.05, 'max_depth': 3, 'min_child_samples': 100, 'n_estimators': 500, 'num_leaves': 31, 'subsample': 0.6}",2.15781294599433,0.966150495242851,0.317070007324219
LightGBM,Enhanced,6,"{'colsample_bytree': 0.8, 'learning_rate': 0.05, 'max_depth': 3, 'min_child_samples': 100, 'n_estimators': 500, 'num_leaves': 31, 'subsample': 0.8}",2.15781295234608,0.966150495043572,0.303119659423828
LightGBM,Enhanced,6,"{'colsample_bytree': 0.8, 'learning_rate': 0.05, 'max_depth': 3, 'min_child_samples': 100, 'n_estimators': 500, 'num_leaves': 62, 'subsample': 0.6}",2.15781294825412,0.966150495171953,0.302712678909302
LightGBM,Enhanced,6,"{'colsample_bytree': 0.8, 'learning_rate': 0.05, 'max_depth': 3, 'min_child_samples': 100, 'n_estimators': 500, 'num_leaves': 62, 'subsample': 0.8}",2.15781294789755,0.96615049518314,0.312198162078857
LightGBM,Enhanced,6,"{'colsample_bytree': 0.8, 'learning_rate': 0.05, 'max_depth': 3, 'min_child_samples': 100, 'n_estimators': 750, 'num_leaves': 15, 'subsample': 0.6}",2.15781294987701,0.966150495121037,0.291431903839111
LightGBM,Enhanced,6,"{'colsample_bytree': 0.8, 'learning_rate': 0.05, 'max_depth': 3, 'min_child_samples': 100, 'n_estimators': 750, 'num_leaves': 15, 'subsample': 0.8}",2.15781295003253,0.966150495116157,0.28122615814209
LightGBM,Enhanced,6,"{'colsample_bytree': 0.8, 'learning_rate': 0.05, 'max_depth': 3, 'min_child_samples': 100, 'n_estimators': 750, 'num_leaves': 31, 'subsample': 0.6}",2.15781295049297,0.966150495101712,0.329655170440674
LightGBM,Enhanced,6,"{'colsample_bytree': 0.8, 'learning_rate': 0.05, 'max_depth': 3, 'min_child_samples': 100, 'n_estimators': 750, 'num_leaves': 31, 'subsample': 0.8}",2.15781294764781,0.966150495190975,0.34160327911377
LightGBM,Enhanced,6,"{'colsample_bytree': 0.8, 'learning_rate': 0.05, 'max_depth': 3, 'min_child_samples': 100, 'n_estimators': 750, 'num_leaves': 62, 'subsample': 0.6}",2.1578129471139,0.966150495207726,0.328311920166016
LightGBM,Enhanced,6,"{'colsample_bytree': 0.8, 'learning_rate': 0.05, 'max_depth': 3, 'min_child_samples': 100, 'n_estimators': 750, 'num_leaves': 62, 'subsample': 0.8}",2.15781294954987,0.9661504951313,0.27760648727417
LightGBM,Enhanced,6,"{'colsample_bytree': 0.8, 'learning_rate': 0.05, 'max_depth': 3, 'min_child_samples': 100, 'n_estimators': 1000, 'num_leaves': 15, 'subsample': 0.6}",2.15781294968025,0.96615049512721,0.259007930755615
LightGBM,Enhanced,6,"{'colsample_bytree': 0.8, 'learning_rate': 0.05, 'max_depth': 3, 'min_child_samples': 100, 'n_estimators': 1000, 'num_leaves': 15, 'subsample': 0.8}",2.15781295103949,0.966150495084565,0.157047271728516
LightGBM,Enhanced,6,"{'colsample_bytree': 0.8, 'learning_rate': 0.05, 'max_depth': 3, 'min_child_samples': 100, 'n_estimators': 1000, 'num_leaves': 31, 'subsample': 0.6}",2.15781295092744,0.96615049508808,0.172926664352417
LightGBM,Enhanced,6,"{'colsample_bytree': 0.8, 'learning_rate': 0.05, 'max_depth': 3, 'min_child_samples': 100, 'n_estimators': 1000, 'num_leaves': 31, 'subsample': 0.8}",2.157812949074,0.96615049514623,0.157577991485596
LightGBM,Enhanced,6,"{'colsample_bytree': 0.8, 'learning_rate': 0.05, 'max_depth': 3, 'min_child_samples': 100, 'n_estimators': 1000, 'num_leaves': 62, 'subsample': 0.6}",2.15781294785324,0.96615049518453,0.157344102859497
LightGBM,Enhanced,6,"{'colsample_bytree': 0.8, 'learning_rate': 0.05, 'max_depth': 3, 'min_child_samples': 100, 'n_estimators': 1000, 'num_leaves': 62, 'subsample': 0.8}",2.15781294969087,0.966150495126876,0.162384271621704
LightGBM,Enhanced,6,"{'colsample_bytree': 0.8, 'learning_rate': 0.05, 'max_depth': 5, 'min_child_samples': 50, 'n_estimators': 500, 'num_leaves': 15, 'subsample': 0.6}",2.12360837256904,0.967215120772019,0.185470342636108
LightGBM,Enhanced,6,"{'colsample_bytree': 0.8, 'learning_rate': 0.05, 'max_depth': 5, 'min_child_samples': 50, 'n_estimators': 500, 'num_leaves': 15, 'subsample': 0.8}",2.12360837313531,0.967215120754535,0.203125238418579
LightGBM,Enhanced,6,"{'colsample_bytree': 0.8, 'learning_rate': 0.05, 'max_depth': 5, 'min_child_samples': 50, 'n_estimators': 500, 'num_leaves': 31, 'subsample': 0.6}",2.13040840752366,0.967004822805104,0.182141780853271
LightGBM,Enhanced,6,"{'colsample_bytree': 0.8, 'learning_rate': 0.05, 'max_depth': 5, 'min_child_samples': 50, 'n_estimators': 500, 'num_leaves': 31, 'subsample': 0.8}",2.12993816187042,0.967019387267196,0.238774538040161
LightGBM,Enhanced,6,"{'colsample_bytree': 0.8, 'learning_rate': 0.05, 'max_depth': 5, 'min_child_samples': 50, 'n_estimators': 500, 'num_leaves': 62, 'subsample': 0.6}",2.13040840671636,0.96700482283011,0.213723421096802
LightGBM,Enhanced,6,"{'colsample_bytree': 0.8, 'learning_rate': 0.05, 'max_depth': 5, 'min_child_samples': 50, 'n_estimators': 500, 'num_leaves': 62, 'subsample': 0.8}",2.13040841136726,0.967004822686046,0.231161594390869
LightGBM,Enhanced,6,"{'colsample_bytree': 0.8, 'learning_rate': 0.05, 'max_depth': 5, 'min_child_samples': 50, 'n_estimators': 750, 'num_leaves': 15, 'subsample': 0.6}",2.12360837807358,0.967215120602058,0.181344747543335
LightGBM,Enhanced,6,"{'colsample_bytree': 0.8, 'learning_rate': 0.05, 'max_depth': 5, 'min_child_samples': 50, 'n_estimators': 750, 'num_leaves': 15, 'subsample': 0.8}",2.12408194936817,0.967200496710845,0.187495708465576
LightGBM,Enhanced,6,"{'colsample_bytree': 0.8, 'learning_rate': 0.05, 'max_depth': 5, 'min_child_samples': 50, 'n_estimators': 750, 'num_leaves': 31, 'subsample': 0.6}",2.13040840833962,0.967004822779829,0.186167240142822
LightGBM,Enhanced,6,"{'colsample_bytree': 0.8, 'learning_rate': 0.05, 'max_depth': 5, 'min_child_samples': 50, 'n_estimators': 750, 'num_leaves': 31, 'subsample': 0.8}",2.13040840894571,0.967004822761055,0.170279264450073
LightGBM,Enhanced,6,"{'colsample_bytree': 0.8, 'learning_rate': 0.05, 'max_depth': 5, 'min_child_samples': 50, 'n_estimators': 750, 'num_leaves': 62, 'subsample': 0.6}",2.1304339533361,0.96700403150738,0.180755615234375
LightGBM,Enhanced,6,"{'colsample_bytree': 0.8, 'learning_rate': 0.05, 'max_depth': 5, 'min_child_samples': 50, 'n_estimators': 750, 'num_leaves': 62, 'subsample': 0.8}",2.13043395231783,0.967004031538922,0.180713891983032
LightGBM,Enhanced,6,"{'colsample_bytree': 0.8, 'learning_rate': 0.05, 'max_depth': 5, 'min_child_samples': 50, 'n_estimators': 1000, 'num_leaves': 15, 'subsample': 0.6}",2.1236083739504,0.967215120729368,0.166488409042358
LightGBM,Enhanced,6,"{'colsample_bytree': 0.8, 'learning_rate': 0.05, 'max_depth': 5, 'min_child_samples': 50, 'n_estimators': 1000, 'num_leaves': 15, 'subsample': 0.8}",2.12360837295931,0.967215120759969,0.180920124053955
LightGBM,Enhanced,6,"{'colsample_bytree': 0.8, 'learning_rate': 0.05, 'max_depth': 5, 'min_child_samples': 50, 'n_estimators': 1000, 'num_leaves': 31, 'subsample': 0.6}",2.13043395180982,0.967004031554658,0.192903757095337
LightGBM,Enhanced,6,"{'colsample_bytree': 0.8, 'learning_rate': 0.05, 'max_depth': 5, 'min_child_samples': 50, 'n_estimators': 1000, 'num_leaves': 31, 'subsample': 0.8}",2.13040840658722,0.96700482283411,0.180877685546875
LightGBM,Enhanced,6,"{'colsample_bytree': 0.8, 'learning_rate': 0.05, 'max_depth': 5, 'min_child_samples': 50, 'n_estimators': 1000, 'num_leaves': 62, 'subsample': 0.6}",2.13040840863244,0.967004822770759,0.178179264068604
LightGBM,Enhanced,6,"{'colsample_bytree': 0.8, 'learning_rate': 0.05, 'max_depth': 5, 'min_child_samples': 50, 'n_estimators': 1000, 'num_leaves': 62, 'subsample': 0.8}",2.13040841083674,0.967004822702479,0.179530143737793
LightGBM,Enhanced,6,"{'colsample_bytree': 0.8, 'learning_rate': 0.05, 'max_depth': 5, 'min_child_samples': 100, 'n_estimators': 500, 'num_leaves': 15, 'subsample': 0.6}",2.14789685321044,0.966460886919963,0.169188022613525
LightGBM,Enhanced,6,"{'colsample_bytree': 0.8, 'learning_rate': 0.05, 'max_depth': 5, 'min_child_samples': 100, 'n_estimators': 500, 'num_leaves': 15, 'subsample': 0.8}",2.1479020410629,0.966460724904566,0.174216747283936
LightGBM,Enhanced,6,"{'colsample_bytree': 0.8, 'learning_rate': 0.05, 'max_depth': 5, 'min_child_samples': 100, 'n_estimators': 500, 'num_leaves': 31, 'subsample': 0.6}",2.14790204310249,0.966460724840871,0.190645933151245
LightGBM,Enhanced,6,"{'colsample_bytree': 0.8, 'learning_rate': 0.05, 'max_depth': 5, 'min_child_samples': 100, 'n_estimators': 500, 'num_leaves': 31, 'subsample': 0.8}",2.14790204087493,0.966460724910436,0.200317859649658
LightGBM,Enhanced,6,"{'colsample_bytree': 0.8, 'learning_rate': 0.05, 'max_depth': 5, 'min_child_samples': 100, 'n_estimators': 500, 'num_leaves': 62, 'subsample': 0.6}",2.14790204124437,0.966460724898899,0.187838554382324
LightGBM,Enhanced,6,"{'colsample_bytree': 0.8, 'learning_rate': 0.05, 'max_depth': 5, 'min_child_samples': 100, 'n_estimators': 500, 'num_leaves': 62, 'subsample': 0.8}",2.14790204101476,0.96646072490607,0.176797389984131
LightGBM,Enhanced,6,"{'colsample_bytree': 0.8, 'learning_rate': 0.05, 'max_depth': 5, 'min_child_samples': 100, 'n_estimators': 750, 'num_leaves': 15, 'subsample': 0.6}",2.14790204024293,0.966460724930174,0.167352676391602
LightGBM,Enhanced,6,"{'colsample_bytree': 0.8, 'learning_rate': 0.05, 'max_depth': 5, 'min_child_samples': 100, 'n_estimators': 750, 'num_leaves': 15, 'subsample': 0.8}",2.14790203990641,0.966460724940683,0.170353889465332
LightGBM,Enhanced,6,"{'colsample_bytree': 0.8, 'learning_rate': 0.05, 'max_depth': 5, 'min_child_samples': 100, 'n_estimators': 750, 'num_leaves': 31, 'subsample': 0.6}",2.14790203846797,0.966460724985606,0.167368412017822
LightGBM,Enhanced,6,"{'colsample_bytree': 0.8, 'learning_rate': 0.05, 'max_depth': 5, 'min_child_samples': 100, 'n_estimators': 750, 'num_leaves': 31, 'subsample': 0.8}",2.14790204316494,0.96646072483892,0.177908658981323
LightGBM,Enhanced,6,"{'colsample_bytree': 0.8, 'learning_rate': 0.05, 'max_depth': 5, 'min_child_samples': 100, 'n_estimators': 750, 'num_leaves': 62, 'subsample': 0.6}",2.1479020416886,0.966460724885026,0.180927753448486
LightGBM,Enhanced,6,"{'colsample_bytree': 0.8, 'learning_rate': 0.05, 'max_depth': 5, 'min_child_samples': 100, 'n_estimators': 750, 'num_leaves': 62, 'subsample': 0.8}",2.14790203918682,0.966460724963156,0.171088695526123
LightGBM,Enhanced,6,"{'colsample_bytree': 0.8, 'learning_rate': 0.05, 'max_depth': 5, 'min_child_samples': 100, 'n_estimators': 1000, 'num_leaves': 15, 'subsample': 0.6}",2.14790203976194,0.966460724945195,0.179919958114624
LightGBM,Enhanced,6,"{'colsample_bytree': 0.8, 'learning_rate': 0.05, 'max_depth': 5, 'min_child_samples': 100, 'n_estimators': 1000, 'num_leaves': 15, 'subsample': 0.8}",2.14790204118063,0.96646072490089,0.183639526367188
LightGBM,Enhanced,6,"{'colsample_bytree': 0.8, 'learning_rate': 0.05, 'max_depth': 5, 'min_child_samples': 100, 'n_estimators': 1000, 'num_leaves': 31, 'subsample': 0.6}",2.14790204176285,0.966460724882707,0.184453010559082
LightGBM,Enhanced,6,"{'colsample_bytree': 0.8, 'learning_rate': 0.05, 'max_depth': 5, 'min_child_samples': 100, 'n_estimators': 1000, 'num_leaves': 31, 'subsample': 0.8}",2.14789685342538,0.966460886913251,0.176027297973633
LightGBM,Enhanced,6,"{'colsample_bytree': 0.8, 'learning_rate': 0.05, 'max_depth': 5, 'min_child_samples': 100, 'n_estimators': 1000, 'num_leaves': 62, 'subsample': 0.6}",2.14789685456679,0.966460886877605,0.170788288116455
LightGBM,Enhanced,6,"{'colsample_bytree': 0.8, 'learning_rate': 0.05, 'max_depth': 5, 'min_child_samples': 100, 'n_estimators': 1000, 'num_leaves': 62, 'subsample': 0.8}",2.14791075100529,0.96646045289426,0.17328953742981
LightGBM,Enhanced,6,"{'colsample_bytree': 0.8, 'learning_rate': 0.05, 'max_depth': 9, 'min_child_samples': 50, 'n_estimators': 500, 'num_leaves': 15, 'subsample': 0.6}",2.11776228014654,0.967395379637894,0.200252532958984
LightGBM,Enhanced,6,"{'colsample_bytree': 0.8, 'learning_rate': 0.05, 'max_depth': 9, 'min_child_samples': 50, 'n_estimators': 500, 'num_leaves': 15, 'subsample': 0.8}",2.11776228519152,0.967395379482551,0.214385509490967
LightGBM,Enhanced,6,"{'colsample_bytree': 0.8, 'learning_rate': 0.05, 'max_depth': 9, 'min_child_samples': 50, 'n_estimators': 500, 'num_leaves': 31, 'subsample': 0.6}",2.12711552407584,0.967106742516962,0.26441502571106
LightGBM,Enhanced,6,"{'colsample_bytree': 0.8, 'learning_rate': 0.05, 'max_depth': 9, 'min_child_samples': 50, 'n_estimators': 500, 'num_leaves': 31, 'subsample': 0.8}",2.12710156150272,0.967107174344006,0.265499353408814
LightGBM,Enhanced,6,"{'colsample_bytree': 0.8, 'learning_rate': 0.05, 'max_depth': 9, 'min_child_samples': 50, 'n_estimators': 500, 'num_leaves': 62, 'subsample': 0.6}",2.13380728617286,0.966899457033073,0.309765815734863
LightGBM,Enhanced,6,"{'colsample_bytree': 0.8, 'learning_rate': 0.05, 'max_depth': 9, 'min_child_samples': 50, 'n_estimators': 500, 'num_leaves': 62, 'subsample': 0.8}",2.13435504078863,0.966882460838103,0.295479297637939
LightGBM,Enhanced,6,"{'colsample_bytree': 0.8, 'learning_rate': 0.05, 'max_depth': 9, 'min_child_samples': 50, 'n_estimators': 750, 'num_leaves': 15, 'subsample': 0.6}",2.1177622786919,0.967395379682684,0.196871042251587
LightGBM,Enhanced,6,"{'colsample_bytree': 0.8, 'learning_rate': 0.05, 'max_depth': 9, 'min_child_samples': 50, 'n_estimators': 750, 'num_leaves': 15, 'subsample': 0.8}",2.11776228010741,0.967395379639099,0.200298070907593
LightGBM,Enhanced,6,"{'colsample_bytree': 0.8, 'learning_rate': 0.05, 'max_depth': 9, 'min_child_samples': 50, 'n_estimators': 750, 'num_leaves': 31, 'subsample': 0.6}",2.12712132355423,0.967106563152941,0.266818284988403
LightGBM,Enhanced,6,"{'colsample_bytree': 0.8, 'learning_rate': 0.05, 'max_depth': 9, 'min_child_samples': 50, 'n_estimators': 750, 'num_leaves': 31, 'subsample': 0.8}",2.12711552258871,0.967106742562955,0.25622820854187
LightGBM,Enhanced,6,"{'colsample_bytree': 0.8, 'learning_rate': 0.05, 'max_depth': 9, 'min_child_samples': 50, 'n_estimators': 750, 'num_leaves': 62, 'subsample': 0.6}",2.13438261117544,0.966881605245434,0.286603927612305
LightGBM,Enhanced,6,"{'colsample_bytree': 0.8, 'learning_rate': 0.05, 'max_depth': 9, 'min_child_samples': 50, 'n_estimators': 750, 'num_leaves': 62, 'subsample': 0.8}",2.13376199594488,0.966900862141432,0.296565532684326
LightGBM,Enhanced,6,"{'colsample_bytree': 0.8, 'learning_rate': 0.05, 'max_depth': 9, 'min_child_samples': 50, 'n_estimators': 1000, 'num_leaves': 15, 'subsample': 0.6}",2.11776227937839,0.967395379661546,0.191998958587646
LightGBM,Enhanced,6,"{'colsample_bytree': 0.8, 'learning_rate': 0.05, 'max_depth': 9, 'min_child_samples': 50, 'n_estimators': 1000, 'num_leaves': 15, 'subsample': 0.8}",2.11776228034231,0.967395379631865,0.193799734115601
LightGBM,Enhanced,6,"{'colsample_bytree': 0.8, 'learning_rate': 0.05, 'max_depth': 9, 'min_child_samples': 50, 'n_estimators': 1000, 'num_leaves': 31, 'subsample': 0.6}",2.12657067326985,0.967123591270441,0.243268489837646
LightGBM,Enhanced,6,"{'colsample_bytree': 0.8, 'learning_rate': 0.05, 'max_depth': 9, 'min_child_samples': 50, 'n_estimators': 1000, 'num_leaves': 31, 'subsample': 0.8}",2.12712151800752,0.967106557138957,0.255606889724731
LightGBM,Enhanced,6,"{'colsample_bytree': 0.8, 'learning_rate': 0.05, 'max_depth': 9, 'min_child_samples': 50, 'n_estimators': 1000, 'num_leaves': 62, 'subsample': 0.6}",2.13381702493751,0.966899154888511,0.273940801620483
LightGBM,Enhanced,6,"{'colsample_bytree': 0.8, 'learning_rate': 0.05, 'max_depth': 9, 'min_child_samples': 50, 'n_estimators': 1000, 'num_leaves': 62, 'subsample': 0.8}",2.13372543898084,0.966901996282568,0.284968137741089
LightGBM,Enhanced,6,"{'colsample_bytree': 0.8, 'learning_rate': 0.05, 'max_depth': 9, 'min_child_samples': 100, 'n_estimators': 500, 'num_leaves': 15, 'subsample': 0.6}",2.14536168996465,0.966540012645092,0.249453067779541
LightGBM,Enhanced,6,"{'colsample_bytree': 0.8, 'learning_rate': 0.05, 'max_depth': 9, 'min_child_samples': 100, 'n_estimators': 500, 'num_leaves': 15, 'subsample': 0.8}",2.1453458923549,0.966540505415965,0.233408689498901
LightGBM,Enhanced,6,"{'colsample_bytree': 0.8, 'learning_rate': 0.05, 'max_depth': 9, 'min_child_samples': 100, 'n_estimators': 500, 'num_leaves': 31, 'subsample': 0.6}",2.14444982761442,0.966568450198246,0.276249647140503
LightGBM,Enhanced,6,"{'colsample_bytree': 0.8, 'learning_rate': 0.05, 'max_depth': 9, 'min_child_samples': 100, 'n_estimators': 500, 'num_leaves': 31, 'subsample': 0.8}",2.14446445125284,0.966567994237415,0.29184103012085
LightGBM,Enhanced,6,"{'colsample_bytree': 0.8, 'learning_rate': 0.05, 'max_depth': 9, 'min_child_samples': 100, 'n_estimators': 500, 'num_leaves': 62, 'subsample': 0.6}",2.1444644525322,0.966567994197525,0.258161306381226
LightGBM,Enhanced,6,"{'colsample_bytree': 0.8, 'learning_rate': 0.05, 'max_depth': 9, 'min_child_samples': 100, 'n_estimators': 500, 'num_leaves': 62, 'subsample': 0.8}",2.14446445159732,0.966567994226674,0.25158429145813
LightGBM,Enhanced,6,"{'colsample_bytree': 0.8, 'learning_rate': 0.05, 'max_depth': 9, 'min_child_samples': 100, 'n_estimators': 750, 'num_leaves': 15, 'subsample': 0.6}",2.14536654998231,0.966539861047052,0.228845357894897
LightGBM,Enhanced,6,"{'colsample_bytree': 0.8, 'learning_rate': 0.05, 'max_depth': 9, 'min_child_samples': 100, 'n_estimators': 750, 'num_leaves': 15, 'subsample': 0.8}",2.1453456526622,0.966540512892611,0.252397298812866
LightGBM,Enhanced,6,"{'colsample_bytree': 0.8, 'learning_rate': 0.05, 'max_depth': 9, 'min_child_samples': 100, 'n_estimators': 750, 'num_leaves': 31, 'subsample': 0.6}",2.14442924277769,0.966569092022254,0.249686717987061
LightGBM,Enhanced,6,"{'colsample_bytree': 0.8, 'learning_rate': 0.05, 'max_depth': 9, 'min_child_samples': 100, 'n_estimators': 750, 'num_leaves': 31, 'subsample': 0.8}",2.1444373213421,0.966568840137746,0.270097255706787
LightGBM,Enhanced,6,"{'colsample_bytree': 0.8, 'learning_rate': 0.05, 'max_depth': 9, 'min_child_samples': 100, 'n_estimators': 750, 'num_leaves': 62, 'subsample': 0.6}",2.14446445266214,0.966567994193473,0.259047269821167
LightGBM,Enhanced,6,"{'colsample_bytree': 0.8, 'learning_rate': 0.05, 'max_depth': 9, 'min_child_samples': 100, 'n_estimators': 750, 'num_leaves': 62, 'subsample': 0.8}",2.14446445282084,0.966567994188525,0.296723127365112
LightGBM,Enhanced,6,"{'colsample_bytree': 0.8, 'learning_rate': 0.05, 'max_depth': 9, 'min_child_samples': 100, 'n_estimators': 1000, 'num_leaves': 15, 'subsample': 0.6}",2.14536654861709,0.966539861089637,0.230143308639526
LightGBM,Enhanced,6,"{'colsample_bytree': 0.8, 'learning_rate': 0.05, 'max_depth': 9, 'min_child_samples': 100, 'n_estimators': 1000, 'num_leaves': 15, 'subsample': 0.8}",2.14537473884854,0.966539605611798,0.226963520050049
LightGBM,Enhanced,6,"{'colsample_bytree': 0.8, 'learning_rate': 0.05, 'max_depth': 9, 'min_child_samples': 100, 'n_estimators': 1000, 'num_leaves': 31, 'subsample': 0.6}",2.14444387022733,0.966568635946968,0.266673564910889
LightGBM,Enhanced,6,"{'colsample_bytree': 0.8, 'learning_rate': 0.05, 'max_depth': 9, 'min_child_samples': 100, 'n_estimators': 1000, 'num_leaves': 31, 'subsample': 0.8}",2.1444644533799,0.966567994171094,0.241368293762207
LightGBM,Enhanced,6,"{'colsample_bytree': 0.8, 'learning_rate': 0.05, 'max_depth': 9, 'min_child_samples': 100, 'n_estimators': 1000, 'num_leaves': 62, 'subsample': 0.6}",2.14446445419905,0.966567994145553,0.260868072509766
LightGBM,Enhanced,6,"{'colsample_bytree': 0.8, 'learning_rate': 0.05, 'max_depth': 9, 'min_child_samples': 100, 'n_estimators': 1000, 'num_leaves': 62, 'subsample': 0.8}",2.14444386685515,0.96656863605211,0.258149147033691
LightGBM,Enhanced,7,"{'colsample_bytree': 0.6, 'learning_rate': 0.01, 'max_depth': 3, 'min_child_samples': 50, 'n_estimators': 500, 'num_leaves': 15, 'subsample': 0.6}",1.85306122923801,0.976961872333588,0.300315380096436
LightGBM,Enhanced,7,"{'colsample_bytree': 0.6, 'learning_rate': 0.01, 'max_depth': 3, 'min_child_samples': 50, 'n_estimators': 500, 'num_leaves': 15, 'subsample': 0.8}",1.8530612298727,0.976961872317806,0.291460514068604
LightGBM,Enhanced,7,"{'colsample_bytree': 0.6, 'learning_rate': 0.01, 'max_depth': 3, 'min_child_samples': 50, 'n_estimators': 500, 'num_leaves': 31, 'subsample': 0.6}",1.85306122821448,0.976961872359038,0.301838397979736
LightGBM,Enhanced,7,"{'colsample_bytree': 0.6, 'learning_rate': 0.01, 'max_depth': 3, 'min_child_samples': 50, 'n_estimators': 500, 'num_leaves': 31, 'subsample': 0.8}",1.85306122816541,0.976961872360258,0.291227102279663
LightGBM,Enhanced,7,"{'colsample_bytree': 0.6, 'learning_rate': 0.01, 'max_depth': 3, 'min_child_samples': 50, 'n_estimators': 500, 'num_leaves': 62, 'subsample': 0.6}",1.85306122900023,0.9769618723395,0.302555322647095
LightGBM,Enhanced,7,"{'colsample_bytree': 0.6, 'learning_rate': 0.01, 'max_depth': 3, 'min_child_samples': 50, 'n_estimators': 500, 'num_leaves': 62, 'subsample': 0.8}",1.85306122680156,0.97696187239417,0.312151193618774
LightGBM,Enhanced,7,"{'colsample_bytree': 0.6, 'learning_rate': 0.01, 'max_depth': 3, 'min_child_samples': 50, 'n_estimators': 750, 'num_leaves': 15, 'subsample': 0.6}",1.71998284090833,0.98015204027833,0.383104085922241
LightGBM,Enhanced,7,"{'colsample_bytree': 0.6, 'learning_rate': 0.01, 'max_depth': 3, 'min_child_samples': 50, 'n_estimators': 750, 'num_leaves': 15, 'subsample': 0.8}",1.71998284131774,0.980152040268881,0.387033224105835
LightGBM,Enhanced,7,"{'colsample_bytree': 0.6, 'learning_rate': 0.01, 'max_depth': 3, 'min_child_samples': 50, 'n_estimators': 750, 'num_leaves': 31, 'subsample': 0.6}",1.71998283884461,0.980152040325959,0.387154340744019
LightGBM,Enhanced,7,"{'colsample_bytree': 0.6, 'learning_rate': 0.01, 'max_depth': 3, 'min_child_samples': 50, 'n_estimators': 750, 'num_leaves': 31, 'subsample': 0.8}",1.71998284141427,0.980152040266653,0.375567436218262
LightGBM,Enhanced,7,"{'colsample_bytree': 0.6, 'learning_rate': 0.01, 'max_depth': 3, 'min_child_samples': 50, 'n_estimators': 750, 'num_leaves': 62, 'subsample': 0.6}",1.71998284186621,0.980152040256223,0.384293079376221
LightGBM,Enhanced,7,"{'colsample_bytree': 0.6, 'learning_rate': 0.01, 'max_depth': 3, 'min_child_samples': 50, 'n_estimators': 750, 'num_leaves': 62, 'subsample': 0.8}",1.71998284036979,0.980152040290759,0.37594485282898
LightGBM,Enhanced,7,"{'colsample_bytree': 0.6, 'learning_rate': 0.01, 'max_depth': 3, 'min_child_samples': 50, 'n_estimators': 1000, 'num_leaves': 15, 'subsample': 0.6}",1.68536769123922,0.980942893117537,0.479828834533691
LightGBM,Enhanced,7,"{'colsample_bytree': 0.6, 'learning_rate': 0.01, 'max_depth': 3, 'min_child_samples': 50, 'n_estimators': 1000, 'num_leaves': 15, 'subsample': 0.8}",1.68536769145916,0.980942893112563,0.469503164291382
LightGBM,Enhanced,7,"{'colsample_bytree': 0.6, 'learning_rate': 0.01, 'max_depth': 3, 'min_child_samples': 50, 'n_estimators': 1000, 'num_leaves': 31, 'subsample': 0.6}",1.68536769088111,0.980942893125636,0.480352878570557
LightGBM,Enhanced,7,"{'colsample_bytree': 0.6, 'learning_rate': 0.01, 'max_depth': 3, 'min_child_samples': 50, 'n_estimators': 1000, 'num_leaves': 31, 'subsample': 0.8}",1.68536769072094,0.980942893129258,0.466819047927856
LightGBM,Enhanced,7,"{'colsample_bytree': 0.6, 'learning_rate': 0.01, 'max_depth': 3, 'min_child_samples': 50, 'n_estimators': 1000, 'num_leaves': 62, 'subsample': 0.6}",1.68536769045519,0.980942893135268,0.47850489616394
LightGBM,Enhanced,7,"{'colsample_bytree': 0.6, 'learning_rate': 0.01, 'max_depth': 3, 'min_child_samples': 50, 'n_estimators': 1000, 'num_leaves': 62, 'subsample': 0.8}",1.68536769069697,0.9809428931298,0.482098340988159
LightGBM,Enhanced,7,"{'colsample_bytree': 0.6, 'learning_rate': 0.01, 'max_depth': 3, 'min_child_samples': 100, 'n_estimators': 500, 'num_leaves': 15, 'subsample': 0.6}",2.29859382860117,0.964551969223065,0.276472330093384
LightGBM,Enhanced,7,"{'colsample_bytree': 0.6, 'learning_rate': 0.01, 'max_depth': 3, 'min_child_samples': 100, 'n_estimators': 500, 'num_leaves': 15, 'subsample': 0.8}",2.29859382813415,0.964551969237469,0.289623498916626
LightGBM,Enhanced,7,"{'colsample_bytree': 0.6, 'learning_rate': 0.01, 'max_depth': 3, 'min_child_samples': 100, 'n_estimators': 500, 'num_leaves': 31, 'subsample': 0.6}",2.29859382723908,0.964551969265076,0.286026239395142
LightGBM,Enhanced,7,"{'colsample_bytree': 0.6, 'learning_rate': 0.01, 'max_depth': 3, 'min_child_samples': 100, 'n_estimators': 500, 'num_leaves': 31, 'subsample': 0.8}",2.29859382952951,0.964551969194432,0.27251672744751
LightGBM,Enhanced,7,"{'colsample_bytree': 0.6, 'learning_rate': 0.01, 'max_depth': 3, 'min_child_samples': 100, 'n_estimators': 500, 'num_leaves': 62, 'subsample': 0.6}",2.29859382853268,0.964551969225177,0.275925636291504
LightGBM,Enhanced,7,"{'colsample_bytree': 0.6, 'learning_rate': 0.01, 'max_depth': 3, 'min_child_samples': 100, 'n_estimators': 500, 'num_leaves': 62, 'subsample': 0.8}",2.29859383127106,0.964551969140717,0.288334846496582
LightGBM,Enhanced,7,"{'colsample_bytree': 0.6, 'learning_rate': 0.01, 'max_depth': 3, 'min_child_samples': 100, 'n_estimators': 750, 'num_leaves': 15, 'subsample': 0.6}",2.16685620518592,0.968498747234412,0.361801147460938
LightGBM,Enhanced,7,"{'colsample_bytree': 0.6, 'learning_rate': 0.01, 'max_depth': 3, 'min_child_samples': 100, 'n_estimators': 750, 'num_leaves': 15, 'subsample': 0.8}",2.16685620562301,0.968498747221704,0.393804550170898
LightGBM,Enhanced,7,"{'colsample_bytree': 0.6, 'learning_rate': 0.01, 'max_depth': 3, 'min_child_samples': 100, 'n_estimators': 750, 'num_leaves': 31, 'subsample': 0.6}",2.16685620564021,0.968498747221203,0.369102716445923
LightGBM,Enhanced,7,"{'colsample_bytree': 0.6, 'learning_rate': 0.01, 'max_depth': 3, 'min_child_samples': 100, 'n_estimators': 750, 'num_leaves': 31, 'subsample': 0.8}",2.1668562013233,0.96849874734672,0.374269247055054
LightGBM,Enhanced,7,"{'colsample_bytree': 0.6, 'learning_rate': 0.01, 'max_depth': 3, 'min_child_samples': 100, 'n_estimators': 750, 'num_leaves': 62, 'subsample': 0.6}",2.16685620571297,0.968498747219088,0.375063180923462
LightGBM,Enhanced,7,"{'colsample_bytree': 0.6, 'learning_rate': 0.01, 'max_depth': 3, 'min_child_samples': 100, 'n_estimators': 750, 'num_leaves': 62, 'subsample': 0.8}",2.16685620357979,0.968498747281111,0.375535011291504
LightGBM,Enhanced,7,"{'colsample_bytree': 0.6, 'learning_rate': 0.01, 'max_depth': 3, 'min_child_samples': 100, 'n_estimators': 1000, 'num_leaves': 15, 'subsample': 0.6}",2.06147381527691,0.971488288561497,0.434928894042969
LightGBM,Enhanced,7,"{'colsample_bytree': 0.6, 'learning_rate': 0.01, 'max_depth': 3, 'min_child_samples': 100, 'n_estimators': 1000, 'num_leaves': 15, 'subsample': 0.8}",2.06147381364001,0.971488288606776,0.438220262527466
LightGBM,Enhanced,7,"{'colsample_bytree': 0.6, 'learning_rate': 0.01, 'max_depth': 3, 'min_child_samples': 100, 'n_estimators': 1000, 'num_leaves': 31, 'subsample': 0.6}",2.06147381409437,0.971488288594207,0.443811178207397
LightGBM,Enhanced,7,"{'colsample_bytree': 0.6, 'learning_rate': 0.01, 'max_depth': 3, 'min_child_samples': 100, 'n_estimators': 1000, 'num_leaves': 31, 'subsample': 0.8}",2.06147381416494,0.971488288592255,0.442730665206909
LightGBM,Enhanced,7,"{'colsample_bytree': 0.6, 'learning_rate': 0.01, 'max_depth': 3, 'min_child_samples': 100, 'n_estimators': 1000, 'num_leaves': 62, 'subsample': 0.6}",2.06147381445937,0.971488288584111,0.451329946517944
LightGBM,Enhanced,7,"{'colsample_bytree': 0.6, 'learning_rate': 0.01, 'max_depth': 3, 'min_child_samples': 100, 'n_estimators': 1000, 'num_leaves': 62, 'subsample': 0.8}",2.06147381622739,0.971488288535205,0.446608781814575
LightGBM,Enhanced,7,"{'colsample_bytree': 0.6, 'learning_rate': 0.01, 'max_depth': 5, 'min_child_samples': 50, 'n_estimators': 500, 'num_leaves': 15, 'subsample': 0.6}",1.76712827875455,0.979049046401288,0.44456672668457
LightGBM,Enhanced,7,"{'colsample_bytree': 0.6, 'learning_rate': 0.01, 'max_depth': 5, 'min_child_samples': 50, 'n_estimators': 500, 'num_leaves': 15, 'subsample': 0.8}",1.76712828148514,0.979049046336541,0.465191841125488
LightGBM,Enhanced,7,"{'colsample_bytree': 0.6, 'learning_rate': 0.01, 'max_depth': 5, 'min_child_samples': 50, 'n_estimators': 500, 'num_leaves': 31, 'subsample': 0.6}",1.76733782046278,0.979044077482005,0.466187000274658
LightGBM,Enhanced,7,"{'colsample_bytree': 0.6, 'learning_rate': 0.01, 'max_depth': 5, 'min_child_samples': 50, 'n_estimators': 500, 'num_leaves': 31, 'subsample': 0.8}",1.76733937824848,0.979044040539605,0.461693525314331
LightGBM,Enhanced,7,"{'colsample_bytree': 0.6, 'learning_rate': 0.01, 'max_depth': 5, 'min_child_samples': 50, 'n_estimators': 500, 'num_leaves': 62, 'subsample': 0.6}",1.76733782144224,0.979044077458778,0.451076507568359
LightGBM,Enhanced,7,"{'colsample_bytree': 0.6, 'learning_rate': 0.01, 'max_depth': 5, 'min_child_samples': 50, 'n_estimators': 500, 'num_leaves': 62, 'subsample': 0.8}",1.76733782265878,0.979044077429928,0.459493398666382
LightGBM,Enhanced,7,"{'colsample_bytree': 0.6, 'learning_rate': 0.01, 'max_depth': 5, 'min_child_samples': 50, 'n_estimators': 750, 'num_leaves': 15, 'subsample': 0.6}",1.61135645987793,0.98257989010768,0.586206197738648
LightGBM,Enhanced,7,"{'colsample_bytree': 0.6, 'learning_rate': 0.01, 'max_depth': 5, 'min_child_samples': 50, 'n_estimators': 750, 'num_leaves': 15, 'subsample': 0.8}",1.61135646183477,0.98257989006537,0.578045129776001
LightGBM,Enhanced,7,"{'colsample_bytree': 0.6, 'learning_rate': 0.01, 'max_depth': 5, 'min_child_samples': 50, 'n_estimators': 750, 'num_leaves': 31, 'subsample': 0.6}",1.60596531914522,0.982696260583271,0.563327074050903
LightGBM,Enhanced,7,"{'colsample_bytree': 0.6, 'learning_rate': 0.01, 'max_depth': 5, 'min_child_samples': 50, 'n_estimators': 750, 'num_leaves': 31, 'subsample': 0.8}",1.60596587481058,0.982696248609052,0.576437711715698
LightGBM,Enhanced,7,"{'colsample_bytree': 0.6, 'learning_rate': 0.01, 'max_depth': 5, 'min_child_samples': 50, 'n_estimators': 750, 'num_leaves': 62, 'subsample': 0.6}",1.60596532247642,0.982696260511486,0.5611572265625
LightGBM,Enhanced,7,"{'colsample_bytree': 0.6, 'learning_rate': 0.01, 'max_depth': 5, 'min_child_samples': 50, 'n_estimators': 750, 'num_leaves': 62, 'subsample': 0.8}",1.60596531553307,0.98269626066111,0.582959651947022
LightGBM,Enhanced,7,"{'colsample_bytree': 0.6, 'learning_rate': 0.01, 'max_depth': 5, 'min_child_samples': 50, 'n_estimators': 1000, 'num_leaves': 15, 'subsample': 0.6}",1.5134125745458,0.984633239677941,0.710600852966309
LightGBM,Enhanced,7,"{'colsample_bytree': 0.6, 'learning_rate': 0.01, 'max_depth': 5, 'min_child_samples': 50, 'n_estimators': 1000, 'num_leaves': 15, 'subsample': 0.8}",1.51341285208715,0.984633234041789,0.697617292404175
LightGBM,Enhanced,7,"{'colsample_bytree': 0.6, 'learning_rate': 0.01, 'max_depth': 5, 'min_child_samples': 50, 'n_estimators': 1000, 'num_leaves': 31, 'subsample': 0.6}",1.51655179457418,0.984569424068758,0.713931322097778
LightGBM,Enhanced,7,"{'colsample_bytree': 0.6, 'learning_rate': 0.01, 'max_depth': 5, 'min_child_samples': 50, 'n_estimators': 1000, 'num_leaves': 31, 'subsample': 0.8}",1.51655169430262,0.984569426109239,0.702058792114258
LightGBM,Enhanced,7,"{'colsample_bytree': 0.6, 'learning_rate': 0.01, 'max_depth': 5, 'min_child_samples': 50, 'n_estimators': 1000, 'num_leaves': 62, 'subsample': 0.6}",1.51655169453912,0.984569426104427,0.666479587554932
LightGBM,Enhanced,7,"{'colsample_bytree': 0.6, 'learning_rate': 0.01, 'max_depth': 5, 'min_child_samples': 50, 'n_estimators': 1000, 'num_leaves': 62, 'subsample': 0.8}",1.51655179481591,0.984569424063839,2.21790528297424
LightGBM,Enhanced,7,"{'colsample_bytree': 0.6, 'learning_rate': 0.01, 'max_depth': 5, 'min_child_samples': 100, 'n_estimators': 500, 'num_leaves': 15, 'subsample': 0.6}",2.26094834859061,0.96570356938675,1.14124083518982
LightGBM,Enhanced,7,"{'colsample_bytree': 0.6, 'learning_rate': 0.01, 'max_depth': 5, 'min_child_samples': 100, 'n_estimators': 500, 'num_leaves': 15, 'subsample': 0.8}",2.26094834806935,0.965703569402564,1.13367247581482
LightGBM,Enhanced,7,"{'colsample_bytree': 0.6, 'learning_rate': 0.01, 'max_depth': 5, 'min_child_samples': 100, 'n_estimators': 500, 'num_leaves': 31, 'subsample': 0.6}",2.26142857049146,0.965688998822851,1.10807299613953
LightGBM,Enhanced,7,"{'colsample_bytree': 0.6, 'learning_rate': 0.01, 'max_depth': 5, 'min_child_samples': 100, 'n_estimators': 500, 'num_leaves': 31, 'subsample': 0.8}",2.26142857543686,0.965688998672786,1.04179430007935
LightGBM,Enhanced,7,"{'colsample_bytree': 0.6, 'learning_rate': 0.01, 'max_depth': 5, 'min_child_samples': 100, 'n_estimators': 500, 'num_leaves': 62, 'subsample': 0.6}",2.2614285723846,0.965688998765405,1.17118096351624
LightGBM,Enhanced,7,"{'colsample_bytree': 0.6, 'learning_rate': 0.01, 'max_depth': 5, 'min_child_samples': 100, 'n_estimators': 500, 'num_leaves': 62, 'subsample': 0.8}",2.26142857010552,0.965688998834563,1.15230941772461
LightGBM,Enhanced,7,"{'colsample_bytree': 0.6, 'learning_rate': 0.01, 'max_depth': 5, 'min_child_samples': 100, 'n_estimators': 750, 'num_leaves': 15, 'subsample': 0.6}",2.13133599176083,0.969523051637033,1.57627582550049
LightGBM,Enhanced,7,"{'colsample_bytree': 0.6, 'learning_rate': 0.01, 'max_depth': 5, 'min_child_samples': 100, 'n_estimators': 750, 'num_leaves': 15, 'subsample': 0.8}",2.1313359882848,0.969523051736443,1.55284595489502
LightGBM,Enhanced,7,"{'colsample_bytree': 0.6, 'learning_rate': 0.01, 'max_depth': 5, 'min_child_samples': 100, 'n_estimators': 750, 'num_leaves': 31, 'subsample': 0.6}",2.12922887450339,0.969583283115982,1.54363441467285
LightGBM,Enhanced,7,"{'colsample_bytree': 0.6, 'learning_rate': 0.01, 'max_depth': 5, 'min_child_samples': 100, 'n_estimators': 750, 'num_leaves': 31, 'subsample': 0.8}",2.12922887545062,0.969583283088919,1.57010698318481
LightGBM,Enhanced,7,"{'colsample_bytree': 0.6, 'learning_rate': 0.01, 'max_depth': 5, 'min_child_samples': 100, 'n_estimators': 750, 'num_leaves': 62, 'subsample': 0.6}",2.1292288741641,0.969583283125676,1.60703420639038
LightGBM,Enhanced,7,"{'colsample_bytree': 0.6, 'learning_rate': 0.01, 'max_depth': 5, 'min_child_samples': 100, 'n_estimators': 750, 'num_leaves': 62, 'subsample': 0.8}",2.12922887483125,0.969583283106615,1.52582788467407
LightGBM,Enhanced,7,"{'colsample_bytree': 0.6, 'learning_rate': 0.01, 'max_depth': 5, 'min_child_samples': 100, 'n_estimators': 1000, 'num_leaves': 15, 'subsample': 0.6}",2.0377322531953,0.972141233684608,2.01924395561218
LightGBM,Enhanced,7,"{'colsample_bytree': 0.6, 'learning_rate': 0.01, 'max_depth': 5, 'min_child_samples': 100, 'n_estimators': 1000, 'num_leaves': 15, 'subsample': 0.8}",2.03773225016389,0.972141233767496,2.00279760360718
LightGBM,Enhanced,7,"{'colsample_bytree': 0.6, 'learning_rate': 0.01, 'max_depth': 5, 'min_child_samples': 100, 'n_estimators': 1000, 'num_leaves': 31, 'subsample': 0.6}",2.03749113687527,0.972147826116754,1.93310809135437
LightGBM,Enhanced,7,"{'colsample_bytree': 0.6, 'learning_rate': 0.01, 'max_depth': 5, 'min_child_samples': 100, 'n_estimators': 1000, 'num_leaves': 31, 'subsample': 0.8}",2.03749114005212,0.9721478260299,1.89859008789063
LightGBM,Enhanced,7,"{'colsample_bytree': 0.6, 'learning_rate': 0.01, 'max_depth': 5, 'min_child_samples': 100, 'n_estimators': 1000, 'num_leaves': 62, 'subsample': 0.6}",2.0374911373253,0.972147826104451,1.99272966384888
LightGBM,Enhanced,7,"{'colsample_bytree': 0.6, 'learning_rate': 0.01, 'max_depth': 5, 'min_child_samples': 100, 'n_estimators': 1000, 'num_leaves': 62, 'subsample': 0.8}",2.03749113890536,0.972147826061252,1.96256589889526
LightGBM,Enhanced,7,"{'colsample_bytree': 0.6, 'learning_rate': 0.01, 'max_depth': 9, 'min_child_samples': 50, 'n_estimators': 500, 'num_leaves': 15, 'subsample': 0.6}",1.77476437740582,0.978867589050203,1.84103846549988
LightGBM,Enhanced,7,"{'colsample_bytree': 0.6, 'learning_rate': 0.01, 'max_depth': 9, 'min_child_samples': 50, 'n_estimators': 500, 'num_leaves': 15, 'subsample': 0.8}",1.77476754960111,0.978867513506434,1.77446532249451
LightGBM,Enhanced,7,"{'colsample_bytree': 0.6, 'learning_rate': 0.01, 'max_depth': 9, 'min_child_samples': 50, 'n_estimators': 500, 'num_leaves': 31, 'subsample': 0.6}",1.77129574895876,0.978950111387116,2.9062602519989
LightGBM,Enhanced,7,"{'colsample_bytree': 0.6, 'learning_rate': 0.01, 'max_depth': 9, 'min_child_samples': 50, 'n_estimators': 500, 'num_leaves': 31, 'subsample': 0.8}",1.7712081374102,0.978952193668102,3.06805896759033
LightGBM,Enhanced,7,"{'colsample_bytree': 0.6, 'learning_rate': 0.01, 'max_depth': 9, 'min_child_samples': 50, 'n_estimators': 500, 'num_leaves': 62, 'subsample': 0.6}",1.77240478765535,0.97892374374135,3.49210286140442
LightGBM,Enhanced,7,"{'colsample_bytree': 0.6, 'learning_rate': 0.01, 'max_depth': 9, 'min_child_samples': 50, 'n_estimators': 500, 'num_leaves': 62, 'subsample': 0.8}",1.7724077361933,0.978923673617196,3.53877568244934
LightGBM,Enhanced,7,"{'colsample_bytree': 0.6, 'learning_rate': 0.01, 'max_depth': 9, 'min_child_samples': 50, 'n_estimators': 750, 'num_leaves': 15, 'subsample': 0.6}",1.6023030120683,0.982775090865598,2.66307020187378
LightGBM,Enhanced,7,"{'colsample_bytree': 0.6, 'learning_rate': 0.01, 'max_depth': 9, 'min_child_samples': 50, 'n_estimators': 750, 'num_leaves': 15, 'subsample': 0.8}",1.60230131941919,0.982775127257856,2.63215470314026
LightGBM,Enhanced,7,"{'colsample_bytree': 0.6, 'learning_rate': 0.01, 'max_depth': 9, 'min_child_samples': 50, 'n_estimators': 750, 'num_leaves': 31, 'subsample': 0.6}",1.60018670265393,0.982820561870161,3.55481648445129
LightGBM,Enhanced,7,"{'colsample_bytree': 0.6, 'learning_rate': 0.01, 'max_depth': 9, 'min_child_samples': 50, 'n_estimators': 750, 'num_leaves': 31, 'subsample': 0.8}",1.60019204674714,0.98282044712271,3.58298420906067
LightGBM,Enhanced,7,"{'colsample_bytree': 0.6, 'learning_rate': 0.01, 'max_depth': 9, 'min_child_samples': 50, 'n_estimators': 750, 'num_leaves': 62, 'subsample': 0.6}",1.59817851574153,0.982863654185349,4.4011287689209
LightGBM,Enhanced,7,"{'colsample_bytree': 0.6, 'learning_rate': 0.01, 'max_depth': 9, 'min_child_samples': 50, 'n_estimators': 750, 'num_leaves': 62, 'subsample': 0.8}",1.59817313531726,0.982863769567522,4.22327613830566
LightGBM,Enhanced,7,"{'colsample_bytree': 0.6, 'learning_rate': 0.01, 'max_depth': 9, 'min_child_samples': 50, 'n_estimators': 1000, 'num_leaves': 15, 'subsample': 0.6}",1.51375745360512,0.984626235272423,3.45071291923523
LightGBM,Enhanced,7,"{'colsample_bytree': 0.6, 'learning_rate': 0.01, 'max_depth': 9, 'min_child_samples': 50, 'n_estimators': 1000, 'num_leaves': 15, 'subsample': 0.8}",1.51376118718738,0.98462615943559,3.40526413917542
LightGBM,Enhanced,7,"{'colsample_bytree': 0.6, 'learning_rate': 0.01, 'max_depth': 9, 'min_child_samples': 50, 'n_estimators': 1000, 'num_leaves': 31, 'subsample': 0.6}",1.5173833460582,0.984552497728125,4.56664991378784
LightGBM,Enhanced,7,"{'colsample_bytree': 0.6, 'learning_rate': 0.01, 'max_depth': 9, 'min_child_samples': 50, 'n_estimators': 1000, 'num_leaves': 31, 'subsample': 0.8}",1.51725171122839,0.984555177790664,4.54290771484375
LightGBM,Enhanced,7,"{'colsample_bytree': 0.6, 'learning_rate': 0.01, 'max_depth': 9, 'min_child_samples': 50, 'n_estimators': 1000, 'num_leaves': 62, 'subsample': 0.6}",1.5022353723789,0.984859381760538,5.13912153244019
LightGBM,Enhanced,7,"{'colsample_bytree': 0.6, 'learning_rate': 0.01, 'max_depth': 9, 'min_child_samples': 50, 'n_estimators': 1000, 'num_leaves': 62, 'subsample': 0.8}",1.50583631243392,0.984786708990431,5.16090202331543
LightGBM,Enhanced,7,"{'colsample_bytree': 0.6, 'learning_rate': 0.01, 'max_depth': 9, 'min_child_samples': 100, 'n_estimators': 500, 'num_leaves': 15, 'subsample': 0.6}",2.26347856434605,0.96562676451396,1.8937726020813
LightGBM,Enhanced,7,"{'colsample_bytree': 0.6, 'learning_rate': 0.01, 'max_depth': 9, 'min_child_samples': 100, 'n_estimators': 500, 'num_leaves': 15, 'subsample': 0.8}",2.26349017138516,0.965626411983552,1.94776487350464
LightGBM,Enhanced,7,"{'colsample_bytree': 0.6, 'learning_rate': 0.01, 'max_depth': 9, 'min_child_samples': 100, 'n_estimators': 500, 'num_leaves': 31, 'subsample': 0.6}",2.26600877706239,0.965549873829704,2.27929091453552
LightGBM,Enhanced,7,"{'colsample_bytree': 0.6, 'learning_rate': 0.01, 'max_depth': 9, 'min_child_samples': 100, 'n_estimators': 500, 'num_leaves': 31, 'subsample': 0.8}",2.26600586340837,0.965549962422198,2.24499320983887
LightGBM,Enhanced,7,"{'colsample_bytree': 0.6, 'learning_rate': 0.01, 'max_depth': 9, 'min_child_samples': 100, 'n_estimators': 500, 'num_leaves': 62, 'subsample': 0.6}",2.26600681766375,0.965549933407144,2.38241529464722
LightGBM,Enhanced,7,"{'colsample_bytree': 0.6, 'learning_rate': 0.01, 'max_depth': 9, 'min_child_samples': 100, 'n_estimators': 500, 'num_leaves': 62, 'subsample': 0.8}",2.26600657906229,0.965549940662052,2.44511103630066
LightGBM,Enhanced,7,"{'colsample_bytree': 0.6, 'learning_rate': 0.01, 'max_depth': 9, 'min_child_samples': 100, 'n_estimators': 750, 'num_leaves': 15, 'subsample': 0.6}",2.13797143364394,0.969332989801205,2.70111083984375
LightGBM,Enhanced,7,"{'colsample_bytree': 0.6, 'learning_rate': 0.01, 'max_depth': 9, 'min_child_samples': 100, 'n_estimators': 750, 'num_leaves': 15, 'subsample': 0.8}",2.13796372693022,0.969333210890635,2.60122299194336
LightGBM,Enhanced,7,"{'colsample_bytree': 0.6, 'learning_rate': 0.01, 'max_depth': 9, 'min_child_samples': 100, 'n_estimators': 750, 'num_leaves': 31, 'subsample': 0.6}",2.13529494704162,0.969409724656991,3.03729271888733
LightGBM,Enhanced,7,"{'colsample_bytree': 0.6, 'learning_rate': 0.01, 'max_depth': 9, 'min_child_samples': 100, 'n_estimators': 750, 'num_leaves': 31, 'subsample': 0.8}",2.13529666770062,0.969409675356585,3.43042254447937
LightGBM,Enhanced,7,"{'colsample_bytree': 0.6, 'learning_rate': 0.01, 'max_depth': 9, 'min_child_samples': 100, 'n_estimators': 750, 'num_leaves': 62, 'subsample': 0.6}",2.13529845786972,0.969409624064531,3.20859169960022
LightGBM,Enhanced,7,"{'colsample_bytree': 0.6, 'learning_rate': 0.01, 'max_depth': 9, 'min_child_samples': 100, 'n_estimators': 750, 'num_leaves': 62, 'subsample': 0.8}",2.13529109840591,0.969409834928146,3.2706880569458
LightGBM,Enhanced,7,"{'colsample_bytree': 0.6, 'learning_rate': 0.01, 'max_depth': 9, 'min_child_samples': 100, 'n_estimators': 1000, 'num_leaves': 15, 'subsample': 0.6}",2.03968349232829,0.972087855581723,3.32083868980408
LightGBM,Enhanced,7,"{'colsample_bytree': 0.6, 'learning_rate': 0.01, 'max_depth': 9, 'min_child_samples': 100, 'n_estimators': 1000, 'num_leaves': 15, 'subsample': 0.8}",2.03967609353363,0.972088058079661,3.41556644439697
LightGBM,Enhanced,7,"{'colsample_bytree': 0.6, 'learning_rate': 0.01, 'max_depth': 9, 'min_child_samples': 100, 'n_estimators': 1000, 'num_leaves': 31, 'subsample': 0.6}",2.04334076512335,0.971987669600287,3.94224452972412
LightGBM,Enhanced,7,"{'colsample_bytree': 0.6, 'learning_rate': 0.01, 'max_depth': 9, 'min_child_samples': 100, 'n_estimators': 1000, 'num_leaves': 31, 'subsample': 0.8}",2.04335532772101,0.971987270319113,3.9078266620636
LightGBM,Enhanced,7,"{'colsample_bytree': 0.6, 'learning_rate': 0.01, 'max_depth': 9, 'min_child_samples': 100, 'n_estimators': 1000, 'num_leaves': 62, 'subsample': 0.6}",2.04334337867186,0.971987597941529,4.00381350517273
LightGBM,Enhanced,7,"{'colsample_bytree': 0.6, 'learning_rate': 0.01, 'max_depth': 9, 'min_child_samples': 100, 'n_estimators': 1000, 'num_leaves': 62, 'subsample': 0.8}",2.04333736456587,0.971987762837267,4.13510346412659
LightGBM,Enhanced,7,"{'colsample_bytree': 0.6, 'learning_rate': 0.05, 'max_depth': 3, 'min_child_samples': 50, 'n_estimators': 500, 'num_leaves': 15, 'subsample': 0.6}",1.53649296682833,0.98416096222063,0.720070362091065
LightGBM,Enhanced,7,"{'colsample_bytree': 0.6, 'learning_rate': 0.05, 'max_depth': 3, 'min_child_samples': 50, 'n_estimators': 500, 'num_leaves': 15, 'subsample': 0.8}",1.53621652250473,0.984166661196521,0.752503871917725
LightGBM,Enhanced,7,"{'colsample_bytree': 0.6, 'learning_rate': 0.05, 'max_depth': 3, 'min_child_samples': 50, 'n_estimators': 500, 'num_leaves': 31, 'subsample': 0.6}",1.53621652350466,0.984166661175909,0.758193016052246
LightGBM,Enhanced,7,"{'colsample_bytree': 0.6, 'learning_rate': 0.05, 'max_depth': 3, 'min_child_samples': 50, 'n_estimators': 500, 'num_leaves': 31, 'subsample': 0.8}",1.53649296159815,0.984160962328461,0.713557243347168
LightGBM,Enhanced,7,"{'colsample_bytree': 0.6, 'learning_rate': 0.05, 'max_depth': 3, 'min_child_samples': 50, 'n_estimators': 500, 'num_leaves': 62, 'subsample': 0.6}",1.53621652099097,0.984166661227725,0.757364511489868
LightGBM,Enhanced,7,"{'colsample_bytree': 0.6, 'learning_rate': 0.05, 'max_depth': 3, 'min_child_samples': 50, 'n_estimators': 500, 'num_leaves': 62, 'subsample': 0.8}",1.53621651840233,0.984166661281086,0.725743532180786
LightGBM,Enhanced,7,"{'colsample_bytree': 0.6, 'learning_rate': 0.05, 'max_depth': 3, 'min_child_samples': 50, 'n_estimators': 750, 'num_leaves': 15, 'subsample': 0.6}",1.53544330285421,0.984182595887351,0.746851444244385
LightGBM,Enhanced,7,"{'colsample_bytree': 0.6, 'learning_rate': 0.05, 'max_depth': 3, 'min_child_samples': 50, 'n_estimators': 750, 'num_leaves': 15, 'subsample': 0.8}",1.53544330939117,0.98418259575267,0.809673070907593
LightGBM,Enhanced,7,"{'colsample_bytree': 0.6, 'learning_rate': 0.05, 'max_depth': 3, 'min_child_samples': 50, 'n_estimators': 750, 'num_leaves': 31, 'subsample': 0.6}",1.53571994754316,0.984176895650772,0.865365028381348
LightGBM,Enhanced,7,"{'colsample_bytree': 0.6, 'learning_rate': 0.05, 'max_depth': 3, 'min_child_samples': 50, 'n_estimators': 750, 'num_leaves': 31, 'subsample': 0.8}",1.53544330274022,0.984182595889699,0.817504644393921
LightGBM,Enhanced,7,"{'colsample_bytree': 0.6, 'learning_rate': 0.05, 'max_depth': 3, 'min_child_samples': 50, 'n_estimators': 750, 'num_leaves': 62, 'subsample': 0.6}",1.53571994818729,0.984176895637498,0.86127233505249
LightGBM,Enhanced,7,"{'colsample_bytree': 0.6, 'learning_rate': 0.05, 'max_depth': 3, 'min_child_samples': 50, 'n_estimators': 750, 'num_leaves': 62, 'subsample': 0.8}",1.53571995154229,0.984176895568362,0.909388065338135
LightGBM,Enhanced,7,"{'colsample_bytree': 0.6, 'learning_rate': 0.05, 'max_depth': 3, 'min_child_samples': 50, 'n_estimators': 1000, 'num_leaves': 15, 'subsample': 0.6}",1.53544330465085,0.984182595850335,0.755309820175171
LightGBM,Enhanced,7,"{'colsample_bytree': 0.6, 'learning_rate': 0.05, 'max_depth': 3, 'min_child_samples': 50, 'n_estimators': 1000, 'num_leaves': 15, 'subsample': 0.8}",1.53544330562389,0.984182595830287,0.892051458358765
LightGBM,Enhanced,7,"{'colsample_bytree': 0.6, 'learning_rate': 0.05, 'max_depth': 3, 'min_child_samples': 50, 'n_estimators': 1000, 'num_leaves': 31, 'subsample': 0.6}",1.53544330670867,0.984182595807937,0.820940256118774
LightGBM,Enhanced,7,"{'colsample_bytree': 0.6, 'learning_rate': 0.05, 'max_depth': 3, 'min_child_samples': 50, 'n_estimators': 1000, 'num_leaves': 31, 'subsample': 0.8}",1.53544330094484,0.98418259592669,0.890124320983887
LightGBM,Enhanced,7,"{'colsample_bytree': 0.6, 'learning_rate': 0.05, 'max_depth': 3, 'min_child_samples': 50, 'n_estimators': 1000, 'num_leaves': 62, 'subsample': 0.6}",1.5357199497512,0.984176895605271,0.927322149276733
LightGBM,Enhanced,7,"{'colsample_bytree': 0.6, 'learning_rate': 0.05, 'max_depth': 3, 'min_child_samples': 50, 'n_estimators': 1000, 'num_leaves': 62, 'subsample': 0.8}",1.5357199478841,0.984176895643746,0.812268018722534
LightGBM,Enhanced,7,"{'colsample_bytree': 0.6, 'learning_rate': 0.05, 'max_depth': 3, 'min_child_samples': 100, 'n_estimators': 500, 'num_leaves': 15, 'subsample': 0.6}",1.85696570672576,0.97686468545647,0.765675783157349
LightGBM,Enhanced,7,"{'colsample_bytree': 0.6, 'learning_rate': 0.05, 'max_depth': 3, 'min_child_samples': 100, 'n_estimators': 500, 'num_leaves': 15, 'subsample': 0.8}",1.85675797705258,0.976869861235975,0.671528577804565
LightGBM,Enhanced,7,"{'colsample_bytree': 0.6, 'learning_rate': 0.05, 'max_depth': 3, 'min_child_samples': 100, 'n_estimators': 500, 'num_leaves': 31, 'subsample': 0.6}",1.85692166905573,0.976865782744657,0.714125871658325
LightGBM,Enhanced,7,"{'colsample_bytree': 0.6, 'learning_rate': 0.05, 'max_depth': 3, 'min_child_samples': 100, 'n_estimators': 500, 'num_leaves': 31, 'subsample': 0.8}",1.85703664907347,0.976862917728747,0.759336948394775
LightGBM,Enhanced,7,"{'colsample_bytree': 0.6, 'learning_rate': 0.05, 'max_depth': 3, 'min_child_samples': 100, 'n_estimators': 500, 'num_leaves': 62, 'subsample': 0.6}",1.85696570769453,0.976864685432331,0.772294282913208
LightGBM,Enhanced,7,"{'colsample_bytree': 0.6, 'learning_rate': 0.05, 'max_depth': 3, 'min_child_samples': 100, 'n_estimators': 500, 'num_leaves': 62, 'subsample': 0.8}",1.85668702356134,0.976871628976048,0.744470596313477
LightGBM,Enhanced,7,"{'colsample_bytree': 0.6, 'learning_rate': 0.05, 'max_depth': 3, 'min_child_samples': 100, 'n_estimators': 750, 'num_leaves': 15, 'subsample': 0.6}",1.81234368493059,0.977963188381991,1.02356433868408
LightGBM,Enhanced,7,"{'colsample_bytree': 0.6, 'learning_rate': 0.05, 'max_depth': 3, 'min_child_samples': 100, 'n_estimators': 750, 'num_leaves': 15, 'subsample': 0.8}",1.81258241601117,0.977957382398955,1.02840328216553
LightGBM,Enhanced,7,"{'colsample_bytree': 0.6, 'learning_rate': 0.05, 'max_depth': 3, 'min_child_samples': 100, 'n_estimators': 750, 'num_leaves': 31, 'subsample': 0.6}",1.81234368442198,0.977963188394359,1.07100343704224
LightGBM,Enhanced,7,"{'colsample_bytree': 0.6, 'learning_rate': 0.05, 'max_depth': 3, 'min_child_samples': 100, 'n_estimators': 750, 'num_leaves': 31, 'subsample': 0.8}",1.81247139069165,0.977960082649922,1.07575941085815
LightGBM,Enhanced,7,"{'colsample_bytree': 0.6, 'learning_rate': 0.05, 'max_depth': 3, 'min_child_samples': 100, 'n_estimators': 750, 'num_leaves': 62, 'subsample': 0.6}",1.81278721200054,0.977952401114063,1.0005784034729
LightGBM,Enhanced,7,"{'colsample_bytree': 0.6, 'learning_rate': 0.05, 'max_depth': 3, 'min_child_samples': 100, 'n_estimators': 750, 'num_leaves': 62, 'subsample': 0.8}",1.81202060830222,0.977971044446237,1.02741456031799
LightGBM,Enhanced,7,"{'colsample_bytree': 0.6, 'learning_rate': 0.05, 'max_depth': 3, 'min_child_samples': 100, 'n_estimators': 1000, 'num_leaves': 15, 'subsample': 0.6}",1.74274660175144,0.979623193071041,1.27140855789185
LightGBM,Enhanced,7,"{'colsample_bytree': 0.6, 'learning_rate': 0.05, 'max_depth': 3, 'min_child_samples': 100, 'n_estimators': 1000, 'num_leaves': 15, 'subsample': 0.8}",1.74257040615123,0.979627313144757,1.27006030082703
LightGBM,Enhanced,7,"{'colsample_bytree': 0.6, 'learning_rate': 0.05, 'max_depth': 3, 'min_child_samples': 100, 'n_estimators': 1000, 'num_leaves': 31, 'subsample': 0.6}",1.74299234232742,0.979617446095195,1.33540415763855
LightGBM,Enhanced,7,"{'colsample_bytree': 0.6, 'learning_rate': 0.05, 'max_depth': 3, 'min_child_samples': 100, 'n_estimators': 1000, 'num_leaves': 31, 'subsample': 0.8}",1.74271029310343,0.979624042129192,1.35814642906189
LightGBM,Enhanced,7,"{'colsample_bytree': 0.6, 'learning_rate': 0.05, 'max_depth': 3, 'min_child_samples': 100, 'n_estimators': 1000, 'num_leaves': 62, 'subsample': 0.6}",1.74258149615272,0.979627053833746,1.34943795204163
LightGBM,Enhanced,7,"{'colsample_bytree': 0.6, 'learning_rate': 0.05, 'max_depth': 3, 'min_child_samples': 100, 'n_estimators': 1000, 'num_leaves': 62, 'subsample': 0.8}",1.74254786021633,0.979627840318062,1.37462115287781
LightGBM,Enhanced,7,"{'colsample_bytree': 0.6, 'learning_rate': 0.05, 'max_depth': 5, 'min_child_samples': 50, 'n_estimators': 500, 'num_leaves': 15, 'subsample': 0.6}",1.37132444286263,0.98738323321178,1.10642385482788
LightGBM,Enhanced,7,"{'colsample_bytree': 0.6, 'learning_rate': 0.05, 'max_depth': 5, 'min_child_samples': 50, 'n_estimators': 500, 'num_leaves': 15, 'subsample': 0.8}",1.37132647027946,0.987383195905562,1.11388230323792
LightGBM,Enhanced,7,"{'colsample_bytree': 0.6, 'learning_rate': 0.05, 'max_depth': 5, 'min_child_samples': 50, 'n_estimators': 500, 'num_leaves': 31, 'subsample': 0.6}",1.35445786157919,0.987691683991774,1.06860375404358
LightGBM,Enhanced,7,"{'colsample_bytree': 0.6, 'learning_rate': 0.05, 'max_depth': 5, 'min_child_samples': 50, 'n_estimators': 500, 'num_leaves': 31, 'subsample': 0.8}",1.35369752152385,0.987705498934549,1.11356925964355
LightGBM,Enhanced,7,"{'colsample_bytree': 0.6, 'learning_rate': 0.05, 'max_depth': 5, 'min_child_samples': 50, 'n_estimators': 500, 'num_leaves': 62, 'subsample': 0.6}",1.35263668570527,0.987724760751145,1.12059140205383
LightGBM,Enhanced,7,"{'colsample_bytree': 0.6, 'learning_rate': 0.05, 'max_depth': 5, 'min_child_samples': 50, 'n_estimators': 500, 'num_leaves': 62, 'subsample': 0.8}",1.35369841883132,0.987705482635558,1.06671762466431
LightGBM,Enhanced,7,"{'colsample_bytree': 0.6, 'learning_rate': 0.05, 'max_depth': 5, 'min_child_samples': 50, 'n_estimators': 750, 'num_leaves': 15, 'subsample': 0.6}",1.37132647689967,0.987383195783744,1.06853890419006
LightGBM,Enhanced,7,"{'colsample_bytree': 0.6, 'learning_rate': 0.05, 'max_depth': 5, 'min_child_samples': 50, 'n_estimators': 750, 'num_leaves': 15, 'subsample': 0.8}",1.3713264715228,0.987383195882683,1.1353223323822
LightGBM,Enhanced,7,"{'colsample_bytree': 0.6, 'learning_rate': 0.05, 'max_depth': 5, 'min_child_samples': 50, 'n_estimators': 750, 'num_leaves': 31, 'subsample': 0.6}",1.3536984148204,0.987705482708414,1.16521978378296
LightGBM,Enhanced,7,"{'colsample_bytree': 0.6, 'learning_rate': 0.05, 'max_depth': 5, 'min_child_samples': 50, 'n_estimators': 750, 'num_leaves': 31, 'subsample': 0.8}",1.35369751873332,0.987705498985236,1.19404029846191
LightGBM,Enhanced,7,"{'colsample_bytree': 0.6, 'learning_rate': 0.05, 'max_depth': 5, 'min_child_samples': 50, 'n_estimators': 750, 'num_leaves': 62, 'subsample': 0.6}",1.35369840842865,0.987705482824516,1.30656099319458
LightGBM,Enhanced,7,"{'colsample_bytree': 0.6, 'learning_rate': 0.05, 'max_depth': 5, 'min_child_samples': 50, 'n_estimators': 750, 'num_leaves': 62, 'subsample': 0.8}",1.35263668597656,0.987724760746221,1.20005583763123
LightGBM,Enhanced,7,"{'colsample_bytree': 0.6, 'learning_rate': 0.05, 'max_depth': 5, 'min_child_samples': 50, 'n_estimators': 1000, 'num_leaves': 15, 'subsample': 0.6}",1.37132647720429,0.987383195778139,1.13805794715881
LightGBM,Enhanced,7,"{'colsample_bytree': 0.6, 'learning_rate': 0.05, 'max_depth': 5, 'min_child_samples': 50, 'n_estimators': 1000, 'num_leaves': 15, 'subsample': 0.8}",1.37132646400668,0.987383196020986,1.09575200080872
LightGBM,Enhanced,7,"{'colsample_bytree': 0.6, 'learning_rate': 0.05, 'max_depth': 5, 'min_child_samples': 50, 'n_estimators': 1000, 'num_leaves': 31, 'subsample': 0.6}",1.35369841500936,0.987705482704982,1.15213799476624
LightGBM,Enhanced,7,"{'colsample_bytree': 0.6, 'learning_rate': 0.05, 'max_depth': 5, 'min_child_samples': 50, 'n_estimators': 1000, 'num_leaves': 31, 'subsample': 0.8}",1.35445786183391,0.987691683987145,1.18504881858826
LightGBM,Enhanced,7,"{'colsample_bytree': 0.6, 'learning_rate': 0.05, 'max_depth': 5, 'min_child_samples': 50, 'n_estimators': 1000, 'num_leaves': 62, 'subsample': 0.6}",1.35369841540179,0.987705482697853,1.26937937736511
LightGBM,Enhanced,7,"{'colsample_bytree': 0.6, 'learning_rate': 0.05, 'max_depth': 5, 'min_child_samples': 50, 'n_estimators': 1000, 'num_leaves': 62, 'subsample': 0.8}",1.35445875653081,0.987691667726446,1.19602847099304
LightGBM,Enhanced,7,"{'colsample_bytree': 0.6, 'learning_rate': 0.05, 'max_depth': 5, 'min_child_samples': 100, 'n_estimators': 500, 'num_leaves': 15, 'subsample': 0.6}",1.79635282576015,0.978350347774365,1.03563785552979
LightGBM,Enhanced,7,"{'colsample_bytree': 0.6, 'learning_rate': 0.05, 'max_depth': 5, 'min_child_samples': 100, 'n_estimators': 500, 'num_leaves': 15, 'subsample': 0.8}",1.79613729771853,0.978355542552536,0.987319231033325
LightGBM,Enhanced,7,"{'colsample_bytree': 0.6, 'learning_rate': 0.05, 'max_depth': 5, 'min_child_samples': 100, 'n_estimators': 500, 'num_leaves': 31, 'subsample': 0.6}",1.81296148933901,0.977948161695859,1.06243181228638
LightGBM,Enhanced,7,"{'colsample_bytree': 0.6, 'learning_rate': 0.05, 'max_depth': 5, 'min_child_samples': 100, 'n_estimators': 500, 'num_leaves': 31, 'subsample': 0.8}",1.81292557586577,0.977949035349564,1.02691793441772
LightGBM,Enhanced,7,"{'colsample_bytree': 0.6, 'learning_rate': 0.05, 'max_depth': 5, 'min_child_samples': 100, 'n_estimators': 500, 'num_leaves': 62, 'subsample': 0.6}",1.81296149000748,0.977948161679597,1.06086683273315
LightGBM,Enhanced,7,"{'colsample_bytree': 0.6, 'learning_rate': 0.05, 'max_depth': 5, 'min_child_samples': 100, 'n_estimators': 500, 'num_leaves': 62, 'subsample': 0.8}",1.81296149153127,0.977948161642528,0.949291229248047
LightGBM,Enhanced,7,"{'colsample_bytree': 0.6, 'learning_rate': 0.05, 'max_depth': 5, 'min_child_samples': 100, 'n_estimators': 750, 'num_leaves': 15, 'subsample': 0.6}",1.69571333751956,0.980708210541864,1.47998309135437
LightGBM,Enhanced,7,"{'colsample_bytree': 0.6, 'learning_rate': 0.05, 'max_depth': 5, 'min_child_samples': 100, 'n_estimators': 750, 'num_leaves': 15, 'subsample': 0.8}",1.69592357236455,0.980703426646265,1.49652576446533
LightGBM,Enhanced,7,"{'colsample_bytree': 0.6, 'learning_rate': 0.05, 'max_depth': 5, 'min_child_samples': 100, 'n_estimators': 750, 'num_leaves': 31, 'subsample': 0.6}",1.69233593971716,0.98078498196231,1.42490935325623
LightGBM,Enhanced,7,"{'colsample_bytree': 0.6, 'learning_rate': 0.05, 'max_depth': 5, 'min_child_samples': 100, 'n_estimators': 750, 'num_leaves': 31, 'subsample': 0.8}",1.69201537316835,0.980792260787372,1.53735399246216
LightGBM,Enhanced,7,"{'colsample_bytree': 0.6, 'learning_rate': 0.05, 'max_depth': 5, 'min_child_samples': 100, 'n_estimators': 750, 'num_leaves': 62, 'subsample': 0.6}",1.69208639467056,0.980790648282965,1.46673321723938
LightGBM,Enhanced,7,"{'colsample_bytree': 0.6, 'learning_rate': 0.05, 'max_depth': 5, 'min_child_samples': 100, 'n_estimators': 750, 'num_leaves': 62, 'subsample': 0.8}",1.69208640476536,0.980790648053763,1.46645712852478
LightGBM,Enhanced,7,"{'colsample_bytree': 0.6, 'learning_rate': 0.05, 'max_depth': 5, 'min_child_samples': 100, 'n_estimators': 1000, 'num_leaves': 15, 'subsample': 0.6}",1.62794093320503,0.982219460758964,1.93609428405762
LightGBM,Enhanced,7,"{'colsample_bytree': 0.6, 'learning_rate': 0.05, 'max_depth': 5, 'min_child_samples': 100, 'n_estimators': 1000, 'num_leaves': 15, 'subsample': 0.8}",1.62843122679968,0.982208749071468,1.84439420700073
LightGBM,Enhanced,7,"{'colsample_bytree': 0.6, 'learning_rate': 0.05, 'max_depth': 5, 'min_child_samples': 100, 'n_estimators': 1000, 'num_leaves': 31, 'subsample': 0.6}",1.62651539524037,0.982250586871074,1.89408421516418
LightGBM,Enhanced,7,"{'colsample_bytree': 0.6, 'learning_rate': 0.05, 'max_depth': 5, 'min_child_samples': 100, 'n_estimators': 1000, 'num_leaves': 31, 'subsample': 0.8}",1.62660403739164,0.982248652196443,1.98288631439209
LightGBM,Enhanced,7,"{'colsample_bytree': 0.6, 'learning_rate': 0.05, 'max_depth': 5, 'min_child_samples': 100, 'n_estimators': 1000, 'num_leaves': 62, 'subsample': 0.6}",1.62660403876956,0.982248652166368,2.45798993110657
LightGBM,Enhanced,7,"{'colsample_bytree': 0.6, 'learning_rate': 0.05, 'max_depth': 5, 'min_child_samples': 100, 'n_estimators': 1000, 'num_leaves': 62, 'subsample': 0.8}",1.62650368466028,0.982250842454484,2.51661491394043
LightGBM,Enhanced,7,"{'colsample_bytree': 0.6, 'learning_rate': 0.05, 'max_depth': 9, 'min_child_samples': 50, 'n_estimators': 500, 'num_leaves': 15, 'subsample': 0.6}",1.27013861892477,0.989176446117031,2.23257541656494
LightGBM,Enhanced,7,"{'colsample_bytree': 0.6, 'learning_rate': 0.05, 'max_depth': 9, 'min_child_samples': 50, 'n_estimators': 500, 'num_leaves': 15, 'subsample': 0.8}",1.26875338874653,0.989200041868559,2.26781964302063
LightGBM,Enhanced,7,"{'colsample_bytree': 0.6, 'learning_rate': 0.05, 'max_depth': 9, 'min_child_samples': 50, 'n_estimators': 500, 'num_leaves': 31, 'subsample': 0.6}",1.28734207274553,0.98888126018843,2.27307391166687
LightGBM,Enhanced,7,"{'colsample_bytree': 0.6, 'learning_rate': 0.05, 'max_depth': 9, 'min_child_samples': 50, 'n_estimators': 500, 'num_leaves': 31, 'subsample': 0.8}",1.28729731353591,0.988882033343235,1.95940923690796
LightGBM,Enhanced,7,"{'colsample_bytree': 0.6, 'learning_rate': 0.05, 'max_depth': 9, 'min_child_samples': 50, 'n_estimators': 500, 'num_leaves': 62, 'subsample': 0.6}",1.28124329455819,0.988986360616254,1.94270634651184
LightGBM,Enhanced,7,"{'colsample_bytree': 0.6, 'learning_rate': 0.05, 'max_depth': 9, 'min_child_samples': 50, 'n_estimators': 500, 'num_leaves': 62, 'subsample': 0.8}",1.2805243798765,0.988998716810741,2.07751297950745
LightGBM,Enhanced,7,"{'colsample_bytree': 0.6, 'learning_rate': 0.05, 'max_depth': 9, 'min_child_samples': 50, 'n_estimators': 750, 'num_leaves': 15, 'subsample': 0.6}",1.25368516564827,0.989455047798022,2.16960191726685
LightGBM,Enhanced,7,"{'colsample_bytree': 0.6, 'learning_rate': 0.05, 'max_depth': 9, 'min_child_samples': 50, 'n_estimators': 750, 'num_leaves': 15, 'subsample': 0.8}",1.2520458971918,0.989482606082587,2.06032538414001
LightGBM,Enhanced,7,"{'colsample_bytree': 0.6, 'learning_rate': 0.05, 'max_depth': 9, 'min_child_samples': 50, 'n_estimators': 750, 'num_leaves': 31, 'subsample': 0.6}",1.28815798432713,0.988867161708089,2.07633662223816
LightGBM,Enhanced,7,"{'colsample_bytree': 0.6, 'learning_rate': 0.05, 'max_depth': 9, 'min_child_samples': 50, 'n_estimators': 750, 'num_leaves': 31, 'subsample': 0.8}",1.28731362748397,0.988881751544962,2.03151035308838
LightGBM,Enhanced,7,"{'colsample_bytree': 0.6, 'learning_rate': 0.05, 'max_depth': 9, 'min_child_samples': 50, 'n_estimators': 750, 'num_leaves': 62, 'subsample': 0.6}",1.25373268350714,0.989454248421815,2.66300415992737
LightGBM,Enhanced,7,"{'colsample_bytree': 0.6, 'learning_rate': 0.05, 'max_depth': 9, 'min_child_samples': 50, 'n_estimators': 750, 'num_leaves': 62, 'subsample': 0.8}",1.25125808963656,0.989495837347775,2.63340663909912
LightGBM,Enhanced,7,"{'colsample_bytree': 0.6, 'learning_rate': 0.05, 'max_depth': 9, 'min_child_samples': 50, 'n_estimators': 1000, 'num_leaves': 15, 'subsample': 0.6}",1.25274666031614,0.989470829734182,2.15368390083313
LightGBM,Enhanced,7,"{'colsample_bytree': 0.6, 'learning_rate': 0.05, 'max_depth': 9, 'min_child_samples': 50, 'n_estimators': 1000, 'num_leaves': 15, 'subsample': 0.8}",1.25275180346636,0.989470743279008,2.21560955047607
LightGBM,Enhanced,7,"{'colsample_bytree': 0.6, 'learning_rate': 0.05, 'max_depth': 9, 'min_child_samples': 50, 'n_estimators': 1000, 'num_leaves': 31, 'subsample': 0.6}",1.28815522275616,0.988867209441505,2.23837828636169
LightGBM,Enhanced,7,"{'colsample_bytree': 0.6, 'learning_rate': 0.05, 'max_depth': 9, 'min_child_samples': 50, 'n_estimators': 1000, 'num_leaves': 31, 'subsample': 0.8}",1.28716701452856,0.988884283929308,1.96725058555603
LightGBM,Enhanced,7,"{'colsample_bytree': 0.6, 'learning_rate': 0.05, 'max_depth': 9, 'min_child_samples': 50, 'n_estimators': 1000, 'num_leaves': 62, 'subsample': 0.6}",1.25128195733636,0.989495436610958,2.74829483032227
LightGBM,Enhanced,7,"{'colsample_bytree': 0.6, 'learning_rate': 0.05, 'max_depth': 9, 'min_child_samples': 50, 'n_estimators': 1000, 'num_leaves': 62, 'subsample': 0.8}",1.25441405213567,0.98944278266527,2.59710383415222
LightGBM,Enhanced,7,"{'colsample_bytree': 0.6, 'learning_rate': 0.05, 'max_depth': 9, 'min_child_samples': 100, 'n_estimators': 500, 'num_leaves': 15, 'subsample': 0.6}",1.80404641508634,0.97816450430543,1.64612507820129
LightGBM,Enhanced,7,"{'colsample_bytree': 0.6, 'learning_rate': 0.05, 'max_depth': 9, 'min_child_samples': 100, 'n_estimators': 500, 'num_leaves': 15, 'subsample': 0.8}",1.80406480553394,0.978164059121112,1.80307602882385
LightGBM,Enhanced,7,"{'colsample_bytree': 0.6, 'learning_rate': 0.05, 'max_depth': 9, 'min_child_samples': 100, 'n_estimators': 500, 'num_leaves': 31, 'subsample': 0.6}",1.78271210250004,0.978677895521407,1.93346786499023
LightGBM,Enhanced,7,"{'colsample_bytree': 0.6, 'learning_rate': 0.05, 'max_depth': 9, 'min_child_samples': 100, 'n_estimators': 500, 'num_leaves': 31, 'subsample': 0.8}",1.78284512221017,0.978674713441733,1.94959616661072
LightGBM,Enhanced,7,"{'colsample_bytree': 0.6, 'learning_rate': 0.05, 'max_depth': 9, 'min_child_samples': 100, 'n_estimators': 500, 'num_leaves': 62, 'subsample': 0.6}",1.78274911324714,0.978677010179117,1.97279810905457
LightGBM,Enhanced,7,"{'colsample_bytree': 0.6, 'learning_rate': 0.05, 'max_depth': 9, 'min_child_samples': 100, 'n_estimators': 500, 'num_leaves': 62, 'subsample': 0.8}",1.78269568586838,0.97867828822141,1.93277645111084
LightGBM,Enhanced,7,"{'colsample_bytree': 0.6, 'learning_rate': 0.05, 'max_depth': 9, 'min_child_samples': 100, 'n_estimators': 750, 'num_leaves': 15, 'subsample': 0.6}",1.68948096046287,0.980849758941062,2.52152681350708
LightGBM,Enhanced,7,"{'colsample_bytree': 0.6, 'learning_rate': 0.05, 'max_depth': 9, 'min_child_samples': 100, 'n_estimators': 750, 'num_leaves': 15, 'subsample': 0.8}",1.68929842179382,0.9808538968636,2.44241952896118
LightGBM,Enhanced,7,"{'colsample_bytree': 0.6, 'learning_rate': 0.05, 'max_depth': 9, 'min_child_samples': 100, 'n_estimators': 750, 'num_leaves': 31, 'subsample': 0.6}",1.66373622305898,0.98142894458791,2.75953435897827
LightGBM,Enhanced,7,"{'colsample_bytree': 0.6, 'learning_rate': 0.05, 'max_depth': 9, 'min_child_samples': 100, 'n_estimators': 750, 'num_leaves': 31, 'subsample': 0.8}",1.66368716704063,0.981430039723776,2.93775320053101
LightGBM,Enhanced,7,"{'colsample_bytree': 0.6, 'learning_rate': 0.05, 'max_depth': 9, 'min_child_samples': 100, 'n_estimators': 750, 'num_leaves': 62, 'subsample': 0.6}",1.66363786103268,0.981431140407918,2.74144148826599
LightGBM,Enhanced,7,"{'colsample_bytree': 0.6, 'learning_rate': 0.05, 'max_depth': 9, 'min_child_samples': 100, 'n_estimators': 750, 'num_leaves': 62, 'subsample': 0.8}",1.66363917143389,0.981431111155559,2.70060563087463
LightGBM,Enhanced,7,"{'colsample_bytree': 0.6, 'learning_rate': 0.05, 'max_depth': 9, 'min_child_samples': 100, 'n_estimators': 1000, 'num_leaves': 15, 'subsample': 0.6}",1.62600563966652,0.982261710583135,3.70103144645691
LightGBM,Enhanced,7,"{'colsample_bytree': 0.6, 'learning_rate': 0.05, 'max_depth': 9, 'min_child_samples': 100, 'n_estimators': 1000, 'num_leaves': 15, 'subsample': 0.8}",1.62600784360238,0.982261662497104,3.52916646003723
LightGBM,Enhanced,7,"{'colsample_bytree': 0.6, 'learning_rate': 0.05, 'max_depth': 9, 'min_child_samples': 100, 'n_estimators': 1000, 'num_leaves': 31, 'subsample': 0.6}",1.59028774480714,0.98303245280985,3.15398716926575
LightGBM,Enhanced,7,"{'colsample_bytree': 0.6, 'learning_rate': 0.05, 'max_depth': 9, 'min_child_samples': 100, 'n_estimators': 1000, 'num_leaves': 31, 'subsample': 0.8}",1.58994543749464,0.983039756507439,2.99712991714478
LightGBM,Enhanced,7,"{'colsample_bytree': 0.6, 'learning_rate': 0.05, 'max_depth': 9, 'min_child_samples': 100, 'n_estimators': 1000, 'num_leaves': 62, 'subsample': 0.6}",1.5899768236286,0.983039086897381,3.4552948474884
LightGBM,Enhanced,7,"{'colsample_bytree': 0.6, 'learning_rate': 0.05, 'max_depth': 9, 'min_child_samples': 100, 'n_estimators': 1000, 'num_leaves': 62, 'subsample': 0.8}",1.5900650773043,0.983037203971234,3.64529657363892
LightGBM,Enhanced,7,"{'colsample_bytree': 0.8, 'learning_rate': 0.01, 'max_depth': 3, 'min_child_samples': 50, 'n_estimators': 500, 'num_leaves': 15, 'subsample': 0.6}",1.79481093527424,0.978387497565804,0.774264574050903
LightGBM,Enhanced,7,"{'colsample_bytree': 0.8, 'learning_rate': 0.01, 'max_depth': 3, 'min_child_samples': 50, 'n_estimators': 500, 'num_leaves': 15, 'subsample': 0.8}",1.79481093650744,0.978387497536104,0.762918472290039
LightGBM,Enhanced,7,"{'colsample_bytree': 0.8, 'learning_rate': 0.01, 'max_depth': 3, 'min_child_samples': 50, 'n_estimators': 500, 'num_leaves': 31, 'subsample': 0.6}",1.79481093748741,0.978387497512503,0.781229496002197
LightGBM,Enhanced,7,"{'colsample_bytree': 0.8, 'learning_rate': 0.01, 'max_depth': 3, 'min_child_samples': 50, 'n_estimators': 500, 'num_leaves': 31, 'subsample': 0.8}",1.79481093706928,0.978387497522573,0.958982229232788
LightGBM,Enhanced,7,"{'colsample_bytree': 0.8, 'learning_rate': 0.01, 'max_depth': 3, 'min_child_samples': 50, 'n_estimators': 500, 'num_leaves': 62, 'subsample': 0.6}",1.79481093680171,0.978387497529017,1.05523419380188
LightGBM,Enhanced,7,"{'colsample_bytree': 0.8, 'learning_rate': 0.01, 'max_depth': 3, 'min_child_samples': 50, 'n_estimators': 500, 'num_leaves': 62, 'subsample': 0.8}",1.79481093611621,0.978387497545526,0.93464732170105
LightGBM,Enhanced,7,"{'colsample_bytree': 0.8, 'learning_rate': 0.01, 'max_depth': 3, 'min_child_samples': 50, 'n_estimators': 750, 'num_leaves': 15, 'subsample': 0.6}",1.68220279402084,0.981014399358256,1.38574981689453
LightGBM,Enhanced,7,"{'colsample_bytree': 0.8, 'learning_rate': 0.01, 'max_depth': 3, 'min_child_samples': 50, 'n_estimators': 750, 'num_leaves': 15, 'subsample': 0.8}",1.6822027947252,0.981014399342357,1.75413751602173
LightGBM,Enhanced,7,"{'colsample_bytree': 0.8, 'learning_rate': 0.01, 'max_depth': 3, 'min_child_samples': 50, 'n_estimators': 750, 'num_leaves': 31, 'subsample': 0.6}",1.68220279276207,0.981014399386669,1.78328895568848
LightGBM,Enhanced,7,"{'colsample_bytree': 0.8, 'learning_rate': 0.01, 'max_depth': 3, 'min_child_samples': 50, 'n_estimators': 750, 'num_leaves': 31, 'subsample': 0.8}",1.68220279223424,0.981014399398584,1.40955018997192
LightGBM,Enhanced,7,"{'colsample_bytree': 0.8, 'learning_rate': 0.01, 'max_depth': 3, 'min_child_samples': 50, 'n_estimators': 750, 'num_leaves': 62, 'subsample': 0.6}",1.682202795667,0.981014399321098,1.42546129226685
LightGBM,Enhanced,7,"{'colsample_bytree': 0.8, 'learning_rate': 0.01, 'max_depth': 3, 'min_child_samples': 50, 'n_estimators': 750, 'num_leaves': 62, 'subsample': 0.8}",1.68220279459522,0.981014399345291,1.51498436927795
LightGBM,Enhanced,7,"{'colsample_bytree': 0.8, 'learning_rate': 0.01, 'max_depth': 3, 'min_child_samples': 50, 'n_estimators': 1000, 'num_leaves': 15, 'subsample': 0.6}",1.65480884789163,0.981627709237733,1.72310543060303
LightGBM,Enhanced,7,"{'colsample_bytree': 0.8, 'learning_rate': 0.01, 'max_depth': 3, 'min_child_samples': 50, 'n_estimators': 1000, 'num_leaves': 15, 'subsample': 0.8}",1.65480884672165,0.981627709263712,1.63185572624207
LightGBM,Enhanced,7,"{'colsample_bytree': 0.8, 'learning_rate': 0.01, 'max_depth': 3, 'min_child_samples': 50, 'n_estimators': 1000, 'num_leaves': 31, 'subsample': 0.6}",1.65480884559319,0.981627709288769,1.72146892547607
LightGBM,Enhanced,7,"{'colsample_bytree': 0.8, 'learning_rate': 0.01, 'max_depth': 3, 'min_child_samples': 50, 'n_estimators': 1000, 'num_leaves': 31, 'subsample': 0.8}",1.65480884654654,0.981627709267601,1.72628879547119
LightGBM,Enhanced,7,"{'colsample_bytree': 0.8, 'learning_rate': 0.01, 'max_depth': 3, 'min_child_samples': 50, 'n_estimators': 1000, 'num_leaves': 62, 'subsample': 0.6}",1.65480884534096,0.98162770929437,1.89734220504761
LightGBM,Enhanced,7,"{'colsample_bytree': 0.8, 'learning_rate': 0.01, 'max_depth': 3, 'min_child_samples': 50, 'n_estimators': 1000, 'num_leaves': 62, 'subsample': 0.8}",1.6548088472322,0.981627709252375,1.72083306312561
LightGBM,Enhanced,7,"{'colsample_bytree': 0.8, 'learning_rate': 0.01, 'max_depth': 3, 'min_child_samples': 100, 'n_estimators': 500, 'num_leaves': 15, 'subsample': 0.6}",2.31567914229434,0.964023044482958,0.916109085083008
LightGBM,Enhanced,7,"{'colsample_bytree': 0.8, 'learning_rate': 0.01, 'max_depth': 3, 'min_child_samples': 100, 'n_estimators': 500, 'num_leaves': 15, 'subsample': 0.8}",2.31567914129148,0.96402304451412,0.863534212112427
LightGBM,Enhanced,7,"{'colsample_bytree': 0.8, 'learning_rate': 0.01, 'max_depth': 3, 'min_child_samples': 100, 'n_estimators': 500, 'num_leaves': 31, 'subsample': 0.6}",2.31567914184733,0.964023044496848,0.89762806892395
LightGBM,Enhanced,7,"{'colsample_bytree': 0.8, 'learning_rate': 0.01, 'max_depth': 3, 'min_child_samples': 100, 'n_estimators': 500, 'num_leaves': 31, 'subsample': 0.8}",2.3156791417772,0.964023044499027,0.922054052352905
LightGBM,Enhanced,7,"{'colsample_bytree': 0.8, 'learning_rate': 0.01, 'max_depth': 3, 'min_child_samples': 100, 'n_estimators': 500, 'num_leaves': 62, 'subsample': 0.6}",2.31567914281576,0.964023044466756,0.940580606460571
LightGBM,Enhanced,7,"{'colsample_bytree': 0.8, 'learning_rate': 0.01, 'max_depth': 3, 'min_child_samples': 100, 'n_estimators': 500, 'num_leaves': 62, 'subsample': 0.8}",2.31567914386711,0.964023044434088,0.929949045181274
LightGBM,Enhanced,7,"{'colsample_bytree': 0.8, 'learning_rate': 0.01, 'max_depth': 3, 'min_child_samples': 100, 'n_estimators': 750, 'num_leaves': 15, 'subsample': 0.6}",2.18631649083014,0.967930388225065,1.34872198104858
LightGBM,Enhanced,7,"{'colsample_bytree': 0.8, 'learning_rate': 0.01, 'max_depth': 3, 'min_child_samples': 100, 'n_estimators': 750, 'num_leaves': 15, 'subsample': 0.8}",2.18631649192187,0.967930388193037,1.29856991767883
LightGBM,Enhanced,7,"{'colsample_bytree': 0.8, 'learning_rate': 0.01, 'max_depth': 3, 'min_child_samples': 100, 'n_estimators': 750, 'num_leaves': 31, 'subsample': 0.6}",2.18631649175174,0.967930388198028,1.3061990737915
LightGBM,Enhanced,7,"{'colsample_bytree': 0.8, 'learning_rate': 0.01, 'max_depth': 3, 'min_child_samples': 100, 'n_estimators': 750, 'num_leaves': 31, 'subsample': 0.8}",2.18631649277225,0.96793038816809,1.33947801589966
LightGBM,Enhanced,7,"{'colsample_bytree': 0.8, 'learning_rate': 0.01, 'max_depth': 3, 'min_child_samples': 100, 'n_estimators': 750, 'num_leaves': 62, 'subsample': 0.6}",2.18631649340401,0.967930388149556,1.31024503707886
LightGBM,Enhanced,7,"{'colsample_bytree': 0.8, 'learning_rate': 0.01, 'max_depth': 3, 'min_child_samples': 100, 'n_estimators': 750, 'num_leaves': 62, 'subsample': 0.8}",2.18631649320271,0.967930388155461,1.2841489315033
LightGBM,Enhanced,7,"{'colsample_bytree': 0.8, 'learning_rate': 0.01, 'max_depth': 3, 'min_child_samples': 100, 'n_estimators': 1000, 'num_leaves': 15, 'subsample': 0.6}",2.07167513605236,0.971205406699412,1.5311963558197
LightGBM,Enhanced,7,"{'colsample_bytree': 0.8, 'learning_rate': 0.01, 'max_depth': 3, 'min_child_samples': 100, 'n_estimators': 1000, 'num_leaves': 15, 'subsample': 0.8}",2.07167513080033,0.97120540684541,1.592613697052
LightGBM,Enhanced,7,"{'colsample_bytree': 0.8, 'learning_rate': 0.01, 'max_depth': 3, 'min_child_samples': 100, 'n_estimators': 1000, 'num_leaves': 31, 'subsample': 0.6}",2.07167513376532,0.971205406762988,1.49180579185486
LightGBM,Enhanced,7,"{'colsample_bytree': 0.8, 'learning_rate': 0.01, 'max_depth': 3, 'min_child_samples': 100, 'n_estimators': 1000, 'num_leaves': 31, 'subsample': 0.8}",2.07167513443756,0.9712054067443,1.6562979221344
LightGBM,Enhanced,7,"{'colsample_bytree': 0.8, 'learning_rate': 0.01, 'max_depth': 3, 'min_child_samples': 100, 'n_estimators': 1000, 'num_leaves': 62, 'subsample': 0.6}",2.07167513045932,0.971205406854889,1.4664626121521
LightGBM,Enhanced,7,"{'colsample_bytree': 0.8, 'learning_rate': 0.01, 'max_depth': 3, 'min_child_samples': 100, 'n_estimators': 1000, 'num_leaves': 62, 'subsample': 0.8}",2.07167512958037,0.971205406879323,1.41717934608459
LightGBM,Enhanced,7,"{'colsample_bytree': 0.8, 'learning_rate': 0.01, 'max_depth': 5, 'min_child_samples': 50, 'n_estimators': 500, 'num_leaves': 15, 'subsample': 0.6}",1.68235793860849,0.981010897225194,1.56698727607727
LightGBM,Enhanced,7,"{'colsample_bytree': 0.8, 'learning_rate': 0.01, 'max_depth': 5, 'min_child_samples': 50, 'n_estimators': 500, 'num_leaves': 15, 'subsample': 0.8}",1.68235309783801,0.981011006502481,1.62695550918579
LightGBM,Enhanced,7,"{'colsample_bytree': 0.8, 'learning_rate': 0.01, 'max_depth': 5, 'min_child_samples': 50, 'n_estimators': 500, 'num_leaves': 31, 'subsample': 0.6}",1.68679045390299,0.980910704076767,1.65935778617859
LightGBM,Enhanced,7,"{'colsample_bytree': 0.8, 'learning_rate': 0.01, 'max_depth': 5, 'min_child_samples': 50, 'n_estimators': 500, 'num_leaves': 31, 'subsample': 0.8}",1.68679244459418,0.9809106590197,1.64446187019348
LightGBM,Enhanced,7,"{'colsample_bytree': 0.8, 'learning_rate': 0.01, 'max_depth': 5, 'min_child_samples': 50, 'n_estimators': 500, 'num_leaves': 62, 'subsample': 0.6}",1.68679578980085,0.980910583304571,1.62873291969299
LightGBM,Enhanced,7,"{'colsample_bytree': 0.8, 'learning_rate': 0.01, 'max_depth': 5, 'min_child_samples': 50, 'n_estimators': 500, 'num_leaves': 62, 'subsample': 0.8}",1.68678711381769,0.980910779675741,1.53861427307129
LightGBM,Enhanced,7,"{'colsample_bytree': 0.8, 'learning_rate': 0.01, 'max_depth': 5, 'min_child_samples': 50, 'n_estimators': 750, 'num_leaves': 15, 'subsample': 0.6}",1.53005956243819,0.984293322873581,2.21077847480774
LightGBM,Enhanced,7,"{'colsample_bytree': 0.8, 'learning_rate': 0.01, 'max_depth': 5, 'min_child_samples': 50, 'n_estimators': 750, 'num_leaves': 15, 'subsample': 0.8}",1.53005820123943,0.984293350820075,2.16243171691895
LightGBM,Enhanced,7,"{'colsample_bytree': 0.8, 'learning_rate': 0.01, 'max_depth': 5, 'min_child_samples': 50, 'n_estimators': 750, 'num_leaves': 31, 'subsample': 0.6}",1.53979959859807,0.984092715606268,2.14015364646912
LightGBM,Enhanced,7,"{'colsample_bytree': 0.8, 'learning_rate': 0.01, 'max_depth': 5, 'min_child_samples': 50, 'n_estimators': 750, 'num_leaves': 31, 'subsample': 0.8}",1.53980494036019,0.984092605237261,1.99590849876404
LightGBM,Enhanced,7,"{'colsample_bytree': 0.8, 'learning_rate': 0.01, 'max_depth': 5, 'min_child_samples': 50, 'n_estimators': 750, 'num_leaves': 62, 'subsample': 0.6}",1.53979959820644,0.98409271561436,2.12530660629272
LightGBM,Enhanced,7,"{'colsample_bytree': 0.8, 'learning_rate': 0.01, 'max_depth': 5, 'min_child_samples': 50, 'n_estimators': 750, 'num_leaves': 62, 'subsample': 0.8}",1.53979959860187,0.98409271560619,2.3888111114502
LightGBM,Enhanced,7,"{'colsample_bytree': 0.8, 'learning_rate': 0.01, 'max_depth': 5, 'min_child_samples': 50, 'n_estimators': 1000, 'num_leaves': 15, 'subsample': 0.6}",1.42687917058791,0.986340272430322,2.65943479537964
LightGBM,Enhanced,7,"{'colsample_bytree': 0.8, 'learning_rate': 0.01, 'max_depth': 5, 'min_child_samples': 50, 'n_estimators': 1000, 'num_leaves': 15, 'subsample': 0.8}",1.42688307692944,0.986340197638237,2.61145305633545
LightGBM,Enhanced,7,"{'colsample_bytree': 0.8, 'learning_rate': 0.01, 'max_depth': 5, 'min_child_samples': 50, 'n_estimators': 1000, 'num_leaves': 31, 'subsample': 0.6}",1.4389171110313,0.986108818187346,2.52644634246826
LightGBM,Enhanced,7,"{'colsample_bytree': 0.8, 'learning_rate': 0.01, 'max_depth': 5, 'min_child_samples': 50, 'n_estimators': 1000, 'num_leaves': 31, 'subsample': 0.8}",1.43891711140269,0.986108818180176,2.73000955581665
LightGBM,Enhanced,7,"{'colsample_bytree': 0.8, 'learning_rate': 0.01, 'max_depth': 5, 'min_child_samples': 50, 'n_estimators': 1000, 'num_leaves': 62, 'subsample': 0.6}",1.43891711115733,0.986108818184913,2.77189183235168
LightGBM,Enhanced,7,"{'colsample_bytree': 0.8, 'learning_rate': 0.01, 'max_depth': 5, 'min_child_samples': 50, 'n_estimators': 1000, 'num_leaves': 62, 'subsample': 0.8}",1.43892163887766,0.986108730764332,2.63429164886475
LightGBM,Enhanced,7,"{'colsample_bytree': 0.8, 'learning_rate': 0.01, 'max_depth': 5, 'min_child_samples': 100, 'n_estimators': 500, 'num_leaves': 15, 'subsample': 0.6}",2.2660180751105,0.965549591112716,1.2552375793457
LightGBM,Enhanced,7,"{'colsample_bytree': 0.8, 'learning_rate': 0.01, 'max_depth': 5, 'min_child_samples': 100, 'n_estimators': 500, 'num_leaves': 15, 'subsample': 0.8}",2.266018073817,0.965549591152046,1.3625214099884
LightGBM,Enhanced,7,"{'colsample_bytree': 0.8, 'learning_rate': 0.01, 'max_depth': 5, 'min_child_samples': 100, 'n_estimators': 500, 'num_leaves': 31, 'subsample': 0.6}",2.26711637114228,0.965516188098709,1.33253359794617
LightGBM,Enhanced,7,"{'colsample_bytree': 0.8, 'learning_rate': 0.01, 'max_depth': 5, 'min_child_samples': 100, 'n_estimators': 500, 'num_leaves': 31, 'subsample': 0.8}",2.26711637064065,0.965516188113969,1.33771586418152
LightGBM,Enhanced,7,"{'colsample_bytree': 0.8, 'learning_rate': 0.01, 'max_depth': 5, 'min_child_samples': 100, 'n_estimators': 500, 'num_leaves': 62, 'subsample': 0.6}",2.26712559327295,0.965515907553017,1.35319781303406
LightGBM,Enhanced,7,"{'colsample_bytree': 0.8, 'learning_rate': 0.01, 'max_depth': 5, 'min_child_samples': 100, 'n_estimators': 500, 'num_leaves': 62, 'subsample': 0.8}",2.26711636886267,0.965516188168057,1.39890313148499
LightGBM,Enhanced,7,"{'colsample_bytree': 0.8, 'learning_rate': 0.01, 'max_depth': 5, 'min_child_samples': 100, 'n_estimators': 750, 'num_leaves': 15, 'subsample': 0.6}",2.13249931804929,0.969489772687784,1.75966262817383
LightGBM,Enhanced,7,"{'colsample_bytree': 0.8, 'learning_rate': 0.01, 'max_depth': 5, 'min_child_samples': 100, 'n_estimators': 750, 'num_leaves': 15, 'subsample': 0.8}",2.13249932110183,0.969489772600437,1.66463541984558
LightGBM,Enhanced,7,"{'colsample_bytree': 0.8, 'learning_rate': 0.01, 'max_depth': 5, 'min_child_samples': 100, 'n_estimators': 750, 'num_leaves': 31, 'subsample': 0.6}",2.12846190281922,0.969605192041994,1.72481274604797
LightGBM,Enhanced,7,"{'colsample_bytree': 0.8, 'learning_rate': 0.01, 'max_depth': 5, 'min_child_samples': 100, 'n_estimators': 750, 'num_leaves': 31, 'subsample': 0.8}",2.12846190921097,0.969605191859443,1.70435905456543
LightGBM,Enhanced,7,"{'colsample_bytree': 0.8, 'learning_rate': 0.01, 'max_depth': 5, 'min_child_samples': 100, 'n_estimators': 750, 'num_leaves': 62, 'subsample': 0.6}",2.12846190526278,0.969605191972205,1.78216075897217
LightGBM,Enhanced,7,"{'colsample_bytree': 0.8, 'learning_rate': 0.01, 'max_depth': 5, 'min_child_samples': 100, 'n_estimators': 750, 'num_leaves': 62, 'subsample': 0.8}",2.12846190143683,0.969605192081476,1.67652273178101
LightGBM,Enhanced,7,"{'colsample_bytree': 0.8, 'learning_rate': 0.01, 'max_depth': 5, 'min_child_samples': 100, 'n_estimators': 1000, 'num_leaves': 15, 'subsample': 0.6}",2.04896629546384,0.971833215541368,2.21696972846985
LightGBM,Enhanced,7,"{'colsample_bytree': 0.8, 'learning_rate': 0.01, 'max_depth': 5, 'min_child_samples': 100, 'n_estimators': 1000, 'num_leaves': 15, 'subsample': 0.8}",2.04896630136725,0.971833215379062,2.13900947570801
LightGBM,Enhanced,7,"{'colsample_bytree': 0.8, 'learning_rate': 0.01, 'max_depth': 5, 'min_child_samples': 100, 'n_estimators': 1000, 'num_leaves': 31, 'subsample': 0.6}",2.04540653150203,0.97193100143967,2.38357019424438
LightGBM,Enhanced,7,"{'colsample_bytree': 0.8, 'learning_rate': 0.01, 'max_depth': 5, 'min_child_samples': 100, 'n_estimators': 1000, 'num_leaves': 31, 'subsample': 0.8}",2.04541356111142,0.971930808505471,2.27343916893005
LightGBM,Enhanced,7,"{'colsample_bytree': 0.8, 'learning_rate': 0.01, 'max_depth': 5, 'min_child_samples': 100, 'n_estimators': 1000, 'num_leaves': 62, 'subsample': 0.6}",2.04541441054524,0.971930785191921,2.49784755706787
LightGBM,Enhanced,7,"{'colsample_bytree': 0.8, 'learning_rate': 0.01, 'max_depth': 5, 'min_child_samples': 100, 'n_estimators': 1000, 'num_leaves': 62, 'subsample': 0.8}",2.04541440729191,0.971930785281212,2.40348410606384
LightGBM,Enhanced,7,"{'colsample_bytree': 0.8, 'learning_rate': 0.01, 'max_depth': 9, 'min_child_samples': 50, 'n_estimators': 500, 'num_leaves': 15, 'subsample': 0.6}",1.68338879216428,0.98098761920464,2.20785260200501
LightGBM,Enhanced,7,"{'colsample_bytree': 0.8, 'learning_rate': 0.01, 'max_depth': 9, 'min_child_samples': 50, 'n_estimators': 500, 'num_leaves': 15, 'subsample': 0.8}",1.68338879397464,0.980987619163747,2.19388771057129
LightGBM,Enhanced,7,"{'colsample_bytree': 0.8, 'learning_rate': 0.01, 'max_depth': 9, 'min_child_samples': 50, 'n_estimators': 500, 'num_leaves': 31, 'subsample': 0.6}",1.68445870664676,0.980963444057538,3.42952466011047
LightGBM,Enhanced,7,"{'colsample_bytree': 0.8, 'learning_rate': 0.01, 'max_depth': 9, 'min_child_samples': 50, 'n_estimators': 500, 'num_leaves': 31, 'subsample': 0.8}",1.6844550181189,0.980963527427691,3.44918727874756
LightGBM,Enhanced,7,"{'colsample_bytree': 0.8, 'learning_rate': 0.01, 'max_depth': 9, 'min_child_samples': 50, 'n_estimators': 500, 'num_leaves': 62, 'subsample': 0.6}",1.68015883668614,0.981060508165579,4.26776027679443
LightGBM,Enhanced,7,"{'colsample_bytree': 0.8, 'learning_rate': 0.01, 'max_depth': 9, 'min_child_samples': 50, 'n_estimators': 500, 'num_leaves': 62, 'subsample': 0.8}",1.68015913585175,0.981060501420925,4.1392195224762
LightGBM,Enhanced,7,"{'colsample_bytree': 0.8, 'learning_rate': 0.01, 'max_depth': 9, 'min_child_samples': 50, 'n_estimators': 750, 'num_leaves': 15, 'subsample': 0.6}",1.52575707935617,0.984381532118482,3.21892333030701
LightGBM,Enhanced,7,"{'colsample_bytree': 0.8, 'learning_rate': 0.01, 'max_depth': 9, 'min_child_samples': 50, 'n_estimators': 750, 'num_leaves': 15, 'subsample': 0.8}",1.52576016584251,0.984381468928558,3.48522186279297
LightGBM,Enhanced,7,"{'colsample_bytree': 0.8, 'learning_rate': 0.01, 'max_depth': 9, 'min_child_samples': 50, 'n_estimators': 750, 'num_leaves': 31, 'subsample': 0.6}",1.52680042955485,0.98436016423046,4.45914340019226
LightGBM,Enhanced,7,"{'colsample_bytree': 0.8, 'learning_rate': 0.01, 'max_depth': 9, 'min_child_samples': 50, 'n_estimators': 750, 'num_leaves': 31, 'subsample': 0.8}",1.52681135599227,0.984359940378941,4.35401916503906
LightGBM,Enhanced,7,"{'colsample_bytree': 0.8, 'learning_rate': 0.01, 'max_depth': 9, 'min_child_samples': 50, 'n_estimators': 750, 'num_leaves': 62, 'subsample': 0.6}",1.52769190647186,0.984341895145997,5.16528916358948
LightGBM,Enhanced,7,"{'colsample_bytree': 0.8, 'learning_rate': 0.01, 'max_depth': 9, 'min_child_samples': 50, 'n_estimators': 750, 'num_leaves': 62, 'subsample': 0.8}",1.52768461846932,0.984342044542659,5.31286239624023
LightGBM,Enhanced,7,"{'colsample_bytree': 0.8, 'learning_rate': 0.01, 'max_depth': 9, 'min_child_samples': 50, 'n_estimators': 1000, 'num_leaves': 15, 'subsample': 0.6}",1.44047721309303,0.986078679676047,3.93836236000061
LightGBM,Enhanced,7,"{'colsample_bytree': 0.8, 'learning_rate': 0.01, 'max_depth': 9, 'min_child_samples': 50, 'n_estimators': 1000, 'num_leaves': 15, 'subsample': 0.8}",1.44048171270587,0.986078592703967,4.09351444244385
LightGBM,Enhanced,7,"{'colsample_bytree': 0.8, 'learning_rate': 0.01, 'max_depth': 9, 'min_child_samples': 50, 'n_estimators': 1000, 'num_leaves': 31, 'subsample': 0.6}",1.44514537791269,0.985988303626867,5.40706372261047
LightGBM,Enhanced,7,"{'colsample_bytree': 0.8, 'learning_rate': 0.01, 'max_depth': 9, 'min_child_samples': 50, 'n_estimators': 1000, 'num_leaves': 31, 'subsample': 0.8}",1.44514562815304,0.985988298774355,5.53338098526001
LightGBM,Enhanced,7,"{'colsample_bytree': 0.8, 'learning_rate': 0.01, 'max_depth': 9, 'min_child_samples': 50, 'n_estimators': 1000, 'num_leaves': 62, 'subsample': 0.6}",1.44469892091086,0.985996959716083,6.40024542808533
LightGBM,Enhanced,7,"{'colsample_bytree': 0.8, 'learning_rate': 0.01, 'max_depth': 9, 'min_child_samples': 50, 'n_estimators': 1000, 'num_leaves': 62, 'subsample': 0.8}",1.44469302882517,0.985997073936346,6.26772475242615
LightGBM,Enhanced,7,"{'colsample_bytree': 0.8, 'learning_rate': 0.01, 'max_depth': 9, 'min_child_samples': 100, 'n_estimators': 500, 'num_leaves': 15, 'subsample': 0.6}",2.26318832359988,0.965635579153551,2.36663031578064
LightGBM,Enhanced,7,"{'colsample_bytree': 0.8, 'learning_rate': 0.01, 'max_depth': 9, 'min_child_samples': 100, 'n_estimators': 500, 'num_leaves': 15, 'subsample': 0.8}",2.2632218327803,0.965634561534212,2.14863324165344
LightGBM,Enhanced,7,"{'colsample_bytree': 0.8, 'learning_rate': 0.01, 'max_depth': 9, 'min_child_samples': 100, 'n_estimators': 500, 'num_leaves': 31, 'subsample': 0.6}",2.26597510143906,0.965550897762942,2.96488118171692
LightGBM,Enhanced,7,"{'colsample_bytree': 0.8, 'learning_rate': 0.01, 'max_depth': 9, 'min_child_samples': 100, 'n_estimators': 500, 'num_leaves': 31, 'subsample': 0.8}",2.26598766792115,0.965550515671165,3.05681324005127
LightGBM,Enhanced,7,"{'colsample_bytree': 0.8, 'learning_rate': 0.01, 'max_depth': 9, 'min_child_samples': 100, 'n_estimators': 500, 'num_leaves': 62, 'subsample': 0.6}",2.26597490965699,0.96555090359418,3.16046977043152
LightGBM,Enhanced,7,"{'colsample_bytree': 0.8, 'learning_rate': 0.01, 'max_depth': 9, 'min_child_samples': 100, 'n_estimators': 500, 'num_leaves': 62, 'subsample': 0.8}",2.2660034382473,0.9655500361615,2.96464610099793
LightGBM,Enhanced,7,"{'colsample_bytree': 0.8, 'learning_rate': 0.01, 'max_depth': 9, 'min_child_samples': 100, 'n_estimators': 750, 'num_leaves': 15, 'subsample': 0.6}",2.12873293737898,0.969597450707379,3.14483547210693
LightGBM,Enhanced,7,"{'colsample_bytree': 0.8, 'learning_rate': 0.01, 'max_depth': 9, 'min_child_samples': 100, 'n_estimators': 750, 'num_leaves': 15, 'subsample': 0.8}",2.12874441456914,0.969597122872192,2.56362891197205
LightGBM,Enhanced,7,"{'colsample_bytree': 0.8, 'learning_rate': 0.01, 'max_depth': 9, 'min_child_samples': 100, 'n_estimators': 750, 'num_leaves': 31, 'subsample': 0.6}",2.13566271102849,0.969399186562069,2.93432784080505
LightGBM,Enhanced,7,"{'colsample_bytree': 0.8, 'learning_rate': 0.01, 'max_depth': 9, 'min_child_samples': 100, 'n_estimators': 750, 'num_leaves': 31, 'subsample': 0.8}",2.13569218336276,0.969398341968379,3.14112901687622
LightGBM,Enhanced,7,"{'colsample_bytree': 0.8, 'learning_rate': 0.01, 'max_depth': 9, 'min_child_samples': 100, 'n_estimators': 750, 'num_leaves': 62, 'subsample': 0.6}",2.13568317113897,0.969398600234444,3.13776874542236
LightGBM,Enhanced,7,"{'colsample_bytree': 0.8, 'learning_rate': 0.01, 'max_depth': 9, 'min_child_samples': 100, 'n_estimators': 750, 'num_leaves': 62, 'subsample': 0.8}",2.13566775040033,0.969399042148761,2.7233681678772
LightGBM,Enhanced,7,"{'colsample_bytree': 0.8, 'learning_rate': 0.01, 'max_depth': 9, 'min_child_samples': 100, 'n_estimators': 1000, 'num_leaves': 15, 'subsample': 0.6}",2.04752689802464,0.971872775935041,1.15222597122192
LightGBM,Enhanced,7,"{'colsample_bytree': 0.8, 'learning_rate': 0.01, 'max_depth': 9, 'min_child_samples': 100, 'n_estimators': 1000, 'num_leaves': 15, 'subsample': 0.8}",2.04754331128059,0.971872324989876,1.43088841438293
LightGBM,Enhanced,7,"{'colsample_bytree': 0.8, 'learning_rate': 0.01, 'max_depth': 9, 'min_child_samples': 100, 'n_estimators': 1000, 'num_leaves': 31, 'subsample': 0.6}",2.05503258536082,0.971666184174275,1.23285150527954
LightGBM,Enhanced,7,"{'colsample_bytree': 0.8, 'learning_rate': 0.01, 'max_depth': 9, 'min_child_samples': 100, 'n_estimators': 1000, 'num_leaves': 31, 'subsample': 0.8}",2.05503425134761,0.971666138234583,2.55638909339905
LightGBM,Enhanced,7,"{'colsample_bytree': 0.8, 'learning_rate': 0.01, 'max_depth': 9, 'min_child_samples': 100, 'n_estimators': 1000, 'num_leaves': 62, 'subsample': 0.6}",2.05502525986267,0.971666386174911,3.97835874557495
LightGBM,Enhanced,7,"{'colsample_bytree': 0.8, 'learning_rate': 0.01, 'max_depth': 9, 'min_child_samples': 100, 'n_estimators': 1000, 'num_leaves': 62, 'subsample': 0.8}",2.05503164203432,0.971666210186547,3.68273496627808
LightGBM,Enhanced,7,"{'colsample_bytree': 0.8, 'learning_rate': 0.05, 'max_depth': 3, 'min_child_samples': 50, 'n_estimators': 500, 'num_leaves': 15, 'subsample': 0.6}",1.58194726360112,0.983209963332666,0.303059101104736
LightGBM,Enhanced,7,"{'colsample_bytree': 0.8, 'learning_rate': 0.05, 'max_depth': 3, 'min_child_samples': 50, 'n_estimators': 500, 'num_leaves': 15, 'subsample': 0.8}",1.58194725891572,0.983209963432123,0.299882411956787
LightGBM,Enhanced,7,"{'colsample_bytree': 0.8, 'learning_rate': 0.05, 'max_depth': 3, 'min_child_samples': 50, 'n_estimators': 500, 'num_leaves': 31, 'subsample': 0.6}",1.58194725908912,0.983209963428442,0.304217338562012
LightGBM,Enhanced,7,"{'colsample_bytree': 0.8, 'learning_rate': 0.05, 'max_depth': 3, 'min_child_samples': 50, 'n_estimators': 500, 'num_leaves': 31, 'subsample': 0.8}",1.58194726098016,0.983209963388301,0.288362979888916
LightGBM,Enhanced,7,"{'colsample_bytree': 0.8, 'learning_rate': 0.05, 'max_depth': 3, 'min_child_samples': 50, 'n_estimators': 500, 'num_leaves': 62, 'subsample': 0.6}",1.58194726437216,0.983209963316299,0.297521829605103
LightGBM,Enhanced,7,"{'colsample_bytree': 0.8, 'learning_rate': 0.05, 'max_depth': 3, 'min_child_samples': 50, 'n_estimators': 500, 'num_leaves': 62, 'subsample': 0.8}",1.58194725789494,0.983209963453791,0.354149580001831
LightGBM,Enhanced,7,"{'colsample_bytree': 0.8, 'learning_rate': 0.05, 'max_depth': 3, 'min_child_samples': 50, 'n_estimators': 750, 'num_leaves': 15, 'subsample': 0.6}",1.58194725558656,0.983209963502791,0.356526851654053
LightGBM,Enhanced,7,"{'colsample_bytree': 0.8, 'learning_rate': 0.05, 'max_depth': 3, 'min_child_samples': 50, 'n_estimators': 750, 'num_leaves': 15, 'subsample': 0.8}",1.58194725869056,0.983209963436903,0.30271053314209
LightGBM,Enhanced,7,"{'colsample_bytree': 0.8, 'learning_rate': 0.05, 'max_depth': 3, 'min_child_samples': 50, 'n_estimators': 750, 'num_leaves': 31, 'subsample': 0.6}",1.58194726011659,0.983209963406632,0.294289588928223
LightGBM,Enhanced,7,"{'colsample_bytree': 0.8, 'learning_rate': 0.05, 'max_depth': 3, 'min_child_samples': 50, 'n_estimators': 750, 'num_leaves': 31, 'subsample': 0.8}",1.58194726087727,0.983209963390485,0.306241512298584
LightGBM,Enhanced,7,"{'colsample_bytree': 0.8, 'learning_rate': 0.05, 'max_depth': 3, 'min_child_samples': 50, 'n_estimators': 750, 'num_leaves': 62, 'subsample': 0.6}",1.5819472628634,0.983209963348325,0.25700044631958
LightGBM,Enhanced,7,"{'colsample_bytree': 0.8, 'learning_rate': 0.05, 'max_depth': 3, 'min_child_samples': 50, 'n_estimators': 750, 'num_leaves': 62, 'subsample': 0.8}",1.58194725682778,0.983209963476444,0.308224201202393
LightGBM,Enhanced,7,"{'colsample_bytree': 0.8, 'learning_rate': 0.05, 'max_depth': 3, 'min_child_samples': 50, 'n_estimators': 1000, 'num_leaves': 15, 'subsample': 0.6}",1.58194726237793,0.98320996335863,0.285864353179932
LightGBM,Enhanced,7,"{'colsample_bytree': 0.8, 'learning_rate': 0.05, 'max_depth': 3, 'min_child_samples': 50, 'n_estimators': 1000, 'num_leaves': 15, 'subsample': 0.8}",1.58194726120429,0.983209963383543,0.265185594558716
LightGBM,Enhanced,7,"{'colsample_bytree': 0.8, 'learning_rate': 0.05, 'max_depth': 3, 'min_child_samples': 50, 'n_estimators': 1000, 'num_leaves': 31, 'subsample': 0.6}",1.58194726236386,0.983209963358929,0.267333745956421
LightGBM,Enhanced,7,"{'colsample_bytree': 0.8, 'learning_rate': 0.05, 'max_depth': 3, 'min_child_samples': 50, 'n_estimators': 1000, 'num_leaves': 31, 'subsample': 0.8}",1.58194726486887,0.983209963305755,0.321846485137939
LightGBM,Enhanced,7,"{'colsample_bytree': 0.8, 'learning_rate': 0.05, 'max_depth': 3, 'min_child_samples': 50, 'n_estimators': 1000, 'num_leaves': 62, 'subsample': 0.6}",1.58194726458314,0.98320996331182,0.319425106048584
LightGBM,Enhanced,7,"{'colsample_bytree': 0.8, 'learning_rate': 0.05, 'max_depth': 3, 'min_child_samples': 50, 'n_estimators': 1000, 'num_leaves': 62, 'subsample': 0.8}",1.58194726354693,0.983209963333816,0.296866655349731
LightGBM,Enhanced,7,"{'colsample_bytree': 0.8, 'learning_rate': 0.05, 'max_depth': 3, 'min_child_samples': 100, 'n_estimators': 500, 'num_leaves': 15, 'subsample': 0.6}",1.84142675937314,0.977250254565954,0.296655654907227
LightGBM,Enhanced,7,"{'colsample_bytree': 0.8, 'learning_rate': 0.05, 'max_depth': 3, 'min_child_samples': 100, 'n_estimators': 500, 'num_leaves': 15, 'subsample': 0.8}",1.84213200065149,0.977232825545985,0.279465913772583
LightGBM,Enhanced,7,"{'colsample_bytree': 0.8, 'learning_rate': 0.05, 'max_depth': 3, 'min_child_samples': 100, 'n_estimators': 500, 'num_leaves': 31, 'subsample': 0.6}",1.84167169717854,0.977244202038162,0.312524080276489
LightGBM,Enhanced,7,"{'colsample_bytree': 0.8, 'learning_rate': 0.05, 'max_depth': 3, 'min_child_samples': 100, 'n_estimators': 500, 'num_leaves': 31, 'subsample': 0.8}",1.84167169187885,0.977244202169129,0.269056081771851
LightGBM,Enhanced,7,"{'colsample_bytree': 0.8, 'learning_rate': 0.05, 'max_depth': 3, 'min_child_samples': 100, 'n_estimators': 500, 'num_leaves': 62, 'subsample': 0.6}",1.84213199497472,0.977232825686305,0.273502111434937
LightGBM,Enhanced,7,"{'colsample_bytree': 0.8, 'learning_rate': 0.05, 'max_depth': 3, 'min_child_samples': 100, 'n_estimators': 500, 'num_leaves': 62, 'subsample': 0.8}",1.84167169951007,0.977244201980545,0.268863677978516
LightGBM,Enhanced,7,"{'colsample_bytree': 0.8, 'learning_rate': 0.05, 'max_depth': 3, 'min_child_samples': 100, 'n_estimators': 750, 'num_leaves': 15, 'subsample': 0.6}",1.80384193691924,0.978169453877754,0.361363172531128
LightGBM,Enhanced,7,"{'colsample_bytree': 0.8, 'learning_rate': 0.05, 'max_depth': 3, 'min_child_samples': 100, 'n_estimators': 750, 'num_leaves': 15, 'subsample': 0.8}",1.80379763300987,0.978170526218561,0.354546546936035
LightGBM,Enhanced,7,"{'colsample_bytree': 0.8, 'learning_rate': 0.05, 'max_depth': 3, 'min_child_samples': 100, 'n_estimators': 750, 'num_leaves': 31, 'subsample': 0.6}",1.80409425748518,0.978163346157461,0.352874755859375
LightGBM,Enhanced,7,"{'colsample_bytree': 0.8, 'learning_rate': 0.05, 'max_depth': 3, 'min_child_samples': 100, 'n_estimators': 750, 'num_leaves': 31, 'subsample': 0.8}",1.80408415150787,0.97816359080112,0.355534553527832
LightGBM,Enhanced,7,"{'colsample_bytree': 0.8, 'learning_rate': 0.05, 'max_depth': 3, 'min_child_samples': 100, 'n_estimators': 750, 'num_leaves': 62, 'subsample': 0.6}",1.80437490689579,0.97815655170015,0.365519285202026
LightGBM,Enhanced,7,"{'colsample_bytree': 0.8, 'learning_rate': 0.05, 'max_depth': 3, 'min_child_samples': 100, 'n_estimators': 750, 'num_leaves': 62, 'subsample': 0.8}",1.80408414901552,0.978163590861454,0.373522281646729
LightGBM,Enhanced,7,"{'colsample_bytree': 0.8, 'learning_rate': 0.05, 'max_depth': 3, 'min_child_samples': 100, 'n_estimators': 1000, 'num_leaves': 15, 'subsample': 0.6}",1.8041553898614,0.978161866246808,0.368070363998413
LightGBM,Enhanced,7,"{'colsample_bytree': 0.8, 'learning_rate': 0.05, 'max_depth': 3, 'min_child_samples': 100, 'n_estimators': 1000, 'num_leaves': 15, 'subsample': 0.8}",1.80412969793797,0.978162488210602,0.362820863723755
LightGBM,Enhanced,7,"{'colsample_bytree': 0.8, 'learning_rate': 0.05, 'max_depth': 3, 'min_child_samples': 100, 'n_estimators': 1000, 'num_leaves': 31, 'subsample': 0.6}",1.80379762932634,0.978170526307717,0.386251449584961
LightGBM,Enhanced,7,"{'colsample_bytree': 0.8, 'learning_rate': 0.05, 'max_depth': 3, 'min_child_samples': 100, 'n_estimators': 1000, 'num_leaves': 31, 'subsample': 0.8}",1.80408635965954,0.978163537346703,0.369767189025879
LightGBM,Enhanced,7,"{'colsample_bytree': 0.8, 'learning_rate': 0.05, 'max_depth': 3, 'min_child_samples': 100, 'n_estimators': 1000, 'num_leaves': 62, 'subsample': 0.6}",1.80518326712911,0.978136975579744,0.360635042190552
LightGBM,Enhanced,7,"{'colsample_bytree': 0.8, 'learning_rate': 0.05, 'max_depth': 3, 'min_child_samples': 100, 'n_estimators': 1000, 'num_leaves': 62, 'subsample': 0.8}",1.80519206449255,0.978136762485103,0.375690221786499
LightGBM,Enhanced,7,"{'colsample_bytree': 0.8, 'learning_rate': 0.05, 'max_depth': 5, 'min_child_samples': 50, 'n_estimators': 500, 'num_leaves': 15, 'subsample': 0.6}",1.35927440515376,0.987603989940592,0.35846209526062
LightGBM,Enhanced,7,"{'colsample_bytree': 0.8, 'learning_rate': 0.05, 'max_depth': 5, 'min_child_samples': 50, 'n_estimators': 500, 'num_leaves': 15, 'subsample': 0.8}",1.35927439964403,0.987603990041085,0.355386972427368
LightGBM,Enhanced,7,"{'colsample_bytree': 0.8, 'learning_rate': 0.05, 'max_depth': 5, 'min_child_samples': 50, 'n_estimators': 500, 'num_leaves': 31, 'subsample': 0.6}",1.35393953859876,0.987701102464703,0.357471227645874
LightGBM,Enhanced,7,"{'colsample_bytree': 0.8, 'learning_rate': 0.05, 'max_depth': 5, 'min_child_samples': 50, 'n_estimators': 500, 'num_leaves': 31, 'subsample': 0.8}",1.35398945131419,0.9877001956551,0.367810010910034
LightGBM,Enhanced,7,"{'colsample_bytree': 0.8, 'learning_rate': 0.05, 'max_depth': 5, 'min_child_samples': 50, 'n_estimators': 500, 'num_leaves': 62, 'subsample': 0.6}",1.35393954823713,0.987701102289597,0.345921993255615
LightGBM,Enhanced,7,"{'colsample_bytree': 0.8, 'learning_rate': 0.05, 'max_depth': 5, 'min_child_samples': 50, 'n_estimators': 500, 'num_leaves': 62, 'subsample': 0.8}",1.35398947376326,0.987700195247239,0.342551469802856
LightGBM,Enhanced,7,"{'colsample_bytree': 0.8, 'learning_rate': 0.05, 'max_depth': 5, 'min_child_samples': 50, 'n_estimators': 750, 'num_leaves': 15, 'subsample': 0.6}",1.35177148382959,0.987740459221343,0.847046136856079
LightGBM,Enhanced,7,"{'colsample_bytree': 0.8, 'learning_rate': 0.05, 'max_depth': 5, 'min_child_samples': 50, 'n_estimators': 750, 'num_leaves': 15, 'subsample': 0.8}",1.35185442235548,0.987738954796305,1.27835750579834
LightGBM,Enhanced,7,"{'colsample_bytree': 0.8, 'learning_rate': 0.05, 'max_depth': 5, 'min_child_samples': 50, 'n_estimators': 750, 'num_leaves': 31, 'subsample': 0.6}",1.34717903518909,0.987823617764428,1.22531580924988
LightGBM,Enhanced,7,"{'colsample_bytree': 0.8, 'learning_rate': 0.05, 'max_depth': 5, 'min_child_samples': 50, 'n_estimators': 750, 'num_leaves': 31, 'subsample': 0.8}",1.34688149342518,0.987828995790752,0.826534032821655
LightGBM,Enhanced,7,"{'colsample_bytree': 0.8, 'learning_rate': 0.05, 'max_depth': 5, 'min_child_samples': 50, 'n_estimators': 750, 'num_leaves': 62, 'subsample': 0.6}",1.34717904121247,0.987823617655544,0.503063440322876
LightGBM,Enhanced,7,"{'colsample_bytree': 0.8, 'learning_rate': 0.05, 'max_depth': 5, 'min_child_samples': 50, 'n_estimators': 750, 'num_leaves': 62, 'subsample': 0.8}",1.34715166268893,0.987824112568207,1.0438928604126
LightGBM,Enhanced,7,"{'colsample_bytree': 0.8, 'learning_rate': 0.05, 'max_depth': 5, 'min_child_samples': 50, 'n_estimators': 1000, 'num_leaves': 15, 'subsample': 0.6}",1.3519131827266,0.987737888883862,1.21648001670837
LightGBM,Enhanced,7,"{'colsample_bytree': 0.8, 'learning_rate': 0.05, 'max_depth': 5, 'min_child_samples': 50, 'n_estimators': 1000, 'num_leaves': 15, 'subsample': 0.8}",1.35177145970984,0.987740459658838,1.11486387252808
LightGBM,Enhanced,7,"{'colsample_bytree': 0.8, 'learning_rate': 0.05, 'max_depth': 5, 'min_child_samples': 50, 'n_estimators': 1000, 'num_leaves': 31, 'subsample': 0.6}",1.34688146956636,0.98782899622195,1.25367093086243
LightGBM,Enhanced,7,"{'colsample_bytree': 0.8, 'learning_rate': 0.05, 'max_depth': 5, 'min_child_samples': 50, 'n_estimators': 1000, 'num_leaves': 31, 'subsample': 0.8}",1.34688147155849,0.987828996185946,1.19603586196899
LightGBM,Enhanced,7,"{'colsample_bytree': 0.8, 'learning_rate': 0.05, 'max_depth': 5, 'min_child_samples': 50, 'n_estimators': 1000, 'num_leaves': 62, 'subsample': 0.6}",1.34715167047055,0.987824112427542,1.26621413230896
LightGBM,Enhanced,7,"{'colsample_bytree': 0.8, 'learning_rate': 0.05, 'max_depth': 5, 'min_child_samples': 50, 'n_estimators': 1000, 'num_leaves': 62, 'subsample': 0.8}",1.34688149214496,0.98782899581389,0.747788906097412
LightGBM,Enhanced,7,"{'colsample_bytree': 0.8, 'learning_rate': 0.05, 'max_depth': 5, 'min_child_samples': 100, 'n_estimators': 500, 'num_leaves': 15, 'subsample': 0.6}",1.81572741923716,0.977880823954148,0.395089387893677
LightGBM,Enhanced,7,"{'colsample_bytree': 0.8, 'learning_rate': 0.05, 'max_depth': 5, 'min_child_samples': 100, 'n_estimators': 500, 'num_leaves': 15, 'subsample': 0.8}",1.81572741663341,0.977880824017585,0.38972020149231
LightGBM,Enhanced,7,"{'colsample_bytree': 0.8, 'learning_rate': 0.05, 'max_depth': 5, 'min_child_samples': 100, 'n_estimators': 500, 'num_leaves': 31, 'subsample': 0.6}",1.81575693955641,0.977880104715743,0.386626482009888
LightGBM,Enhanced,7,"{'colsample_bytree': 0.8, 'learning_rate': 0.05, 'max_depth': 5, 'min_child_samples': 100, 'n_estimators': 500, 'num_leaves': 31, 'subsample': 0.8}",1.81572741642711,0.977880824022612,0.402423858642578
LightGBM,Enhanced,7,"{'colsample_bytree': 0.8, 'learning_rate': 0.05, 'max_depth': 5, 'min_child_samples': 100, 'n_estimators': 500, 'num_leaves': 62, 'subsample': 0.6}",1.81572742078974,0.977880823916321,0.401566505432129
LightGBM,Enhanced,7,"{'colsample_bytree': 0.8, 'learning_rate': 0.05, 'max_depth': 5, 'min_child_samples': 100, 'n_estimators': 500, 'num_leaves': 62, 'subsample': 0.8}",1.81575695187331,0.977880104415649,0.409286260604858
LightGBM,Enhanced,7,"{'colsample_bytree': 0.8, 'learning_rate': 0.05, 'max_depth': 5, 'min_child_samples': 100, 'n_estimators': 750, 'num_leaves': 15, 'subsample': 0.6}",1.68788824420336,0.980885848750936,0.530412197113037
LightGBM,Enhanced,7,"{'colsample_bytree': 0.8, 'learning_rate': 0.05, 'max_depth': 5, 'min_child_samples': 100, 'n_estimators': 750, 'num_leaves': 15, 'subsample': 0.8}",1.68788824914949,0.980885848638913,0.668585300445557
LightGBM,Enhanced,7,"{'colsample_bytree': 0.8, 'learning_rate': 0.05, 'max_depth': 5, 'min_child_samples': 100, 'n_estimators': 750, 'num_leaves': 31, 'subsample': 0.6}",1.68784827207556,0.980886754052875,0.534120559692383
LightGBM,Enhanced,7,"{'colsample_bytree': 0.8, 'learning_rate': 0.05, 'max_depth': 5, 'min_child_samples': 100, 'n_estimators': 750, 'num_leaves': 31, 'subsample': 0.8}",1.68788823970004,0.98088584885293,0.488409280776978
LightGBM,Enhanced,7,"{'colsample_bytree': 0.8, 'learning_rate': 0.05, 'max_depth': 5, 'min_child_samples': 100, 'n_estimators': 750, 'num_leaves': 62, 'subsample': 0.6}",1.68788825259529,0.980885848560871,0.445610046386719
LightGBM,Enhanced,7,"{'colsample_bytree': 0.8, 'learning_rate': 0.05, 'max_depth': 5, 'min_child_samples': 100, 'n_estimators': 750, 'num_leaves': 62, 'subsample': 0.8}",1.6878482710496,0.980886754076111,0.423043012619019
LightGBM,Enhanced,7,"{'colsample_bytree': 0.8, 'learning_rate': 0.05, 'max_depth': 5, 'min_child_samples': 100, 'n_estimators': 1000, 'num_leaves': 15, 'subsample': 0.6}",1.63175111942061,0.982136132862896,0.631271839141846
LightGBM,Enhanced,7,"{'colsample_bytree': 0.8, 'learning_rate': 0.05, 'max_depth': 5, 'min_child_samples': 100, 'n_estimators': 1000, 'num_leaves': 15, 'subsample': 0.8}",1.63175111563325,0.982136132945821,0.68025016784668
LightGBM,Enhanced,7,"{'colsample_bytree': 0.8, 'learning_rate': 0.05, 'max_depth': 5, 'min_child_samples': 100, 'n_estimators': 1000, 'num_leaves': 31, 'subsample': 0.6}",1.6317511080904,0.982136133110974,0.547221183776856
LightGBM,Enhanced,7,"{'colsample_bytree': 0.8, 'learning_rate': 0.05, 'max_depth': 5, 'min_child_samples': 100, 'n_estimators': 1000, 'num_leaves': 31, 'subsample': 0.8}",1.63175111513091,0.98213613295682,0.549378871917725
LightGBM,Enhanced,7,"{'colsample_bytree': 0.8, 'learning_rate': 0.05, 'max_depth': 5, 'min_child_samples': 100, 'n_estimators': 1000, 'num_leaves': 62, 'subsample': 0.6}",1.6317511131654,0.982136132999856,0.544957637786865
LightGBM,Enhanced,7,"{'colsample_bytree': 0.8, 'learning_rate': 0.05, 'max_depth': 5, 'min_child_samples': 100, 'n_estimators': 1000, 'num_leaves': 62, 'subsample': 0.8}",1.63175111733347,0.982136132908594,0.558095693588257
LightGBM,Enhanced,7,"{'colsample_bytree': 0.8, 'learning_rate': 0.05, 'max_depth': 9, 'min_child_samples': 50, 'n_estimators': 500, 'num_leaves': 15, 'subsample': 0.6}",1.27095625648743,0.989162506547686,0.481827735900879
LightGBM,Enhanced,7,"{'colsample_bytree': 0.8, 'learning_rate': 0.05, 'max_depth': 9, 'min_child_samples': 50, 'n_estimators': 500, 'num_leaves': 15, 'subsample': 0.8}",1.27007887931724,0.989177464241582,0.480761289596558
LightGBM,Enhanced,7,"{'colsample_bytree': 0.8, 'learning_rate': 0.05, 'max_depth': 9, 'min_child_samples': 50, 'n_estimators': 500, 'num_leaves': 31, 'subsample': 0.6}",1.27938661015532,0.989018257814946,0.526291131973267
LightGBM,Enhanced,7,"{'colsample_bytree': 0.8, 'learning_rate': 0.05, 'max_depth': 9, 'min_child_samples': 50, 'n_estimators': 500, 'num_leaves': 31, 'subsample': 0.8}",1.279395370428,0.989018107425087,0.542595148086548
LightGBM,Enhanced,7,"{'colsample_bytree': 0.8, 'learning_rate': 0.05, 'max_depth': 9, 'min_child_samples': 50, 'n_estimators': 500, 'num_leaves': 62, 'subsample': 0.6}",1.27410813049228,0.989108687592331,0.557509899139404
LightGBM,Enhanced,7,"{'colsample_bytree': 0.8, 'learning_rate': 0.05, 'max_depth': 9, 'min_child_samples': 50, 'n_estimators': 500, 'num_leaves': 62, 'subsample': 0.8}",1.2741106199193,0.989108645032123,0.570704460144043
LightGBM,Enhanced,7,"{'colsample_bytree': 0.8, 'learning_rate': 0.05, 'max_depth': 9, 'min_child_samples': 50, 'n_estimators': 750, 'num_leaves': 15, 'subsample': 0.6}",1.25224684530647,0.989479229816455,0.667937278747559
LightGBM,Enhanced,7,"{'colsample_bytree': 0.8, 'learning_rate': 0.05, 'max_depth': 9, 'min_child_samples': 50, 'n_estimators': 750, 'num_leaves': 15, 'subsample': 0.8}",1.25174768956329,0.989487615473378,0.680468559265137
LightGBM,Enhanced,7,"{'colsample_bytree': 0.8, 'learning_rate': 0.05, 'max_depth': 9, 'min_child_samples': 50, 'n_estimators': 750, 'num_leaves': 31, 'subsample': 0.6}",1.25146081468698,0.989492433366734,0.709974765777588
LightGBM,Enhanced,7,"{'colsample_bytree': 0.8, 'learning_rate': 0.05, 'max_depth': 9, 'min_child_samples': 50, 'n_estimators': 750, 'num_leaves': 31, 'subsample': 0.8}",1.25115320238462,0.989497598305944,0.710965871810913
LightGBM,Enhanced,7,"{'colsample_bytree': 0.8, 'learning_rate': 0.05, 'max_depth': 9, 'min_child_samples': 50, 'n_estimators': 750, 'num_leaves': 62, 'subsample': 0.6}",1.25941741910386,0.989358397489875,0.696367979049683
LightGBM,Enhanced,7,"{'colsample_bytree': 0.8, 'learning_rate': 0.05, 'max_depth': 9, 'min_child_samples': 50, 'n_estimators': 750, 'num_leaves': 62, 'subsample': 0.8}",1.25936783138462,0.989359235468453,0.710603475570679
LightGBM,Enhanced,7,"{'colsample_bytree': 0.8, 'learning_rate': 0.05, 'max_depth': 9, 'min_child_samples': 50, 'n_estimators': 1000, 'num_leaves': 15, 'subsample': 0.6}",1.25162943413562,0.989489601636911,0.691924571990967
LightGBM,Enhanced,7,"{'colsample_bytree': 0.8, 'learning_rate': 0.05, 'max_depth': 9, 'min_child_samples': 50, 'n_estimators': 1000, 'num_leaves': 15, 'subsample': 0.8}",1.25081864700307,0.989503214189323,0.688252687454224
LightGBM,Enhanced,7,"{'colsample_bytree': 0.8, 'learning_rate': 0.05, 'max_depth': 9, 'min_child_samples': 50, 'n_estimators': 1000, 'num_leaves': 31, 'subsample': 0.6}",1.25114131189701,0.989497797926715,0.705482482910156
LightGBM,Enhanced,7,"{'colsample_bytree': 0.8, 'learning_rate': 0.05, 'max_depth': 9, 'min_child_samples': 50, 'n_estimators': 1000, 'num_leaves': 31, 'subsample': 0.8}",1.25167420502681,0.989488849707778,0.741533279418945
LightGBM,Enhanced,7,"{'colsample_bytree': 0.8, 'learning_rate': 0.05, 'max_depth': 9, 'min_child_samples': 50, 'n_estimators': 1000, 'num_leaves': 62, 'subsample': 0.6}",1.25955368080545,0.989356094645263,0.917961597442627
LightGBM,Enhanced,7,"{'colsample_bytree': 0.8, 'learning_rate': 0.05, 'max_depth': 9, 'min_child_samples': 50, 'n_estimators': 1000, 'num_leaves': 62, 'subsample': 0.8}",1.25955858037618,0.989356011837092,0.709487676620483
LightGBM,Enhanced,7,"{'colsample_bytree': 0.8, 'learning_rate': 0.05, 'max_depth': 9, 'min_child_samples': 100, 'n_estimators': 500, 'num_leaves': 15, 'subsample': 0.6}",1.78131569552355,0.978711285853156,0.500766754150391
LightGBM,Enhanced,7,"{'colsample_bytree': 0.8, 'learning_rate': 0.05, 'max_depth': 9, 'min_child_samples': 100, 'n_estimators': 500, 'num_leaves': 15, 'subsample': 0.8}",1.78130864448173,0.978711454388488,0.497499942779541
LightGBM,Enhanced,7,"{'colsample_bytree': 0.8, 'learning_rate': 0.05, 'max_depth': 9, 'min_child_samples': 100, 'n_estimators': 500, 'num_leaves': 31, 'subsample': 0.6}",1.80249160047794,0.978202125862684,0.531039476394653
LightGBM,Enhanced,7,"{'colsample_bytree': 0.8, 'learning_rate': 0.05, 'max_depth': 9, 'min_child_samples': 100, 'n_estimators': 500, 'num_leaves': 31, 'subsample': 0.8}",1.80248294531295,0.978202335199297,0.677582263946533
LightGBM,Enhanced,7,"{'colsample_bytree': 0.8, 'learning_rate': 0.05, 'max_depth': 9, 'min_child_samples': 100, 'n_estimators': 500, 'num_leaves': 62, 'subsample': 0.6}",1.80241676835143,0.978203935743423,0.526301145553589
LightGBM,Enhanced,7,"{'colsample_bytree': 0.8, 'learning_rate': 0.05, 'max_depth': 9, 'min_child_samples': 100, 'n_estimators': 500, 'num_leaves': 62, 'subsample': 0.8}",1.80248555178879,0.978202272158337,0.538227558135986
LightGBM,Enhanced,7,"{'colsample_bytree': 0.8, 'learning_rate': 0.05, 'max_depth': 9, 'min_child_samples': 100, 'n_estimators': 750, 'num_leaves': 15, 'subsample': 0.6}",1.6775831235917,0.981118532804308,0.88098931312561
LightGBM,Enhanced,7,"{'colsample_bytree': 0.8, 'learning_rate': 0.05, 'max_depth': 9, 'min_child_samples': 100, 'n_estimators': 750, 'num_leaves': 15, 'subsample': 0.8}",1.67783596937159,0.98111284073575,0.690298557281494
LightGBM,Enhanced,7,"{'colsample_bytree': 0.8, 'learning_rate': 0.05, 'max_depth': 9, 'min_child_samples': 100, 'n_estimators': 750, 'num_leaves': 31, 'subsample': 0.6}",1.68346604934775,0.9809858740621,0.742105722427368
LightGBM,Enhanced,7,"{'colsample_bytree': 0.8, 'learning_rate': 0.05, 'max_depth': 9, 'min_child_samples': 100, 'n_estimators': 750, 'num_leaves': 31, 'subsample': 0.8}",1.68354538096436,0.980984081977381,0.737674713134766
LightGBM,Enhanced,7,"{'colsample_bytree': 0.8, 'learning_rate': 0.05, 'max_depth': 9, 'min_child_samples': 100, 'n_estimators': 750, 'num_leaves': 62, 'subsample': 0.6}",1.68354661306138,0.9809840541439,0.964906454086304
LightGBM,Enhanced,7,"{'colsample_bytree': 0.8, 'learning_rate': 0.05, 'max_depth': 9, 'min_child_samples': 100, 'n_estimators': 750, 'num_leaves': 62, 'subsample': 0.8}",1.68345917703918,0.980986029302146,0.83344292640686
LightGBM,Enhanced,7,"{'colsample_bytree': 0.8, 'learning_rate': 0.05, 'max_depth': 9, 'min_child_samples': 100, 'n_estimators': 1000, 'num_leaves': 15, 'subsample': 0.6}",1.60785105789,0.982655600316363,1.65781807899475
LightGBM,Enhanced,7,"{'colsample_bytree': 0.8, 'learning_rate': 0.05, 'max_depth': 9, 'min_child_samples': 100, 'n_estimators': 1000, 'num_leaves': 15, 'subsample': 0.8}",1.60799768574355,0.982652436729728,3.08034658432007
LightGBM,Enhanced,7,"{'colsample_bytree': 0.8, 'learning_rate': 0.05, 'max_depth': 9, 'min_child_samples': 100, 'n_estimators': 1000, 'num_leaves': 31, 'subsample': 0.6}",1.61648515384691,0.982468822698091,3.03317880630493
LightGBM,Enhanced,7,"{'colsample_bytree': 0.8, 'learning_rate': 0.05, 'max_depth': 9, 'min_child_samples': 100, 'n_estimators': 1000, 'num_leaves': 31, 'subsample': 0.8}",1.61649066458426,0.982468703167295,3.17721891403198
LightGBM,Enhanced,7,"{'colsample_bytree': 0.8, 'learning_rate': 0.05, 'max_depth': 9, 'min_child_samples': 100, 'n_estimators': 1000, 'num_leaves': 62, 'subsample': 0.6}",1.61648431264691,0.982468840944126,2.82081031799316
LightGBM,Enhanced,7,"{'colsample_bytree': 0.8, 'learning_rate': 0.05, 'max_depth': 9, 'min_child_samples': 100, 'n_estimators': 1000, 'num_leaves': 62, 'subsample': 0.8}",1.61660281548157,0.982466270466731,1.22233819961548
LightGBM,Enhanced,8,"{'colsample_bytree': 0.6, 'learning_rate': 0.01, 'max_depth': 3, 'min_child_samples': 50, 'n_estimators': 500, 'num_leaves': 15, 'subsample': 0.6}",2.27425209079701,0.960829445857917,0.365339756011963
LightGBM,Enhanced,8,"{'colsample_bytree': 0.6, 'learning_rate': 0.01, 'max_depth': 3, 'min_child_samples': 50, 'n_estimators': 500, 'num_leaves': 15, 'subsample': 0.8}",2.27425209032544,0.960829445874161,0.338603734970093
LightGBM,Enhanced,8,"{'colsample_bytree': 0.6, 'learning_rate': 0.01, 'max_depth': 3, 'min_child_samples': 50, 'n_estimators': 500, 'num_leaves': 31, 'subsample': 0.6}",2.27425208720036,0.960829445981811,0.326756954193115
LightGBM,Enhanced,8,"{'colsample_bytree': 0.6, 'learning_rate': 0.01, 'max_depth': 3, 'min_child_samples': 50, 'n_estimators': 500, 'num_leaves': 31, 'subsample': 0.8}",2.27425208619898,0.960829446016305,0.333049535751343
LightGBM,Enhanced,8,"{'colsample_bytree': 0.6, 'learning_rate': 0.01, 'max_depth': 3, 'min_child_samples': 50, 'n_estimators': 500, 'num_leaves': 62, 'subsample': 0.6}",2.27425208881791,0.960829445926091,0.351448774337769
LightGBM,Enhanced,8,"{'colsample_bytree': 0.6, 'learning_rate': 0.01, 'max_depth': 3, 'min_child_samples': 50, 'n_estimators': 500, 'num_leaves': 62, 'subsample': 0.8}",2.27425209200006,0.960829445816475,0.329907417297363
LightGBM,Enhanced,8,"{'colsample_bytree': 0.6, 'learning_rate': 0.01, 'max_depth': 3, 'min_child_samples': 50, 'n_estimators': 750, 'num_leaves': 15, 'subsample': 0.6}",2.20897215638314,0.963045869030824,0.42091965675354
LightGBM,Enhanced,8,"{'colsample_bytree': 0.6, 'learning_rate': 0.01, 'max_depth': 3, 'min_child_samples': 50, 'n_estimators': 750, 'num_leaves': 15, 'subsample': 0.8}",2.20897215691212,0.963045869013125,0.499203205108643
LightGBM,Enhanced,8,"{'colsample_bytree': 0.6, 'learning_rate': 0.01, 'max_depth': 3, 'min_child_samples': 50, 'n_estimators': 750, 'num_leaves': 31, 'subsample': 0.6}",2.20897216007529,0.963045868907291,0.443010807037354
LightGBM,Enhanced,8,"{'colsample_bytree': 0.6, 'learning_rate': 0.01, 'max_depth': 3, 'min_child_samples': 50, 'n_estimators': 750, 'num_leaves': 31, 'subsample': 0.8}",2.20897215786881,0.963045868981115,0.367404937744141
LightGBM,Enhanced,8,"{'colsample_bytree': 0.6, 'learning_rate': 0.01, 'max_depth': 3, 'min_child_samples': 50, 'n_estimators': 750, 'num_leaves': 62, 'subsample': 0.6}",2.20897215475438,0.963045869085319,0.36101770401001
LightGBM,Enhanced,8,"{'colsample_bytree': 0.6, 'learning_rate': 0.01, 'max_depth': 3, 'min_child_samples': 50, 'n_estimators': 750, 'num_leaves': 62, 'subsample': 0.8}",2.20897215767734,0.963045868987522,0.359614849090576
LightGBM,Enhanced,8,"{'colsample_bytree': 0.6, 'learning_rate': 0.01, 'max_depth': 3, 'min_child_samples': 50, 'n_estimators': 1000, 'num_leaves': 15, 'subsample': 0.6}",2.19107215860579,0.963642344431774,0.460386991500855
LightGBM,Enhanced,8,"{'colsample_bytree': 0.6, 'learning_rate': 0.01, 'max_depth': 3, 'min_child_samples': 50, 'n_estimators': 1000, 'num_leaves': 15, 'subsample': 0.8}",2.19107215877857,0.96364234442604,0.461808443069458
LightGBM,Enhanced,8,"{'colsample_bytree': 0.6, 'learning_rate': 0.01, 'max_depth': 3, 'min_child_samples': 50, 'n_estimators': 1000, 'num_leaves': 31, 'subsample': 0.6}",2.19107216063029,0.963642344364587,0.599558830261231
LightGBM,Enhanced,8,"{'colsample_bytree': 0.6, 'learning_rate': 0.01, 'max_depth': 3, 'min_child_samples': 50, 'n_estimators': 1000, 'num_leaves': 31, 'subsample': 0.8}",2.19053399135997,0.963660202443744,0.459382295608521
LightGBM,Enhanced,8,"{'colsample_bytree': 0.6, 'learning_rate': 0.01, 'max_depth': 3, 'min_child_samples': 50, 'n_estimators': 1000, 'num_leaves': 62, 'subsample': 0.6}",2.19002683154738,0.963677027520637,0.446515798568726
LightGBM,Enhanced,8,"{'colsample_bytree': 0.6, 'learning_rate': 0.01, 'max_depth': 3, 'min_child_samples': 50, 'n_estimators': 1000, 'num_leaves': 62, 'subsample': 0.8}",2.19058213581604,0.963658605044187,0.436170339584351
LightGBM,Enhanced,8,"{'colsample_bytree': 0.6, 'learning_rate': 0.01, 'max_depth': 3, 'min_child_samples': 100, 'n_estimators': 500, 'num_leaves': 15, 'subsample': 0.6}",2.30956834897925,0.959603461892314,0.272120475769043
LightGBM,Enhanced,8,"{'colsample_bytree': 0.6, 'learning_rate': 0.01, 'max_depth': 3, 'min_child_samples': 100, 'n_estimators': 500, 'num_leaves': 15, 'subsample': 0.8}",2.30956834862784,0.959603461904607,0.272891283035278
LightGBM,Enhanced,8,"{'colsample_bytree': 0.6, 'learning_rate': 0.01, 'max_depth': 3, 'min_child_samples': 100, 'n_estimators': 500, 'num_leaves': 31, 'subsample': 0.6}",2.30956834629332,0.959603461986272,0.267189741134644
LightGBM,Enhanced,8,"{'colsample_bytree': 0.6, 'learning_rate': 0.01, 'max_depth': 3, 'min_child_samples': 100, 'n_estimators': 500, 'num_leaves': 31, 'subsample': 0.8}",2.30956834736491,0.959603461948786,0.266706466674805
LightGBM,Enhanced,8,"{'colsample_bytree': 0.6, 'learning_rate': 0.01, 'max_depth': 3, 'min_child_samples': 100, 'n_estimators': 500, 'num_leaves': 62, 'subsample': 0.6}",2.30956834790315,0.959603461929958,0.282441139221191
LightGBM,Enhanced,8,"{'colsample_bytree': 0.6, 'learning_rate': 0.01, 'max_depth': 3, 'min_child_samples': 100, 'n_estimators': 500, 'num_leaves': 62, 'subsample': 0.8}",2.30956834612627,0.959603461992116,0.278965711593628
LightGBM,Enhanced,8,"{'colsample_bytree': 0.6, 'learning_rate': 0.01, 'max_depth': 3, 'min_child_samples': 100, 'n_estimators': 750, 'num_leaves': 15, 'subsample': 0.6}",2.30956834696263,0.959603461962859,0.28908371925354
LightGBM,Enhanced,8,"{'colsample_bytree': 0.6, 'learning_rate': 0.01, 'max_depth': 3, 'min_child_samples': 100, 'n_estimators': 750, 'num_leaves': 15, 'subsample': 0.8}",2.30956834975915,0.959603461865031,0.288868427276611
LightGBM,Enhanced,8,"{'colsample_bytree': 0.6, 'learning_rate': 0.01, 'max_depth': 3, 'min_child_samples': 100, 'n_estimators': 750, 'num_leaves': 31, 'subsample': 0.6}",2.30956834827693,0.959603461916882,0.286721706390381
LightGBM,Enhanced,8,"{'colsample_bytree': 0.6, 'learning_rate': 0.01, 'max_depth': 3, 'min_child_samples': 100, 'n_estimators': 750, 'num_leaves': 31, 'subsample': 0.8}",2.30956834651759,0.959603461978427,0.291857957839966
LightGBM,Enhanced,8,"{'colsample_bytree': 0.6, 'learning_rate': 0.01, 'max_depth': 3, 'min_child_samples': 100, 'n_estimators': 750, 'num_leaves': 62, 'subsample': 0.6}",2.30956834799175,0.959603461926858,0.289861917495728
LightGBM,Enhanced,8,"{'colsample_bytree': 0.6, 'learning_rate': 0.01, 'max_depth': 3, 'min_child_samples': 100, 'n_estimators': 750, 'num_leaves': 62, 'subsample': 0.8}",2.30956834975824,0.959603461865063,0.321851491928101
LightGBM,Enhanced,8,"{'colsample_bytree': 0.6, 'learning_rate': 0.01, 'max_depth': 3, 'min_child_samples': 100, 'n_estimators': 1000, 'num_leaves': 15, 'subsample': 0.6}",2.30956835091632,0.959603461824551,0.342600584030151
LightGBM,Enhanced,8,"{'colsample_bytree': 0.6, 'learning_rate': 0.01, 'max_depth': 3, 'min_child_samples': 100, 'n_estimators': 1000, 'num_leaves': 15, 'subsample': 0.8}",2.30956834686023,0.959603461966441,0.290386438369751
LightGBM,Enhanced,8,"{'colsample_bytree': 0.6, 'learning_rate': 0.01, 'max_depth': 3, 'min_child_samples': 100, 'n_estimators': 1000, 'num_leaves': 31, 'subsample': 0.6}",2.30956834894908,0.959603461893369,0.278543710708618
LightGBM,Enhanced,8,"{'colsample_bytree': 0.6, 'learning_rate': 0.01, 'max_depth': 3, 'min_child_samples': 100, 'n_estimators': 1000, 'num_leaves': 31, 'subsample': 0.8}",2.30956834732552,0.959603461950164,0.285834312438965
LightGBM,Enhanced,8,"{'colsample_bytree': 0.6, 'learning_rate': 0.01, 'max_depth': 3, 'min_child_samples': 100, 'n_estimators': 1000, 'num_leaves': 62, 'subsample': 0.6}",2.3095683454645,0.959603462015266,0.764024496078491
LightGBM,Enhanced,8,"{'colsample_bytree': 0.6, 'learning_rate': 0.01, 'max_depth': 3, 'min_child_samples': 100, 'n_estimators': 1000, 'num_leaves': 62, 'subsample': 0.8}",2.30956834683663,0.959603461967266,0.849661350250244
LightGBM,Enhanced,8,"{'colsample_bytree': 0.6, 'learning_rate': 0.01, 'max_depth': 5, 'min_child_samples': 50, 'n_estimators': 500, 'num_leaves': 15, 'subsample': 0.6}",2.26699456330637,0.961079046840508,1.40973901748657
LightGBM,Enhanced,8,"{'colsample_bytree': 0.6, 'learning_rate': 0.01, 'max_depth': 5, 'min_child_samples': 50, 'n_estimators': 500, 'num_leaves': 15, 'subsample': 0.8}",2.26699456495497,0.9610790467839,1.35725045204163
LightGBM,Enhanced,8,"{'colsample_bytree': 0.6, 'learning_rate': 0.01, 'max_depth': 5, 'min_child_samples': 50, 'n_estimators': 500, 'num_leaves': 31, 'subsample': 0.6}",2.26788530634032,0.961048455343364,1.37652397155762
LightGBM,Enhanced,8,"{'colsample_bytree': 0.6, 'learning_rate': 0.01, 'max_depth': 5, 'min_child_samples': 50, 'n_estimators': 500, 'num_leaves': 31, 'subsample': 0.8}",2.26788530677166,0.961048455328547,1.40542149543762
LightGBM,Enhanced,8,"{'colsample_bytree': 0.6, 'learning_rate': 0.01, 'max_depth': 5, 'min_child_samples': 50, 'n_estimators': 500, 'num_leaves': 62, 'subsample': 0.6}",2.26797297380261,0.96104544386032,1.39068722724915
LightGBM,Enhanced,8,"{'colsample_bytree': 0.6, 'learning_rate': 0.01, 'max_depth': 5, 'min_child_samples': 50, 'n_estimators': 500, 'num_leaves': 62, 'subsample': 0.8}",2.26797297431707,0.961045443842647,1.41919040679932
LightGBM,Enhanced,8,"{'colsample_bytree': 0.6, 'learning_rate': 0.01, 'max_depth': 5, 'min_child_samples': 50, 'n_estimators': 750, 'num_leaves': 15, 'subsample': 0.6}",2.18984363039857,0.963683104279023,1.88467168807983
LightGBM,Enhanced,8,"{'colsample_bytree': 0.6, 'learning_rate': 0.01, 'max_depth': 5, 'min_child_samples': 50, 'n_estimators': 750, 'num_leaves': 15, 'subsample': 0.8}",2.18966194069581,0.963689130400856,1.01803851127625
LightGBM,Enhanced,8,"{'colsample_bytree': 0.6, 'learning_rate': 0.01, 'max_depth': 5, 'min_child_samples': 50, 'n_estimators': 750, 'num_leaves': 31, 'subsample': 0.6}",2.18966117483645,0.963689155801138,0.699525117874146
LightGBM,Enhanced,8,"{'colsample_bytree': 0.6, 'learning_rate': 0.01, 'max_depth': 5, 'min_child_samples': 50, 'n_estimators': 750, 'num_leaves': 31, 'subsample': 0.8}",2.18966117444349,0.96368915581417,0.659105777740479
LightGBM,Enhanced,8,"{'colsample_bytree': 0.6, 'learning_rate': 0.01, 'max_depth': 5, 'min_child_samples': 50, 'n_estimators': 750, 'num_leaves': 62, 'subsample': 0.6}",2.1895715324633,0.963692128794087,0.680866479873657
LightGBM,Enhanced,8,"{'colsample_bytree': 0.6, 'learning_rate': 0.01, 'max_depth': 5, 'min_child_samples': 50, 'n_estimators': 750, 'num_leaves': 62, 'subsample': 0.8}",2.18966117813417,0.963689155691766,0.690163373947144
LightGBM,Enhanced,8,"{'colsample_bytree': 0.6, 'learning_rate': 0.01, 'max_depth': 5, 'min_child_samples': 50, 'n_estimators': 1000, 'num_leaves': 15, 'subsample': 0.6}",2.15838544403483,0.964719029977329,0.786035537719727
LightGBM,Enhanced,8,"{'colsample_bytree': 0.6, 'learning_rate': 0.01, 'max_depth': 5, 'min_child_samples': 50, 'n_estimators': 1000, 'num_leaves': 15, 'subsample': 0.8}",2.15838544550539,0.964719029929254,0.777651786804199
LightGBM,Enhanced,8,"{'colsample_bytree': 0.6, 'learning_rate': 0.01, 'max_depth': 5, 'min_child_samples': 50, 'n_estimators': 1000, 'num_leaves': 31, 'subsample': 0.6}",2.15765812636101,0.964742803441586,0.841064691543579
LightGBM,Enhanced,8,"{'colsample_bytree': 0.6, 'learning_rate': 0.01, 'max_depth': 5, 'min_child_samples': 50, 'n_estimators': 1000, 'num_leaves': 31, 'subsample': 0.8}",2.15765812382784,0.964742803524373,0.772122621536255
LightGBM,Enhanced,8,"{'colsample_bytree': 0.6, 'learning_rate': 0.01, 'max_depth': 5, 'min_child_samples': 50, 'n_estimators': 1000, 'num_leaves': 62, 'subsample': 0.6}",2.15765812537224,0.9647428034739,0.645269632339478
LightGBM,Enhanced,8,"{'colsample_bytree': 0.6, 'learning_rate': 0.01, 'max_depth': 5, 'min_child_samples': 50, 'n_estimators': 1000, 'num_leaves': 62, 'subsample': 0.8}",2.15765812381705,0.964742803524726,0.658315420150757
LightGBM,Enhanced,8,"{'colsample_bytree': 0.6, 'learning_rate': 0.01, 'max_depth': 5, 'min_child_samples': 100, 'n_estimators': 500, 'num_leaves': 15, 'subsample': 0.6}",2.28743439134137,0.960374039433707,0.354817867279053
LightGBM,Enhanced,8,"{'colsample_bytree': 0.6, 'learning_rate': 0.01, 'max_depth': 5, 'min_child_samples': 100, 'n_estimators': 500, 'num_leaves': 15, 'subsample': 0.8}",2.28743468101271,0.960374029397567,0.366043567657471
LightGBM,Enhanced,8,"{'colsample_bytree': 0.6, 'learning_rate': 0.01, 'max_depth': 5, 'min_child_samples': 100, 'n_estimators': 500, 'num_leaves': 31, 'subsample': 0.6}",2.28666673601946,0.960400631650173,0.358773469924927
LightGBM,Enhanced,8,"{'colsample_bytree': 0.6, 'learning_rate': 0.01, 'max_depth': 5, 'min_child_samples': 100, 'n_estimators': 500, 'num_leaves': 31, 'subsample': 0.8}",2.28666673780541,0.960400631588317,0.374492645263672
LightGBM,Enhanced,8,"{'colsample_bytree': 0.6, 'learning_rate': 0.01, 'max_depth': 5, 'min_child_samples': 100, 'n_estimators': 500, 'num_leaves': 62, 'subsample': 0.6}",2.28666673821448,0.960400631574149,0.383126735687256
LightGBM,Enhanced,8,"{'colsample_bytree': 0.6, 'learning_rate': 0.01, 'max_depth': 5, 'min_child_samples': 100, 'n_estimators': 500, 'num_leaves': 62, 'subsample': 0.8}",2.28666673630204,0.960400631640386,1.19704699516296
LightGBM,Enhanced,8,"{'colsample_bytree': 0.6, 'learning_rate': 0.01, 'max_depth': 5, 'min_child_samples': 100, 'n_estimators': 750, 'num_leaves': 15, 'subsample': 0.6}",2.26214855669023,0.961245266564748,1.63383722305298
LightGBM,Enhanced,8,"{'colsample_bytree': 0.6, 'learning_rate': 0.01, 'max_depth': 5, 'min_child_samples': 100, 'n_estimators': 750, 'num_leaves': 15, 'subsample': 0.8}",2.26214873236797,0.961245260545387,1.53315329551697
LightGBM,Enhanced,8,"{'colsample_bytree': 0.6, 'learning_rate': 0.01, 'max_depth': 5, 'min_child_samples': 100, 'n_estimators': 750, 'num_leaves': 31, 'subsample': 0.6}",2.26221555102543,0.96124297106029,1.59976148605347
LightGBM,Enhanced,8,"{'colsample_bytree': 0.6, 'learning_rate': 0.01, 'max_depth': 5, 'min_child_samples': 100, 'n_estimators': 750, 'num_leaves': 31, 'subsample': 0.8}",2.26221554861009,0.96124297114305,1.50206470489502
LightGBM,Enhanced,8,"{'colsample_bytree': 0.6, 'learning_rate': 0.01, 'max_depth': 5, 'min_child_samples': 100, 'n_estimators': 750, 'num_leaves': 62, 'subsample': 0.6}",2.26221555102538,0.961242971060291,1.88890194892883
LightGBM,Enhanced,8,"{'colsample_bytree': 0.6, 'learning_rate': 0.01, 'max_depth': 5, 'min_child_samples': 100, 'n_estimators': 750, 'num_leaves': 62, 'subsample': 0.8}",2.26221554880485,0.961242971136377,1.91192984580994
LightGBM,Enhanced,8,"{'colsample_bytree': 0.6, 'learning_rate': 0.01, 'max_depth': 5, 'min_child_samples': 100, 'n_estimators': 1000, 'num_leaves': 15, 'subsample': 0.6}",2.23522245642975,0.962162362323961,2.36099457740784
LightGBM,Enhanced,8,"{'colsample_bytree': 0.6, 'learning_rate': 0.01, 'max_depth': 5, 'min_child_samples': 100, 'n_estimators': 1000, 'num_leaves': 15, 'subsample': 0.8}",2.23522231856622,0.962162366991443,2.44554471969605
LightGBM,Enhanced,8,"{'colsample_bytree': 0.6, 'learning_rate': 0.01, 'max_depth': 5, 'min_child_samples': 100, 'n_estimators': 1000, 'num_leaves': 31, 'subsample': 0.6}",2.23238817028049,0.962258258550874,2.35569381713867
LightGBM,Enhanced,8,"{'colsample_bytree': 0.6, 'learning_rate': 0.01, 'max_depth': 5, 'min_child_samples': 100, 'n_estimators': 1000, 'num_leaves': 31, 'subsample': 0.8}",2.23238816936768,0.962258258581738,2.32876801490784
LightGBM,Enhanced,8,"{'colsample_bytree': 0.6, 'learning_rate': 0.01, 'max_depth': 5, 'min_child_samples': 100, 'n_estimators': 1000, 'num_leaves': 62, 'subsample': 0.6}",2.23238816866976,0.962258258605337,2.65697765350342
LightGBM,Enhanced,8,"{'colsample_bytree': 0.6, 'learning_rate': 0.01, 'max_depth': 5, 'min_child_samples': 100, 'n_estimators': 1000, 'num_leaves': 62, 'subsample': 0.8}",2.23238816847358,0.962258258611971,2.38528966903687
LightGBM,Enhanced,8,"{'colsample_bytree': 0.6, 'learning_rate': 0.01, 'max_depth': 9, 'min_child_samples': 50, 'n_estimators': 500, 'num_leaves': 15, 'subsample': 0.6}",2.27293732574674,0.960874722447501,2.3330397605896
LightGBM,Enhanced,8,"{'colsample_bytree': 0.6, 'learning_rate': 0.01, 'max_depth': 9, 'min_child_samples': 50, 'n_estimators': 500, 'num_leaves': 15, 'subsample': 0.8}",2.2729386548632,0.960874676689913,2.30349850654602
LightGBM,Enhanced,8,"{'colsample_bytree': 0.6, 'learning_rate': 0.01, 'max_depth': 9, 'min_child_samples': 50, 'n_estimators': 500, 'num_leaves': 31, 'subsample': 0.6}",2.2693538381412,0.960997994147789,3.61261701583862
LightGBM,Enhanced,8,"{'colsample_bytree': 0.6, 'learning_rate': 0.01, 'max_depth': 9, 'min_child_samples': 50, 'n_estimators': 500, 'num_leaves': 31, 'subsample': 0.8}",2.26935537067256,0.9609979414704,3.6740460395813
LightGBM,Enhanced,8,"{'colsample_bytree': 0.6, 'learning_rate': 0.01, 'max_depth': 9, 'min_child_samples': 50, 'n_estimators': 500, 'num_leaves': 62, 'subsample': 0.6}",2.26926066551392,0.961001196684735,4.47052764892578
LightGBM,Enhanced,8,"{'colsample_bytree': 0.6, 'learning_rate': 0.01, 'max_depth': 9, 'min_child_samples': 50, 'n_estimators': 500, 'num_leaves': 62, 'subsample': 0.8}",2.2693471666038,0.960998223466773,4.23681211471558
LightGBM,Enhanced,8,"{'colsample_bytree': 0.6, 'learning_rate': 0.01, 'max_depth': 9, 'min_child_samples': 50, 'n_estimators': 750, 'num_leaves': 15, 'subsample': 0.6}",2.18591103900003,0.963813425247903,3.27458620071411
LightGBM,Enhanced,8,"{'colsample_bytree': 0.6, 'learning_rate': 0.01, 'max_depth': 9, 'min_child_samples': 50, 'n_estimators': 750, 'num_leaves': 15, 'subsample': 0.8}",2.18601454946317,0.963809998047317,3.34827065467834
LightGBM,Enhanced,8,"{'colsample_bytree': 0.6, 'learning_rate': 0.01, 'max_depth': 9, 'min_child_samples': 50, 'n_estimators': 750, 'num_leaves': 31, 'subsample': 0.6}",2.17920234115075,0.964035202128762,4.30691432952881
LightGBM,Enhanced,8,"{'colsample_bytree': 0.6, 'learning_rate': 0.01, 'max_depth': 9, 'min_child_samples': 50, 'n_estimators': 750, 'num_leaves': 31, 'subsample': 0.8}",2.17920267508997,0.964035191106328,4.63020753860474
LightGBM,Enhanced,8,"{'colsample_bytree': 0.6, 'learning_rate': 0.01, 'max_depth': 9, 'min_child_samples': 50, 'n_estimators': 750, 'num_leaves': 62, 'subsample': 0.6}",2.17885818842846,0.964046560785556,4.93836069107056
LightGBM,Enhanced,8,"{'colsample_bytree': 0.6, 'learning_rate': 0.01, 'max_depth': 9, 'min_child_samples': 50, 'n_estimators': 750, 'num_leaves': 62, 'subsample': 0.8}",2.1788541667621,0.964046693508836,5.43312239646912
LightGBM,Enhanced,8,"{'colsample_bytree': 0.6, 'learning_rate': 0.01, 'max_depth': 9, 'min_child_samples': 50, 'n_estimators': 1000, 'num_leaves': 15, 'subsample': 0.6}",2.12439185836235,0.965821596950677,4.48811769485474
LightGBM,Enhanced,8,"{'colsample_bytree': 0.6, 'learning_rate': 0.01, 'max_depth': 9, 'min_child_samples': 50, 'n_estimators': 1000, 'num_leaves': 15, 'subsample': 0.8}",2.12448617468715,0.965818562055859,4.39946675300598
LightGBM,Enhanced,8,"{'colsample_bytree': 0.6, 'learning_rate': 0.01, 'max_depth': 9, 'min_child_samples': 50, 'n_estimators': 1000, 'num_leaves': 31, 'subsample': 0.6}",2.11808998279572,0.966024072378794,5.24799513816834
LightGBM,Enhanced,8,"{'colsample_bytree': 0.6, 'learning_rate': 0.01, 'max_depth': 9, 'min_child_samples': 50, 'n_estimators': 1000, 'num_leaves': 31, 'subsample': 0.8}",2.11809078939219,0.96602404650183,5.68055081367493
LightGBM,Enhanced,8,"{'colsample_bytree': 0.6, 'learning_rate': 0.01, 'max_depth': 9, 'min_child_samples': 50, 'n_estimators': 1000, 'num_leaves': 62, 'subsample': 0.6}",2.11574520284726,0.966099255188088,6.76265740394592
LightGBM,Enhanced,8,"{'colsample_bytree': 0.6, 'learning_rate': 0.01, 'max_depth': 9, 'min_child_samples': 50, 'n_estimators': 1000, 'num_leaves': 62, 'subsample': 0.8}",2.11582785042561,0.966096606599607,6.72712397575378
LightGBM,Enhanced,8,"{'colsample_bytree': 0.6, 'learning_rate': 0.01, 'max_depth': 9, 'min_child_samples': 100, 'n_estimators': 500, 'num_leaves': 15, 'subsample': 0.6}",2.28588110944614,0.960427837164043,2.26110196113586
LightGBM,Enhanced,8,"{'colsample_bytree': 0.6, 'learning_rate': 0.01, 'max_depth': 9, 'min_child_samples': 100, 'n_estimators': 500, 'num_leaves': 15, 'subsample': 0.8}",2.28587393152779,0.960428085685548,2.4046745300293
LightGBM,Enhanced,8,"{'colsample_bytree': 0.6, 'learning_rate': 0.01, 'max_depth': 9, 'min_child_samples': 100, 'n_estimators': 500, 'num_leaves': 31, 'subsample': 0.6}",2.28470634685237,0.960468500653413,2.76060318946838
LightGBM,Enhanced,8,"{'colsample_bytree': 0.6, 'learning_rate': 0.01, 'max_depth': 9, 'min_child_samples': 100, 'n_estimators': 500, 'num_leaves': 31, 'subsample': 0.8}",2.28471177189612,0.960468312917804,2.98078751564026
LightGBM,Enhanced,8,"{'colsample_bytree': 0.6, 'learning_rate': 0.01, 'max_depth': 9, 'min_child_samples': 100, 'n_estimators': 500, 'num_leaves': 62, 'subsample': 0.6}",2.28469700376035,0.960468823973459,3.0477888584137
LightGBM,Enhanced,8,"{'colsample_bytree': 0.6, 'learning_rate': 0.01, 'max_depth': 9, 'min_child_samples': 100, 'n_estimators': 500, 'num_leaves': 62, 'subsample': 0.8}",2.28469908363482,0.960468751998995,3.22014665603638
LightGBM,Enhanced,8,"{'colsample_bytree': 0.6, 'learning_rate': 0.01, 'max_depth': 9, 'min_child_samples': 100, 'n_estimators': 750, 'num_leaves': 15, 'subsample': 0.6}",2.25656261638777,0.961436424963182,3.38962030410767
LightGBM,Enhanced,8,"{'colsample_bytree': 0.6, 'learning_rate': 0.01, 'max_depth': 9, 'min_child_samples': 100, 'n_estimators': 750, 'num_leaves': 15, 'subsample': 0.8}",2.25656885508132,0.961436211730314,3.03111052513123
LightGBM,Enhanced,8,"{'colsample_bytree': 0.6, 'learning_rate': 0.01, 'max_depth': 9, 'min_child_samples': 100, 'n_estimators': 750, 'num_leaves': 31, 'subsample': 0.6}",2.26098689972886,0.961285058952833,3.7273588180542
LightGBM,Enhanced,8,"{'colsample_bytree': 0.6, 'learning_rate': 0.01, 'max_depth': 9, 'min_child_samples': 100, 'n_estimators': 750, 'num_leaves': 31, 'subsample': 0.8}",2.26100396909109,0.961284474392306,3.86089777946472
LightGBM,Enhanced,8,"{'colsample_bytree': 0.6, 'learning_rate': 0.01, 'max_depth': 9, 'min_child_samples': 100, 'n_estimators': 750, 'num_leaves': 62, 'subsample': 0.6}",2.26099391698177,0.961284818639229,4.12483215332031
LightGBM,Enhanced,8,"{'colsample_bytree': 0.6, 'learning_rate': 0.01, 'max_depth': 9, 'min_child_samples': 100, 'n_estimators': 750, 'num_leaves': 62, 'subsample': 0.8}",2.26100385262036,0.961284478380999,4.07085418701172
LightGBM,Enhanced,8,"{'colsample_bytree': 0.6, 'learning_rate': 0.01, 'max_depth': 9, 'min_child_samples': 100, 'n_estimators': 1000, 'num_leaves': 15, 'subsample': 0.6}",2.22792950127528,0.962408868455812,4.29710054397583
LightGBM,Enhanced,8,"{'colsample_bytree': 0.6, 'learning_rate': 0.01, 'max_depth': 9, 'min_child_samples': 100, 'n_estimators': 1000, 'num_leaves': 15, 'subsample': 0.8}",2.22793994938566,0.962408515879832,4.40232396125794
LightGBM,Enhanced,8,"{'colsample_bytree': 0.6, 'learning_rate': 0.01, 'max_depth': 9, 'min_child_samples': 100, 'n_estimators': 1000, 'num_leaves': 31, 'subsample': 0.6}",2.23377005500872,0.962211518580526,5.0163369178772
LightGBM,Enhanced,8,"{'colsample_bytree': 0.6, 'learning_rate': 0.01, 'max_depth': 9, 'min_child_samples': 100, 'n_estimators': 1000, 'num_leaves': 31, 'subsample': 0.8}",2.23377095368556,0.962211488174854,4.97379541397095
LightGBM,Enhanced,8,"{'colsample_bytree': 0.6, 'learning_rate': 0.01, 'max_depth': 9, 'min_child_samples': 100, 'n_estimators': 1000, 'num_leaves': 62, 'subsample': 0.6}",2.23377984504582,0.962211187345495,5.14579510688782
LightGBM,Enhanced,8,"{'colsample_bytree': 0.6, 'learning_rate': 0.01, 'max_depth': 9, 'min_child_samples': 100, 'n_estimators': 1000, 'num_leaves': 62, 'subsample': 0.8}",2.23376813677634,0.962211583481617,5.33415198326111
LightGBM,Enhanced,8,"{'colsample_bytree': 0.6, 'learning_rate': 0.05, 'max_depth': 3, 'min_child_samples': 50, 'n_estimators': 500, 'num_leaves': 15, 'subsample': 0.6}",2.18943622921745,0.963696615901237,0.737941265106201
LightGBM,Enhanced,8,"{'colsample_bytree': 0.6, 'learning_rate': 0.05, 'max_depth': 3, 'min_child_samples': 50, 'n_estimators': 500, 'num_leaves': 15, 'subsample': 0.8}",2.18946280183379,0.963695734686485,0.664338827133179
LightGBM,Enhanced,8,"{'colsample_bytree': 0.6, 'learning_rate': 0.05, 'max_depth': 3, 'min_child_samples': 50, 'n_estimators': 500, 'num_leaves': 31, 'subsample': 0.6}",2.18712891784683,0.963773091364073,0.735197067260742
LightGBM,Enhanced,8,"{'colsample_bytree': 0.6, 'learning_rate': 0.05, 'max_depth': 3, 'min_child_samples': 50, 'n_estimators': 500, 'num_leaves': 31, 'subsample': 0.8}",2.18948755891409,0.963694913669848,0.682406902313232
LightGBM,Enhanced,8,"{'colsample_bytree': 0.6, 'learning_rate': 0.05, 'max_depth': 3, 'min_child_samples': 50, 'n_estimators': 500, 'num_leaves': 62, 'subsample': 0.6}",2.18946279577749,0.963695734887329,0.790221214294434
LightGBM,Enhanced,8,"{'colsample_bytree': 0.6, 'learning_rate': 0.05, 'max_depth': 3, 'min_child_samples': 50, 'n_estimators': 500, 'num_leaves': 62, 'subsample': 0.8}",2.18946280728765,0.96369573450562,0.674653053283691
LightGBM,Enhanced,8,"{'colsample_bytree': 0.6, 'learning_rate': 0.05, 'max_depth': 3, 'min_child_samples': 50, 'n_estimators': 750, 'num_leaves': 15, 'subsample': 0.6}",2.18946280195125,0.96369573468259,0.741605043411255
LightGBM,Enhanced,8,"{'colsample_bytree': 0.6, 'learning_rate': 0.05, 'max_depth': 3, 'min_child_samples': 50, 'n_estimators': 750, 'num_leaves': 15, 'subsample': 0.8}",2.1894628024586,0.963695734665765,0.740112781524658
LightGBM,Enhanced,8,"{'colsample_bytree': 0.6, 'learning_rate': 0.05, 'max_depth': 3, 'min_child_samples': 50, 'n_estimators': 750, 'num_leaves': 31, 'subsample': 0.6}",2.18943623054841,0.963696615857099,0.756596565246582
LightGBM,Enhanced,8,"{'colsample_bytree': 0.6, 'learning_rate': 0.05, 'max_depth': 3, 'min_child_samples': 50, 'n_estimators': 750, 'num_leaves': 31, 'subsample': 0.8}",2.18715551524384,0.963772210257046,0.702380657196045
LightGBM,Enhanced,8,"{'colsample_bytree': 0.6, 'learning_rate': 0.05, 'max_depth': 3, 'min_child_samples': 50, 'n_estimators': 750, 'num_leaves': 62, 'subsample': 0.6}",2.18946279737559,0.963695734834331,0.775560617446899
LightGBM,Enhanced,8,"{'colsample_bytree': 0.6, 'learning_rate': 0.05, 'max_depth': 3, 'min_child_samples': 50, 'n_estimators': 750, 'num_leaves': 62, 'subsample': 0.8}",2.18712892150754,0.963773091242804,0.794420957565308
LightGBM,Enhanced,8,"{'colsample_bytree': 0.6, 'learning_rate': 0.05, 'max_depth': 3, 'min_child_samples': 50, 'n_estimators': 1000, 'num_leaves': 15, 'subsample': 0.6}",2.18946280715554,0.963695734510002,0.698682069778442
LightGBM,Enhanced,8,"{'colsample_bytree': 0.6, 'learning_rate': 0.05, 'max_depth': 3, 'min_child_samples': 50, 'n_estimators': 1000, 'num_leaves': 15, 'subsample': 0.8}",2.1894362366156,0.963696615655897,0.643327236175537
LightGBM,Enhanced,8,"{'colsample_bytree': 0.6, 'learning_rate': 0.05, 'max_depth': 3, 'min_child_samples': 50, 'n_estimators': 1000, 'num_leaves': 31, 'subsample': 0.6}",2.18943622851205,0.96369661592463,0.576892375946045
LightGBM,Enhanced,8,"{'colsample_bytree': 0.6, 'learning_rate': 0.05, 'max_depth': 3, 'min_child_samples': 50, 'n_estimators': 1000, 'num_leaves': 31, 'subsample': 0.8}",2.18712892655979,0.963773091075436,0.66063666343689
LightGBM,Enhanced,8,"{'colsample_bytree': 0.6, 'learning_rate': 0.05, 'max_depth': 3, 'min_child_samples': 50, 'n_estimators': 1000, 'num_leaves': 62, 'subsample': 0.6}",2.18946280579814,0.963695734555017,0.641140460968018
LightGBM,Enhanced,8,"{'colsample_bytree': 0.6, 'learning_rate': 0.05, 'max_depth': 3, 'min_child_samples': 50, 'n_estimators': 1000, 'num_leaves': 62, 'subsample': 0.8}",2.18712892537596,0.963773091114653,0.610008955001831
LightGBM,Enhanced,8,"{'colsample_bytree': 0.6, 'learning_rate': 0.05, 'max_depth': 3, 'min_child_samples': 100, 'n_estimators': 500, 'num_leaves': 15, 'subsample': 0.6}",2.16344733180393,0.964553352687822,0.71797251701355
LightGBM,Enhanced,8,"{'colsample_bytree': 0.6, 'learning_rate': 0.05, 'max_depth': 3, 'min_child_samples': 100, 'n_estimators': 500, 'num_leaves': 15, 'subsample': 0.8}",2.16344733039966,0.964553352733838,0.686114311218262
LightGBM,Enhanced,8,"{'colsample_bytree': 0.6, 'learning_rate': 0.05, 'max_depth': 3, 'min_child_samples': 100, 'n_estimators': 500, 'num_leaves': 31, 'subsample': 0.6}",2.16344732888028,0.964553352783626,0.713238477706909
LightGBM,Enhanced,8,"{'colsample_bytree': 0.6, 'learning_rate': 0.05, 'max_depth': 3, 'min_child_samples': 100, 'n_estimators': 500, 'num_leaves': 31, 'subsample': 0.8}",2.16344732753909,0.964553352827575,0.702215671539307
LightGBM,Enhanced,8,"{'colsample_bytree': 0.6, 'learning_rate': 0.05, 'max_depth': 3, 'min_child_samples': 100, 'n_estimators': 500, 'num_leaves': 62, 'subsample': 0.6}",2.16344732962558,0.964553352759204,0.740060329437256
LightGBM,Enhanced,8,"{'colsample_bytree': 0.6, 'learning_rate': 0.05, 'max_depth': 3, 'min_child_samples': 100, 'n_estimators': 500, 'num_leaves': 62, 'subsample': 0.8}",2.16344733146225,0.964553352699019,0.72524094581604
LightGBM,Enhanced,8,"{'colsample_bytree': 0.6, 'learning_rate': 0.05, 'max_depth': 3, 'min_child_samples': 100, 'n_estimators': 750, 'num_leaves': 15, 'subsample': 0.6}",2.06206159342871,0.967797782639245,0.936007738113403
LightGBM,Enhanced,8,"{'colsample_bytree': 0.6, 'learning_rate': 0.05, 'max_depth': 3, 'min_child_samples': 100, 'n_estimators': 750, 'num_leaves': 15, 'subsample': 0.8}",2.06206159396471,0.967797782622504,1.01314425468445
LightGBM,Enhanced,8,"{'colsample_bytree': 0.6, 'learning_rate': 0.05, 'max_depth': 3, 'min_child_samples': 100, 'n_estimators': 750, 'num_leaves': 31, 'subsample': 0.6}",2.06206159425434,0.967797782613458,0.972563982009888
LightGBM,Enhanced,8,"{'colsample_bytree': 0.6, 'learning_rate': 0.05, 'max_depth': 3, 'min_child_samples': 100, 'n_estimators': 750, 'num_leaves': 31, 'subsample': 0.8}",2.06206159506853,0.967797782588028,1.07238578796387
LightGBM,Enhanced,8,"{'colsample_bytree': 0.6, 'learning_rate': 0.05, 'max_depth': 3, 'min_child_samples': 100, 'n_estimators': 750, 'num_leaves': 62, 'subsample': 0.6}",2.06206159357031,0.967797782634822,1.08972787857056
LightGBM,Enhanced,8,"{'colsample_bytree': 0.6, 'learning_rate': 0.05, 'max_depth': 3, 'min_child_samples': 100, 'n_estimators': 750, 'num_leaves': 62, 'subsample': 0.8}",2.06206159108839,0.96779778271234,1.02120161056519
LightGBM,Enhanced,8,"{'colsample_bytree': 0.6, 'learning_rate': 0.05, 'max_depth': 3, 'min_child_samples': 100, 'n_estimators': 1000, 'num_leaves': 15, 'subsample': 0.6}",1.9875540840914,0.97008283610019,1.32604336738586
LightGBM,Enhanced,8,"{'colsample_bytree': 0.6, 'learning_rate': 0.05, 'max_depth': 3, 'min_child_samples': 100, 'n_estimators': 1000, 'num_leaves': 15, 'subsample': 0.8}",1.98755408856603,0.970082835965484,1.29674577713013
LightGBM,Enhanced,8,"{'colsample_bytree': 0.6, 'learning_rate': 0.05, 'max_depth': 3, 'min_child_samples': 100, 'n_estimators': 1000, 'num_leaves': 31, 'subsample': 0.6}",1.98755409327839,0.97008283582362,1.37838673591614
LightGBM,Enhanced,8,"{'colsample_bytree': 0.6, 'learning_rate': 0.05, 'max_depth': 3, 'min_child_samples': 100, 'n_estimators': 1000, 'num_leaves': 31, 'subsample': 0.8}",1.98755409418262,0.970082835796399,1.33042073249817
LightGBM,Enhanced,8,"{'colsample_bytree': 0.6, 'learning_rate': 0.05, 'max_depth': 3, 'min_child_samples': 100, 'n_estimators': 1000, 'num_leaves': 62, 'subsample': 0.6}",1.98755409302647,0.970082835831204,1.4119701385498
LightGBM,Enhanced,8,"{'colsample_bytree': 0.6, 'learning_rate': 0.05, 'max_depth': 3, 'min_child_samples': 100, 'n_estimators': 1000, 'num_leaves': 62, 'subsample': 0.8}",1.98755408863193,0.9700828359635,1.37776684761047
LightGBM,Enhanced,8,"{'colsample_bytree': 0.6, 'learning_rate': 0.05, 'max_depth': 5, 'min_child_samples': 50, 'n_estimators': 500, 'num_leaves': 15, 'subsample': 0.6}",2.05857036817915,0.967906731879702,1.1291880607605
LightGBM,Enhanced,8,"{'colsample_bytree': 0.6, 'learning_rate': 0.05, 'max_depth': 5, 'min_child_samples': 50, 'n_estimators': 500, 'num_leaves': 15, 'subsample': 0.8}",2.05857036589643,0.967906731950878,1.25292658805847
LightGBM,Enhanced,8,"{'colsample_bytree': 0.6, 'learning_rate': 0.05, 'max_depth': 5, 'min_child_samples': 50, 'n_estimators': 500, 'num_leaves': 31, 'subsample': 0.6}",2.04736426361882,0.968255188894363,1.03135704994202
LightGBM,Enhanced,8,"{'colsample_bytree': 0.6, 'learning_rate': 0.05, 'max_depth': 5, 'min_child_samples': 50, 'n_estimators': 500, 'num_leaves': 31, 'subsample': 0.8}",2.04736426570731,0.968255188829598,1.13442277908325
LightGBM,Enhanced,8,"{'colsample_bytree': 0.6, 'learning_rate': 0.05, 'max_depth': 5, 'min_child_samples': 50, 'n_estimators': 500, 'num_leaves': 62, 'subsample': 0.6}",2.04736426247639,0.968255188929791,1.17732906341553
LightGBM,Enhanced,8,"{'colsample_bytree': 0.6, 'learning_rate': 0.05, 'max_depth': 5, 'min_child_samples': 50, 'n_estimators': 500, 'num_leaves': 62, 'subsample': 0.8}",2.04736426399205,0.968255188882789,1.15221047401428
LightGBM,Enhanced,8,"{'colsample_bytree': 0.6, 'learning_rate': 0.05, 'max_depth': 5, 'min_child_samples': 50, 'n_estimators': 750, 'num_leaves': 15, 'subsample': 0.6}",2.03230739977599,0.96872039161438,1.44928526878357
LightGBM,Enhanced,8,"{'colsample_bytree': 0.6, 'learning_rate': 0.05, 'max_depth': 5, 'min_child_samples': 50, 'n_estimators': 750, 'num_leaves': 15, 'subsample': 0.8}",2.03229831086972,0.968720671391734,1.45298147201538
LightGBM,Enhanced,8,"{'colsample_bytree': 0.6, 'learning_rate': 0.05, 'max_depth': 5, 'min_child_samples': 50, 'n_estimators': 750, 'num_leaves': 31, 'subsample': 0.6}",2.03071915227674,0.968769262515942,1.26433801651001
LightGBM,Enhanced,8,"{'colsample_bytree': 0.6, 'learning_rate': 0.05, 'max_depth': 5, 'min_child_samples': 50, 'n_estimators': 750, 'num_leaves': 31, 'subsample': 0.8}",2.03071915297906,0.968769262494339,1.38434767723084
LightGBM,Enhanced,8,"{'colsample_bytree': 0.6, 'learning_rate': 0.05, 'max_depth': 5, 'min_child_samples': 50, 'n_estimators': 750, 'num_leaves': 62, 'subsample': 0.6}",2.03072659187606,0.968769033686073,1.40843415260315
LightGBM,Enhanced,8,"{'colsample_bytree': 0.6, 'learning_rate': 0.05, 'max_depth': 5, 'min_child_samples': 50, 'n_estimators': 750, 'num_leaves': 62, 'subsample': 0.8}",2.03072658674926,0.968769033843765,1.37971806526184
LightGBM,Enhanced,8,"{'colsample_bytree': 0.6, 'learning_rate': 0.05, 'max_depth': 5, 'min_child_samples': 50, 'n_estimators': 1000, 'num_leaves': 15, 'subsample': 0.6}",2.03230740941805,0.968720391317575,1.43283009529114
LightGBM,Enhanced,8,"{'colsample_bytree': 0.6, 'learning_rate': 0.05, 'max_depth': 5, 'min_child_samples': 50, 'n_estimators': 1000, 'num_leaves': 15, 'subsample': 0.8}",2.03230876616454,0.968720349553703,1.4171621799469
LightGBM,Enhanced,8,"{'colsample_bytree': 0.6, 'learning_rate': 0.05, 'max_depth': 5, 'min_child_samples': 50, 'n_estimators': 1000, 'num_leaves': 31, 'subsample': 0.6}",2.03072659076523,0.96876903372024,1.31876397132874
LightGBM,Enhanced,8,"{'colsample_bytree': 0.6, 'learning_rate': 0.05, 'max_depth': 5, 'min_child_samples': 50, 'n_estimators': 1000, 'num_leaves': 31, 'subsample': 0.8}",2.03071915064555,0.968769262566114,1.38852334022522
LightGBM,Enhanced,8,"{'colsample_bytree': 0.6, 'learning_rate': 0.05, 'max_depth': 5, 'min_child_samples': 50, 'n_estimators': 1000, 'num_leaves': 62, 'subsample': 0.6}",2.03071915016871,0.968769262580781,1.30883359909058
LightGBM,Enhanced,8,"{'colsample_bytree': 0.6, 'learning_rate': 0.05, 'max_depth': 5, 'min_child_samples': 50, 'n_estimators': 1000, 'num_leaves': 62, 'subsample': 0.8}",2.03072659190844,0.968769033685077,1.39052391052246
LightGBM,Enhanced,8,"{'colsample_bytree': 0.6, 'learning_rate': 0.05, 'max_depth': 5, 'min_child_samples': 100, 'n_estimators': 500, 'num_leaves': 15, 'subsample': 0.6}",2.06749998451859,0.967627701211682,1.05499720573425
LightGBM,Enhanced,8,"{'colsample_bytree': 0.6, 'learning_rate': 0.05, 'max_depth': 5, 'min_child_samples': 100, 'n_estimators': 500, 'num_leaves': 15, 'subsample': 0.8}",2.06749669934379,0.967627804088177,1.00709891319275
LightGBM,Enhanced,8,"{'colsample_bytree': 0.6, 'learning_rate': 0.05, 'max_depth': 5, 'min_child_samples': 100, 'n_estimators': 500, 'num_leaves': 31, 'subsample': 0.6}",2.08760153792251,0.966995152799774,1.02299451828003
LightGBM,Enhanced,8,"{'colsample_bytree': 0.6, 'learning_rate': 0.05, 'max_depth': 5, 'min_child_samples': 100, 'n_estimators': 500, 'num_leaves': 31, 'subsample': 0.8}",2.0875985920426,0.966995245948055,1.07825422286987
LightGBM,Enhanced,8,"{'colsample_bytree': 0.6, 'learning_rate': 0.05, 'max_depth': 5, 'min_child_samples': 100, 'n_estimators': 500, 'num_leaves': 62, 'subsample': 0.6}",2.08760448864406,0.966995059498269,0.943515062332153
LightGBM,Enhanced,8,"{'colsample_bytree': 0.6, 'learning_rate': 0.05, 'max_depth': 5, 'min_child_samples': 100, 'n_estimators': 500, 'num_leaves': 62, 'subsample': 0.8}",2.08759859571573,0.966995245831912,1.08616304397583
LightGBM,Enhanced,8,"{'colsample_bytree': 0.6, 'learning_rate': 0.05, 'max_depth': 5, 'min_child_samples': 100, 'n_estimators': 750, 'num_leaves': 15, 'subsample': 0.6}",2.00991123531975,0.969405999743036,1.44366049766541
LightGBM,Enhanced,8,"{'colsample_bytree': 0.6, 'learning_rate': 0.05, 'max_depth': 5, 'min_child_samples': 100, 'n_estimators': 750, 'num_leaves': 15, 'subsample': 0.8}",2.00991465928928,0.969405895506578,1.40924501419067
LightGBM,Enhanced,8,"{'colsample_bytree': 0.6, 'learning_rate': 0.05, 'max_depth': 5, 'min_child_samples': 100, 'n_estimators': 750, 'num_leaves': 31, 'subsample': 0.6}",2.0180688161603,0.969157153431699,1.52512145042419
LightGBM,Enhanced,8,"{'colsample_bytree': 0.6, 'learning_rate': 0.05, 'max_depth': 5, 'min_child_samples': 100, 'n_estimators': 750, 'num_leaves': 31, 'subsample': 0.8}",2.01806620629589,0.969157233206576,0.808696746826172
LightGBM,Enhanced,8,"{'colsample_bytree': 0.6, 'learning_rate': 0.05, 'max_depth': 5, 'min_child_samples': 100, 'n_estimators': 750, 'num_leaves': 62, 'subsample': 0.6}",2.01806621230793,0.969157233022808,0.569363355636597
LightGBM,Enhanced,8,"{'colsample_bytree': 0.6, 'learning_rate': 0.05, 'max_depth': 5, 'min_child_samples': 100, 'n_estimators': 750, 'num_leaves': 62, 'subsample': 0.8}",2.01806267053896,0.969157341282744,0.54404354095459
LightGBM,Enhanced,8,"{'colsample_bytree': 0.6, 'learning_rate': 0.05, 'max_depth': 5, 'min_child_samples': 100, 'n_estimators': 1000, 'num_leaves': 15, 'subsample': 0.6}",2.00488064849091,0.96955895492575,0.586800813674927
LightGBM,Enhanced,8,"{'colsample_bytree': 0.6, 'learning_rate': 0.05, 'max_depth': 5, 'min_child_samples': 100, 'n_estimators': 1000, 'num_leaves': 15, 'subsample': 0.8}",2.00488399527988,0.969558853293926,0.574749708175659
LightGBM,Enhanced,8,"{'colsample_bytree': 0.6, 'learning_rate': 0.05, 'max_depth': 5, 'min_child_samples': 100, 'n_estimators': 1000, 'num_leaves': 31, 'subsample': 0.6}",1.97624033623403,0.970422461472777,0.788189888000488
LightGBM,Enhanced,8,"{'colsample_bytree': 0.6, 'learning_rate': 0.05, 'max_depth': 5, 'min_child_samples': 100, 'n_estimators': 1000, 'num_leaves': 31, 'subsample': 0.8}",1.97624103253313,0.970422440630355,0.673478603363037
LightGBM,Enhanced,8,"{'colsample_bytree': 0.6, 'learning_rate': 0.05, 'max_depth': 5, 'min_child_samples': 100, 'n_estimators': 1000, 'num_leaves': 62, 'subsample': 0.6}",1.97624529684323,0.970422312985985,0.583211660385132
LightGBM,Enhanced,8,"{'colsample_bytree': 0.6, 'learning_rate': 0.05, 'max_depth': 5, 'min_child_samples': 100, 'n_estimators': 1000, 'num_leaves': 62, 'subsample': 0.8}",1.97624103268962,0.970422440625671,0.592532873153687
LightGBM,Enhanced,8,"{'colsample_bytree': 0.6, 'learning_rate': 0.05, 'max_depth': 9, 'min_child_samples': 50, 'n_estimators': 500, 'num_leaves': 15, 'subsample': 0.6}",2.05985415302479,0.967866690792036,0.506986618041992
LightGBM,Enhanced,8,"{'colsample_bytree': 0.6, 'learning_rate': 0.05, 'max_depth': 9, 'min_child_samples': 50, 'n_estimators': 500, 'num_leaves': 15, 'subsample': 0.8}",2.05985247418953,0.967866743170998,0.683773279190064
LightGBM,Enhanced,8,"{'colsample_bytree': 0.6, 'learning_rate': 0.05, 'max_depth': 9, 'min_child_samples': 50, 'n_estimators': 500, 'num_leaves': 31, 'subsample': 0.6}",2.06874141151911,0.967588813751997,0.511166095733643
LightGBM,Enhanced,8,"{'colsample_bytree': 0.6, 'learning_rate': 0.05, 'max_depth': 9, 'min_child_samples': 50, 'n_estimators': 500, 'num_leaves': 31, 'subsample': 0.8}",2.06873808519711,0.967588917979577,0.507850170135498
LightGBM,Enhanced,8,"{'colsample_bytree': 0.6, 'learning_rate': 0.05, 'max_depth': 9, 'min_child_samples': 50, 'n_estimators': 500, 'num_leaves': 62, 'subsample': 0.6}",2.05471206078966,0.968026921749664,0.628624200820923
LightGBM,Enhanced,8,"{'colsample_bytree': 0.6, 'learning_rate': 0.05, 'max_depth': 9, 'min_child_samples': 50, 'n_estimators': 500, 'num_leaves': 62, 'subsample': 0.8}",2.05471206133154,0.9680269217328,0.605310678482056
LightGBM,Enhanced,8,"{'colsample_bytree': 0.6, 'learning_rate': 0.05, 'max_depth': 9, 'min_child_samples': 50, 'n_estimators': 750, 'num_leaves': 15, 'subsample': 0.6}",2.0476237143115,0.968247142710066,0.654739379882813
LightGBM,Enhanced,8,"{'colsample_bytree': 0.6, 'learning_rate': 0.05, 'max_depth': 9, 'min_child_samples': 50, 'n_estimators': 750, 'num_leaves': 15, 'subsample': 0.8}",2.04762565980016,0.968247082371975,0.644366502761841
LightGBM,Enhanced,8,"{'colsample_bytree': 0.6, 'learning_rate': 0.05, 'max_depth': 9, 'min_child_samples': 50, 'n_estimators': 750, 'num_leaves': 31, 'subsample': 0.6}",2.06874122429033,0.967588819618663,0.483500003814697
LightGBM,Enhanced,8,"{'colsample_bytree': 0.6, 'learning_rate': 0.05, 'max_depth': 9, 'min_child_samples': 50, 'n_estimators': 750, 'num_leaves': 31, 'subsample': 0.8}",2.06873906339506,0.967588887328562,0.494893550872803
LightGBM,Enhanced,8,"{'colsample_bytree': 0.6, 'learning_rate': 0.05, 'max_depth': 9, 'min_child_samples': 50, 'n_estimators': 750, 'num_leaves': 62, 'subsample': 0.6}",2.05472359889572,0.968026562663045,0.647605419158936
LightGBM,Enhanced,8,"{'colsample_bytree': 0.6, 'learning_rate': 0.05, 'max_depth': 9, 'min_child_samples': 50, 'n_estimators': 750, 'num_leaves': 62, 'subsample': 0.8}",2.05471701856228,0.968026767455108,0.655329942703247
LightGBM,Enhanced,8,"{'colsample_bytree': 0.6, 'learning_rate': 0.05, 'max_depth': 9, 'min_child_samples': 50, 'n_estimators': 1000, 'num_leaves': 15, 'subsample': 0.6}",2.04762566122047,0.968247082327925,0.639998912811279
LightGBM,Enhanced,8,"{'colsample_bytree': 0.6, 'learning_rate': 0.05, 'max_depth': 9, 'min_child_samples': 50, 'n_estimators': 1000, 'num_leaves': 15, 'subsample': 0.8}",2.04762370650324,0.968247142952234,0.638042449951172
LightGBM,Enhanced,8,"{'colsample_bytree': 0.6, 'learning_rate': 0.05, 'max_depth': 9, 'min_child_samples': 50, 'n_estimators': 1000, 'num_leaves': 31, 'subsample': 0.6}",2.06874121875386,0.967588819792143,0.499108552932739
LightGBM,Enhanced,8,"{'colsample_bytree': 0.6, 'learning_rate': 0.05, 'max_depth': 9, 'min_child_samples': 50, 'n_estimators': 1000, 'num_leaves': 31, 'subsample': 0.8}",2.06874065953615,0.967588837314783,0.484841346740723
LightGBM,Enhanced,8,"{'colsample_bytree': 0.6, 'learning_rate': 0.05, 'max_depth': 9, 'min_child_samples': 50, 'n_estimators': 1000, 'num_leaves': 62, 'subsample': 0.6}",2.05471245881896,0.96802690936231,0.643810272216797
LightGBM,Enhanced,8,"{'colsample_bytree': 0.6, 'learning_rate': 0.05, 'max_depth': 9, 'min_child_samples': 50, 'n_estimators': 1000, 'num_leaves': 62, 'subsample': 0.8}",2.05471082944602,0.968026960071175,0.655976533889771
LightGBM,Enhanced,8,"{'colsample_bytree': 0.6, 'learning_rate': 0.05, 'max_depth': 9, 'min_child_samples': 100, 'n_estimators': 500, 'num_leaves': 15, 'subsample': 0.6}",2.07518336026887,0.96738664611344,0.548156976699829
LightGBM,Enhanced,8,"{'colsample_bytree': 0.6, 'learning_rate': 0.05, 'max_depth': 9, 'min_child_samples': 100, 'n_estimators': 500, 'num_leaves': 15, 'subsample': 0.8}",2.07518152958578,0.967386703655044,0.550557613372803
LightGBM,Enhanced,8,"{'colsample_bytree': 0.6, 'learning_rate': 0.05, 'max_depth': 9, 'min_child_samples': 100, 'n_estimators': 500, 'num_leaves': 31, 'subsample': 0.6}",2.08099185292637,0.967203819336604,0.692115783691406
LightGBM,Enhanced,8,"{'colsample_bytree': 0.6, 'learning_rate': 0.05, 'max_depth': 9, 'min_child_samples': 100, 'n_estimators': 500, 'num_leaves': 31, 'subsample': 0.8}",2.0809873351019,0.967203961737187,0.609273433685303
LightGBM,Enhanced,8,"{'colsample_bytree': 0.6, 'learning_rate': 0.05, 'max_depth': 9, 'min_child_samples': 100, 'n_estimators': 500, 'num_leaves': 62, 'subsample': 0.6}",2.08099704630543,0.967203655642345,0.677128791809082
LightGBM,Enhanced,8,"{'colsample_bytree': 0.6, 'learning_rate': 0.05, 'max_depth': 9, 'min_child_samples': 100, 'n_estimators': 500, 'num_leaves': 62, 'subsample': 0.8}",2.08098100094912,0.967204161387418,0.611859560012817
LightGBM,Enhanced,8,"{'colsample_bytree': 0.6, 'learning_rate': 0.05, 'max_depth': 9, 'min_child_samples': 100, 'n_estimators': 750, 'num_leaves': 15, 'subsample': 0.6}",1.99067411328411,0.969988835449674,0.79401159286499
LightGBM,Enhanced,8,"{'colsample_bytree': 0.6, 'learning_rate': 0.05, 'max_depth': 9, 'min_child_samples': 100, 'n_estimators': 750, 'num_leaves': 15, 'subsample': 0.8}",1.99067656994818,0.969988761376882,0.825481176376343
LightGBM,Enhanced,8,"{'colsample_bytree': 0.6, 'learning_rate': 0.05, 'max_depth': 9, 'min_child_samples': 100, 'n_estimators': 750, 'num_leaves': 31, 'subsample': 0.6}",2.02000719326122,0.969097875195853,0.842667102813721
LightGBM,Enhanced,8,"{'colsample_bytree': 0.6, 'learning_rate': 0.05, 'max_depth': 9, 'min_child_samples': 100, 'n_estimators': 750, 'num_leaves': 31, 'subsample': 0.8}",2.02001464029571,0.969097647345561,0.820422172546387
LightGBM,Enhanced,8,"{'colsample_bytree': 0.6, 'learning_rate': 0.05, 'max_depth': 9, 'min_child_samples': 100, 'n_estimators': 750, 'num_leaves': 62, 'subsample': 0.6}",2.02000867374101,0.969097829898996,0.831919670104981
LightGBM,Enhanced,8,"{'colsample_bytree': 0.6, 'learning_rate': 0.05, 'max_depth': 9, 'min_child_samples': 100, 'n_estimators': 750, 'num_leaves': 62, 'subsample': 0.8}",2.01999533151489,0.969098238117421,0.839568376541138
LightGBM,Enhanced,8,"{'colsample_bytree': 0.6, 'learning_rate': 0.05, 'max_depth': 9, 'min_child_samples': 100, 'n_estimators': 1000, 'num_leaves': 15, 'subsample': 0.6}",1.98482095081889,0.970165059146533,0.974080085754395
LightGBM,Enhanced,8,"{'colsample_bytree': 0.6, 'learning_rate': 0.05, 'max_depth': 9, 'min_child_samples': 100, 'n_estimators': 1000, 'num_leaves': 15, 'subsample': 0.8}",1.98482094937797,0.970165059189852,1.43452382087708
LightGBM,Enhanced,8,"{'colsample_bytree': 0.6, 'learning_rate': 0.05, 'max_depth': 9, 'min_child_samples': 100, 'n_estimators': 1000, 'num_leaves': 31, 'subsample': 0.6}",1.98054833649257,0.97029336895041,3.18294715881348
LightGBM,Enhanced,8,"{'colsample_bytree': 0.6, 'learning_rate': 0.05, 'max_depth': 9, 'min_child_samples': 100, 'n_estimators': 1000, 'num_leaves': 31, 'subsample': 0.8}",1.98052004918001,0.970294217518194,1.17782068252563
LightGBM,Enhanced,8,"{'colsample_bytree': 0.6, 'learning_rate': 0.05, 'max_depth': 9, 'min_child_samples': 100, 'n_estimators': 1000, 'num_leaves': 62, 'subsample': 0.6}",1.98058506917786,0.97029226701876,1.27766847610474
LightGBM,Enhanced,8,"{'colsample_bytree': 0.6, 'learning_rate': 0.05, 'max_depth': 9, 'min_child_samples': 100, 'n_estimators': 1000, 'num_leaves': 62, 'subsample': 0.8}",1.98051563892348,0.970294349816754,1.27746367454529
LightGBM,Enhanced,8,"{'colsample_bytree': 0.8, 'learning_rate': 0.01, 'max_depth': 3, 'min_child_samples': 50, 'n_estimators': 500, 'num_leaves': 15, 'subsample': 0.6}",2.51364149272815,0.952149202141316,0.303920030593872
LightGBM,Enhanced,8,"{'colsample_bytree': 0.8, 'learning_rate': 0.01, 'max_depth': 3, 'min_child_samples': 50, 'n_estimators': 500, 'num_leaves': 15, 'subsample': 0.8}",2.51364149371182,0.952149202103865,0.288391351699829
LightGBM,Enhanced,8,"{'colsample_bytree': 0.8, 'learning_rate': 0.01, 'max_depth': 3, 'min_child_samples': 50, 'n_estimators': 500, 'num_leaves': 31, 'subsample': 0.6}",2.51364149369907,0.95214920210435,0.284386157989502
LightGBM,Enhanced,8,"{'colsample_bytree': 0.8, 'learning_rate': 0.01, 'max_depth': 3, 'min_child_samples': 50, 'n_estimators': 500, 'num_leaves': 31, 'subsample': 0.8}",2.51364149596474,0.95214920201809,0.293750762939453
LightGBM,Enhanced,8,"{'colsample_bytree': 0.8, 'learning_rate': 0.01, 'max_depth': 3, 'min_child_samples': 50, 'n_estimators': 500, 'num_leaves': 62, 'subsample': 0.6}",2.51364149567389,0.952149202029163,0.287686347961426
LightGBM,Enhanced,8,"{'colsample_bytree': 0.8, 'learning_rate': 0.01, 'max_depth': 3, 'min_child_samples': 50, 'n_estimators': 500, 'num_leaves': 62, 'subsample': 0.8}",2.51364149556549,0.952149202033291,0.280021667480469
LightGBM,Enhanced,8,"{'colsample_bytree': 0.8, 'learning_rate': 0.01, 'max_depth': 3, 'min_child_samples': 50, 'n_estimators': 750, 'num_leaves': 15, 'subsample': 0.6}",2.45344106261651,0.954413760320083,0.379891633987427
LightGBM,Enhanced,8,"{'colsample_bytree': 0.8, 'learning_rate': 0.01, 'max_depth': 3, 'min_child_samples': 50, 'n_estimators': 750, 'num_leaves': 15, 'subsample': 0.8}",2.45344106321775,0.95441376029774,0.369503021240234
LightGBM,Enhanced,8,"{'colsample_bytree': 0.8, 'learning_rate': 0.01, 'max_depth': 3, 'min_child_samples': 50, 'n_estimators': 750, 'num_leaves': 31, 'subsample': 0.6}",2.45344106288808,0.954413760309991,0.366653203964233
LightGBM,Enhanced,8,"{'colsample_bytree': 0.8, 'learning_rate': 0.01, 'max_depth': 3, 'min_child_samples': 50, 'n_estimators': 750, 'num_leaves': 31, 'subsample': 0.8}",2.45344106353078,0.954413760286108,0.371906757354736
LightGBM,Enhanced,8,"{'colsample_bytree': 0.8, 'learning_rate': 0.01, 'max_depth': 3, 'min_child_samples': 50, 'n_estimators': 750, 'num_leaves': 62, 'subsample': 0.6}",2.45344106554102,0.954413760211405,0.392934560775757
LightGBM,Enhanced,8,"{'colsample_bytree': 0.8, 'learning_rate': 0.01, 'max_depth': 3, 'min_child_samples': 50, 'n_estimators': 750, 'num_leaves': 62, 'subsample': 0.8}",2.45344106283426,0.954413760311991,0.385217189788818
LightGBM,Enhanced,8,"{'colsample_bytree': 0.8, 'learning_rate': 0.01, 'max_depth': 3, 'min_child_samples': 50, 'n_estimators': 1000, 'num_leaves': 15, 'subsample': 0.6}",2.42596587542938,0.95542905055591,0.455683708190918
LightGBM,Enhanced,8,"{'colsample_bytree': 0.8, 'learning_rate': 0.01, 'max_depth': 3, 'min_child_samples': 50, 'n_estimators': 1000, 'num_leaves': 15, 'subsample': 0.8}",2.42596587325199,0.955429050635919,0.45029091835022
LightGBM,Enhanced,8,"{'colsample_bytree': 0.8, 'learning_rate': 0.01, 'max_depth': 3, 'min_child_samples': 50, 'n_estimators': 1000, 'num_leaves': 31, 'subsample': 0.6}",2.42545408761399,0.955447854169727,0.452209949493408
LightGBM,Enhanced,8,"{'colsample_bytree': 0.8, 'learning_rate': 0.01, 'max_depth': 3, 'min_child_samples': 50, 'n_estimators': 1000, 'num_leaves': 31, 'subsample': 0.8}",2.42596587411109,0.955429050604351,0.449169158935547
LightGBM,Enhanced,8,"{'colsample_bytree': 0.8, 'learning_rate': 0.01, 'max_depth': 3, 'min_child_samples': 50, 'n_estimators': 1000, 'num_leaves': 62, 'subsample': 0.6}",2.42545408773377,0.955447854165327,0.457050800323486
LightGBM,Enhanced,8,"{'colsample_bytree': 0.8, 'learning_rate': 0.01, 'max_depth': 3, 'min_child_samples': 50, 'n_estimators': 1000, 'num_leaves': 62, 'subsample': 0.8}",2.42545408721728,0.955447854184301,0.455965280532837
LightGBM,Enhanced,8,"{'colsample_bytree': 0.8, 'learning_rate': 0.01, 'max_depth': 3, 'min_child_samples': 100, 'n_estimators': 500, 'num_leaves': 15, 'subsample': 0.6}",2.42600533104574,0.95542760075103,0.278015851974487
LightGBM,Enhanced,8,"{'colsample_bytree': 0.8, 'learning_rate': 0.01, 'max_depth': 3, 'min_child_samples': 100, 'n_estimators': 500, 'num_leaves': 15, 'subsample': 0.8}",2.42600533059266,0.955427600767679,0.265109539031982
LightGBM,Enhanced,8,"{'colsample_bytree': 0.8, 'learning_rate': 0.01, 'max_depth': 3, 'min_child_samples': 100, 'n_estimators': 500, 'num_leaves': 31, 'subsample': 0.6}",2.42600533423512,0.955427600633835,0.277235269546509
LightGBM,Enhanced,8,"{'colsample_bytree': 0.8, 'learning_rate': 0.01, 'max_depth': 3, 'min_child_samples': 100, 'n_estimators': 500, 'num_leaves': 31, 'subsample': 0.8}",2.42600533288353,0.9554276006835,0.272432565689087
LightGBM,Enhanced,8,"{'colsample_bytree': 0.8, 'learning_rate': 0.01, 'max_depth': 3, 'min_child_samples': 100, 'n_estimators': 500, 'num_leaves': 62, 'subsample': 0.6}",2.42600533250463,0.955427600697423,0.278706312179565
LightGBM,Enhanced,8,"{'colsample_bytree': 0.8, 'learning_rate': 0.01, 'max_depth': 3, 'min_child_samples': 100, 'n_estimators': 500, 'num_leaves': 62, 'subsample': 0.8}",2.42600533608422,0.955427600565889,0.270714282989502
LightGBM,Enhanced,8,"{'colsample_bytree': 0.8, 'learning_rate': 0.01, 'max_depth': 3, 'min_child_samples': 100, 'n_estimators': 750, 'num_leaves': 15, 'subsample': 0.6}",2.42600533229685,0.955427600705058,0.291003227233887
LightGBM,Enhanced,8,"{'colsample_bytree': 0.8, 'learning_rate': 0.01, 'max_depth': 3, 'min_child_samples': 100, 'n_estimators': 750, 'num_leaves': 15, 'subsample': 0.8}",2.42600533196433,0.955427600717276,0.280805826187134
LightGBM,Enhanced,8,"{'colsample_bytree': 0.8, 'learning_rate': 0.01, 'max_depth': 3, 'min_child_samples': 100, 'n_estimators': 750, 'num_leaves': 31, 'subsample': 0.6}",2.42600533247549,0.955427600698493,0.280110836029053
LightGBM,Enhanced,8,"{'colsample_bytree': 0.8, 'learning_rate': 0.01, 'max_depth': 3, 'min_child_samples': 100, 'n_estimators': 750, 'num_leaves': 31, 'subsample': 0.8}",2.42600533197735,0.955427600716798,0.282758474349976
LightGBM,Enhanced,8,"{'colsample_bytree': 0.8, 'learning_rate': 0.01, 'max_depth': 3, 'min_child_samples': 100, 'n_estimators': 750, 'num_leaves': 62, 'subsample': 0.6}",2.4260053311459,0.95542760074735,0.288755893707275
LightGBM,Enhanced,8,"{'colsample_bytree': 0.8, 'learning_rate': 0.01, 'max_depth': 3, 'min_child_samples': 100, 'n_estimators': 750, 'num_leaves': 62, 'subsample': 0.8}",2.42600533120801,0.955427600745068,0.292477369308472
LightGBM,Enhanced,8,"{'colsample_bytree': 0.8, 'learning_rate': 0.01, 'max_depth': 3, 'min_child_samples': 100, 'n_estimators': 1000, 'num_leaves': 15, 'subsample': 0.6}",2.42600533106704,0.955427600750248,0.285492420196533
LightGBM,Enhanced,8,"{'colsample_bytree': 0.8, 'learning_rate': 0.01, 'max_depth': 3, 'min_child_samples': 100, 'n_estimators': 1000, 'num_leaves': 15, 'subsample': 0.8}",2.42600533510494,0.955427600601873,0.282703399658203
LightGBM,Enhanced,8,"{'colsample_bytree': 0.8, 'learning_rate': 0.01, 'max_depth': 3, 'min_child_samples': 100, 'n_estimators': 1000, 'num_leaves': 31, 'subsample': 0.6}",2.42600532833978,0.955427600850462,0.292429447174072
LightGBM,Enhanced,8,"{'colsample_bytree': 0.8, 'learning_rate': 0.01, 'max_depth': 3, 'min_child_samples': 100, 'n_estimators': 1000, 'num_leaves': 31, 'subsample': 0.8}",2.42600533439137,0.955427600628094,0.274445056915283
LightGBM,Enhanced,8,"{'colsample_bytree': 0.8, 'learning_rate': 0.01, 'max_depth': 3, 'min_child_samples': 100, 'n_estimators': 1000, 'num_leaves': 62, 'subsample': 0.6}",2.42600533413337,0.955427600637574,0.272418260574341
LightGBM,Enhanced,8,"{'colsample_bytree': 0.8, 'learning_rate': 0.01, 'max_depth': 3, 'min_child_samples': 100, 'n_estimators': 1000, 'num_leaves': 62, 'subsample': 0.8}",2.42600533362362,0.955427600656305,0.275021553039551
LightGBM,Enhanced,8,"{'colsample_bytree': 0.8, 'learning_rate': 0.01, 'max_depth': 5, 'min_child_samples': 50, 'n_estimators': 500, 'num_leaves': 15, 'subsample': 0.6}",2.47157034740869,0.953737567706306,0.447203159332275
LightGBM,Enhanced,8,"{'colsample_bytree': 0.8, 'learning_rate': 0.01, 'max_depth': 5, 'min_child_samples': 50, 'n_estimators': 500, 'num_leaves': 15, 'subsample': 0.8}",2.47157034856195,0.953737567663133,0.443448781967163
LightGBM,Enhanced,8,"{'colsample_bytree': 0.8, 'learning_rate': 0.01, 'max_depth': 5, 'min_child_samples': 50, 'n_estimators': 500, 'num_leaves': 31, 'subsample': 0.6}",2.47224405891753,0.95371234343463,0.445439577102661
LightGBM,Enhanced,8,"{'colsample_bytree': 0.8, 'learning_rate': 0.01, 'max_depth': 5, 'min_child_samples': 50, 'n_estimators': 500, 'num_leaves': 31, 'subsample': 0.8}",2.47212297692064,0.953716877343506,0.516384601593018
LightGBM,Enhanced,8,"{'colsample_bytree': 0.8, 'learning_rate': 0.01, 'max_depth': 5, 'min_child_samples': 50, 'n_estimators': 500, 'num_leaves': 62, 'subsample': 0.6}",2.47224405930807,0.953712343420006,1.33286452293396
LightGBM,Enhanced,8,"{'colsample_bytree': 0.8, 'learning_rate': 0.01, 'max_depth': 5, 'min_child_samples': 50, 'n_estimators': 500, 'num_leaves': 62, 'subsample': 0.8}",2.47224406408357,0.953712343241183,1.34429168701172
LightGBM,Enhanced,8,"{'colsample_bytree': 0.8, 'learning_rate': 0.01, 'max_depth': 5, 'min_child_samples': 50, 'n_estimators': 750, 'num_leaves': 15, 'subsample': 0.6}",2.39641505147364,0.956508279583461,1.80137634277344
LightGBM,Enhanced,8,"{'colsample_bytree': 0.8, 'learning_rate': 0.01, 'max_depth': 5, 'min_child_samples': 50, 'n_estimators': 750, 'num_leaves': 15, 'subsample': 0.8}",2.39641505092191,0.956508279603487,1.64380931854248
LightGBM,Enhanced,8,"{'colsample_bytree': 0.8, 'learning_rate': 0.01, 'max_depth': 5, 'min_child_samples': 50, 'n_estimators': 750, 'num_leaves': 31, 'subsample': 0.6}",2.39694958582994,0.956488875255698,1.73398947715759
LightGBM,Enhanced,8,"{'colsample_bytree': 0.8, 'learning_rate': 0.01, 'max_depth': 5, 'min_child_samples': 50, 'n_estimators': 750, 'num_leaves': 31, 'subsample': 0.8}",2.39683576698842,0.956493007397866,1.75852084159851
LightGBM,Enhanced,8,"{'colsample_bytree': 0.8, 'learning_rate': 0.01, 'max_depth': 5, 'min_child_samples': 50, 'n_estimators': 750, 'num_leaves': 62, 'subsample': 0.6}",2.3969495914254,0.956488875052552,1.78140687942505
LightGBM,Enhanced,8,"{'colsample_bytree': 0.8, 'learning_rate': 0.01, 'max_depth': 5, 'min_child_samples': 50, 'n_estimators': 750, 'num_leaves': 62, 'subsample': 0.8}",2.39683576745313,0.956493007380996,1.79730486869812
LightGBM,Enhanced,8,"{'colsample_bytree': 0.8, 'learning_rate': 0.01, 'max_depth': 5, 'min_child_samples': 50, 'n_estimators': 1000, 'num_leaves': 15, 'subsample': 0.6}",2.34191930890793,0.958463837975804,2.15898633003235
LightGBM,Enhanced,8,"{'colsample_bytree': 0.8, 'learning_rate': 0.01, 'max_depth': 5, 'min_child_samples': 50, 'n_estimators': 1000, 'num_leaves': 15, 'subsample': 0.8}",2.34191931070233,0.958463837912153,2.12146210670471
LightGBM,Enhanced,8,"{'colsample_bytree': 0.8, 'learning_rate': 0.01, 'max_depth': 5, 'min_child_samples': 50, 'n_estimators': 1000, 'num_leaves': 31, 'subsample': 0.6}",2.35078913917657,0.958148612439371,2.15366625785828
LightGBM,Enhanced,8,"{'colsample_bytree': 0.8, 'learning_rate': 0.01, 'max_depth': 5, 'min_child_samples': 50, 'n_estimators': 1000, 'num_leaves': 31, 'subsample': 0.8}",2.35090839923827,0.958144365928626,2.2050199508667
LightGBM,Enhanced,8,"{'colsample_bytree': 0.8, 'learning_rate': 0.01, 'max_depth': 5, 'min_child_samples': 50, 'n_estimators': 1000, 'num_leaves': 62, 'subsample': 0.6}",2.35078914057556,0.958148612389558,2.36368942260742
LightGBM,Enhanced,8,"{'colsample_bytree': 0.8, 'learning_rate': 0.01, 'max_depth': 5, 'min_child_samples': 50, 'n_estimators': 1000, 'num_leaves': 62, 'subsample': 0.8}",2.350908397434,0.958144365992872,2.06669735908508
LightGBM,Enhanced,8,"{'colsample_bytree': 0.8, 'learning_rate': 0.01, 'max_depth': 5, 'min_child_samples': 100, 'n_estimators': 500, 'num_leaves': 15, 'subsample': 0.6}",2.37759680048921,0.957188649746217,1.10668992996216
LightGBM,Enhanced,8,"{'colsample_bytree': 0.8, 'learning_rate': 0.01, 'max_depth': 5, 'min_child_samples': 100, 'n_estimators': 500, 'num_leaves': 15, 'subsample': 0.8}",2.3776101372699,0.957188169456883,1.05767321586609
LightGBM,Enhanced,8,"{'colsample_bytree': 0.8, 'learning_rate': 0.01, 'max_depth': 5, 'min_child_samples': 100, 'n_estimators': 500, 'num_leaves': 31, 'subsample': 0.6}",2.3776101372024,0.957188169459314,1.14505815505981
LightGBM,Enhanced,8,"{'colsample_bytree': 0.8, 'learning_rate': 0.01, 'max_depth': 5, 'min_child_samples': 100, 'n_estimators': 500, 'num_leaves': 31, 'subsample': 0.8}",2.37761013494027,0.957188169540779,0.999084234237671
LightGBM,Enhanced,8,"{'colsample_bytree': 0.8, 'learning_rate': 0.01, 'max_depth': 5, 'min_child_samples': 100, 'n_estimators': 500, 'num_leaves': 62, 'subsample': 0.6}",2.3776101381762,0.957188169424245,1.09710741043091
LightGBM,Enhanced,8,"{'colsample_bytree': 0.8, 'learning_rate': 0.01, 'max_depth': 5, 'min_child_samples': 100, 'n_estimators': 500, 'num_leaves': 62, 'subsample': 0.8}",2.37759680271255,0.957188649666149,1.11813712120056
LightGBM,Enhanced,8,"{'colsample_bytree': 0.8, 'learning_rate': 0.01, 'max_depth': 5, 'min_child_samples': 100, 'n_estimators': 750, 'num_leaves': 15, 'subsample': 0.6}",2.34640141280306,0.958304697100288,1.62556743621826
LightGBM,Enhanced,8,"{'colsample_bytree': 0.8, 'learning_rate': 0.01, 'max_depth': 5, 'min_child_samples': 100, 'n_estimators': 750, 'num_leaves': 15, 'subsample': 0.8}",2.34641441104373,0.958304235144307,1.45928192138672
LightGBM,Enhanced,8,"{'colsample_bytree': 0.8, 'learning_rate': 0.01, 'max_depth': 5, 'min_child_samples': 100, 'n_estimators': 750, 'num_leaves': 31, 'subsample': 0.6}",2.3464146844352,0.958304225427978,1.47211503982544
LightGBM,Enhanced,8,"{'colsample_bytree': 0.8, 'learning_rate': 0.01, 'max_depth': 5, 'min_child_samples': 100, 'n_estimators': 750, 'num_leaves': 31, 'subsample': 0.8}",2.3464144098151,0.958304235187972,1.45863342285156
LightGBM,Enhanced,8,"{'colsample_bytree': 0.8, 'learning_rate': 0.01, 'max_depth': 5, 'min_child_samples': 100, 'n_estimators': 750, 'num_leaves': 62, 'subsample': 0.6}",2.34641440773652,0.958304235261845,1.470871925354
LightGBM,Enhanced,8,"{'colsample_bytree': 0.8, 'learning_rate': 0.01, 'max_depth': 5, 'min_child_samples': 100, 'n_estimators': 750, 'num_leaves': 62, 'subsample': 0.8}",2.34641440947291,0.958304235200134,1.51075482368469
LightGBM,Enhanced,8,"{'colsample_bytree': 0.8, 'learning_rate': 0.01, 'max_depth': 5, 'min_child_samples': 100, 'n_estimators': 1000, 'num_leaves': 15, 'subsample': 0.6}",2.31302826424604,0.959482336842111,1.97436094284058
LightGBM,Enhanced,8,"{'colsample_bytree': 0.8, 'learning_rate': 0.01, 'max_depth': 5, 'min_child_samples': 100, 'n_estimators': 1000, 'num_leaves': 15, 'subsample': 0.8}",2.31303979468301,0.959481932880315,1.87744927406311
LightGBM,Enhanced,8,"{'colsample_bytree': 0.8, 'learning_rate': 0.01, 'max_depth': 5, 'min_child_samples': 100, 'n_estimators': 1000, 'num_leaves': 31, 'subsample': 0.6}",2.31305361195294,0.959481448798075,1.99459481239319
LightGBM,Enhanced,8,"{'colsample_bytree': 0.8, 'learning_rate': 0.01, 'max_depth': 5, 'min_child_samples': 100, 'n_estimators': 1000, 'num_leaves': 31, 'subsample': 0.8}",2.31302826464965,0.959482336827971,0.708626508712769
LightGBM,Enhanced,8,"{'colsample_bytree': 0.8, 'learning_rate': 0.01, 'max_depth': 5, 'min_child_samples': 100, 'n_estimators': 1000, 'num_leaves': 62, 'subsample': 0.6}",2.31305402548009,0.959481434310281,0.773271799087524
LightGBM,Enhanced,8,"{'colsample_bytree': 0.8, 'learning_rate': 0.01, 'max_depth': 5, 'min_child_samples': 100, 'n_estimators': 1000, 'num_leaves': 62, 'subsample': 0.8}",2.31305361376662,0.959481448734533,0.82028341293335
LightGBM,Enhanced,8,"{'colsample_bytree': 0.8, 'learning_rate': 0.01, 'max_depth': 9, 'min_child_samples': 50, 'n_estimators': 500, 'num_leaves': 15, 'subsample': 0.6}",2.47255913065862,0.953700544549478,0.565986633300781
LightGBM,Enhanced,8,"{'colsample_bytree': 0.8, 'learning_rate': 0.01, 'max_depth': 9, 'min_child_samples': 50, 'n_estimators': 500, 'num_leaves': 15, 'subsample': 0.8}",2.47255908146732,0.953700546391723,0.578470230102539
LightGBM,Enhanced,8,"{'colsample_bytree': 0.8, 'learning_rate': 0.01, 'max_depth': 9, 'min_child_samples': 50, 'n_estimators': 500, 'num_leaves': 31, 'subsample': 0.6}",2.47037392926146,0.953782345567543,0.808182716369629
LightGBM,Enhanced,8,"{'colsample_bytree': 0.8, 'learning_rate': 0.01, 'max_depth': 9, 'min_child_samples': 50, 'n_estimators': 500, 'num_leaves': 31, 'subsample': 0.8}",2.47037591591881,0.953782271231688,0.818716287612915
LightGBM,Enhanced,8,"{'colsample_bytree': 0.8, 'learning_rate': 0.01, 'max_depth': 9, 'min_child_samples': 50, 'n_estimators': 500, 'num_leaves': 62, 'subsample': 0.6}",2.47575369156506,0.953580828926482,0.958778142929077
LightGBM,Enhanced,8,"{'colsample_bytree': 0.8, 'learning_rate': 0.01, 'max_depth': 9, 'min_child_samples': 50, 'n_estimators': 500, 'num_leaves': 62, 'subsample': 0.8}",2.47587329559155,0.953576343784125,0.941557884216309
LightGBM,Enhanced,8,"{'colsample_bytree': 0.8, 'learning_rate': 0.01, 'max_depth': 9, 'min_child_samples': 50, 'n_estimators': 750, 'num_leaves': 15, 'subsample': 0.6}",2.39272130247814,0.956642249440085,0.778865098953247
LightGBM,Enhanced,8,"{'colsample_bytree': 0.8, 'learning_rate': 0.01, 'max_depth': 9, 'min_child_samples': 50, 'n_estimators': 750, 'num_leaves': 15, 'subsample': 0.8}",2.39272129965398,0.956642249542436,0.75641393661499
LightGBM,Enhanced,8,"{'colsample_bytree': 0.8, 'learning_rate': 0.01, 'max_depth': 9, 'min_child_samples': 50, 'n_estimators': 750, 'num_leaves': 31, 'subsample': 0.6}",2.39155403359758,0.956684542546298,1.02243423461914
LightGBM,Enhanced,8,"{'colsample_bytree': 0.8, 'learning_rate': 0.01, 'max_depth': 9, 'min_child_samples': 50, 'n_estimators': 750, 'num_leaves': 31, 'subsample': 0.8}",2.39156271045217,0.956684228238026,1.06137323379517
LightGBM,Enhanced,8,"{'colsample_bytree': 0.8, 'learning_rate': 0.01, 'max_depth': 9, 'min_child_samples': 50, 'n_estimators': 750, 'num_leaves': 62, 'subsample': 0.6}",2.39300372989325,0.956632013279189,1.19398212432861
LightGBM,Enhanced,8,"{'colsample_bytree': 0.8, 'learning_rate': 0.01, 'max_depth': 9, 'min_child_samples': 50, 'n_estimators': 750, 'num_leaves': 62, 'subsample': 0.8}",2.38985179710197,0.956746181891211,1.20935988426209
LightGBM,Enhanced,8,"{'colsample_bytree': 0.8, 'learning_rate': 0.01, 'max_depth': 9, 'min_child_samples': 50, 'n_estimators': 1000, 'num_leaves': 15, 'subsample': 0.6}",2.35574797037517,0.957971860852142,0.964072465896606
LightGBM,Enhanced,8,"{'colsample_bytree': 0.8, 'learning_rate': 0.01, 'max_depth': 9, 'min_child_samples': 50, 'n_estimators': 1000, 'num_leaves': 15, 'subsample': 0.8}",2.35574797549934,0.957971860669304,0.947598934173584
LightGBM,Enhanced,8,"{'colsample_bytree': 0.8, 'learning_rate': 0.01, 'max_depth': 9, 'min_child_samples': 50, 'n_estimators': 1000, 'num_leaves': 31, 'subsample': 0.6}",2.34102050606221,0.958495714101102,1.19540357589722
LightGBM,Enhanced,8,"{'colsample_bytree': 0.8, 'learning_rate': 0.01, 'max_depth': 9, 'min_child_samples': 50, 'n_estimators': 1000, 'num_leaves': 31, 'subsample': 0.8}",2.3410190693678,0.958495765043806,1.23567938804626
LightGBM,Enhanced,8,"{'colsample_bytree': 0.8, 'learning_rate': 0.01, 'max_depth': 9, 'min_child_samples': 50, 'n_estimators': 1000, 'num_leaves': 62, 'subsample': 0.6}",2.34626328638746,0.958309605939151,1.40534949302673
LightGBM,Enhanced,8,"{'colsample_bytree': 0.8, 'learning_rate': 0.01, 'max_depth': 9, 'min_child_samples': 50, 'n_estimators': 1000, 'num_leaves': 62, 'subsample': 0.8}",2.34626430865845,0.958309569609989,1.40276622772217
LightGBM,Enhanced,8,"{'colsample_bytree': 0.8, 'learning_rate': 0.01, 'max_depth': 9, 'min_child_samples': 100, 'n_estimators': 500, 'num_leaves': 15, 'subsample': 0.6}",2.37564577769259,0.957258881713368,0.592981576919556
LightGBM,Enhanced,8,"{'colsample_bytree': 0.8, 'learning_rate': 0.01, 'max_depth': 9, 'min_child_samples': 100, 'n_estimators': 500, 'num_leaves': 15, 'subsample': 0.8}",2.37564241412593,0.957259002743616,0.56888747215271
LightGBM,Enhanced,8,"{'colsample_bytree': 0.8, 'learning_rate': 0.01, 'max_depth': 9, 'min_child_samples': 100, 'n_estimators': 500, 'num_leaves': 31, 'subsample': 0.6}",2.37478524086659,0.957289840575248,0.684949398040772
LightGBM,Enhanced,8,"{'colsample_bytree': 0.8, 'learning_rate': 0.01, 'max_depth': 9, 'min_child_samples': 100, 'n_estimators': 500, 'num_leaves': 31, 'subsample': 0.8}",2.37478814624823,0.957289736069471,0.67465877532959
LightGBM,Enhanced,8,"{'colsample_bytree': 0.8, 'learning_rate': 0.01, 'max_depth': 9, 'min_child_samples': 100, 'n_estimators': 500, 'num_leaves': 62, 'subsample': 0.6}",2.37478563072941,0.957289826551997,0.69888162612915
LightGBM,Enhanced,8,"{'colsample_bytree': 0.8, 'learning_rate': 0.01, 'max_depth': 9, 'min_child_samples': 100, 'n_estimators': 500, 'num_leaves': 62, 'subsample': 0.8}",2.37478335855872,0.957289908281275,0.687001705169678
LightGBM,Enhanced,8,"{'colsample_bytree': 0.8, 'learning_rate': 0.01, 'max_depth': 9, 'min_child_samples': 100, 'n_estimators': 750, 'num_leaves': 15, 'subsample': 0.6}",2.34469840352524,0.958365199722566,0.801962614059448
LightGBM,Enhanced,8,"{'colsample_bytree': 0.8, 'learning_rate': 0.01, 'max_depth': 9, 'min_child_samples': 100, 'n_estimators': 750, 'num_leaves': 15, 'subsample': 0.8}",2.34468838995497,0.958365555343663,0.790227651596069
LightGBM,Enhanced,8,"{'colsample_bytree': 0.8, 'learning_rate': 0.01, 'max_depth': 9, 'min_child_samples': 100, 'n_estimators': 750, 'num_leaves': 31, 'subsample': 0.6}",2.34332255701948,0.95841404718867,0.918801307678223
LightGBM,Enhanced,8,"{'colsample_bytree': 0.8, 'learning_rate': 0.01, 'max_depth': 9, 'min_child_samples': 100, 'n_estimators': 750, 'num_leaves': 31, 'subsample': 0.8}",2.34332348843553,0.958414014129772,0.928210496902466
LightGBM,Enhanced,8,"{'colsample_bytree': 0.8, 'learning_rate': 0.01, 'max_depth': 9, 'min_child_samples': 100, 'n_estimators': 750, 'num_leaves': 62, 'subsample': 0.6}",2.34332288732916,0.958414035464938,0.935574054718018
LightGBM,Enhanced,8,"{'colsample_bytree': 0.8, 'learning_rate': 0.01, 'max_depth': 9, 'min_child_samples': 100, 'n_estimators': 750, 'num_leaves': 62, 'subsample': 0.8}",2.34332238179446,0.958414053407958,0.935997009277344
LightGBM,Enhanced,8,"{'colsample_bytree': 0.8, 'learning_rate': 0.01, 'max_depth': 9, 'min_child_samples': 100, 'n_estimators': 1000, 'num_leaves': 15, 'subsample': 0.6}",2.31631631359899,0.959367060457903,1.01027321815491
LightGBM,Enhanced,8,"{'colsample_bytree': 0.8, 'learning_rate': 0.01, 'max_depth': 9, 'min_child_samples': 100, 'n_estimators': 1000, 'num_leaves': 15, 'subsample': 0.8}",2.31648292704682,0.95936121476438,0.995484590530396
LightGBM,Enhanced,8,"{'colsample_bytree': 0.8, 'learning_rate': 0.01, 'max_depth': 9, 'min_child_samples': 100, 'n_estimators': 1000, 'num_leaves': 31, 'subsample': 0.6}",2.31247532960049,0.959501706204989,1.13465976715088
LightGBM,Enhanced,8,"{'colsample_bytree': 0.8, 'learning_rate': 0.01, 'max_depth': 9, 'min_child_samples': 100, 'n_estimators': 1000, 'num_leaves': 31, 'subsample': 0.8}",2.31246775081241,0.959501971658617,1.15117645263672
LightGBM,Enhanced,8,"{'colsample_bytree': 0.8, 'learning_rate': 0.01, 'max_depth': 9, 'min_child_samples': 100, 'n_estimators': 1000, 'num_leaves': 62, 'subsample': 0.6}",2.3124818634086,0.959501477351993,1.16605019569397
LightGBM,Enhanced,8,"{'colsample_bytree': 0.8, 'learning_rate': 0.01, 'max_depth': 9, 'min_child_samples': 100, 'n_estimators': 1000, 'num_leaves': 62, 'subsample': 0.8}",2.31246891863918,0.959501930754528,1.13013076782227
LightGBM,Enhanced,8,"{'colsample_bytree': 0.8, 'learning_rate': 0.05, 'max_depth': 3, 'min_child_samples': 50, 'n_estimators': 500, 'num_leaves': 15, 'subsample': 0.6}",2.33864345497078,0.958579957463957,0.289767265319824
LightGBM,Enhanced,8,"{'colsample_bytree': 0.8, 'learning_rate': 0.05, 'max_depth': 3, 'min_child_samples': 50, 'n_estimators': 500, 'num_leaves': 15, 'subsample': 0.8}",2.33864345320936,0.958579957526351,0.261962175369263
LightGBM,Enhanced,8,"{'colsample_bytree': 0.8, 'learning_rate': 0.05, 'max_depth': 3, 'min_child_samples': 50, 'n_estimators': 500, 'num_leaves': 31, 'subsample': 0.6}",2.33864296325092,0.958579974881794,0.288055896759033
LightGBM,Enhanced,8,"{'colsample_bytree': 0.8, 'learning_rate': 0.05, 'max_depth': 3, 'min_child_samples': 50, 'n_estimators': 500, 'num_leaves': 31, 'subsample': 0.8}",2.33864296242023,0.958579974911219,0.264848232269287
LightGBM,Enhanced,8,"{'colsample_bytree': 0.8, 'learning_rate': 0.05, 'max_depth': 3, 'min_child_samples': 50, 'n_estimators': 500, 'num_leaves': 62, 'subsample': 0.6}",2.33864345313168,0.958579957529102,0.264675617218018
LightGBM,Enhanced,8,"{'colsample_bytree': 0.8, 'learning_rate': 0.05, 'max_depth': 3, 'min_child_samples': 50, 'n_estimators': 500, 'num_leaves': 62, 'subsample': 0.8}",2.3386429609318,0.958579974963943,0.272107839584351
LightGBM,Enhanced,8,"{'colsample_bytree': 0.8, 'learning_rate': 0.05, 'max_depth': 3, 'min_child_samples': 50, 'n_estimators': 750, 'num_leaves': 15, 'subsample': 0.6}",2.28363113912686,0.960505699807693,0.348700523376465
LightGBM,Enhanced,8,"{'colsample_bytree': 0.8, 'learning_rate': 0.05, 'max_depth': 3, 'min_child_samples': 50, 'n_estimators': 750, 'num_leaves': 15, 'subsample': 0.8}",2.28363113764259,0.960505699859032,0.36088228225708
LightGBM,Enhanced,8,"{'colsample_bytree': 0.8, 'learning_rate': 0.05, 'max_depth': 3, 'min_child_samples': 50, 'n_estimators': 750, 'num_leaves': 31, 'subsample': 0.6}",2.28363114042857,0.960505699762668,0.375052452087402
LightGBM,Enhanced,8,"{'colsample_bytree': 0.8, 'learning_rate': 0.05, 'max_depth': 3, 'min_child_samples': 50, 'n_estimators': 750, 'num_leaves': 31, 'subsample': 0.8}",2.2836317869573,0.960505677399859,0.360218286514282
LightGBM,Enhanced,8,"{'colsample_bytree': 0.8, 'learning_rate': 0.05, 'max_depth': 3, 'min_child_samples': 50, 'n_estimators': 750, 'num_leaves': 62, 'subsample': 0.6}",2.28363113553647,0.960505699931881,0.365640640258789
LightGBM,Enhanced,8,"{'colsample_bytree': 0.8, 'learning_rate': 0.05, 'max_depth': 3, 'min_child_samples': 50, 'n_estimators': 750, 'num_leaves': 62, 'subsample': 0.8}",2.28363178263321,0.960505677549425,0.35976767539978
LightGBM,Enhanced,8,"{'colsample_bytree': 0.8, 'learning_rate': 0.05, 'max_depth': 3, 'min_child_samples': 50, 'n_estimators': 1000, 'num_leaves': 15, 'subsample': 0.6}",2.25234867694558,0.96158031889898,0.423011541366577
LightGBM,Enhanced,8,"{'colsample_bytree': 0.8, 'learning_rate': 0.05, 'max_depth': 3, 'min_child_samples': 50, 'n_estimators': 1000, 'num_leaves': 15, 'subsample': 0.8}",2.25234867708127,0.961580318894351,0.421828985214233
LightGBM,Enhanced,8,"{'colsample_bytree': 0.8, 'learning_rate': 0.05, 'max_depth': 3, 'min_child_samples': 50, 'n_estimators': 1000, 'num_leaves': 31, 'subsample': 0.6}",2.25234901440588,0.961580307386448,0.413774013519287
LightGBM,Enhanced,8,"{'colsample_bytree': 0.8, 'learning_rate': 0.05, 'max_depth': 3, 'min_child_samples': 50, 'n_estimators': 1000, 'num_leaves': 31, 'subsample': 0.8}",2.25234867675815,0.961580318905374,0.41458010673523
LightGBM,Enhanced,8,"{'colsample_bytree': 0.8, 'learning_rate': 0.05, 'max_depth': 3, 'min_child_samples': 50, 'n_estimators': 1000, 'num_leaves': 62, 'subsample': 0.6}",2.25234902118055,0.961580307155329,0.420130729675293
LightGBM,Enhanced,8,"{'colsample_bytree': 0.8, 'learning_rate': 0.05, 'max_depth': 3, 'min_child_samples': 50, 'n_estimators': 1000, 'num_leaves': 62, 'subsample': 0.8}",2.25234901419091,0.961580307393782,0.415759563446045
LightGBM,Enhanced,8,"{'colsample_bytree': 0.8, 'learning_rate': 0.05, 'max_depth': 3, 'min_child_samples': 100, 'n_estimators': 500, 'num_leaves': 15, 'subsample': 0.6}",2.14285788580841,0.965224830983393,0.284298658370972
LightGBM,Enhanced,8,"{'colsample_bytree': 0.8, 'learning_rate': 0.05, 'max_depth': 3, 'min_child_samples': 100, 'n_estimators': 500, 'num_leaves': 15, 'subsample': 0.8}",2.14285788617437,0.965224830971515,0.266814470291138
LightGBM,Enhanced,8,"{'colsample_bytree': 0.8, 'learning_rate': 0.05, 'max_depth': 3, 'min_child_samples': 100, 'n_estimators': 500, 'num_leaves': 31, 'subsample': 0.6}",2.14285788692291,0.96522483094722,0.267836093902588
LightGBM,Enhanced,8,"{'colsample_bytree': 0.8, 'learning_rate': 0.05, 'max_depth': 3, 'min_child_samples': 100, 'n_estimators': 500, 'num_leaves': 31, 'subsample': 0.8}",2.14285789360194,0.96522483073044,0.265984535217285
LightGBM,Enhanced,8,"{'colsample_bytree': 0.8, 'learning_rate': 0.05, 'max_depth': 3, 'min_child_samples': 100, 'n_estimators': 500, 'num_leaves': 62, 'subsample': 0.6}",2.1428578909287,0.965224830817205,0.299954175949097
LightGBM,Enhanced,8,"{'colsample_bytree': 0.8, 'learning_rate': 0.05, 'max_depth': 3, 'min_child_samples': 100, 'n_estimators': 500, 'num_leaves': 62, 'subsample': 0.8}",2.14285789373569,0.965224830726099,0.265649795532227
LightGBM,Enhanced,8,"{'colsample_bytree': 0.8, 'learning_rate': 0.05, 'max_depth': 3, 'min_child_samples': 100, 'n_estimators': 750, 'num_leaves': 15, 'subsample': 0.6}",2.03902963611682,0.968513123095744,0.348607301712036
LightGBM,Enhanced,8,"{'colsample_bytree': 0.8, 'learning_rate': 0.05, 'max_depth': 3, 'min_child_samples': 100, 'n_estimators': 750, 'num_leaves': 15, 'subsample': 0.8}",2.03902964032997,0.968513122965625,0.360574960708618
LightGBM,Enhanced,8,"{'colsample_bytree': 0.8, 'learning_rate': 0.05, 'max_depth': 3, 'min_child_samples': 100, 'n_estimators': 750, 'num_leaves': 31, 'subsample': 0.6}",2.03902963960933,0.968513122987881,0.355720520019531
LightGBM,Enhanced,8,"{'colsample_bytree': 0.8, 'learning_rate': 0.05, 'max_depth': 3, 'min_child_samples': 100, 'n_estimators': 750, 'num_leaves': 31, 'subsample': 0.8}",2.03902963384799,0.968513123165815,0.357563972473145
LightGBM,Enhanced,8,"{'colsample_bytree': 0.8, 'learning_rate': 0.05, 'max_depth': 3, 'min_child_samples': 100, 'n_estimators': 750, 'num_leaves': 62, 'subsample': 0.6}",2.03902963189849,0.968513123226024,0.356688737869263
LightGBM,Enhanced,8,"{'colsample_bytree': 0.8, 'learning_rate': 0.05, 'max_depth': 3, 'min_child_samples': 100, 'n_estimators': 750, 'num_leaves': 62, 'subsample': 0.8}",2.03902963884958,0.968513123011345,0.345610618591309
LightGBM,Enhanced,8,"{'colsample_bytree': 0.8, 'learning_rate': 0.05, 'max_depth': 3, 'min_child_samples': 100, 'n_estimators': 1000, 'num_leaves': 15, 'subsample': 0.6}",1.96474564374571,0.970765533064421,0.420113325119019
LightGBM,Enhanced,8,"{'colsample_bytree': 0.8, 'learning_rate': 0.05, 'max_depth': 3, 'min_child_samples': 100, 'n_estimators': 1000, 'num_leaves': 15, 'subsample': 0.8}",1.96474564175938,0.970765533123533,0.437824964523315
LightGBM,Enhanced,8,"{'colsample_bytree': 0.8, 'learning_rate': 0.05, 'max_depth': 3, 'min_child_samples': 100, 'n_estimators': 1000, 'num_leaves': 31, 'subsample': 0.6}",1.96474563737623,0.970765533253971,0.436303853988647
LightGBM,Enhanced,8,"{'colsample_bytree': 0.8, 'learning_rate': 0.05, 'max_depth': 3, 'min_child_samples': 100, 'n_estimators': 1000, 'num_leaves': 31, 'subsample': 0.8}",1.96474564063383,0.970765533157028,0.444336891174316
LightGBM,Enhanced,8,"{'colsample_bytree': 0.8, 'learning_rate': 0.05, 'max_depth': 3, 'min_child_samples': 100, 'n_estimators': 1000, 'num_leaves': 62, 'subsample': 0.6}",1.9647456413178,0.970765533136674,0.444550275802612
LightGBM,Enhanced,8,"{'colsample_bytree': 0.8, 'learning_rate': 0.05, 'max_depth': 3, 'min_child_samples': 100, 'n_estimators': 1000, 'num_leaves': 62, 'subsample': 0.8}",1.96474564092311,0.970765533148419,0.427295446395874
LightGBM,Enhanced,8,"{'colsample_bytree': 0.8, 'learning_rate': 0.05, 'max_depth': 5, 'min_child_samples': 50, 'n_estimators': 500, 'num_leaves': 15, 'subsample': 0.6}",2.17294662152993,0.964241390200666,0.377770662307739
LightGBM,Enhanced,8,"{'colsample_bytree': 0.8, 'learning_rate': 0.05, 'max_depth': 5, 'min_child_samples': 50, 'n_estimators': 500, 'num_leaves': 15, 'subsample': 0.8}",2.1729469629061,0.964241378965104,0.358896493911743
LightGBM,Enhanced,8,"{'colsample_bytree': 0.8, 'learning_rate': 0.05, 'max_depth': 5, 'min_child_samples': 50, 'n_estimators': 500, 'num_leaves': 31, 'subsample': 0.6}",2.19547860485097,0.96349596025109,0.361581563949585
LightGBM,Enhanced,8,"{'colsample_bytree': 0.8, 'learning_rate': 0.05, 'max_depth': 5, 'min_child_samples': 50, 'n_estimators': 500, 'num_leaves': 31, 'subsample': 0.8}",2.19547860006835,0.963495960410131,0.362271070480347
LightGBM,Enhanced,8,"{'colsample_bytree': 0.8, 'learning_rate': 0.05, 'max_depth': 5, 'min_child_samples': 50, 'n_estimators': 500, 'num_leaves': 62, 'subsample': 0.6}",2.19547860282872,0.963495960318338,0.352437019348145
LightGBM,Enhanced,8,"{'colsample_bytree': 0.8, 'learning_rate': 0.05, 'max_depth': 5, 'min_child_samples': 50, 'n_estimators': 500, 'num_leaves': 62, 'subsample': 0.8}",2.19547860827259,0.963495960137309,0.353927850723267
LightGBM,Enhanced,8,"{'colsample_bytree': 0.8, 'learning_rate': 0.05, 'max_depth': 5, 'min_child_samples': 50, 'n_estimators': 750, 'num_leaves': 15, 'subsample': 0.6}",2.13558683994096,0.965460425577009,0.477810144424439
LightGBM,Enhanced,8,"{'colsample_bytree': 0.8, 'learning_rate': 0.05, 'max_depth': 5, 'min_child_samples': 50, 'n_estimators': 750, 'num_leaves': 15, 'subsample': 0.8}",2.13558683623758,0.965460425696801,0.437073469161987
LightGBM,Enhanced,8,"{'colsample_bytree': 0.8, 'learning_rate': 0.05, 'max_depth': 5, 'min_child_samples': 50, 'n_estimators': 750, 'num_leaves': 31, 'subsample': 0.6}",2.1530682044608,0.96489264706226,0.761183500289917
LightGBM,Enhanced,8,"{'colsample_bytree': 0.8, 'learning_rate': 0.05, 'max_depth': 5, 'min_child_samples': 50, 'n_estimators': 750, 'num_leaves': 31, 'subsample': 0.8}",2.15306820222767,0.964892647135086,1.4606146812439
LightGBM,Enhanced,8,"{'colsample_bytree': 0.8, 'learning_rate': 0.05, 'max_depth': 5, 'min_child_samples': 50, 'n_estimators': 750, 'num_leaves': 62, 'subsample': 0.6}",2.15306820036363,0.964892647195875,1.5993640422821
LightGBM,Enhanced,8,"{'colsample_bytree': 0.8, 'learning_rate': 0.05, 'max_depth': 5, 'min_child_samples': 50, 'n_estimators': 750, 'num_leaves': 62, 'subsample': 0.8}",2.15306756761569,0.964892667830709,1.49406623840332
LightGBM,Enhanced,8,"{'colsample_bytree': 0.8, 'learning_rate': 0.05, 'max_depth': 5, 'min_child_samples': 50, 'n_estimators': 1000, 'num_leaves': 15, 'subsample': 0.6}",2.11541858497638,0.966109721225693,1.74831628799438
LightGBM,Enhanced,8,"{'colsample_bytree': 0.8, 'learning_rate': 0.05, 'max_depth': 5, 'min_child_samples': 50, 'n_estimators': 1000, 'num_leaves': 15, 'subsample': 0.8}",2.11538223462459,0.966110885924708,1.86581611633301
LightGBM,Enhanced,8,"{'colsample_bytree': 0.8, 'learning_rate': 0.05, 'max_depth': 5, 'min_child_samples': 50, 'n_estimators': 1000, 'num_leaves': 31, 'subsample': 0.6}",2.1168007437049,0.966065420728823,1.96538281440735
LightGBM,Enhanced,8,"{'colsample_bytree': 0.8, 'learning_rate': 0.05, 'max_depth': 5, 'min_child_samples': 50, 'n_estimators': 1000, 'num_leaves': 31, 'subsample': 0.8}",2.11680075188531,0.966065420466542,1.90452122688293
LightGBM,Enhanced,8,"{'colsample_bytree': 0.8, 'learning_rate': 0.05, 'max_depth': 5, 'min_child_samples': 50, 'n_estimators': 1000, 'num_leaves': 62, 'subsample': 0.6}",2.11680231452684,0.966065370364894,1.95639705657959
LightGBM,Enhanced,8,"{'colsample_bytree': 0.8, 'learning_rate': 0.05, 'max_depth': 5, 'min_child_samples': 50, 'n_estimators': 1000, 'num_leaves': 62, 'subsample': 0.8}",2.11680231552855,0.966065370332777,2.03930139541626
LightGBM,Enhanced,8,"{'colsample_bytree': 0.8, 'learning_rate': 0.05, 'max_depth': 5, 'min_child_samples': 100, 'n_estimators': 500, 'num_leaves': 15, 'subsample': 0.6}",2.09238157174508,0.966843835700714,1.06399416923523
LightGBM,Enhanced,8,"{'colsample_bytree': 0.8, 'learning_rate': 0.05, 'max_depth': 5, 'min_child_samples': 100, 'n_estimators': 500, 'num_leaves': 15, 'subsample': 0.8}",2.09237707932651,0.966843978075519,0.992890357971191
LightGBM,Enhanced,8,"{'colsample_bytree': 0.8, 'learning_rate': 0.05, 'max_depth': 5, 'min_child_samples': 100, 'n_estimators': 500, 'num_leaves': 31, 'subsample': 0.6}",2.09229664696033,0.966846527105582,1.06607437133789
LightGBM,Enhanced,8,"{'colsample_bytree': 0.8, 'learning_rate': 0.05, 'max_depth': 5, 'min_child_samples': 100, 'n_estimators': 500, 'num_leaves': 31, 'subsample': 0.8}",2.09238157475602,0.966843835605291,1.03072452545166
LightGBM,Enhanced,8,"{'colsample_bytree': 0.8, 'learning_rate': 0.05, 'max_depth': 5, 'min_child_samples': 100, 'n_estimators': 500, 'num_leaves': 62, 'subsample': 0.6}",2.09237708640518,0.96684397785118,1.05638146400452
LightGBM,Enhanced,8,"{'colsample_bytree': 0.8, 'learning_rate': 0.05, 'max_depth': 5, 'min_child_samples': 100, 'n_estimators': 500, 'num_leaves': 62, 'subsample': 0.8}",2.0923770858186,0.96684397786977,1.09730648994446
LightGBM,Enhanced,8,"{'colsample_bytree': 0.8, 'learning_rate': 0.05, 'max_depth': 5, 'min_child_samples': 100, 'n_estimators': 750, 'num_leaves': 15, 'subsample': 0.6}",2.03630063565461,0.968597349629839,1.4347038269043
LightGBM,Enhanced,8,"{'colsample_bytree': 0.8, 'learning_rate': 0.05, 'max_depth': 5, 'min_child_samples': 100, 'n_estimators': 750, 'num_leaves': 15, 'subsample': 0.8}",2.03629553595291,0.968597506918941,1.39452481269836
LightGBM,Enhanced,8,"{'colsample_bytree': 0.8, 'learning_rate': 0.05, 'max_depth': 5, 'min_child_samples': 100, 'n_estimators': 750, 'num_leaves': 31, 'subsample': 0.6}",2.03620179054202,0.968600398220131,1.40887665748596
LightGBM,Enhanced,8,"{'colsample_bytree': 0.8, 'learning_rate': 0.05, 'max_depth': 5, 'min_child_samples': 100, 'n_estimators': 750, 'num_leaves': 31, 'subsample': 0.8}",2.03630063735402,0.968597349577424,1.42548322677612
LightGBM,Enhanced,8,"{'colsample_bytree': 0.8, 'learning_rate': 0.05, 'max_depth': 5, 'min_child_samples': 100, 'n_estimators': 750, 'num_leaves': 62, 'subsample': 0.6}",2.03630499063845,0.968597215309612,1.42150807380676
LightGBM,Enhanced,8,"{'colsample_bytree': 0.8, 'learning_rate': 0.05, 'max_depth': 5, 'min_child_samples': 100, 'n_estimators': 750, 'num_leaves': 62, 'subsample': 0.8}",2.03630010670392,0.96859736594418,1.45379948616028
LightGBM,Enhanced,8,"{'colsample_bytree': 0.8, 'learning_rate': 0.05, 'max_depth': 5, 'min_child_samples': 100, 'n_estimators': 1000, 'num_leaves': 15, 'subsample': 0.6}",1.98862138460545,0.970050696921787,1.8629093170166
LightGBM,Enhanced,8,"{'colsample_bytree': 0.8, 'learning_rate': 0.05, 'max_depth': 5, 'min_child_samples': 100, 'n_estimators': 1000, 'num_leaves': 15, 'subsample': 0.8}",1.98862138325993,0.970050696962314,1.99207043647766
LightGBM,Enhanced,8,"{'colsample_bytree': 0.8, 'learning_rate': 0.05, 'max_depth': 5, 'min_child_samples': 100, 'n_estimators': 1000, 'num_leaves': 31, 'subsample': 0.6}",1.98851561745882,0.970053882614264,1.83579254150391
LightGBM,Enhanced,8,"{'colsample_bytree': 0.8, 'learning_rate': 0.05, 'max_depth': 5, 'min_child_samples': 100, 'n_estimators': 1000, 'num_leaves': 31, 'subsample': 0.8}",1.9886252804461,0.970050579576346,1.92548584938049
LightGBM,Enhanced,8,"{'colsample_bytree': 0.8, 'learning_rate': 0.05, 'max_depth': 5, 'min_child_samples': 100, 'n_estimators': 1000, 'num_leaves': 62, 'subsample': 0.6}",1.98851274683309,0.97005396907477,1.96507287025452
LightGBM,Enhanced,8,"{'colsample_bytree': 0.8, 'learning_rate': 0.05, 'max_depth': 5, 'min_child_samples': 100, 'n_estimators': 1000, 'num_leaves': 62, 'subsample': 0.8}",1.98862485572628,0.970050592369214,2.01459908485413
LightGBM,Enhanced,8,"{'colsample_bytree': 0.8, 'learning_rate': 0.05, 'max_depth': 9, 'min_child_samples': 50, 'n_estimators': 500, 'num_leaves': 15, 'subsample': 0.6}",2.12619432395841,0.965763574199085,1.37622308731079
LightGBM,Enhanced,8,"{'colsample_bytree': 0.8, 'learning_rate': 0.05, 'max_depth': 9, 'min_child_samples': 50, 'n_estimators': 500, 'num_leaves': 15, 'subsample': 0.8}",2.12619432198561,0.965763574262618,1.4842381477356
LightGBM,Enhanced,8,"{'colsample_bytree': 0.8, 'learning_rate': 0.05, 'max_depth': 9, 'min_child_samples': 50, 'n_estimators': 500, 'num_leaves': 31, 'subsample': 0.6}",2.16026217862691,0.964657649093337,1.78766417503357
LightGBM,Enhanced,8,"{'colsample_bytree': 0.8, 'learning_rate': 0.05, 'max_depth': 9, 'min_child_samples': 50, 'n_estimators': 500, 'num_leaves': 31, 'subsample': 0.8}",2.16025076180603,0.964658022655609,1.79362082481384
LightGBM,Enhanced,8,"{'colsample_bytree': 0.8, 'learning_rate': 0.05, 'max_depth': 9, 'min_child_samples': 50, 'n_estimators': 500, 'num_leaves': 62, 'subsample': 0.6}",2.14796953676294,0.965058725202048,1.84513211250305
LightGBM,Enhanced,8,"{'colsample_bytree': 0.8, 'learning_rate': 0.05, 'max_depth': 9, 'min_child_samples': 50, 'n_estimators': 500, 'num_leaves': 62, 'subsample': 0.8}",2.14796845260624,0.96505876047425,1.84486675262451
LightGBM,Enhanced,8,"{'colsample_bytree': 0.8, 'learning_rate': 0.05, 'max_depth': 9, 'min_child_samples': 50, 'n_estimators': 750, 'num_leaves': 15, 'subsample': 0.6}",2.12619432490723,0.965763574168529,1.39524626731873
LightGBM,Enhanced,8,"{'colsample_bytree': 0.8, 'learning_rate': 0.05, 'max_depth': 9, 'min_child_samples': 50, 'n_estimators': 750, 'num_leaves': 15, 'subsample': 0.8}",2.12619433548592,0.965763573827849,1.32338261604309
LightGBM,Enhanced,8,"{'colsample_bytree': 0.8, 'learning_rate': 0.05, 'max_depth': 9, 'min_child_samples': 50, 'n_estimators': 750, 'num_leaves': 31, 'subsample': 0.6}",2.16025344252361,0.964657934941793,1.85188341140747
LightGBM,Enhanced,8,"{'colsample_bytree': 0.8, 'learning_rate': 0.05, 'max_depth': 9, 'min_child_samples': 50, 'n_estimators': 750, 'num_leaves': 31, 'subsample': 0.8}",2.16025977520472,0.964657727734294,1.79149532318115
LightGBM,Enhanced,8,"{'colsample_bytree': 0.8, 'learning_rate': 0.05, 'max_depth': 9, 'min_child_samples': 50, 'n_estimators': 750, 'num_leaves': 62, 'subsample': 0.6}",2.14796285626647,0.965058942546564,1.86945176124573
LightGBM,Enhanced,8,"{'colsample_bytree': 0.8, 'learning_rate': 0.05, 'max_depth': 9, 'min_child_samples': 50, 'n_estimators': 750, 'num_leaves': 62, 'subsample': 0.8}",2.14795775620508,0.965059108472457,1.8899188041687
LightGBM,Enhanced,8,"{'colsample_bytree': 0.8, 'learning_rate': 0.05, 'max_depth': 9, 'min_child_samples': 50, 'n_estimators': 1000, 'num_leaves': 15, 'subsample': 0.6}",2.12619432878545,0.965763574043633,1.37616086006165
LightGBM,Enhanced,8,"{'colsample_bytree': 0.8, 'learning_rate': 0.05, 'max_depth': 9, 'min_child_samples': 50, 'n_estimators': 1000, 'num_leaves': 15, 'subsample': 0.8}",2.12619433079339,0.965763573978969,1.31701135635376
LightGBM,Enhanced,8,"{'colsample_bytree': 0.8, 'learning_rate': 0.05, 'max_depth': 9, 'min_child_samples': 50, 'n_estimators': 1000, 'num_leaves': 31, 'subsample': 0.6}",2.16026471024368,0.964657566257706,1.75203633308411
LightGBM,Enhanced,8,"{'colsample_bytree': 0.8, 'learning_rate': 0.05, 'max_depth': 9, 'min_child_samples': 50, 'n_estimators': 1000, 'num_leaves': 31, 'subsample': 0.8}",2.16024475450764,0.964658219215668,1.7587468624115
LightGBM,Enhanced,8,"{'colsample_bytree': 0.8, 'learning_rate': 0.05, 'max_depth': 9, 'min_child_samples': 50, 'n_estimators': 1000, 'num_leaves': 62, 'subsample': 0.6}",2.14796453699298,0.965058887865559,1.85514569282532
LightGBM,Enhanced,8,"{'colsample_bytree': 0.8, 'learning_rate': 0.05, 'max_depth': 9, 'min_child_samples': 50, 'n_estimators': 1000, 'num_leaves': 62, 'subsample': 0.8}",2.14796136864758,0.965058990944942,1.4494743347168
LightGBM,Enhanced,8,"{'colsample_bytree': 0.8, 'learning_rate': 0.05, 'max_depth': 9, 'min_child_samples': 100, 'n_estimators': 500, 'num_leaves': 15, 'subsample': 0.6}",2.09759173390711,0.966678508235635,0.618888378143311
LightGBM,Enhanced,8,"{'colsample_bytree': 0.8, 'learning_rate': 0.05, 'max_depth': 9, 'min_child_samples': 100, 'n_estimators': 500, 'num_leaves': 15, 'subsample': 0.8}",2.09759320866509,0.966678461380804,0.628410339355469
LightGBM,Enhanced,8,"{'colsample_bytree': 0.8, 'learning_rate': 0.05, 'max_depth': 9, 'min_child_samples': 100, 'n_estimators': 500, 'num_leaves': 31, 'subsample': 0.6}",2.09150259871798,0.966871686503056,0.691115856170654
LightGBM,Enhanced,8,"{'colsample_bytree': 0.8, 'learning_rate': 0.05, 'max_depth': 9, 'min_child_samples': 100, 'n_estimators': 500, 'num_leaves': 31, 'subsample': 0.8}",2.09142316514377,0.966874202828285,0.704520225524902
LightGBM,Enhanced,8,"{'colsample_bytree': 0.8, 'learning_rate': 0.05, 'max_depth': 9, 'min_child_samples': 100, 'n_estimators': 500, 'num_leaves': 62, 'subsample': 0.6}",2.09145852975926,0.966873082547126,0.651670455932617
LightGBM,Enhanced,8,"{'colsample_bytree': 0.8, 'learning_rate': 0.05, 'max_depth': 9, 'min_child_samples': 100, 'n_estimators': 500, 'num_leaves': 62, 'subsample': 0.8}",2.09142689815529,0.966874084574749,0.683491468429565
LightGBM,Enhanced,8,"{'colsample_bytree': 0.8, 'learning_rate': 0.05, 'max_depth': 9, 'min_child_samples': 100, 'n_estimators': 750, 'num_leaves': 15, 'subsample': 0.6}",2.03028414926028,0.968782641037454,0.899731159210205
LightGBM,Enhanced,8,"{'colsample_bytree': 0.8, 'learning_rate': 0.05, 'max_depth': 9, 'min_child_samples': 100, 'n_estimators': 750, 'num_leaves': 15, 'subsample': 0.8}",2.03023646254794,0.968784107468381,0.776412010192871
LightGBM,Enhanced,8,"{'colsample_bytree': 0.8, 'learning_rate': 0.05, 'max_depth': 9, 'min_child_samples': 100, 'n_estimators': 750, 'num_leaves': 31, 'subsample': 0.6}",2.01629048819669,0.96921148708938,0.774740219116211
LightGBM,Enhanced,8,"{'colsample_bytree': 0.8, 'learning_rate': 0.05, 'max_depth': 9, 'min_child_samples': 100, 'n_estimators': 750, 'num_leaves': 31, 'subsample': 0.8}",2.0163532841695,0.969209569285633,0.780265092849731
LightGBM,Enhanced,8,"{'colsample_bytree': 0.8, 'learning_rate': 0.05, 'max_depth': 9, 'min_child_samples': 100, 'n_estimators': 750, 'num_leaves': 62, 'subsample': 0.6}",2.01627814551436,0.969211864030771,0.778391122817993
LightGBM,Enhanced,8,"{'colsample_bytree': 0.8, 'learning_rate': 0.05, 'max_depth': 9, 'min_child_samples': 100, 'n_estimators': 750, 'num_leaves': 62, 'subsample': 0.8}",2.01628806739006,0.969211561020187,0.823869705200195
LightGBM,Enhanced,8,"{'colsample_bytree': 0.8, 'learning_rate': 0.05, 'max_depth': 9, 'min_child_samples': 100, 'n_estimators': 1000, 'num_leaves': 15, 'subsample': 0.6}",2.03019233184723,0.968785464516453,1.37004089355469
LightGBM,Enhanced,8,"{'colsample_bytree': 0.8, 'learning_rate': 0.05, 'max_depth': 9, 'min_child_samples': 100, 'n_estimators': 1000, 'num_leaves': 15, 'subsample': 0.8}",2.03023832080802,0.968784050325015,2.44696021080017
LightGBM,Enhanced,8,"{'colsample_bytree': 0.8, 'learning_rate': 0.05, 'max_depth': 9, 'min_child_samples': 100, 'n_estimators': 1000, 'num_leaves': 31, 'subsample': 0.6}",1.98401082335584,0.970189409123574,3.29880714416504
LightGBM,Enhanced,8,"{'colsample_bytree': 0.8, 'learning_rate': 0.05, 'max_depth': 9, 'min_child_samples': 100, 'n_estimators': 1000, 'num_leaves': 31, 'subsample': 0.8}",1.98400439492032,0.970189602303115,1.54023718833923
LightGBM,Enhanced,8,"{'colsample_bytree': 0.8, 'learning_rate': 0.05, 'max_depth': 9, 'min_child_samples': 100, 'n_estimators': 1000, 'num_leaves': 62, 'subsample': 0.6}",1.98401469093764,0.970189292899398,1.23902702331543
LightGBM,Enhanced,8,"{'colsample_bytree': 0.8, 'learning_rate': 0.05, 'max_depth': 9, 'min_child_samples': 100, 'n_estimators': 1000, 'num_leaves': 62, 'subsample': 0.8}",1.98394555610384,0.970191370426729,1.20745277404785
LightGBM,Enhanced,9,"{'colsample_bytree': 0.6, 'learning_rate': 0.01, 'max_depth': 3, 'min_child_samples': 50, 'n_estimators': 500, 'num_leaves': 15, 'subsample': 0.6}",1.90827126691177,0.977364343216193,0.369286298751831
LightGBM,Enhanced,9,"{'colsample_bytree': 0.6, 'learning_rate': 0.01, 'max_depth': 3, 'min_child_samples': 50, 'n_estimators': 500, 'num_leaves': 15, 'subsample': 0.8}",1.90827126709189,0.97736434321192,0.342369556427002
LightGBM,Enhanced,9,"{'colsample_bytree': 0.6, 'learning_rate': 0.01, 'max_depth': 3, 'min_child_samples': 50, 'n_estimators': 500, 'num_leaves': 31, 'subsample': 0.6}",1.90827126808844,0.977364343188279,0.348133563995361
LightGBM,Enhanced,9,"{'colsample_bytree': 0.6, 'learning_rate': 0.01, 'max_depth': 3, 'min_child_samples': 50, 'n_estimators': 500, 'num_leaves': 31, 'subsample': 0.8}",1.90827126890878,0.977364343168817,0.362371921539307
LightGBM,Enhanced,9,"{'colsample_bytree': 0.6, 'learning_rate': 0.01, 'max_depth': 3, 'min_child_samples': 50, 'n_estimators': 500, 'num_leaves': 62, 'subsample': 0.6}",1.90827126929545,0.977364343159644,0.284515619277954
LightGBM,Enhanced,9,"{'colsample_bytree': 0.6, 'learning_rate': 0.01, 'max_depth': 3, 'min_child_samples': 50, 'n_estimators': 500, 'num_leaves': 62, 'subsample': 0.8}",1.90827126723669,0.977364343208485,0.271007537841797
LightGBM,Enhanced,9,"{'colsample_bytree': 0.6, 'learning_rate': 0.01, 'max_depth': 3, 'min_child_samples': 50, 'n_estimators': 750, 'num_leaves': 15, 'subsample': 0.6}",1.74817610875528,0.981003078004601,0.34771990776062
LightGBM,Enhanced,9,"{'colsample_bytree': 0.6, 'learning_rate': 0.01, 'max_depth': 3, 'min_child_samples': 50, 'n_estimators': 750, 'num_leaves': 15, 'subsample': 0.8}",1.74817610718998,0.98100307803862,0.354738235473633
LightGBM,Enhanced,9,"{'colsample_bytree': 0.6, 'learning_rate': 0.01, 'max_depth': 3, 'min_child_samples': 50, 'n_estimators': 750, 'num_leaves': 31, 'subsample': 0.6}",1.74817610579858,0.98100307806886,0.365241765975952
LightGBM,Enhanced,9,"{'colsample_bytree': 0.6, 'learning_rate': 0.01, 'max_depth': 3, 'min_child_samples': 50, 'n_estimators': 750, 'num_leaves': 31, 'subsample': 0.8}",1.74817610867367,0.981003078006374,0.379119157791138
LightGBM,Enhanced,9,"{'colsample_bytree': 0.6, 'learning_rate': 0.01, 'max_depth': 3, 'min_child_samples': 50, 'n_estimators': 750, 'num_leaves': 62, 'subsample': 0.6}",1.74817610753705,0.981003078031077,0.400882959365845
LightGBM,Enhanced,9,"{'colsample_bytree': 0.6, 'learning_rate': 0.01, 'max_depth': 3, 'min_child_samples': 50, 'n_estimators': 750, 'num_leaves': 62, 'subsample': 0.8}",1.74817610788951,0.981003078023417,0.80326247215271
LightGBM,Enhanced,9,"{'colsample_bytree': 0.6, 'learning_rate': 0.01, 'max_depth': 3, 'min_child_samples': 50, 'n_estimators': 1000, 'num_leaves': 15, 'subsample': 0.6}",1.70008077226812,0.982033975434896,1.43400716781616
LightGBM,Enhanced,9,"{'colsample_bytree': 0.6, 'learning_rate': 0.01, 'max_depth': 3, 'min_child_samples': 50, 'n_estimators': 1000, 'num_leaves': 15, 'subsample': 0.8}",1.70008077033677,0.982033975475716,1.37026381492615
LightGBM,Enhanced,9,"{'colsample_bytree': 0.6, 'learning_rate': 0.01, 'max_depth': 3, 'min_child_samples': 50, 'n_estimators': 1000, 'num_leaves': 31, 'subsample': 0.6}",1.7000807714795,0.982033975451564,1.42707085609436
LightGBM,Enhanced,9,"{'colsample_bytree': 0.6, 'learning_rate': 0.01, 'max_depth': 3, 'min_child_samples': 50, 'n_estimators': 1000, 'num_leaves': 31, 'subsample': 0.8}",1.70008076936047,0.98203397549635,1.40975403785706
LightGBM,Enhanced,9,"{'colsample_bytree': 0.6, 'learning_rate': 0.01, 'max_depth': 3, 'min_child_samples': 50, 'n_estimators': 1000, 'num_leaves': 62, 'subsample': 0.6}",1.70008077081449,0.982033975465619,1.4374852180481
LightGBM,Enhanced,9,"{'colsample_bytree': 0.6, 'learning_rate': 0.01, 'max_depth': 3, 'min_child_samples': 50, 'n_estimators': 1000, 'num_leaves': 62, 'subsample': 0.8}",1.70008077148578,0.982033975451431,1.41920733451843
LightGBM,Enhanced,9,"{'colsample_bytree': 0.6, 'learning_rate': 0.01, 'max_depth': 3, 'min_child_samples': 100, 'n_estimators': 500, 'num_leaves': 15, 'subsample': 0.6}",2.19634078881672,0.970014428391263,0.744299173355103
LightGBM,Enhanced,9,"{'colsample_bytree': 0.6, 'learning_rate': 0.01, 'max_depth': 3, 'min_child_samples': 100, 'n_estimators': 500, 'num_leaves': 15, 'subsample': 0.8}",2.19634078741353,0.970014428429577,0.735322952270508
LightGBM,Enhanced,9,"{'colsample_bytree': 0.6, 'learning_rate': 0.01, 'max_depth': 3, 'min_child_samples': 100, 'n_estimators': 500, 'num_leaves': 31, 'subsample': 0.6}",2.19634078908312,0.970014428383988,0.746868133544922
LightGBM,Enhanced,9,"{'colsample_bytree': 0.6, 'learning_rate': 0.01, 'max_depth': 3, 'min_child_samples': 100, 'n_estimators': 500, 'num_leaves': 31, 'subsample': 0.8}",2.19634078691198,0.970014428443272,0.789166212081909
LightGBM,Enhanced,9,"{'colsample_bytree': 0.6, 'learning_rate': 0.01, 'max_depth': 3, 'min_child_samples': 100, 'n_estimators': 500, 'num_leaves': 62, 'subsample': 0.6}",2.19634078900096,0.970014428386232,0.791473627090454
LightGBM,Enhanced,9,"{'colsample_bytree': 0.6, 'learning_rate': 0.01, 'max_depth': 3, 'min_child_samples': 100, 'n_estimators': 500, 'num_leaves': 62, 'subsample': 0.8}",2.19634078890072,0.970014428388969,0.810889005661011
LightGBM,Enhanced,9,"{'colsample_bytree': 0.6, 'learning_rate': 0.01, 'max_depth': 3, 'min_child_samples': 100, 'n_estimators': 750, 'num_leaves': 15, 'subsample': 0.6}",2.02355473748563,0.974546776482594,1.03710436820984
LightGBM,Enhanced,9,"{'colsample_bytree': 0.6, 'learning_rate': 0.01, 'max_depth': 3, 'min_child_samples': 100, 'n_estimators': 750, 'num_leaves': 15, 'subsample': 0.8}",2.02355473738002,0.974546776485251,0.991490602493286
LightGBM,Enhanced,9,"{'colsample_bytree': 0.6, 'learning_rate': 0.01, 'max_depth': 3, 'min_child_samples': 100, 'n_estimators': 750, 'num_leaves': 31, 'subsample': 0.6}",2.02355473721312,0.97454677648945,1.00095248222351
LightGBM,Enhanced,9,"{'colsample_bytree': 0.6, 'learning_rate': 0.01, 'max_depth': 3, 'min_child_samples': 100, 'n_estimators': 750, 'num_leaves': 31, 'subsample': 0.8}",2.02355473885498,0.974546776448146,1.03552746772766
LightGBM,Enhanced,9,"{'colsample_bytree': 0.6, 'learning_rate': 0.01, 'max_depth': 3, 'min_child_samples': 100, 'n_estimators': 750, 'num_leaves': 62, 'subsample': 0.6}",2.0235547387205,0.974546776451529,1.10176682472229
LightGBM,Enhanced,9,"{'colsample_bytree': 0.6, 'learning_rate': 0.01, 'max_depth': 3, 'min_child_samples': 100, 'n_estimators': 750, 'num_leaves': 62, 'subsample': 0.8}",2.02355473783944,0.974546776473693,1.04139852523804
LightGBM,Enhanced,9,"{'colsample_bytree': 0.6, 'learning_rate': 0.01, 'max_depth': 3, 'min_child_samples': 100, 'n_estimators': 1000, 'num_leaves': 15, 'subsample': 0.6}",1.9411534703319,0.976577533666184,1.38406729698181
LightGBM,Enhanced,9,"{'colsample_bytree': 0.6, 'learning_rate': 0.01, 'max_depth': 3, 'min_child_samples': 100, 'n_estimators': 1000, 'num_leaves': 15, 'subsample': 0.8}",1.94115346994431,0.976577533675537,1.43434190750122
LightGBM,Enhanced,9,"{'colsample_bytree': 0.6, 'learning_rate': 0.01, 'max_depth': 3, 'min_child_samples': 100, 'n_estimators': 1000, 'num_leaves': 31, 'subsample': 0.6}",1.94115347053923,0.97657753366118,1.39652442932129
LightGBM,Enhanced,9,"{'colsample_bytree': 0.6, 'learning_rate': 0.01, 'max_depth': 3, 'min_child_samples': 100, 'n_estimators': 1000, 'num_leaves': 31, 'subsample': 0.8}",1.9411534720603,0.976577533624473,1.2913806438446
LightGBM,Enhanced,9,"{'colsample_bytree': 0.6, 'learning_rate': 0.01, 'max_depth': 3, 'min_child_samples': 100, 'n_estimators': 1000, 'num_leaves': 62, 'subsample': 0.6}",1.94115347219909,0.976577533621124,1.23862600326538
LightGBM,Enhanced,9,"{'colsample_bytree': 0.6, 'learning_rate': 0.01, 'max_depth': 3, 'min_child_samples': 100, 'n_estimators': 1000, 'num_leaves': 62, 'subsample': 0.8}",1.94115347226293,0.976577533619583,1.37827801704407
LightGBM,Enhanced,9,"{'colsample_bytree': 0.6, 'learning_rate': 0.01, 'max_depth': 5, 'min_child_samples': 50, 'n_estimators': 500, 'num_leaves': 15, 'subsample': 0.6}",1.84526143979776,0.978834492276006,1.47282981872559
LightGBM,Enhanced,9,"{'colsample_bytree': 0.6, 'learning_rate': 0.01, 'max_depth': 5, 'min_child_samples': 50, 'n_estimators': 500, 'num_leaves': 15, 'subsample': 0.8}",1.84526384340339,0.978834437136322,1.39806818962097
LightGBM,Enhanced,9,"{'colsample_bytree': 0.6, 'learning_rate': 0.01, 'max_depth': 5, 'min_child_samples': 50, 'n_estimators': 500, 'num_leaves': 31, 'subsample': 0.6}",1.84649374897191,0.97880621318447,1.46443295478821
LightGBM,Enhanced,9,"{'colsample_bytree': 0.6, 'learning_rate': 0.01, 'max_depth': 5, 'min_child_samples': 50, 'n_estimators': 500, 'num_leaves': 31, 'subsample': 0.8}",1.84648598151709,0.97880639149153,0.729768753051758
LightGBM,Enhanced,9,"{'colsample_bytree': 0.6, 'learning_rate': 0.01, 'max_depth': 5, 'min_child_samples': 50, 'n_estimators': 500, 'num_leaves': 62, 'subsample': 0.6}",1.84647876009275,0.978806557263426,0.531583786010742
LightGBM,Enhanced,9,"{'colsample_bytree': 0.6, 'learning_rate': 0.01, 'max_depth': 5, 'min_child_samples': 50, 'n_estimators': 500, 'num_leaves': 62, 'subsample': 0.8}",1.846485582711,0.978806400646367,0.540248394012451
LightGBM,Enhanced,9,"{'colsample_bytree': 0.6, 'learning_rate': 0.01, 'max_depth': 5, 'min_child_samples': 50, 'n_estimators': 750, 'num_leaves': 15, 'subsample': 0.6}",1.7036740146546,0.981957950219861,0.63666033744812
LightGBM,Enhanced,9,"{'colsample_bytree': 0.6, 'learning_rate': 0.01, 'max_depth': 5, 'min_child_samples': 50, 'n_estimators': 750, 'num_leaves': 15, 'subsample': 0.8}",1.70367072253106,0.981958019947519,0.707156658172607
LightGBM,Enhanced,9,"{'colsample_bytree': 0.6, 'learning_rate': 0.01, 'max_depth': 5, 'min_child_samples': 50, 'n_estimators': 750, 'num_leaves': 31, 'subsample': 0.6}",1.70544104027796,0.981920504913875,0.718650102615356
LightGBM,Enhanced,9,"{'colsample_bytree': 0.6, 'learning_rate': 0.01, 'max_depth': 5, 'min_child_samples': 50, 'n_estimators': 750, 'num_leaves': 31, 'subsample': 0.8}",1.7054410395834,0.981920504928601,0.576361656188965
LightGBM,Enhanced,9,"{'colsample_bytree': 0.6, 'learning_rate': 0.01, 'max_depth': 5, 'min_child_samples': 50, 'n_estimators': 750, 'num_leaves': 62, 'subsample': 0.6}",1.70544104073629,0.981920504904158,0.590676069259644
LightGBM,Enhanced,9,"{'colsample_bytree': 0.6, 'learning_rate': 0.01, 'max_depth': 5, 'min_child_samples': 50, 'n_estimators': 750, 'num_leaves': 62, 'subsample': 0.8}",1.70544151196836,0.981920494913031,0.587450504302979
LightGBM,Enhanced,9,"{'colsample_bytree': 0.6, 'learning_rate': 0.01, 'max_depth': 5, 'min_child_samples': 50, 'n_estimators': 1000, 'num_leaves': 15, 'subsample': 0.6}",1.67000868434803,0.982663942564608,0.687469959259033
LightGBM,Enhanced,9,"{'colsample_bytree': 0.6, 'learning_rate': 0.01, 'max_depth': 5, 'min_child_samples': 50, 'n_estimators': 1000, 'num_leaves': 15, 'subsample': 0.8}",1.67001059057382,0.982663902988217,0.691413402557373
LightGBM,Enhanced,9,"{'colsample_bytree': 0.6, 'learning_rate': 0.01, 'max_depth': 5, 'min_child_samples': 50, 'n_estimators': 1000, 'num_leaves': 31, 'subsample': 0.6}",1.66564758325898,0.982754367940501,0.684486627578735
LightGBM,Enhanced,9,"{'colsample_bytree': 0.6, 'learning_rate': 0.01, 'max_depth': 5, 'min_child_samples': 50, 'n_estimators': 1000, 'num_leaves': 31, 'subsample': 0.8}",1.66566282835523,0.982754052252445,0.705331087112427
LightGBM,Enhanced,9,"{'colsample_bytree': 0.6, 'learning_rate': 0.01, 'max_depth': 5, 'min_child_samples': 50, 'n_estimators': 1000, 'num_leaves': 62, 'subsample': 0.6}",1.66566282755063,0.982754052269106,0.689474821090698
LightGBM,Enhanced,9,"{'colsample_bytree': 0.6, 'learning_rate': 0.01, 'max_depth': 5, 'min_child_samples': 50, 'n_estimators': 1000, 'num_leaves': 62, 'subsample': 0.8}",1.66566282792701,0.982754052261312,0.724290370941162
LightGBM,Enhanced,9,"{'colsample_bytree': 0.6, 'learning_rate': 0.01, 'max_depth': 5, 'min_child_samples': 100, 'n_estimators': 500, 'num_leaves': 15, 'subsample': 0.6}",2.16587693878752,0.970840475860701,0.40294623374939
LightGBM,Enhanced,9,"{'colsample_bytree': 0.6, 'learning_rate': 0.01, 'max_depth': 5, 'min_child_samples': 100, 'n_estimators': 500, 'num_leaves': 15, 'subsample': 0.8}",2.16587611954901,0.970840497919758,0.385648488998413
LightGBM,Enhanced,9,"{'colsample_bytree': 0.6, 'learning_rate': 0.01, 'max_depth': 5, 'min_child_samples': 100, 'n_estimators': 500, 'num_leaves': 31, 'subsample': 0.6}",2.16705820755922,0.970808659991704,0.393857002258301
LightGBM,Enhanced,9,"{'colsample_bytree': 0.6, 'learning_rate': 0.01, 'max_depth': 5, 'min_child_samples': 100, 'n_estimators': 500, 'num_leaves': 31, 'subsample': 0.8}",2.16705856448478,0.970808650375777,0.389219760894775
LightGBM,Enhanced,9,"{'colsample_bytree': 0.6, 'learning_rate': 0.01, 'max_depth': 5, 'min_child_samples': 100, 'n_estimators': 500, 'num_leaves': 62, 'subsample': 0.6}",2.16705820861022,0.970808659963388,0.806114673614502
LightGBM,Enhanced,9,"{'colsample_bytree': 0.6, 'learning_rate': 0.01, 'max_depth': 5, 'min_child_samples': 100, 'n_estimators': 500, 'num_leaves': 62, 'subsample': 0.8}",2.1670578096856,0.970808670710809,1.11298537254334
LightGBM,Enhanced,9,"{'colsample_bytree': 0.6, 'learning_rate': 0.01, 'max_depth': 5, 'min_child_samples': 100, 'n_estimators': 750, 'num_leaves': 15, 'subsample': 0.6}",2.00152303480604,0.975098009491812,1.6419620513916
LightGBM,Enhanced,9,"{'colsample_bytree': 0.6, 'learning_rate': 0.01, 'max_depth': 5, 'min_child_samples': 100, 'n_estimators': 750, 'num_leaves': 15, 'subsample': 0.8}",2.00152071761832,0.975098067150457,1.53875494003296
LightGBM,Enhanced,9,"{'colsample_bytree': 0.6, 'learning_rate': 0.01, 'max_depth': 5, 'min_child_samples': 100, 'n_estimators': 750, 'num_leaves': 31, 'subsample': 0.6}",1.99853262828123,0.975172364314872,1.56970882415771
LightGBM,Enhanced,9,"{'colsample_bytree': 0.6, 'learning_rate': 0.01, 'max_depth': 5, 'min_child_samples': 100, 'n_estimators': 750, 'num_leaves': 31, 'subsample': 0.8}",1.9985288706578,0.975172457676188,1.38758659362793
LightGBM,Enhanced,9,"{'colsample_bytree': 0.6, 'learning_rate': 0.01, 'max_depth': 5, 'min_child_samples': 100, 'n_estimators': 750, 'num_leaves': 62, 'subsample': 0.6}",1.99853114420266,0.975172401188074,0.593594789505005
LightGBM,Enhanced,9,"{'colsample_bytree': 0.6, 'learning_rate': 0.01, 'max_depth': 5, 'min_child_samples': 100, 'n_estimators': 750, 'num_leaves': 62, 'subsample': 0.8}",1.998528910095,0.975172456696339,0.585606575012207
LightGBM,Enhanced,9,"{'colsample_bytree': 0.6, 'learning_rate': 0.01, 'max_depth': 5, 'min_child_samples': 100, 'n_estimators': 1000, 'num_leaves': 15, 'subsample': 0.6}",1.91190344912761,0.977278092297114,0.735231876373291
LightGBM,Enhanced,9,"{'colsample_bytree': 0.6, 'learning_rate': 0.01, 'max_depth': 5, 'min_child_samples': 100, 'n_estimators': 1000, 'num_leaves': 15, 'subsample': 0.8}",1.91190341348866,0.977278093144212,0.766037940979004
LightGBM,Enhanced,9,"{'colsample_bytree': 0.6, 'learning_rate': 0.01, 'max_depth': 5, 'min_child_samples': 100, 'n_estimators': 1000, 'num_leaves': 31, 'subsample': 0.6}",1.90846269592505,0.977359801578055,0.627188920974731
LightGBM,Enhanced,9,"{'colsample_bytree': 0.6, 'learning_rate': 0.01, 'max_depth': 5, 'min_child_samples': 100, 'n_estimators': 1000, 'num_leaves': 31, 'subsample': 0.8}",1.90845961340107,0.9773598747143,0.621599435806274
LightGBM,Enhanced,9,"{'colsample_bytree': 0.6, 'learning_rate': 0.01, 'max_depth': 5, 'min_child_samples': 100, 'n_estimators': 1000, 'num_leaves': 62, 'subsample': 0.6}",1.9084608921162,0.977359844375403,0.599118232727051
LightGBM,Enhanced,9,"{'colsample_bytree': 0.6, 'learning_rate': 0.01, 'max_depth': 5, 'min_child_samples': 100, 'n_estimators': 1000, 'num_leaves': 62, 'subsample': 0.8}",1.90846295985175,0.9773597953161,0.629162549972534
LightGBM,Enhanced,9,"{'colsample_bytree': 0.6, 'learning_rate': 0.01, 'max_depth': 9, 'min_child_samples': 50, 'n_estimators': 500, 'num_leaves': 15, 'subsample': 0.6}",1.83918996316482,0.978973545172139,0.603887557983398
LightGBM,Enhanced,9,"{'colsample_bytree': 0.6, 'learning_rate': 0.01, 'max_depth': 9, 'min_child_samples': 50, 'n_estimators': 500, 'num_leaves': 15, 'subsample': 0.8}",1.83918832091493,0.978973582722015,0.583416700363159
LightGBM,Enhanced,9,"{'colsample_bytree': 0.6, 'learning_rate': 0.01, 'max_depth': 9, 'min_child_samples': 50, 'n_estimators': 500, 'num_leaves': 31, 'subsample': 0.6}",1.84866540172504,0.978756332040027,0.849865913391113
LightGBM,Enhanced,9,"{'colsample_bytree': 0.6, 'learning_rate': 0.01, 'max_depth': 9, 'min_child_samples': 50, 'n_estimators': 500, 'num_leaves': 31, 'subsample': 0.8}",1.84867956213773,0.97875600659416,1.35258531570435
LightGBM,Enhanced,9,"{'colsample_bytree': 0.6, 'learning_rate': 0.01, 'max_depth': 9, 'min_child_samples': 50, 'n_estimators': 500, 'num_leaves': 62, 'subsample': 0.6}",1.84212224203162,0.978906445438045,2.58862900733948
LightGBM,Enhanced,9,"{'colsample_bytree': 0.6, 'learning_rate': 0.01, 'max_depth': 9, 'min_child_samples': 50, 'n_estimators': 500, 'num_leaves': 62, 'subsample': 0.8}",1.84212395272596,0.978906406260796,1.20502758026123
LightGBM,Enhanced,9,"{'colsample_bytree': 0.6, 'learning_rate': 0.01, 'max_depth': 9, 'min_child_samples': 50, 'n_estimators': 750, 'num_leaves': 15, 'subsample': 0.6}",1.68984669096424,0.982249626767548,0.843555450439453
LightGBM,Enhanced,9,"{'colsample_bytree': 0.6, 'learning_rate': 0.01, 'max_depth': 9, 'min_child_samples': 50, 'n_estimators': 750, 'num_leaves': 15, 'subsample': 0.8}",1.68984462715525,0.982249670124567,0.759506940841675
LightGBM,Enhanced,9,"{'colsample_bytree': 0.6, 'learning_rate': 0.01, 'max_depth': 9, 'min_child_samples': 50, 'n_estimators': 750, 'num_leaves': 31, 'subsample': 0.6}",1.6949761564956,0.982141702045793,1.01243710517883
LightGBM,Enhanced,9,"{'colsample_bytree': 0.6, 'learning_rate': 0.01, 'max_depth': 9, 'min_child_samples': 50, 'n_estimators': 750, 'num_leaves': 31, 'subsample': 0.8}",1.69498873122688,0.98214143706964,1.08807802200317
LightGBM,Enhanced,9,"{'colsample_bytree': 0.6, 'learning_rate': 0.01, 'max_depth': 9, 'min_child_samples': 50, 'n_estimators': 750, 'num_leaves': 62, 'subsample': 0.6}",1.69059480579515,0.982233906694249,1.23461437225342
LightGBM,Enhanced,9,"{'colsample_bytree': 0.6, 'learning_rate': 0.01, 'max_depth': 9, 'min_child_samples': 50, 'n_estimators': 750, 'num_leaves': 62, 'subsample': 0.8}",1.69056347836622,0.982234565114429,1.20604825019836
LightGBM,Enhanced,9,"{'colsample_bytree': 0.6, 'learning_rate': 0.01, 'max_depth': 9, 'min_child_samples': 50, 'n_estimators': 1000, 'num_leaves': 15, 'subsample': 0.6}",1.65129700577599,0.983050251253229,0.982515335083008
LightGBM,Enhanced,9,"{'colsample_bytree': 0.6, 'learning_rate': 0.01, 'max_depth': 9, 'min_child_samples': 50, 'n_estimators': 1000, 'num_leaves': 15, 'subsample': 0.8}",1.65128852113924,0.983050425433999,0.957958936691284
LightGBM,Enhanced,9,"{'colsample_bytree': 0.6, 'learning_rate': 0.01, 'max_depth': 9, 'min_child_samples': 50, 'n_estimators': 1000, 'num_leaves': 31, 'subsample': 0.6}",1.65655018585822,0.982942237114822,1.21658110618591
LightGBM,Enhanced,9,"{'colsample_bytree': 0.6, 'learning_rate': 0.01, 'max_depth': 9, 'min_child_samples': 50, 'n_estimators': 1000, 'num_leaves': 31, 'subsample': 0.8}",1.65655174600559,0.982942204984631,1.28476858139038
LightGBM,Enhanced,9,"{'colsample_bytree': 0.6, 'learning_rate': 0.01, 'max_depth': 9, 'min_child_samples': 50, 'n_estimators': 1000, 'num_leaves': 62, 'subsample': 0.6}",1.65114069364371,0.983053460035126,1.47794151306152
LightGBM,Enhanced,9,"{'colsample_bytree': 0.6, 'learning_rate': 0.01, 'max_depth': 9, 'min_child_samples': 50, 'n_estimators': 1000, 'num_leaves': 62, 'subsample': 0.8}",1.65111008557578,0.983054088323243,1.40104341506958
LightGBM,Enhanced,9,"{'colsample_bytree': 0.6, 'learning_rate': 0.01, 'max_depth': 9, 'min_child_samples': 100, 'n_estimators': 500, 'num_leaves': 15, 'subsample': 0.6}",2.16634588179258,0.970827847594566,0.572899341583252
LightGBM,Enhanced,9,"{'colsample_bytree': 0.6, 'learning_rate': 0.01, 'max_depth': 9, 'min_child_samples': 100, 'n_estimators': 500, 'num_leaves': 15, 'subsample': 0.8}",2.1663461295816,0.97082784092108,0.570378303527832
LightGBM,Enhanced,9,"{'colsample_bytree': 0.6, 'learning_rate': 0.01, 'max_depth': 9, 'min_child_samples': 100, 'n_estimators': 500, 'num_leaves': 31, 'subsample': 0.6}",2.1666614399569,0.970819348322686,0.715795993804932
LightGBM,Enhanced,9,"{'colsample_bytree': 0.6, 'learning_rate': 0.01, 'max_depth': 9, 'min_child_samples': 100, 'n_estimators': 500, 'num_leaves': 31, 'subsample': 0.8}",2.16666287154127,0.970819309761444,0.718883275985718
LightGBM,Enhanced,9,"{'colsample_bytree': 0.6, 'learning_rate': 0.01, 'max_depth': 9, 'min_child_samples': 100, 'n_estimators': 500, 'num_leaves': 62, 'subsample': 0.6}",2.16666016194641,0.970819382747232,0.69168758392334
LightGBM,Enhanced,9,"{'colsample_bytree': 0.6, 'learning_rate': 0.01, 'max_depth': 9, 'min_child_samples': 100, 'n_estimators': 500, 'num_leaves': 62, 'subsample': 0.8}",2.16666383660173,0.970819283766503,0.805587291717529
LightGBM,Enhanced,9,"{'colsample_bytree': 0.6, 'learning_rate': 0.01, 'max_depth': 9, 'min_child_samples': 100, 'n_estimators': 750, 'num_leaves': 15, 'subsample': 0.6}",2.00425427110293,0.975030001655915,1.80696177482605
LightGBM,Enhanced,9,"{'colsample_bytree': 0.6, 'learning_rate': 0.01, 'max_depth': 9, 'min_child_samples': 100, 'n_estimators': 750, 'num_leaves': 15, 'subsample': 0.8}",2.00425734620717,0.975029925033495,1.77606844902039
LightGBM,Enhanced,9,"{'colsample_bytree': 0.6, 'learning_rate': 0.01, 'max_depth': 9, 'min_child_samples': 100, 'n_estimators': 750, 'num_leaves': 31, 'subsample': 0.6}",2.00337424413475,0.975051924470828,1.14457106590271
LightGBM,Enhanced,9,"{'colsample_bytree': 0.6, 'learning_rate': 0.01, 'max_depth': 9, 'min_child_samples': 100, 'n_estimators': 750, 'num_leaves': 31, 'subsample': 0.8}",2.00337369604555,0.975051938121567,2.8707377910614
LightGBM,Enhanced,9,"{'colsample_bytree': 0.6, 'learning_rate': 0.01, 'max_depth': 9, 'min_child_samples': 100, 'n_estimators': 750, 'num_leaves': 62, 'subsample': 0.6}",2.00337465341845,0.975051914277185,1.12881088256836
LightGBM,Enhanced,9,"{'colsample_bytree': 0.6, 'learning_rate': 0.01, 'max_depth': 9, 'min_child_samples': 100, 'n_estimators': 750, 'num_leaves': 62, 'subsample': 0.8}",2.00337688704823,0.975051858646234,1.21044540405273
LightGBM,Enhanced,9,"{'colsample_bytree': 0.6, 'learning_rate': 0.01, 'max_depth': 9, 'min_child_samples': 100, 'n_estimators': 1000, 'num_leaves': 15, 'subsample': 0.6}",1.91749658296646,0.97714495527882,1.16653919219971
LightGBM,Enhanced,9,"{'colsample_bytree': 0.6, 'learning_rate': 0.01, 'max_depth': 9, 'min_child_samples': 100, 'n_estimators': 1000, 'num_leaves': 15, 'subsample': 0.8}",1.91749660068255,0.977144954856497,2.25134372711182
LightGBM,Enhanced,9,"{'colsample_bytree': 0.6, 'learning_rate': 0.01, 'max_depth': 9, 'min_child_samples': 100, 'n_estimators': 1000, 'num_leaves': 31, 'subsample': 0.6}",1.9173818773022,0.977147689598868,5.59991645812988
LightGBM,Enhanced,9,"{'colsample_bytree': 0.6, 'learning_rate': 0.01, 'max_depth': 9, 'min_child_samples': 100, 'n_estimators': 1000, 'num_leaves': 31, 'subsample': 0.8}",1.91738442073782,0.977147628970967,4.57706904411316
LightGBM,Enhanced,9,"{'colsample_bytree': 0.6, 'learning_rate': 0.01, 'max_depth': 9, 'min_child_samples': 100, 'n_estimators': 1000, 'num_leaves': 62, 'subsample': 0.6}",1.91738366152254,0.977147647068398,2.79208183288574
LightGBM,Enhanced,9,"{'colsample_bytree': 0.6, 'learning_rate': 0.01, 'max_depth': 9, 'min_child_samples': 100, 'n_estimators': 1000, 'num_leaves': 62, 'subsample': 0.8}",1.91738187956887,0.977147689544837,1.42218852043152
LightGBM,Enhanced,9,"{'colsample_bytree': 0.6, 'learning_rate': 0.05, 'max_depth': 3, 'min_child_samples': 50, 'n_estimators': 500, 'num_leaves': 15, 'subsample': 0.6}",1.68578879919936,0.982334773675462,0.223395586013794
LightGBM,Enhanced,9,"{'colsample_bytree': 0.6, 'learning_rate': 0.05, 'max_depth': 3, 'min_child_samples': 50, 'n_estimators': 500, 'num_leaves': 15, 'subsample': 0.8}",1.6857887984652,0.982334773690849,0.270760059356689
LightGBM,Enhanced,9,"{'colsample_bytree': 0.6, 'learning_rate': 0.05, 'max_depth': 3, 'min_child_samples': 50, 'n_estimators': 500, 'num_leaves': 31, 'subsample': 0.6}",1.68578880037421,0.98233477365084,0.291579484939575
LightGBM,Enhanced,9,"{'colsample_bytree': 0.6, 'learning_rate': 0.05, 'max_depth': 3, 'min_child_samples': 50, 'n_estimators': 500, 'num_leaves': 31, 'subsample': 0.8}",1.68578879832805,0.982334773693723,0.22295880317688
LightGBM,Enhanced,9,"{'colsample_bytree': 0.6, 'learning_rate': 0.05, 'max_depth': 3, 'min_child_samples': 50, 'n_estimators': 500, 'num_leaves': 62, 'subsample': 0.6}",1.68578879836663,0.982334773692914,0.282399654388428
LightGBM,Enhanced,9,"{'colsample_bytree': 0.6, 'learning_rate': 0.05, 'max_depth': 3, 'min_child_samples': 50, 'n_estimators': 500, 'num_leaves': 62, 'subsample': 0.8}",1.68578879819044,0.982334773696607,0.217424631118774
LightGBM,Enhanced,9,"{'colsample_bytree': 0.6, 'learning_rate': 0.05, 'max_depth': 3, 'min_child_samples': 50, 'n_estimators': 750, 'num_leaves': 15, 'subsample': 0.6}",1.68578879821855,0.982334773696018,0.24921703338623
LightGBM,Enhanced,9,"{'colsample_bytree': 0.6, 'learning_rate': 0.05, 'max_depth': 3, 'min_child_samples': 50, 'n_estimators': 750, 'num_leaves': 15, 'subsample': 0.8}",1.68578879808776,0.982334773698759,0.249882936477661
LightGBM,Enhanced,9,"{'colsample_bytree': 0.6, 'learning_rate': 0.05, 'max_depth': 3, 'min_child_samples': 50, 'n_estimators': 750, 'num_leaves': 31, 'subsample': 0.6}",1.68578880025273,0.982334773653386,0.270936012268066
LightGBM,Enhanced,9,"{'colsample_bytree': 0.6, 'learning_rate': 0.05, 'max_depth': 3, 'min_child_samples': 50, 'n_estimators': 750, 'num_leaves': 31, 'subsample': 0.8}",1.68578879662989,0.982334773729313,0.272721767425537
LightGBM,Enhanced,9,"{'colsample_bytree': 0.6, 'learning_rate': 0.05, 'max_depth': 3, 'min_child_samples': 50, 'n_estimators': 750, 'num_leaves': 62, 'subsample': 0.6}",1.68578880181661,0.98233477362061,0.274185419082642
LightGBM,Enhanced,9,"{'colsample_bytree': 0.6, 'learning_rate': 0.05, 'max_depth': 3, 'min_child_samples': 50, 'n_estimators': 750, 'num_leaves': 62, 'subsample': 0.8}",1.68578880096523,0.982334773638453,0.245179176330566
LightGBM,Enhanced,9,"{'colsample_bytree': 0.6, 'learning_rate': 0.05, 'max_depth': 3, 'min_child_samples': 50, 'n_estimators': 1000, 'num_leaves': 15, 'subsample': 0.6}",1.68578880035055,0.982334773651336,0.237522125244141
LightGBM,Enhanced,9,"{'colsample_bytree': 0.6, 'learning_rate': 0.05, 'max_depth': 3, 'min_child_samples': 50, 'n_estimators': 1000, 'num_leaves': 15, 'subsample': 0.8}",1.68578880168374,0.982334773623395,0.237552404403687
LightGBM,Enhanced,9,"{'colsample_bytree': 0.6, 'learning_rate': 0.05, 'max_depth': 3, 'min_child_samples': 50, 'n_estimators': 1000, 'num_leaves': 31, 'subsample': 0.6}",1.68578879990107,0.982334773660756,0.237684488296509
LightGBM,Enhanced,9,"{'colsample_bytree': 0.6, 'learning_rate': 0.05, 'max_depth': 3, 'min_child_samples': 50, 'n_estimators': 1000, 'num_leaves': 31, 'subsample': 0.8}",1.68578879902486,0.982334773679119,0.214614391326904
LightGBM,Enhanced,9,"{'colsample_bytree': 0.6, 'learning_rate': 0.05, 'max_depth': 3, 'min_child_samples': 50, 'n_estimators': 1000, 'num_leaves': 62, 'subsample': 0.6}",1.68578879963621,0.982334773666307,0.224750280380249
LightGBM,Enhanced,9,"{'colsample_bytree': 0.6, 'learning_rate': 0.05, 'max_depth': 3, 'min_child_samples': 50, 'n_estimators': 1000, 'num_leaves': 62, 'subsample': 0.8}",1.68578880104314,0.98233477363682,0.27161717414856
LightGBM,Enhanced,9,"{'colsample_bytree': 0.6, 'learning_rate': 0.05, 'max_depth': 3, 'min_child_samples': 100, 'n_estimators': 500, 'num_leaves': 15, 'subsample': 0.6}",1.67107279302023,0.982641842887554,0.258010625839233
LightGBM,Enhanced,9,"{'colsample_bytree': 0.6, 'learning_rate': 0.05, 'max_depth': 3, 'min_child_samples': 100, 'n_estimators': 500, 'num_leaves': 15, 'subsample': 0.8}",1.67107279383922,0.982641842870539,0.260276317596436
LightGBM,Enhanced,9,"{'colsample_bytree': 0.6, 'learning_rate': 0.05, 'max_depth': 3, 'min_child_samples': 100, 'n_estimators': 500, 'num_leaves': 31, 'subsample': 0.6}",1.67107279427635,0.982641842861458,0.256877660751343
LightGBM,Enhanced,9,"{'colsample_bytree': 0.6, 'learning_rate': 0.05, 'max_depth': 3, 'min_child_samples': 100, 'n_estimators': 500, 'num_leaves': 31, 'subsample': 0.8}",1.67107279468437,0.982641842852982,0.289408922195435
LightGBM,Enhanced,9,"{'colsample_bytree': 0.6, 'learning_rate': 0.05, 'max_depth': 3, 'min_child_samples': 100, 'n_estimators': 500, 'num_leaves': 62, 'subsample': 0.6}",1.67107279296639,0.982641842888672,0.27844762802124
LightGBM,Enhanced,9,"{'colsample_bytree': 0.6, 'learning_rate': 0.05, 'max_depth': 3, 'min_child_samples': 100, 'n_estimators': 500, 'num_leaves': 62, 'subsample': 0.8}",1.67107279355342,0.982641842876477,0.245165109634399
LightGBM,Enhanced,9,"{'colsample_bytree': 0.6, 'learning_rate': 0.05, 'max_depth': 3, 'min_child_samples': 100, 'n_estimators': 750, 'num_leaves': 15, 'subsample': 0.6}",1.62741021923599,0.983537076669985,0.326376676559448
LightGBM,Enhanced,9,"{'colsample_bytree': 0.6, 'learning_rate': 0.05, 'max_depth': 3, 'min_child_samples': 100, 'n_estimators': 750, 'num_leaves': 15, 'subsample': 0.8}",1.62741021821863,0.983537076690568,0.306758642196655
LightGBM,Enhanced,9,"{'colsample_bytree': 0.6, 'learning_rate': 0.05, 'max_depth': 3, 'min_child_samples': 100, 'n_estimators': 750, 'num_leaves': 31, 'subsample': 0.6}",1.62741021768722,0.98353707670132,0.33533239364624
LightGBM,Enhanced,9,"{'colsample_bytree': 0.6, 'learning_rate': 0.05, 'max_depth': 3, 'min_child_samples': 100, 'n_estimators': 750, 'num_leaves': 31, 'subsample': 0.8}",1.62741021760881,0.983537076702906,0.318303346633911
LightGBM,Enhanced,9,"{'colsample_bytree': 0.6, 'learning_rate': 0.05, 'max_depth': 3, 'min_child_samples': 100, 'n_estimators': 750, 'num_leaves': 62, 'subsample': 0.6}",1.62741021922417,0.983537076670224,0.340452194213867
LightGBM,Enhanced,9,"{'colsample_bytree': 0.6, 'learning_rate': 0.05, 'max_depth': 3, 'min_child_samples': 100, 'n_estimators': 750, 'num_leaves': 62, 'subsample': 0.8}",1.62741021886373,0.983537076677516,0.340706825256348
LightGBM,Enhanced,9,"{'colsample_bytree': 0.6, 'learning_rate': 0.05, 'max_depth': 3, 'min_child_samples': 100, 'n_estimators': 1000, 'num_leaves': 15, 'subsample': 0.6}",1.62677015053012,0.983550024026096,0.352404594421387
LightGBM,Enhanced,9,"{'colsample_bytree': 0.6, 'learning_rate': 0.05, 'max_depth': 3, 'min_child_samples': 100, 'n_estimators': 1000, 'num_leaves': 15, 'subsample': 0.8}",1.62677014917051,0.983550024053593,0.349490642547607
LightGBM,Enhanced,9,"{'colsample_bytree': 0.6, 'learning_rate': 0.05, 'max_depth': 3, 'min_child_samples': 100, 'n_estimators': 1000, 'num_leaves': 31, 'subsample': 0.6}",1.62677014970255,0.983550024042833,0.317865371704102
LightGBM,Enhanced,9,"{'colsample_bytree': 0.6, 'learning_rate': 0.05, 'max_depth': 3, 'min_child_samples': 100, 'n_estimators': 1000, 'num_leaves': 31, 'subsample': 0.8}",1.62677014895899,0.983550024057871,0.378724098205566
LightGBM,Enhanced,9,"{'colsample_bytree': 0.6, 'learning_rate': 0.05, 'max_depth': 3, 'min_child_samples': 100, 'n_estimators': 1000, 'num_leaves': 62, 'subsample': 0.6}",1.62677014644656,0.983550024108682,0.386833906173706
LightGBM,Enhanced,9,"{'colsample_bytree': 0.6, 'learning_rate': 0.05, 'max_depth': 3, 'min_child_samples': 100, 'n_estimators': 1000, 'num_leaves': 62, 'subsample': 0.8}",1.62677015092394,0.983550024018131,0.380555868148804
LightGBM,Enhanced,9,"{'colsample_bytree': 0.6, 'learning_rate': 0.05, 'max_depth': 5, 'min_child_samples': 50, 'n_estimators': 500, 'num_leaves': 15, 'subsample': 0.6}",1.60996060042875,0.983888225535761,0.353163242340088
LightGBM,Enhanced,9,"{'colsample_bytree': 0.6, 'learning_rate': 0.05, 'max_depth': 5, 'min_child_samples': 50, 'n_estimators': 500, 'num_leaves': 15, 'subsample': 0.8}",1.60997068061972,0.983888023778933,0.435939311981201
LightGBM,Enhanced,9,"{'colsample_bytree': 0.6, 'learning_rate': 0.05, 'max_depth': 5, 'min_child_samples': 50, 'n_estimators': 500, 'num_leaves': 31, 'subsample': 0.6}",1.65737783957247,0.982925187890764,0.250519990921021
LightGBM,Enhanced,9,"{'colsample_bytree': 0.6, 'learning_rate': 0.05, 'max_depth': 5, 'min_child_samples': 50, 'n_estimators': 500, 'num_leaves': 31, 'subsample': 0.8}",1.65738505370198,0.982925039246114,0.249547004699707
LightGBM,Enhanced,9,"{'colsample_bytree': 0.6, 'learning_rate': 0.05, 'max_depth': 5, 'min_child_samples': 50, 'n_estimators': 500, 'num_leaves': 62, 'subsample': 0.6}",1.65736815943778,0.982925387345582,0.244490623474121
LightGBM,Enhanced,9,"{'colsample_bytree': 0.6, 'learning_rate': 0.05, 'max_depth': 5, 'min_child_samples': 50, 'n_estimators': 500, 'num_leaves': 62, 'subsample': 0.8}",1.6573781270165,0.982925181968091,0.23690128326416
LightGBM,Enhanced,9,"{'colsample_bytree': 0.6, 'learning_rate': 0.05, 'max_depth': 5, 'min_child_samples': 50, 'n_estimators': 750, 'num_leaves': 15, 'subsample': 0.6}",1.56654504955727,0.984745476191602,0.425021171569824
LightGBM,Enhanced,9,"{'colsample_bytree': 0.6, 'learning_rate': 0.05, 'max_depth': 5, 'min_child_samples': 50, 'n_estimators': 750, 'num_leaves': 15, 'subsample': 0.8}",1.56650099225151,0.984746334211956,1.49076271057129
LightGBM,Enhanced,9,"{'colsample_bytree': 0.6, 'learning_rate': 0.05, 'max_depth': 5, 'min_child_samples': 50, 'n_estimators': 750, 'num_leaves': 31, 'subsample': 0.6}",1.65737009571017,0.982925347449654,0.719435453414917
LightGBM,Enhanced,9,"{'colsample_bytree': 0.6, 'learning_rate': 0.05, 'max_depth': 5, 'min_child_samples': 50, 'n_estimators': 750, 'num_leaves': 31, 'subsample': 0.8}",1.65738742540029,0.982924990377947,0.746564149856567
LightGBM,Enhanced,9,"{'colsample_bytree': 0.6, 'learning_rate': 0.05, 'max_depth': 5, 'min_child_samples': 50, 'n_estimators': 750, 'num_leaves': 62, 'subsample': 0.6}",1.65737615976061,0.982925222502614,0.835034847259522
LightGBM,Enhanced,9,"{'colsample_bytree': 0.6, 'learning_rate': 0.05, 'max_depth': 5, 'min_child_samples': 50, 'n_estimators': 750, 'num_leaves': 62, 'subsample': 0.8}",1.6573571336369,0.982925614525828,0.843075037002564
LightGBM,Enhanced,9,"{'colsample_bytree': 0.6, 'learning_rate': 0.05, 'max_depth': 5, 'min_child_samples': 50, 'n_estimators': 1000, 'num_leaves': 15, 'subsample': 0.6}",1.56652606788458,0.9847458458645,1.75365281105042
LightGBM,Enhanced,9,"{'colsample_bytree': 0.6, 'learning_rate': 0.05, 'max_depth': 5, 'min_child_samples': 50, 'n_estimators': 1000, 'num_leaves': 15, 'subsample': 0.8}",1.56650480391072,0.984746259980473,1.69502830505371
LightGBM,Enhanced,9,"{'colsample_bytree': 0.6, 'learning_rate': 0.05, 'max_depth': 5, 'min_child_samples': 50, 'n_estimators': 1000, 'num_leaves': 31, 'subsample': 0.6}",1.65735528645369,0.982925652585822,0.819597959518433
LightGBM,Enhanced,9,"{'colsample_bytree': 0.6, 'learning_rate': 0.05, 'max_depth': 5, 'min_child_samples': 50, 'n_estimators': 1000, 'num_leaves': 31, 'subsample': 0.8}",1.65734952751229,0.982925771244743,0.370582342147827
LightGBM,Enhanced,9,"{'colsample_bytree': 0.6, 'learning_rate': 0.05, 'max_depth': 5, 'min_child_samples': 50, 'n_estimators': 1000, 'num_leaves': 62, 'subsample': 0.6}",1.65737052810701,0.982925338540327,0.363799333572388
LightGBM,Enhanced,9,"{'colsample_bytree': 0.6, 'learning_rate': 0.05, 'max_depth': 5, 'min_child_samples': 50, 'n_estimators': 1000, 'num_leaves': 62, 'subsample': 0.8}",1.65734925981014,0.982925776760547,0.25777792930603
LightGBM,Enhanced,9,"{'colsample_bytree': 0.6, 'learning_rate': 0.05, 'max_depth': 5, 'min_child_samples': 100, 'n_estimators': 500, 'num_leaves': 15, 'subsample': 0.6}",1.66689282693526,0.982728572517895,0.287606477737427
LightGBM,Enhanced,9,"{'colsample_bytree': 0.6, 'learning_rate': 0.05, 'max_depth': 5, 'min_child_samples': 100, 'n_estimators': 500, 'num_leaves': 15, 'subsample': 0.8}",1.6668977605575,0.982728470278778,0.290912866592407
LightGBM,Enhanced,9,"{'colsample_bytree': 0.6, 'learning_rate': 0.05, 'max_depth': 5, 'min_child_samples': 100, 'n_estimators': 500, 'num_leaves': 31, 'subsample': 0.6}",1.6668928253048,0.982728572551682,0.286152839660645
LightGBM,Enhanced,9,"{'colsample_bytree': 0.6, 'learning_rate': 0.05, 'max_depth': 5, 'min_child_samples': 100, 'n_estimators': 500, 'num_leaves': 31, 'subsample': 0.8}",1.66689776091543,0.982728470271361,0.280102252960205
LightGBM,Enhanced,9,"{'colsample_bytree': 0.6, 'learning_rate': 0.05, 'max_depth': 5, 'min_child_samples': 100, 'n_estimators': 500, 'num_leaves': 62, 'subsample': 0.6}",1.66689282494465,0.982728572559146,0.301897048950195
LightGBM,Enhanced,9,"{'colsample_bytree': 0.6, 'learning_rate': 0.05, 'max_depth': 5, 'min_child_samples': 100, 'n_estimators': 500, 'num_leaves': 62, 'subsample': 0.8}",1.66689776201175,0.982728470248642,0.365638256072998
LightGBM,Enhanced,9,"{'colsample_bytree': 0.6, 'learning_rate': 0.05, 'max_depth': 5, 'min_child_samples': 100, 'n_estimators': 750, 'num_leaves': 15, 'subsample': 0.6}",1.63695729188498,0.983343353238941,0.39103627204895
LightGBM,Enhanced,9,"{'colsample_bytree': 0.6, 'learning_rate': 0.05, 'max_depth': 5, 'min_child_samples': 100, 'n_estimators': 750, 'num_leaves': 15, 'subsample': 0.8}",1.63695211927039,0.983343458505313,0.381942749023438
LightGBM,Enhanced,9,"{'colsample_bytree': 0.6, 'learning_rate': 0.05, 'max_depth': 5, 'min_child_samples': 100, 'n_estimators': 750, 'num_leaves': 31, 'subsample': 0.6}",1.63695211843462,0.983343458522321,0.370307207107544
LightGBM,Enhanced,9,"{'colsample_bytree': 0.6, 'learning_rate': 0.05, 'max_depth': 5, 'min_child_samples': 100, 'n_estimators': 750, 'num_leaves': 31, 'subsample': 0.8}",1.63695212150592,0.983343458459818,0.375155210494995
LightGBM,Enhanced,9,"{'colsample_bytree': 0.6, 'learning_rate': 0.05, 'max_depth': 5, 'min_child_samples': 100, 'n_estimators': 750, 'num_leaves': 62, 'subsample': 0.6}",1.63695211935167,0.983343458503659,0.420850992202759
LightGBM,Enhanced,9,"{'colsample_bytree': 0.6, 'learning_rate': 0.05, 'max_depth': 5, 'min_child_samples': 100, 'n_estimators': 750, 'num_leaves': 62, 'subsample': 0.8}",1.6369521210408,0.983343458469284,0.39635443687439
LightGBM,Enhanced,9,"{'colsample_bytree': 0.6, 'learning_rate': 0.05, 'max_depth': 5, 'min_child_samples': 100, 'n_estimators': 1000, 'num_leaves': 15, 'subsample': 0.6}",1.63695729340895,0.983343353207927,0.413881301879883
LightGBM,Enhanced,9,"{'colsample_bytree': 0.6, 'learning_rate': 0.05, 'max_depth': 5, 'min_child_samples': 100, 'n_estimators': 1000, 'num_leaves': 15, 'subsample': 0.8}",1.63695212062117,0.983343458477824,0.399376630783081
LightGBM,Enhanced,9,"{'colsample_bytree': 0.6, 'learning_rate': 0.05, 'max_depth': 5, 'min_child_samples': 100, 'n_estimators': 1000, 'num_leaves': 31, 'subsample': 0.6}",1.63695211996847,0.983343458491107,0.426580429077148
LightGBM,Enhanced,9,"{'colsample_bytree': 0.6, 'learning_rate': 0.05, 'max_depth': 5, 'min_child_samples': 100, 'n_estimators': 1000, 'num_leaves': 31, 'subsample': 0.8}",1.63695212164334,0.983343458457022,0.4243323802948
LightGBM,Enhanced,9,"{'colsample_bytree': 0.6, 'learning_rate': 0.05, 'max_depth': 5, 'min_child_samples': 100, 'n_estimators': 1000, 'num_leaves': 62, 'subsample': 0.6}",1.63695211983804,0.983343458493761,0.420088529586792
LightGBM,Enhanced,9,"{'colsample_bytree': 0.6, 'learning_rate': 0.05, 'max_depth': 5, 'min_child_samples': 100, 'n_estimators': 1000, 'num_leaves': 62, 'subsample': 0.8}",1.63694890288065,0.983343523960956,0.4443199634552
LightGBM,Enhanced,9,"{'colsample_bytree': 0.6, 'learning_rate': 0.05, 'max_depth': 9, 'min_child_samples': 50, 'n_estimators': 500, 'num_leaves': 15, 'subsample': 0.6}",1.59293348051335,0.984227223156031,0.445670604705811
LightGBM,Enhanced,9,"{'colsample_bytree': 0.6, 'learning_rate': 0.05, 'max_depth': 9, 'min_child_samples': 50, 'n_estimators': 500, 'num_leaves': 15, 'subsample': 0.8}",1.59293231952253,0.984227246147628,0.428454875946045
LightGBM,Enhanced,9,"{'colsample_bytree': 0.6, 'learning_rate': 0.05, 'max_depth': 9, 'min_child_samples': 50, 'n_estimators': 500, 'num_leaves': 31, 'subsample': 0.6}",1.54715690650051,0.985120730885253,0.503927230834961
LightGBM,Enhanced,9,"{'colsample_bytree': 0.6, 'learning_rate': 0.05, 'max_depth': 9, 'min_child_samples': 50, 'n_estimators': 500, 'num_leaves': 31, 'subsample': 0.8}",1.54716993073019,0.985120480371768,0.542874813079834
LightGBM,Enhanced,9,"{'colsample_bytree': 0.6, 'learning_rate': 0.05, 'max_depth': 9, 'min_child_samples': 50, 'n_estimators': 500, 'num_leaves': 62, 'subsample': 0.6}",1.57104345797311,0.984657742228715,0.556687831878662
LightGBM,Enhanced,9,"{'colsample_bytree': 0.6, 'learning_rate': 0.05, 'max_depth': 9, 'min_child_samples': 50, 'n_estimators': 500, 'num_leaves': 62, 'subsample': 0.8}",1.57103316391404,0.984657943284375,0.507564783096314
LightGBM,Enhanced,9,"{'colsample_bytree': 0.6, 'learning_rate': 0.05, 'max_depth': 9, 'min_child_samples': 50, 'n_estimators': 750, 'num_leaves': 15, 'subsample': 0.6}",1.59293278270569,0.984227236975016,0.442358732223511
LightGBM,Enhanced,9,"{'colsample_bytree': 0.6, 'learning_rate': 0.05, 'max_depth': 9, 'min_child_samples': 50, 'n_estimators': 750, 'num_leaves': 15, 'subsample': 0.8}",1.59293523637804,0.98422718838386,0.438555002212524
LightGBM,Enhanced,9,"{'colsample_bytree': 0.6, 'learning_rate': 0.05, 'max_depth': 9, 'min_child_samples': 50, 'n_estimators': 750, 'num_leaves': 31, 'subsample': 0.6}",1.54717615891719,0.985120360575468,0.543197870254517
LightGBM,Enhanced,9,"{'colsample_bytree': 0.6, 'learning_rate': 0.05, 'max_depth': 9, 'min_child_samples': 50, 'n_estimators': 750, 'num_leaves': 31, 'subsample': 0.8}",1.5471877696625,0.985120137246856,0.574387550354004
LightGBM,Enhanced,9,"{'colsample_bytree': 0.6, 'learning_rate': 0.05, 'max_depth': 9, 'min_child_samples': 50, 'n_estimators': 750, 'num_leaves': 62, 'subsample': 0.6}",1.57104291362756,0.984657752860487,0.542667388916016
LightGBM,Enhanced,9,"{'colsample_bytree': 0.6, 'learning_rate': 0.05, 'max_depth': 9, 'min_child_samples': 50, 'n_estimators': 750, 'num_leaves': 62, 'subsample': 0.8}",1.57103000143142,0.984658005051294,0.57428789138794
LightGBM,Enhanced,9,"{'colsample_bytree': 0.6, 'learning_rate': 0.05, 'max_depth': 9, 'min_child_samples': 50, 'n_estimators': 1000, 'num_leaves': 15, 'subsample': 0.6}",1.59293643568237,0.984227164633481,0.442548990249634
LightGBM,Enhanced,9,"{'colsample_bytree': 0.6, 'learning_rate': 0.05, 'max_depth': 9, 'min_child_samples': 50, 'n_estimators': 1000, 'num_leaves': 15, 'subsample': 0.8}",1.5929381871689,0.984227129947949,0.466980695724487
LightGBM,Enhanced,9,"{'colsample_bytree': 0.6, 'learning_rate': 0.05, 'max_depth': 9, 'min_child_samples': 50, 'n_estimators': 1000, 'num_leaves': 31, 'subsample': 0.6}",1.54717716945848,0.985120341138127,0.488507747650147
LightGBM,Enhanced,9,"{'colsample_bytree': 0.6, 'learning_rate': 0.05, 'max_depth': 9, 'min_child_samples': 50, 'n_estimators': 1000, 'num_leaves': 31, 'subsample': 0.8}",1.54717858013759,0.985120314004281,0.543390035629273
LightGBM,Enhanced,9,"{'colsample_bytree': 0.6, 'learning_rate': 0.05, 'max_depth': 9, 'min_child_samples': 50, 'n_estimators': 1000, 'num_leaves': 62, 'subsample': 0.6}",1.57103192635679,0.984657967455305,0.549454927444458
LightGBM,Enhanced,9,"{'colsample_bytree': 0.6, 'learning_rate': 0.05, 'max_depth': 9, 'min_child_samples': 50, 'n_estimators': 1000, 'num_leaves': 62, 'subsample': 0.8}",1.57103591669403,0.984657889519318,0.545130968093872
LightGBM,Enhanced,9,"{'colsample_bytree': 0.6, 'learning_rate': 0.05, 'max_depth': 9, 'min_child_samples': 100, 'n_estimators': 500, 'num_leaves': 15, 'subsample': 0.6}",1.65156874540116,0.983044672247959,0.454719305038452
LightGBM,Enhanced,9,"{'colsample_bytree': 0.6, 'learning_rate': 0.05, 'max_depth': 9, 'min_child_samples': 100, 'n_estimators': 500, 'num_leaves': 15, 'subsample': 0.8}",1.65154016611766,0.983045259043909,0.467462539672852
LightGBM,Enhanced,9,"{'colsample_bytree': 0.6, 'learning_rate': 0.05, 'max_depth': 9, 'min_child_samples': 100, 'n_estimators': 500, 'num_leaves': 31, 'subsample': 0.6}",1.67058659482832,0.982651942120696,0.524522542953491
LightGBM,Enhanced,9,"{'colsample_bytree': 0.6, 'learning_rate': 0.05, 'max_depth': 9, 'min_child_samples': 100, 'n_estimators': 500, 'num_leaves': 31, 'subsample': 0.8}",1.67057519809028,0.982652178816713,0.554697990417481
LightGBM,Enhanced,9,"{'colsample_bytree': 0.6, 'learning_rate': 0.05, 'max_depth': 9, 'min_child_samples': 100, 'n_estimators': 500, 'num_leaves': 62, 'subsample': 0.6}",1.67059048437252,0.98265186133935,0.519598007202148
LightGBM,Enhanced,9,"{'colsample_bytree': 0.6, 'learning_rate': 0.05, 'max_depth': 9, 'min_child_samples': 100, 'n_estimators': 500, 'num_leaves': 62, 'subsample': 0.8}",1.67060044462303,0.982651654475581,0.489331245422363
LightGBM,Enhanced,9,"{'colsample_bytree': 0.6, 'learning_rate': 0.05, 'max_depth': 9, 'min_child_samples': 100, 'n_estimators': 750, 'num_leaves': 15, 'subsample': 0.6}",1.63229924827595,0.983438013005555,0.630926370620728
LightGBM,Enhanced,9,"{'colsample_bytree': 0.6, 'learning_rate': 0.05, 'max_depth': 9, 'min_child_samples': 100, 'n_estimators': 750, 'num_leaves': 15, 'subsample': 0.8}",1.63231175614604,0.983437759184479,0.544415712356567
LightGBM,Enhanced,9,"{'colsample_bytree': 0.6, 'learning_rate': 0.05, 'max_depth': 9, 'min_child_samples': 100, 'n_estimators': 750, 'num_leaves': 31, 'subsample': 0.6}",1.63855518902777,0.98331081897716,0.601076602935791
LightGBM,Enhanced,9,"{'colsample_bytree': 0.6, 'learning_rate': 0.05, 'max_depth': 9, 'min_child_samples': 100, 'n_estimators': 750, 'num_leaves': 31, 'subsample': 0.8}",1.63852684680945,0.983311396320327,0.642997264862061
LightGBM,Enhanced,9,"{'colsample_bytree': 0.6, 'learning_rate': 0.05, 'max_depth': 9, 'min_child_samples': 100, 'n_estimators': 750, 'num_leaves': 62, 'subsample': 0.6}",1.6385531714217,0.983310860076993,0.738292694091797
LightGBM,Enhanced,9,"{'colsample_bytree': 0.6, 'learning_rate': 0.05, 'max_depth': 9, 'min_child_samples': 100, 'n_estimators': 750, 'num_leaves': 62, 'subsample': 0.8}",1.63851038814423,0.983311731585828,0.676770448684692
LightGBM,Enhanced,9,"{'colsample_bytree': 0.6, 'learning_rate': 0.05, 'max_depth': 9, 'min_child_samples': 100, 'n_estimators': 1000, 'num_leaves': 15, 'subsample': 0.6}",1.63230629620607,0.983437869982786,0.583744764328003
LightGBM,Enhanced,9,"{'colsample_bytree': 0.6, 'learning_rate': 0.05, 'max_depth': 9, 'min_child_samples': 100, 'n_estimators': 1000, 'num_leaves': 15, 'subsample': 0.8}",1.63231224968507,0.983437749169096,0.596443176269531
LightGBM,Enhanced,9,"{'colsample_bytree': 0.6, 'learning_rate': 0.05, 'max_depth': 9, 'min_child_samples': 100, 'n_estimators': 1000, 'num_leaves': 31, 'subsample': 0.6}",1.63854693606438,0.983310987094602,0.64214563369751
LightGBM,Enhanced,9,"{'colsample_bytree': 0.6, 'learning_rate': 0.05, 'max_depth': 9, 'min_child_samples': 100, 'n_estimators': 1000, 'num_leaves': 31, 'subsample': 0.8}",1.63854101043788,0.983311107802378,0.614298105239868
LightGBM,Enhanced,9,"{'colsample_bytree': 0.6, 'learning_rate': 0.05, 'max_depth': 9, 'min_child_samples': 100, 'n_estimators': 1000, 'num_leaves': 62, 'subsample': 0.6}",1.63854614919761,0.98331100312347,0.719314098358154
LightGBM,Enhanced,9,"{'colsample_bytree': 0.6, 'learning_rate': 0.05, 'max_depth': 9, 'min_child_samples': 100, 'n_estimators': 1000, 'num_leaves': 62, 'subsample': 0.8}",1.63855717887489,0.983310778442744,0.633416891098023
LightGBM,Enhanced,9,"{'colsample_bytree': 0.8, 'learning_rate': 0.01, 'max_depth': 3, 'min_child_samples': 50, 'n_estimators': 500, 'num_leaves': 15, 'subsample': 0.6}",1.85828096912854,0.978534765539898,0.250978231430054
LightGBM,Enhanced,9,"{'colsample_bytree': 0.8, 'learning_rate': 0.01, 'max_depth': 3, 'min_child_samples': 50, 'n_estimators': 500, 'num_leaves': 15, 'subsample': 0.8}",1.85828096914295,0.978534765539565,0.237875461578369
LightGBM,Enhanced,9,"{'colsample_bytree': 0.8, 'learning_rate': 0.01, 'max_depth': 3, 'min_child_samples': 50, 'n_estimators': 500, 'num_leaves': 31, 'subsample': 0.6}",1.85828096811551,0.978534765563301,0.244534492492676
LightGBM,Enhanced,9,"{'colsample_bytree': 0.8, 'learning_rate': 0.01, 'max_depth': 3, 'min_child_samples': 50, 'n_estimators': 500, 'num_leaves': 31, 'subsample': 0.8}",1.85828096787764,0.978534765568796,0.251366138458252
LightGBM,Enhanced,9,"{'colsample_bytree': 0.8, 'learning_rate': 0.01, 'max_depth': 3, 'min_child_samples': 50, 'n_estimators': 500, 'num_leaves': 62, 'subsample': 0.6}",1.85828096757075,0.978534765575886,0.28343939781189
LightGBM,Enhanced,9,"{'colsample_bytree': 0.8, 'learning_rate': 0.01, 'max_depth': 3, 'min_child_samples': 50, 'n_estimators': 500, 'num_leaves': 62, 'subsample': 0.8}",1.85828096910699,0.978534765540395,0.266607999801636
LightGBM,Enhanced,9,"{'colsample_bytree': 0.8, 'learning_rate': 0.01, 'max_depth': 3, 'min_child_samples': 50, 'n_estimators': 750, 'num_leaves': 15, 'subsample': 0.6}",1.70793404571612,0.981867609244399,0.328490018844605
LightGBM,Enhanced,9,"{'colsample_bytree': 0.8, 'learning_rate': 0.01, 'max_depth': 3, 'min_child_samples': 50, 'n_estimators': 750, 'num_leaves': 15, 'subsample': 0.8}",1.70793404276334,0.981867609307096,0.318108081817627
LightGBM,Enhanced,9,"{'colsample_bytree': 0.8, 'learning_rate': 0.01, 'max_depth': 3, 'min_child_samples': 50, 'n_estimators': 750, 'num_leaves': 31, 'subsample': 0.6}",1.70793404503562,0.981867609258848,0.333450078964233
LightGBM,Enhanced,9,"{'colsample_bytree': 0.8, 'learning_rate': 0.01, 'max_depth': 3, 'min_child_samples': 50, 'n_estimators': 750, 'num_leaves': 31, 'subsample': 0.8}",1.7079340454775,0.981867609249466,0.334971904754639
LightGBM,Enhanced,9,"{'colsample_bytree': 0.8, 'learning_rate': 0.01, 'max_depth': 3, 'min_child_samples': 50, 'n_estimators': 750, 'num_leaves': 62, 'subsample': 0.6}",1.70793404442779,0.981867609271755,0.363225221633911
LightGBM,Enhanced,9,"{'colsample_bytree': 0.8, 'learning_rate': 0.01, 'max_depth': 3, 'min_child_samples': 50, 'n_estimators': 750, 'num_leaves': 62, 'subsample': 0.8}",1.70793404443231,0.981867609271659,0.349746704101563
LightGBM,Enhanced,9,"{'colsample_bytree': 0.8, 'learning_rate': 0.01, 'max_depth': 3, 'min_child_samples': 50, 'n_estimators': 1000, 'num_leaves': 15, 'subsample': 0.6}",1.67669814292365,0.982524780290724,0.457763195037842
LightGBM,Enhanced,9,"{'colsample_bytree': 0.8, 'learning_rate': 0.01, 'max_depth': 3, 'min_child_samples': 50, 'n_estimators': 1000, 'num_leaves': 15, 'subsample': 0.8}",1.67669814327289,0.982524780283444,0.382710933685303
LightGBM,Enhanced,9,"{'colsample_bytree': 0.8, 'learning_rate': 0.01, 'max_depth': 3, 'min_child_samples': 50, 'n_estimators': 1000, 'num_leaves': 31, 'subsample': 0.6}",1.67669814115644,0.982524780327561,0.37883472442627
LightGBM,Enhanced,9,"{'colsample_bytree': 0.8, 'learning_rate': 0.01, 'max_depth': 3, 'min_child_samples': 50, 'n_estimators': 1000, 'num_leaves': 31, 'subsample': 0.8}",1.67669814303424,0.982524780288418,0.380028963088989
LightGBM,Enhanced,9,"{'colsample_bytree': 0.8, 'learning_rate': 0.01, 'max_depth': 3, 'min_child_samples': 50, 'n_estimators': 1000, 'num_leaves': 62, 'subsample': 0.6}",1.6766981438413,0.982524780271595,0.438557386398315
LightGBM,Enhanced,9,"{'colsample_bytree': 0.8, 'learning_rate': 0.01, 'max_depth': 3, 'min_child_samples': 50, 'n_estimators': 1000, 'num_leaves': 62, 'subsample': 0.8}",1.67669814315008,0.982524780286004,0.397395849227905
LightGBM,Enhanced,9,"{'colsample_bytree': 0.8, 'learning_rate': 0.01, 'max_depth': 3, 'min_child_samples': 100, 'n_estimators': 500, 'num_leaves': 15, 'subsample': 0.6}",2.21278959994777,0.969563611339847,0.241340637207031
LightGBM,Enhanced,9,"{'colsample_bytree': 0.8, 'learning_rate': 0.01, 'max_depth': 3, 'min_child_samples': 100, 'n_estimators': 500, 'num_leaves': 15, 'subsample': 0.8}",2.21278959949656,0.96956361135226,0.232961416244507
LightGBM,Enhanced,9,"{'colsample_bytree': 0.8, 'learning_rate': 0.01, 'max_depth': 3, 'min_child_samples': 100, 'n_estimators': 500, 'num_leaves': 31, 'subsample': 0.6}",2.21278960050607,0.969563611324488,0.235476016998291
LightGBM,Enhanced,9,"{'colsample_bytree': 0.8, 'learning_rate': 0.01, 'max_depth': 3, 'min_child_samples': 100, 'n_estimators': 500, 'num_leaves': 31, 'subsample': 0.8}",2.21278960064307,0.969563611320719,0.227858543395996
LightGBM,Enhanced,9,"{'colsample_bytree': 0.8, 'learning_rate': 0.01, 'max_depth': 3, 'min_child_samples': 100, 'n_estimators': 500, 'num_leaves': 62, 'subsample': 0.6}",2.21278960122864,0.969563611304611,0.287594079971314
LightGBM,Enhanced,9,"{'colsample_bytree': 0.8, 'learning_rate': 0.01, 'max_depth': 3, 'min_child_samples': 100, 'n_estimators': 500, 'num_leaves': 62, 'subsample': 0.8}",2.21278960007633,0.96956361133631,0.272531032562256
LightGBM,Enhanced,9,"{'colsample_bytree': 0.8, 'learning_rate': 0.01, 'max_depth': 3, 'min_child_samples': 100, 'n_estimators': 750, 'num_leaves': 15, 'subsample': 0.6}",2.04916978868258,0.973898301625335,0.332858324050903
LightGBM,Enhanced,9,"{'colsample_bytree': 0.8, 'learning_rate': 0.01, 'max_depth': 3, 'min_child_samples': 100, 'n_estimators': 750, 'num_leaves': 15, 'subsample': 0.8}",2.04916978946134,0.973898301605496,0.313129901885986
LightGBM,Enhanced,9,"{'colsample_bytree': 0.8, 'learning_rate': 0.01, 'max_depth': 3, 'min_child_samples': 100, 'n_estimators': 750, 'num_leaves': 31, 'subsample': 0.6}",2.04916978770182,0.97389830165032,0.325592279434204
LightGBM,Enhanced,9,"{'colsample_bytree': 0.8, 'learning_rate': 0.01, 'max_depth': 3, 'min_child_samples': 100, 'n_estimators': 750, 'num_leaves': 31, 'subsample': 0.8}",2.0491697883341,0.973898301634212,0.330857038497925
LightGBM,Enhanced,9,"{'colsample_bytree': 0.8, 'learning_rate': 0.01, 'max_depth': 3, 'min_child_samples': 100, 'n_estimators': 750, 'num_leaves': 62, 'subsample': 0.6}",2.04916978692336,0.973898301670152,0.319916009902954
LightGBM,Enhanced,9,"{'colsample_bytree': 0.8, 'learning_rate': 0.01, 'max_depth': 3, 'min_child_samples': 100, 'n_estimators': 750, 'num_leaves': 62, 'subsample': 0.8}",2.0491697879677,0.973898301643547,0.320115566253662
LightGBM,Enhanced,9,"{'colsample_bytree': 0.8, 'learning_rate': 0.01, 'max_depth': 3, 'min_child_samples': 100, 'n_estimators': 1000, 'num_leaves': 15, 'subsample': 0.6}",1.9667872191438,0.975954842125018,0.399366855621338
LightGBM,Enhanced,9,"{'colsample_bytree': 0.8, 'learning_rate': 0.01, 'max_depth': 3, 'min_child_samples': 100, 'n_estimators': 1000, 'num_leaves': 15, 'subsample': 0.8}",1.96678721882112,0.975954842132908,0.393967390060425
LightGBM,Enhanced,9,"{'colsample_bytree': 0.8, 'learning_rate': 0.01, 'max_depth': 3, 'min_child_samples': 100, 'n_estimators': 1000, 'num_leaves': 31, 'subsample': 0.6}",1.96678721942848,0.975954842118058,0.397330760955811
LightGBM,Enhanced,9,"{'colsample_bytree': 0.8, 'learning_rate': 0.01, 'max_depth': 3, 'min_child_samples': 100, 'n_estimators': 1000, 'num_leaves': 31, 'subsample': 0.8}",1.96678721902463,0.975954842127932,0.391291618347168
LightGBM,Enhanced,9,"{'colsample_bytree': 0.8, 'learning_rate': 0.01, 'max_depth': 3, 'min_child_samples': 100, 'n_estimators': 1000, 'num_leaves': 62, 'subsample': 0.6}",1.96678722027235,0.975954842097424,0.403794527053833
LightGBM,Enhanced,9,"{'colsample_bytree': 0.8, 'learning_rate': 0.01, 'max_depth': 3, 'min_child_samples': 100, 'n_estimators': 1000, 'num_leaves': 62, 'subsample': 0.8}",1.96678721978536,0.975954842109332,0.386417627334595
LightGBM,Enhanced,9,"{'colsample_bytree': 0.8, 'learning_rate': 0.01, 'max_depth': 5, 'min_child_samples': 50, 'n_estimators': 500, 'num_leaves': 15, 'subsample': 0.6}",1.83749104900394,0.979012372747078,0.390609741210938
LightGBM,Enhanced,9,"{'colsample_bytree': 0.8, 'learning_rate': 0.01, 'max_depth': 5, 'min_child_samples': 50, 'n_estimators': 500, 'num_leaves': 15, 'subsample': 0.8}",1.83754218604892,0.979011204567049,0.389283180236816
LightGBM,Enhanced,9,"{'colsample_bytree': 0.8, 'learning_rate': 0.01, 'max_depth': 5, 'min_child_samples': 50, 'n_estimators': 500, 'num_leaves': 31, 'subsample': 0.6}",1.83747039426709,0.979012844576839,0.396111965179443
LightGBM,Enhanced,9,"{'colsample_bytree': 0.8, 'learning_rate': 0.01, 'max_depth': 5, 'min_child_samples': 50, 'n_estimators': 500, 'num_leaves': 31, 'subsample': 0.8}",1.83744790417334,0.979013358326836,0.385733842849731
LightGBM,Enhanced,9,"{'colsample_bytree': 0.8, 'learning_rate': 0.01, 'max_depth': 5, 'min_child_samples': 50, 'n_estimators': 500, 'num_leaves': 62, 'subsample': 0.6}",1.83742614333987,0.979013855412069,0.389615297317505
LightGBM,Enhanced,9,"{'colsample_bytree': 0.8, 'learning_rate': 0.01, 'max_depth': 5, 'min_child_samples': 50, 'n_estimators': 500, 'num_leaves': 62, 'subsample': 0.8}",1.83740381720018,0.97901436540454,0.381761789321899
LightGBM,Enhanced,9,"{'colsample_bytree': 0.8, 'learning_rate': 0.01, 'max_depth': 5, 'min_child_samples': 50, 'n_estimators': 750, 'num_leaves': 15, 'subsample': 0.6}",1.68726942296544,0.982303729406906,0.469655275344849
LightGBM,Enhanced,9,"{'colsample_bytree': 0.8, 'learning_rate': 0.01, 'max_depth': 5, 'min_child_samples': 50, 'n_estimators': 750, 'num_leaves': 15, 'subsample': 0.8}",1.68722172610912,0.982304729892702,0.461333751678467
LightGBM,Enhanced,9,"{'colsample_bytree': 0.8, 'learning_rate': 0.01, 'max_depth': 5, 'min_child_samples': 50, 'n_estimators': 750, 'num_leaves': 31, 'subsample': 0.6}",1.68678766586103,0.982313833409114,0.463782548904419
LightGBM,Enhanced,9,"{'colsample_bytree': 0.8, 'learning_rate': 0.01, 'max_depth': 5, 'min_child_samples': 50, 'n_estimators': 750, 'num_leaves': 31, 'subsample': 0.8}",1.6867962865914,0.982313652629913,0.459022283554077
LightGBM,Enhanced,9,"{'colsample_bytree': 0.8, 'learning_rate': 0.01, 'max_depth': 5, 'min_child_samples': 50, 'n_estimators': 750, 'num_leaves': 62, 'subsample': 0.6}",1.68679574457388,0.982313663996204,0.460472822189331
LightGBM,Enhanced,9,"{'colsample_bytree': 0.8, 'learning_rate': 0.01, 'max_depth': 5, 'min_child_samples': 50, 'n_estimators': 750, 'num_leaves': 62, 'subsample': 0.8}",1.68678751492439,0.98231383657429,0.472312688827515
LightGBM,Enhanced,9,"{'colsample_bytree': 0.8, 'learning_rate': 0.01, 'max_depth': 5, 'min_child_samples': 50, 'n_estimators': 1000, 'num_leaves': 15, 'subsample': 0.6}",1.63639533403804,0.983354787534415,0.569289922714233
LightGBM,Enhanced,9,"{'colsample_bytree': 0.8, 'learning_rate': 0.01, 'max_depth': 5, 'min_child_samples': 50, 'n_estimators': 1000, 'num_leaves': 15, 'subsample': 0.8}",1.63638757226604,0.983354945437625,0.586342334747315
LightGBM,Enhanced,9,"{'colsample_bytree': 0.8, 'learning_rate': 0.01, 'max_depth': 5, 'min_child_samples': 50, 'n_estimators': 1000, 'num_leaves': 31, 'subsample': 0.6}",1.64114981755072,0.983257922975095,0.589731693267822
LightGBM,Enhanced,9,"{'colsample_bytree': 0.8, 'learning_rate': 0.01, 'max_depth': 5, 'min_child_samples': 50, 'n_estimators': 1000, 'num_leaves': 31, 'subsample': 0.8}",1.64118938854053,0.983257115603898,0.590248584747315
LightGBM,Enhanced,9,"{'colsample_bytree': 0.8, 'learning_rate': 0.01, 'max_depth': 5, 'min_child_samples': 50, 'n_estimators': 1000, 'num_leaves': 62, 'subsample': 0.6}",1.64114957238376,0.983257927977203,0.584601879119873
LightGBM,Enhanced,9,"{'colsample_bytree': 0.8, 'learning_rate': 0.01, 'max_depth': 5, 'min_child_samples': 50, 'n_estimators': 1000, 'num_leaves': 62, 'subsample': 0.8}",1.64108436804979,0.983259258305635,0.584703922271729
LightGBM,Enhanced,9,"{'colsample_bytree': 0.8, 'learning_rate': 0.01, 'max_depth': 5, 'min_child_samples': 100, 'n_estimators': 500, 'num_leaves': 15, 'subsample': 0.6}",2.18750215251333,0.970255281983562,0.335790395736694
LightGBM,Enhanced,9,"{'colsample_bytree': 0.8, 'learning_rate': 0.01, 'max_depth': 5, 'min_child_samples': 100, 'n_estimators': 500, 'num_leaves': 15, 'subsample': 0.8}",2.18750215389342,0.970255281946031,0.345364809036255
LightGBM,Enhanced,9,"{'colsample_bytree': 0.8, 'learning_rate': 0.01, 'max_depth': 5, 'min_child_samples': 100, 'n_estimators': 500, 'num_leaves': 31, 'subsample': 0.6}",2.19137504974293,0.970149864749459,0.339625835418701
LightGBM,Enhanced,9,"{'colsample_bytree': 0.8, 'learning_rate': 0.01, 'max_depth': 5, 'min_child_samples': 100, 'n_estimators': 500, 'num_leaves': 31, 'subsample': 0.8}",2.19137504957468,0.970149864754043,0.332535266876221
LightGBM,Enhanced,9,"{'colsample_bytree': 0.8, 'learning_rate': 0.01, 'max_depth': 5, 'min_child_samples': 100, 'n_estimators': 500, 'num_leaves': 62, 'subsample': 0.6}",2.19137504857019,0.970149864781409,0.332992315292358
LightGBM,Enhanced,9,"{'colsample_bytree': 0.8, 'learning_rate': 0.01, 'max_depth': 5, 'min_child_samples': 100, 'n_estimators': 500, 'num_leaves': 62, 'subsample': 0.8}",2.19137504738315,0.970149864813748,0.340168714523315
LightGBM,Enhanced,9,"{'colsample_bytree': 0.8, 'learning_rate': 0.01, 'max_depth': 5, 'min_child_samples': 100, 'n_estimators': 750, 'num_leaves': 15, 'subsample': 0.6}",2.02031336320047,0.974628254235344,0.432944536209106
LightGBM,Enhanced,9,"{'colsample_bytree': 0.8, 'learning_rate': 0.01, 'max_depth': 5, 'min_child_samples': 100, 'n_estimators': 750, 'num_leaves': 15, 'subsample': 0.8}",2.02031336395372,0.974628254216425,0.433095216751099
LightGBM,Enhanced,9,"{'colsample_bytree': 0.8, 'learning_rate': 0.01, 'max_depth': 5, 'min_child_samples': 100, 'n_estimators': 750, 'num_leaves': 31, 'subsample': 0.6}",2.02195008264575,0.974587128683888,0.435359716415405
LightGBM,Enhanced,9,"{'colsample_bytree': 0.8, 'learning_rate': 0.01, 'max_depth': 5, 'min_child_samples': 100, 'n_estimators': 750, 'num_leaves': 31, 'subsample': 0.8}",2.02195008161285,0.974587128709852,0.42912220954895
LightGBM,Enhanced,9,"{'colsample_bytree': 0.8, 'learning_rate': 0.01, 'max_depth': 5, 'min_child_samples': 100, 'n_estimators': 750, 'num_leaves': 62, 'subsample': 0.6}",2.02195008282851,0.974587128679294,0.437165498733521
LightGBM,Enhanced,9,"{'colsample_bytree': 0.8, 'learning_rate': 0.01, 'max_depth': 5, 'min_child_samples': 100, 'n_estimators': 750, 'num_leaves': 62, 'subsample': 0.8}",2.02195008058488,0.974587128735692,0.434486389160156
LightGBM,Enhanced,9,"{'colsample_bytree': 0.8, 'learning_rate': 0.01, 'max_depth': 5, 'min_child_samples': 100, 'n_estimators': 1000, 'num_leaves': 15, 'subsample': 0.6}",1.92656637172081,0.976928234505583,0.524885177612305
LightGBM,Enhanced,9,"{'colsample_bytree': 0.8, 'learning_rate': 0.01, 'max_depth': 5, 'min_child_samples': 100, 'n_estimators': 1000, 'num_leaves': 15, 'subsample': 0.8}",1.92656223849305,0.976928333501144,0.523082971572876
LightGBM,Enhanced,9,"{'colsample_bytree': 0.8, 'learning_rate': 0.01, 'max_depth': 5, 'min_child_samples': 100, 'n_estimators': 1000, 'num_leaves': 31, 'subsample': 0.6}",1.92798585192384,0.976894223760041,0.537943840026856
LightGBM,Enhanced,9,"{'colsample_bytree': 0.8, 'learning_rate': 0.01, 'max_depth': 5, 'min_child_samples': 100, 'n_estimators': 1000, 'num_leaves': 31, 'subsample': 0.8}",1.92798585129889,0.976894223775021,0.539401531219482
LightGBM,Enhanced,9,"{'colsample_bytree': 0.8, 'learning_rate': 0.01, 'max_depth': 5, 'min_child_samples': 100, 'n_estimators': 1000, 'num_leaves': 62, 'subsample': 0.6}",1.92798655976629,0.976894206793888,0.543681383132935
LightGBM,Enhanced,9,"{'colsample_bytree': 0.8, 'learning_rate': 0.01, 'max_depth': 5, 'min_child_samples': 100, 'n_estimators': 1000, 'num_leaves': 62, 'subsample': 0.8}",1.92798696198786,0.976894197153105,0.52047324180603
LightGBM,Enhanced,9,"{'colsample_bytree': 0.8, 'learning_rate': 0.01, 'max_depth': 9, 'min_child_samples': 50, 'n_estimators': 500, 'num_leaves': 15, 'subsample': 0.6}",1.83629874426418,0.979039600666185,0.503937721252441
LightGBM,Enhanced,9,"{'colsample_bytree': 0.8, 'learning_rate': 0.01, 'max_depth': 9, 'min_child_samples': 50, 'n_estimators': 500, 'num_leaves': 15, 'subsample': 0.8}",1.83627360233669,0.979040174626424,0.507421255111694
LightGBM,Enhanced,9,"{'colsample_bytree': 0.8, 'learning_rate': 0.01, 'max_depth': 9, 'min_child_samples': 50, 'n_estimators': 500, 'num_leaves': 31, 'subsample': 0.6}",1.831922346516,0.979139390239922,0.706356763839722
LightGBM,Enhanced,9,"{'colsample_bytree': 0.8, 'learning_rate': 0.01, 'max_depth': 9, 'min_child_samples': 50, 'n_estimators': 500, 'num_leaves': 31, 'subsample': 0.8}",1.83105268346309,0.979159191729244,0.694033622741699
LightGBM,Enhanced,9,"{'colsample_bytree': 0.8, 'learning_rate': 0.01, 'max_depth': 9, 'min_child_samples': 50, 'n_estimators': 500, 'num_leaves': 62, 'subsample': 0.6}",1.83533626579432,0.979061567294605,0.818130493164063
LightGBM,Enhanced,9,"{'colsample_bytree': 0.8, 'learning_rate': 0.01, 'max_depth': 9, 'min_child_samples': 50, 'n_estimators': 500, 'num_leaves': 62, 'subsample': 0.8}",1.83535707191134,0.979061092558767,0.797226905822754
LightGBM,Enhanced,9,"{'colsample_bytree': 0.8, 'learning_rate': 0.01, 'max_depth': 9, 'min_child_samples': 50, 'n_estimators': 750, 'num_leaves': 15, 'subsample': 0.6}",1.67620016865413,0.982535158923921,0.654927968978882
LightGBM,Enhanced,9,"{'colsample_bytree': 0.8, 'learning_rate': 0.01, 'max_depth': 9, 'min_child_samples': 50, 'n_estimators': 750, 'num_leaves': 15, 'subsample': 0.8}",1.67620616353377,0.982535033998737,0.754531621932983
LightGBM,Enhanced,9,"{'colsample_bytree': 0.8, 'learning_rate': 0.01, 'max_depth': 9, 'min_child_samples': 50, 'n_estimators': 750, 'num_leaves': 31, 'subsample': 0.6}",1.67129970770291,0.982637128445244,0.951873064041138
LightGBM,Enhanced,9,"{'colsample_bytree': 0.8, 'learning_rate': 0.01, 'max_depth': 9, 'min_child_samples': 50, 'n_estimators': 750, 'num_leaves': 31, 'subsample': 0.8}",1.67130085340533,0.982637104640189,0.83282995223999
LightGBM,Enhanced,9,"{'colsample_bytree': 0.8, 'learning_rate': 0.01, 'max_depth': 9, 'min_child_samples': 50, 'n_estimators': 750, 'num_leaves': 62, 'subsample': 0.6}",1.67219256738407,0.982618571930367,0.962095737457275
LightGBM,Enhanced,9,"{'colsample_bytree': 0.8, 'learning_rate': 0.01, 'max_depth': 9, 'min_child_samples': 50, 'n_estimators': 750, 'num_leaves': 62, 'subsample': 0.8}",1.67218348183665,0.982618760807369,0.961745262145996
LightGBM,Enhanced,9,"{'colsample_bytree': 0.8, 'learning_rate': 0.01, 'max_depth': 9, 'min_child_samples': 50, 'n_estimators': 1000, 'num_leaves': 15, 'subsample': 0.6}",1.63323897287594,0.983418937843105,0.777504444122315
LightGBM,Enhanced,9,"{'colsample_bytree': 0.8, 'learning_rate': 0.01, 'max_depth': 9, 'min_child_samples': 50, 'n_estimators': 1000, 'num_leaves': 15, 'subsample': 0.8}",1.63323939245207,0.983418929323815,0.798357009887695
LightGBM,Enhanced,9,"{'colsample_bytree': 0.8, 'learning_rate': 0.01, 'max_depth': 9, 'min_child_samples': 50, 'n_estimators': 1000, 'num_leaves': 31, 'subsample': 0.6}",1.62629895320706,0.983559552184782,1.03595924377441
LightGBM,Enhanced,9,"{'colsample_bytree': 0.8, 'learning_rate': 0.01, 'max_depth': 9, 'min_child_samples': 50, 'n_estimators': 1000, 'num_leaves': 31, 'subsample': 0.8}",1.62628349355616,0.983559864750163,1.05538129806519
LightGBM,Enhanced,9,"{'colsample_bytree': 0.8, 'learning_rate': 0.01, 'max_depth': 9, 'min_child_samples': 50, 'n_estimators': 1000, 'num_leaves': 62, 'subsample': 0.6}",1.62474413203818,0.983590972898667,1.09304571151733
LightGBM,Enhanced,9,"{'colsample_bytree': 0.8, 'learning_rate': 0.01, 'max_depth': 9, 'min_child_samples': 50, 'n_estimators': 1000, 'num_leaves': 62, 'subsample': 0.8}",1.62474960340753,0.983590862382805,1.25102591514587
LightGBM,Enhanced,9,"{'colsample_bytree': 0.8, 'learning_rate': 0.01, 'max_depth': 9, 'min_child_samples': 100, 'n_estimators': 500, 'num_leaves': 15, 'subsample': 0.6}",2.1883177775869,0.970233096807062,0.537813901901245
LightGBM,Enhanced,9,"{'colsample_bytree': 0.8, 'learning_rate': 0.01, 'max_depth': 9, 'min_child_samples': 100, 'n_estimators': 500, 'num_leaves': 15, 'subsample': 0.8}",2.18827829802759,0.970234170849993,0.545441627502441
LightGBM,Enhanced,9,"{'colsample_bytree': 0.8, 'learning_rate': 0.01, 'max_depth': 9, 'min_child_samples': 100, 'n_estimators': 500, 'num_leaves': 31, 'subsample': 0.6}",2.17937143737236,0.970475987020239,0.782748937606812
LightGBM,Enhanced,9,"{'colsample_bytree': 0.8, 'learning_rate': 0.01, 'max_depth': 9, 'min_child_samples': 100, 'n_estimators': 500, 'num_leaves': 31, 'subsample': 0.8}",2.17937071834616,0.970476006501577,0.686793088912964
LightGBM,Enhanced,9,"{'colsample_bytree': 0.8, 'learning_rate': 0.01, 'max_depth': 9, 'min_child_samples': 100, 'n_estimators': 500, 'num_leaves': 62, 'subsample': 0.6}",2.17937092809907,0.97047600081852,0.659332513809204
LightGBM,Enhanced,9,"{'colsample_bytree': 0.8, 'learning_rate': 0.01, 'max_depth': 9, 'min_child_samples': 100, 'n_estimators': 500, 'num_leaves': 62, 'subsample': 0.8}",2.17937368531483,0.970475926114314,0.618569374084473
LightGBM,Enhanced,9,"{'colsample_bytree': 0.8, 'learning_rate': 0.01, 'max_depth': 9, 'min_child_samples': 100, 'n_estimators': 750, 'num_leaves': 15, 'subsample': 0.6}",2.02122152520994,0.974605439126731,0.748587608337402
LightGBM,Enhanced,9,"{'colsample_bytree': 0.8, 'learning_rate': 0.01, 'max_depth': 9, 'min_child_samples': 100, 'n_estimators': 750, 'num_leaves': 15, 'subsample': 0.8}",2.02122058959289,0.974605462636849,0.883663177490234
LightGBM,Enhanced,9,"{'colsample_bytree': 0.8, 'learning_rate': 0.01, 'max_depth': 9, 'min_child_samples': 100, 'n_estimators': 750, 'num_leaves': 31, 'subsample': 0.6}",2.02173301985392,0.974592584696629,0.86746072769165
LightGBM,Enhanced,9,"{'colsample_bytree': 0.8, 'learning_rate': 0.01, 'max_depth': 9, 'min_child_samples': 100, 'n_estimators': 750, 'num_leaves': 31, 'subsample': 0.8}",2.02171979286137,0.974592917146651,0.905933856964111
LightGBM,Enhanced,9,"{'colsample_bytree': 0.8, 'learning_rate': 0.01, 'max_depth': 9, 'min_child_samples': 100, 'n_estimators': 750, 'num_leaves': 62, 'subsample': 0.6}",2.02171501719597,0.974593037178698,0.936030149459839
LightGBM,Enhanced,9,"{'colsample_bytree': 0.8, 'learning_rate': 0.01, 'max_depth': 9, 'min_child_samples': 100, 'n_estimators': 750, 'num_leaves': 62, 'subsample': 0.8}",2.02172762771982,0.974592720223928,1.10113573074341
LightGBM,Enhanced,9,"{'colsample_bytree': 0.8, 'learning_rate': 0.01, 'max_depth': 9, 'min_child_samples': 100, 'n_estimators': 1000, 'num_leaves': 15, 'subsample': 0.6}",1.92991962387956,0.976847850276791,1.15882754325867
LightGBM,Enhanced,9,"{'colsample_bytree': 0.8, 'learning_rate': 0.01, 'max_depth': 9, 'min_child_samples': 100, 'n_estimators': 1000, 'num_leaves': 15, 'subsample': 0.8}",1.92987376995656,0.976848950430668,1.02122926712036
LightGBM,Enhanced,9,"{'colsample_bytree': 0.8, 'learning_rate': 0.01, 'max_depth': 9, 'min_child_samples': 100, 'n_estimators': 1000, 'num_leaves': 31, 'subsample': 0.6}",1.93130391723423,0.97681462520275,1.09650182723999
LightGBM,Enhanced,9,"{'colsample_bytree': 0.8, 'learning_rate': 0.01, 'max_depth': 9, 'min_child_samples': 100, 'n_estimators': 1000, 'num_leaves': 31, 'subsample': 0.8}",1.93130099293819,0.97681469541526,1.15099000930786
LightGBM,Enhanced,9,"{'colsample_bytree': 0.8, 'learning_rate': 0.01, 'max_depth': 9, 'min_child_samples': 100, 'n_estimators': 1000, 'num_leaves': 62, 'subsample': 0.6}",1.93130579102255,0.976814580212932,1.12049126625061
LightGBM,Enhanced,9,"{'colsample_bytree': 0.8, 'learning_rate': 0.01, 'max_depth': 9, 'min_child_samples': 100, 'n_estimators': 1000, 'num_leaves': 62, 'subsample': 0.8}",1.93130294357597,0.976814648580351,1.02403974533081
LightGBM,Enhanced,9,"{'colsample_bytree': 0.8, 'learning_rate': 0.05, 'max_depth': 3, 'min_child_samples': 50, 'n_estimators': 500, 'num_leaves': 15, 'subsample': 0.6}",1.66410402256043,0.98278631629004,0.17998218536377
LightGBM,Enhanced,9,"{'colsample_bytree': 0.8, 'learning_rate': 0.05, 'max_depth': 3, 'min_child_samples': 50, 'n_estimators': 500, 'num_leaves': 15, 'subsample': 0.8}",1.66410402178755,0.982786316306029,0.178052663803101
LightGBM,Enhanced,9,"{'colsample_bytree': 0.8, 'learning_rate': 0.05, 'max_depth': 3, 'min_child_samples': 50, 'n_estimators': 500, 'num_leaves': 31, 'subsample': 0.6}",1.66410401908971,0.982786316361843,0.201152086257935
LightGBM,Enhanced,9,"{'colsample_bytree': 0.8, 'learning_rate': 0.05, 'max_depth': 3, 'min_child_samples': 50, 'n_estimators': 500, 'num_leaves': 31, 'subsample': 0.8}",1.66410401695102,0.982786316406089,0.204251527786255
LightGBM,Enhanced,9,"{'colsample_bytree': 0.8, 'learning_rate': 0.05, 'max_depth': 3, 'min_child_samples': 50, 'n_estimators': 500, 'num_leaves': 62, 'subsample': 0.6}",1.66410402139644,0.982786316314121,0.212727546691895
LightGBM,Enhanced,9,"{'colsample_bytree': 0.8, 'learning_rate': 0.05, 'max_depth': 3, 'min_child_samples': 50, 'n_estimators': 500, 'num_leaves': 62, 'subsample': 0.8}",1.66410402097599,0.982786316322819,0.200486660003662
LightGBM,Enhanced,9,"{'colsample_bytree': 0.8, 'learning_rate': 0.05, 'max_depth': 3, 'min_child_samples': 50, 'n_estimators': 750, 'num_leaves': 15, 'subsample': 0.6}",1.66410402166543,0.982786316308556,0.20220160484314
LightGBM,Enhanced,9,"{'colsample_bytree': 0.8, 'learning_rate': 0.05, 'max_depth': 3, 'min_child_samples': 50, 'n_estimators': 750, 'num_leaves': 15, 'subsample': 0.8}",1.66410401979737,0.982786316347203,0.184064149856567
LightGBM,Enhanced,9,"{'colsample_bytree': 0.8, 'learning_rate': 0.05, 'max_depth': 3, 'min_child_samples': 50, 'n_estimators': 750, 'num_leaves': 31, 'subsample': 0.6}",1.66410401962861,0.982786316350694,0.2115797996521
LightGBM,Enhanced,9,"{'colsample_bytree': 0.8, 'learning_rate': 0.05, 'max_depth': 3, 'min_child_samples': 50, 'n_estimators': 750, 'num_leaves': 31, 'subsample': 0.8}",1.66410402082235,0.982786316325998,0.225049018859863
LightGBM,Enhanced,9,"{'colsample_bytree': 0.8, 'learning_rate': 0.05, 'max_depth': 3, 'min_child_samples': 50, 'n_estimators': 750, 'num_leaves': 62, 'subsample': 0.6}",1.66410401962182,0.982786316350835,0.231798648834229
LightGBM,Enhanced,9,"{'colsample_bytree': 0.8, 'learning_rate': 0.05, 'max_depth': 3, 'min_child_samples': 50, 'n_estimators': 750, 'num_leaves': 62, 'subsample': 0.8}",1.66410401624648,0.982786316420664,0.220265865325928
LightGBM,Enhanced,9,"{'colsample_bytree': 0.8, 'learning_rate': 0.05, 'max_depth': 3, 'min_child_samples': 50, 'n_estimators': 1000, 'num_leaves': 15, 'subsample': 0.6}",1.6641040182334,0.982786316379559,0.192453622817993
LightGBM,Enhanced,9,"{'colsample_bytree': 0.8, 'learning_rate': 0.05, 'max_depth': 3, 'min_child_samples': 50, 'n_estimators': 1000, 'num_leaves': 15, 'subsample': 0.8}",1.66410401570442,0.982786316431879,0.18815279006958
LightGBM,Enhanced,9,"{'colsample_bytree': 0.8, 'learning_rate': 0.05, 'max_depth': 3, 'min_child_samples': 50, 'n_estimators': 1000, 'num_leaves': 31, 'subsample': 0.6}",1.66410401807495,0.982786316382837,0.174790859222412
LightGBM,Enhanced,9,"{'colsample_bytree': 0.8, 'learning_rate': 0.05, 'max_depth': 3, 'min_child_samples': 50, 'n_estimators': 1000, 'num_leaves': 31, 'subsample': 0.8}",1.66410401983891,0.982786316346343,0.186324834823608
LightGBM,Enhanced,9,"{'colsample_bytree': 0.8, 'learning_rate': 0.05, 'max_depth': 3, 'min_child_samples': 50, 'n_estimators': 1000, 'num_leaves': 62, 'subsample': 0.6}",1.66410401866344,0.982786316370662,0.178561449050903
LightGBM,Enhanced,9,"{'colsample_bytree': 0.8, 'learning_rate': 0.05, 'max_depth': 3, 'min_child_samples': 50, 'n_estimators': 1000, 'num_leaves': 62, 'subsample': 0.8}",1.66410402159059,0.982786316310104,0.23049259185791
LightGBM,Enhanced,9,"{'colsample_bytree': 0.8, 'learning_rate': 0.05, 'max_depth': 3, 'min_child_samples': 100, 'n_estimators': 500, 'num_leaves': 15, 'subsample': 0.6}",1.67938926572738,0.982468639353596,0.269197225570679
LightGBM,Enhanced,9,"{'colsample_bytree': 0.8, 'learning_rate': 0.05, 'max_depth': 3, 'min_child_samples': 100, 'n_estimators': 500, 'num_leaves': 15, 'subsample': 0.8}",1.67938926407008,0.982468639388197,0.25822639465332
LightGBM,Enhanced,9,"{'colsample_bytree': 0.8, 'learning_rate': 0.05, 'max_depth': 3, 'min_child_samples': 100, 'n_estimators': 500, 'num_leaves': 31, 'subsample': 0.6}",1.67938926481424,0.982468639372661,0.326805591583252
LightGBM,Enhanced,9,"{'colsample_bytree': 0.8, 'learning_rate': 0.05, 'max_depth': 3, 'min_child_samples': 100, 'n_estimators': 500, 'num_leaves': 31, 'subsample': 0.8}",1.67938926529168,0.982468639362693,0.239553689956665
LightGBM,Enhanced,9,"{'colsample_bytree': 0.8, 'learning_rate': 0.05, 'max_depth': 3, 'min_child_samples': 100, 'n_estimators': 500, 'num_leaves': 62, 'subsample': 0.6}",1.67938926461298,0.982468639376863,0.242366075515747
LightGBM,Enhanced,9,"{'colsample_bytree': 0.8, 'learning_rate': 0.05, 'max_depth': 3, 'min_child_samples': 100, 'n_estimators': 500, 'num_leaves': 62, 'subsample': 0.8}",1.67938926501702,0.982468639368427,0.25185751914978
LightGBM,Enhanced,9,"{'colsample_bytree': 0.8, 'learning_rate': 0.05, 'max_depth': 3, 'min_child_samples': 100, 'n_estimators': 750, 'num_leaves': 15, 'subsample': 0.6}",1.63270428279626,0.983429792688429,0.342882394790649
LightGBM,Enhanced,9,"{'colsample_bytree': 0.8, 'learning_rate': 0.05, 'max_depth': 3, 'min_child_samples': 100, 'n_estimators': 750, 'num_leaves': 15, 'subsample': 0.8}",1.63270428078691,0.983429792729215,0.314850330352783
LightGBM,Enhanced,9,"{'colsample_bytree': 0.8, 'learning_rate': 0.05, 'max_depth': 3, 'min_child_samples': 100, 'n_estimators': 750, 'num_leaves': 31, 'subsample': 0.6}",1.63270428260776,0.983429792692255,0.330956935882568
LightGBM,Enhanced,9,"{'colsample_bytree': 0.8, 'learning_rate': 0.05, 'max_depth': 3, 'min_child_samples': 100, 'n_estimators': 750, 'num_leaves': 31, 'subsample': 0.8}",1.6327042814925,0.983429792714893,0.397448539733887
LightGBM,Enhanced,9,"{'colsample_bytree': 0.8, 'learning_rate': 0.05, 'max_depth': 3, 'min_child_samples': 100, 'n_estimators': 750, 'num_leaves': 62, 'subsample': 0.6}",1.63270428069618,0.983429792731056,0.356865167617798
LightGBM,Enhanced,9,"{'colsample_bytree': 0.8, 'learning_rate': 0.05, 'max_depth': 3, 'min_child_samples': 100, 'n_estimators': 750, 'num_leaves': 62, 'subsample': 0.8}",1.6327042820007,0.983429792704577,0.314737796783447
LightGBM,Enhanced,9,"{'colsample_bytree': 0.8, 'learning_rate': 0.05, 'max_depth': 3, 'min_child_samples': 100, 'n_estimators': 1000, 'num_leaves': 15, 'subsample': 0.6}",1.60535192768234,0.983980336629982,0.379954814910889
LightGBM,Enhanced,9,"{'colsample_bytree': 0.8, 'learning_rate': 0.05, 'max_depth': 3, 'min_child_samples': 100, 'n_estimators': 1000, 'num_leaves': 15, 'subsample': 0.8}",1.60535372000286,0.983980300859149,0.386466264724731
LightGBM,Enhanced,9,"{'colsample_bytree': 0.8, 'learning_rate': 0.05, 'max_depth': 3, 'min_child_samples': 100, 'n_estimators': 1000, 'num_leaves': 31, 'subsample': 0.6}",1.60535192729185,0.983980336637775,0.464948654174805
LightGBM,Enhanced,9,"{'colsample_bytree': 0.8, 'learning_rate': 0.05, 'max_depth': 3, 'min_child_samples': 100, 'n_estimators': 1000, 'num_leaves': 31, 'subsample': 0.8}",1.60535372056513,0.983980300847928,0.434300422668457
LightGBM,Enhanced,9,"{'colsample_bytree': 0.8, 'learning_rate': 0.05, 'max_depth': 3, 'min_child_samples': 100, 'n_estimators': 1000, 'num_leaves': 62, 'subsample': 0.6}",1.60535192729418,0.983980336637729,0.400925636291504
LightGBM,Enhanced,9,"{'colsample_bytree': 0.8, 'learning_rate': 0.05, 'max_depth': 3, 'min_child_samples': 100, 'n_estimators': 1000, 'num_leaves': 62, 'subsample': 0.8}",1.60535192753175,0.983980336632987,0.401018142700195
LightGBM,Enhanced,9,"{'colsample_bytree': 0.8, 'learning_rate': 0.05, 'max_depth': 5, 'min_child_samples': 50, 'n_estimators': 500, 'num_leaves': 15, 'subsample': 0.6}",1.60078656781909,0.984071321708253,0.253663063049316
LightGBM,Enhanced,9,"{'colsample_bytree': 0.8, 'learning_rate': 0.05, 'max_depth': 5, 'min_child_samples': 50, 'n_estimators': 500, 'num_leaves': 15, 'subsample': 0.8}",1.60078656644137,0.984071321735672,0.241376876831055
LightGBM,Enhanced,9,"{'colsample_bytree': 0.8, 'learning_rate': 0.05, 'max_depth': 5, 'min_child_samples': 50, 'n_estimators': 500, 'num_leaves': 31, 'subsample': 0.6}",1.59786459677255,0.984129418970331,0.273355484008789
LightGBM,Enhanced,9,"{'colsample_bytree': 0.8, 'learning_rate': 0.05, 'max_depth': 5, 'min_child_samples': 50, 'n_estimators': 500, 'num_leaves': 31, 'subsample': 0.8}",1.59786459459061,0.984129419013674,0.269041538238525
LightGBM,Enhanced,9,"{'colsample_bytree': 0.8, 'learning_rate': 0.05, 'max_depth': 5, 'min_child_samples': 50, 'n_estimators': 500, 'num_leaves': 62, 'subsample': 0.6}",1.59786460256653,0.984129418855235,0.274563312530518
LightGBM,Enhanced,9,"{'colsample_bytree': 0.8, 'learning_rate': 0.05, 'max_depth': 5, 'min_child_samples': 50, 'n_estimators': 500, 'num_leaves': 62, 'subsample': 0.8}",1.59786459580004,0.984129418989649,0.261419534683228
LightGBM,Enhanced,9,"{'colsample_bytree': 0.8, 'learning_rate': 0.05, 'max_depth': 5, 'min_child_samples': 50, 'n_estimators': 750, 'num_leaves': 15, 'subsample': 0.6}",1.60103528043387,0.984066371677978,0.254874467849731
LightGBM,Enhanced,9,"{'colsample_bytree': 0.8, 'learning_rate': 0.05, 'max_depth': 5, 'min_child_samples': 50, 'n_estimators': 750, 'num_leaves': 15, 'subsample': 0.8}",1.60078656497001,0.984071321764953,0.251371383666992
LightGBM,Enhanced,9,"{'colsample_bytree': 0.8, 'learning_rate': 0.05, 'max_depth': 5, 'min_child_samples': 50, 'n_estimators': 750, 'num_leaves': 31, 'subsample': 0.6}",1.59786459235541,0.984129419058076,0.273839473724365
LightGBM,Enhanced,9,"{'colsample_bytree': 0.8, 'learning_rate': 0.05, 'max_depth': 5, 'min_child_samples': 50, 'n_estimators': 750, 'num_leaves': 31, 'subsample': 0.8}",1.59786459229978,0.984129419059181,0.27089786529541
LightGBM,Enhanced,9,"{'colsample_bytree': 0.8, 'learning_rate': 0.05, 'max_depth': 5, 'min_child_samples': 50, 'n_estimators': 750, 'num_leaves': 62, 'subsample': 0.6}",1.59786459498956,0.984129419005749,0.265739440917969
LightGBM,Enhanced,9,"{'colsample_bytree': 0.8, 'learning_rate': 0.05, 'max_depth': 5, 'min_child_samples': 50, 'n_estimators': 750, 'num_leaves': 62, 'subsample': 0.8}",1.5978623263768,0.984129464071116,0.2776198387146
LightGBM,Enhanced,9,"{'colsample_bytree': 0.8, 'learning_rate': 0.05, 'max_depth': 5, 'min_child_samples': 50, 'n_estimators': 1000, 'num_leaves': 15, 'subsample': 0.6}",1.60078656457397,0.984071321772835,0.28271746635437
LightGBM,Enhanced,9,"{'colsample_bytree': 0.8, 'learning_rate': 0.05, 'max_depth': 5, 'min_child_samples': 50, 'n_estimators': 1000, 'num_leaves': 15, 'subsample': 0.8}",1.60103528798267,0.984066371527725,0.292423009872437
LightGBM,Enhanced,9,"{'colsample_bytree': 0.8, 'learning_rate': 0.05, 'max_depth': 5, 'min_child_samples': 50, 'n_estimators': 1000, 'num_leaves': 31, 'subsample': 0.6}",1.59786232495239,0.984129464099412,0.275157928466797
LightGBM,Enhanced,9,"{'colsample_bytree': 0.8, 'learning_rate': 0.05, 'max_depth': 5, 'min_child_samples': 50, 'n_estimators': 1000, 'num_leaves': 31, 'subsample': 0.8}",1.59786459224957,0.984129419060178,0.253300905227661
LightGBM,Enhanced,9,"{'colsample_bytree': 0.8, 'learning_rate': 0.05, 'max_depth': 5, 'min_child_samples': 50, 'n_estimators': 1000, 'num_leaves': 62, 'subsample': 0.6}",1.59786233148558,0.984129463969632,0.248373746871948
LightGBM,Enhanced,9,"{'colsample_bytree': 0.8, 'learning_rate': 0.05, 'max_depth': 5, 'min_child_samples': 50, 'n_estimators': 1000, 'num_leaves': 62, 'subsample': 0.8}",1.59786459224451,0.984129419060279,0.265380382537842
LightGBM,Enhanced,9,"{'colsample_bytree': 0.8, 'learning_rate': 0.05, 'max_depth': 5, 'min_child_samples': 100, 'n_estimators': 500, 'num_leaves': 15, 'subsample': 0.6}",1.66083589855107,0.982853861601394,0.296611070632935
LightGBM,Enhanced,9,"{'colsample_bytree': 0.8, 'learning_rate': 0.05, 'max_depth': 5, 'min_child_samples': 100, 'n_estimators': 500, 'num_leaves': 15, 'subsample': 0.8}",1.66083012668291,0.982853980776418,0.305497407913208
LightGBM,Enhanced,9,"{'colsample_bytree': 0.8, 'learning_rate': 0.05, 'max_depth': 5, 'min_child_samples': 100, 'n_estimators': 500, 'num_leaves': 31, 'subsample': 0.6}",1.6726019923589,0.982610059439534,0.316650867462158
LightGBM,Enhanced,9,"{'colsample_bytree': 0.8, 'learning_rate': 0.05, 'max_depth': 5, 'min_child_samples': 100, 'n_estimators': 500, 'num_leaves': 31, 'subsample': 0.8}",1.67260161756684,0.982610067232914,0.31841778755188
LightGBM,Enhanced,9,"{'colsample_bytree': 0.8, 'learning_rate': 0.05, 'max_depth': 5, 'min_child_samples': 100, 'n_estimators': 500, 'num_leaves': 62, 'subsample': 0.6}",1.67260199535903,0.98261005937715,0.327548027038574
LightGBM,Enhanced,9,"{'colsample_bytree': 0.8, 'learning_rate': 0.05, 'max_depth': 5, 'min_child_samples': 100, 'n_estimators': 500, 'num_leaves': 62, 'subsample': 0.8}",1.67260199400501,0.982610059405305,0.314183712005615
LightGBM,Enhanced,9,"{'colsample_bytree': 0.8, 'learning_rate': 0.05, 'max_depth': 5, 'min_child_samples': 100, 'n_estimators': 750, 'num_leaves': 15, 'subsample': 0.6}",1.63586097951918,0.983365656536668,0.377628326416016
LightGBM,Enhanced,9,"{'colsample_bytree': 0.8, 'learning_rate': 0.05, 'max_depth': 5, 'min_child_samples': 100, 'n_estimators': 750, 'num_leaves': 15, 'subsample': 0.8}",1.63586098069974,0.983365656512659,0.387500762939453
LightGBM,Enhanced,9,"{'colsample_bytree': 0.8, 'learning_rate': 0.05, 'max_depth': 5, 'min_child_samples': 100, 'n_estimators': 750, 'num_leaves': 31, 'subsample': 0.6}",1.63857494187938,0.983310416597179,0.430568933486939
LightGBM,Enhanced,9,"{'colsample_bytree': 0.8, 'learning_rate': 0.05, 'max_depth': 5, 'min_child_samples': 100, 'n_estimators': 750, 'num_leaves': 31, 'subsample': 0.8}",1.6385813467319,0.983310286124624,0.43485426902771
LightGBM,Enhanced,9,"{'colsample_bytree': 0.8, 'learning_rate': 0.05, 'max_depth': 5, 'min_child_samples': 100, 'n_estimators': 750, 'num_leaves': 62, 'subsample': 0.6}",1.63857493684145,0.983310416699806,0.434745788574219
LightGBM,Enhanced,9,"{'colsample_bytree': 0.8, 'learning_rate': 0.05, 'max_depth': 5, 'min_child_samples': 100, 'n_estimators': 750, 'num_leaves': 62, 'subsample': 0.8}",1.63857494093846,0.983310416616346,0.426682710647583
LightGBM,Enhanced,9,"{'colsample_bytree': 0.8, 'learning_rate': 0.05, 'max_depth': 5, 'min_child_samples': 100, 'n_estimators': 1000, 'num_leaves': 15, 'subsample': 0.6}",1.63586097790533,0.983365656569489,0.362201690673828
LightGBM,Enhanced,9,"{'colsample_bytree': 0.8, 'learning_rate': 0.05, 'max_depth': 5, 'min_child_samples': 100, 'n_estimators': 1000, 'num_leaves': 15, 'subsample': 0.8}",1.63586097932496,0.983365656540618,0.376714944839478
LightGBM,Enhanced,9,"{'colsample_bytree': 0.8, 'learning_rate': 0.05, 'max_depth': 5, 'min_child_samples': 100, 'n_estimators': 1000, 'num_leaves': 31, 'subsample': 0.6}",1.63438905397553,0.983395577782953,0.480863094329834
LightGBM,Enhanced,9,"{'colsample_bytree': 0.8, 'learning_rate': 0.05, 'max_depth': 5, 'min_child_samples': 100, 'n_estimators': 1000, 'num_leaves': 31, 'subsample': 0.8}",1.63438905587023,0.983395577744455,0.476932764053345
LightGBM,Enhanced,9,"{'colsample_bytree': 0.8, 'learning_rate': 0.05, 'max_depth': 5, 'min_child_samples': 100, 'n_estimators': 1000, 'num_leaves': 62, 'subsample': 0.6}",1.63438905463143,0.983395577769626,0.475634574890137
LightGBM,Enhanced,9,"{'colsample_bytree': 0.8, 'learning_rate': 0.05, 'max_depth': 5, 'min_child_samples': 100, 'n_estimators': 1000, 'num_leaves': 62, 'subsample': 0.8}",1.6344024099214,0.983395306404887,0.471467971801758
LightGBM,Enhanced,9,"{'colsample_bytree': 0.8, 'learning_rate': 0.05, 'max_depth': 9, 'min_child_samples': 50, 'n_estimators': 500, 'num_leaves': 15, 'subsample': 0.6}",1.53407665755235,0.985371257291029,0.494958400726318
LightGBM,Enhanced,9,"{'colsample_bytree': 0.8, 'learning_rate': 0.05, 'max_depth': 9, 'min_child_samples': 50, 'n_estimators': 500, 'num_leaves': 15, 'subsample': 0.8}",1.53406360376412,0.985371506248206,0.448371410369873
LightGBM,Enhanced,9,"{'colsample_bytree': 0.8, 'learning_rate': 0.05, 'max_depth': 9, 'min_child_samples': 50, 'n_estimators': 500, 'num_leaves': 31, 'subsample': 0.6}",1.52198538337274,0.985600949949263,0.485993623733521
LightGBM,Enhanced,9,"{'colsample_bytree': 0.8, 'learning_rate': 0.05, 'max_depth': 9, 'min_child_samples': 50, 'n_estimators': 500, 'num_leaves': 31, 'subsample': 0.8}",1.52200189989787,0.985600637431725,0.476003646850586
LightGBM,Enhanced,9,"{'colsample_bytree': 0.8, 'learning_rate': 0.05, 'max_depth': 9, 'min_child_samples': 50, 'n_estimators': 500, 'num_leaves': 62, 'subsample': 0.6}",1.54286994608978,0.985203073490663,0.506321430206299
LightGBM,Enhanced,9,"{'colsample_bytree': 0.8, 'learning_rate': 0.05, 'max_depth': 9, 'min_child_samples': 50, 'n_estimators': 500, 'num_leaves': 62, 'subsample': 0.8}",1.54284637587418,0.985203525588501,0.499068737030029
LightGBM,Enhanced,9,"{'colsample_bytree': 0.8, 'learning_rate': 0.05, 'max_depth': 9, 'min_child_samples': 50, 'n_estimators': 750, 'num_leaves': 15, 'subsample': 0.6}",1.53030682140982,0.985443066222453,0.538399696350098
LightGBM,Enhanced,9,"{'colsample_bytree': 0.8, 'learning_rate': 0.05, 'max_depth': 9, 'min_child_samples': 50, 'n_estimators': 750, 'num_leaves': 15, 'subsample': 0.8}",1.53033225742935,0.985442582301812,0.548139095306397
LightGBM,Enhanced,9,"{'colsample_bytree': 0.8, 'learning_rate': 0.05, 'max_depth': 9, 'min_child_samples': 50, 'n_estimators': 750, 'num_leaves': 31, 'subsample': 0.6}",1.51928570775257,0.985651986298004,0.515187501907349
LightGBM,Enhanced,9,"{'colsample_bytree': 0.8, 'learning_rate': 0.05, 'max_depth': 9, 'min_child_samples': 50, 'n_estimators': 750, 'num_leaves': 31, 'subsample': 0.8}",1.51927062223049,0.985652271229537,0.502984285354614
LightGBM,Enhanced,9,"{'colsample_bytree': 0.8, 'learning_rate': 0.05, 'max_depth': 9, 'min_child_samples': 50, 'n_estimators': 750, 'num_leaves': 62, 'subsample': 0.6}",1.53164034019078,0.985417685165324,0.626563310623169
LightGBM,Enhanced,9,"{'colsample_bytree': 0.8, 'learning_rate': 0.05, 'max_depth': 9, 'min_child_samples': 50, 'n_estimators': 750, 'num_leaves': 62, 'subsample': 0.8}",1.53163928173756,0.985417705319785,0.610549688339233
LightGBM,Enhanced,9,"{'colsample_bytree': 0.8, 'learning_rate': 0.05, 'max_depth': 9, 'min_child_samples': 50, 'n_estimators': 1000, 'num_leaves': 15, 'subsample': 0.6}",1.53031113675267,0.985442984123559,0.554009675979614
LightGBM,Enhanced,9,"{'colsample_bytree': 0.8, 'learning_rate': 0.05, 'max_depth': 9, 'min_child_samples': 50, 'n_estimators': 1000, 'num_leaves': 15, 'subsample': 0.8}",1.53033459384402,0.985442537851086,0.620231866836548
LightGBM,Enhanced,9,"{'colsample_bytree': 0.8, 'learning_rate': 0.05, 'max_depth': 9, 'min_child_samples': 50, 'n_estimators': 1000, 'num_leaves': 31, 'subsample': 0.6}",1.51927333331547,0.985652220023457,0.623041868209839
LightGBM,Enhanced,9,"{'colsample_bytree': 0.8, 'learning_rate': 0.05, 'max_depth': 9, 'min_child_samples': 50, 'n_estimators': 1000, 'num_leaves': 31, 'subsample': 0.8}",1.51926964860104,0.985652289619107,0.581861257553101
LightGBM,Enhanced,9,"{'colsample_bytree': 0.8, 'learning_rate': 0.05, 'max_depth': 9, 'min_child_samples': 50, 'n_estimators': 1000, 'num_leaves': 62, 'subsample': 0.6}",1.53161609410294,0.98541814684197,0.630005359649658
LightGBM,Enhanced,9,"{'colsample_bytree': 0.8, 'learning_rate': 0.05, 'max_depth': 9, 'min_child_samples': 50, 'n_estimators': 1000, 'num_leaves': 62, 'subsample': 0.8}",1.53160425058978,0.985418372355012,0.753510713577271
LightGBM,Enhanced,9,"{'colsample_bytree': 0.8, 'learning_rate': 0.05, 'max_depth': 9, 'min_child_samples': 100, 'n_estimators': 500, 'num_leaves': 15, 'subsample': 0.6}",1.6826695016723,0.982400086859221,0.497013568878174
LightGBM,Enhanced,9,"{'colsample_bytree': 0.8, 'learning_rate': 0.05, 'max_depth': 9, 'min_child_samples': 100, 'n_estimators': 500, 'num_leaves': 15, 'subsample': 0.8}",1.68266730405265,0.982400132831279,0.59119987487793
LightGBM,Enhanced,9,"{'colsample_bytree': 0.8, 'learning_rate': 0.05, 'max_depth': 9, 'min_child_samples': 100, 'n_estimators': 500, 'num_leaves': 31, 'subsample': 0.6}",1.68560942339409,0.982338532800705,0.565827369689941
LightGBM,Enhanced,9,"{'colsample_bytree': 0.8, 'learning_rate': 0.05, 'max_depth': 9, 'min_child_samples': 100, 'n_estimators': 500, 'num_leaves': 31, 'subsample': 0.8}",1.68561649412861,0.982338384629004,0.524514436721802
LightGBM,Enhanced,9,"{'colsample_bytree': 0.8, 'learning_rate': 0.05, 'max_depth': 9, 'min_child_samples': 100, 'n_estimators': 500, 'num_leaves': 62, 'subsample': 0.6}",1.68558553253817,0.982339033444059,0.536172389984131
LightGBM,Enhanced,9,"{'colsample_bytree': 0.8, 'learning_rate': 0.05, 'max_depth': 9, 'min_child_samples': 100, 'n_estimators': 500, 'num_leaves': 62, 'subsample': 0.8}",1.68562552075994,0.982338195469348,0.554820537567139
LightGBM,Enhanced,9,"{'colsample_bytree': 0.8, 'learning_rate': 0.05, 'max_depth': 9, 'min_child_samples': 100, 'n_estimators': 750, 'num_leaves': 15, 'subsample': 0.6}",1.63872777173212,0.983307303177757,0.711419820785523
LightGBM,Enhanced,9,"{'colsample_bytree': 0.8, 'learning_rate': 0.05, 'max_depth': 9, 'min_child_samples': 100, 'n_estimators': 750, 'num_leaves': 15, 'subsample': 0.8}",1.63872373952719,0.983307385324765,0.751770973205566
LightGBM,Enhanced,9,"{'colsample_bytree': 0.8, 'learning_rate': 0.05, 'max_depth': 9, 'min_child_samples': 100, 'n_estimators': 750, 'num_leaves': 31, 'subsample': 0.6}",1.64300477135143,0.983220055219339,0.704634666442871
LightGBM,Enhanced,9,"{'colsample_bytree': 0.8, 'learning_rate': 0.05, 'max_depth': 9, 'min_child_samples': 100, 'n_estimators': 750, 'num_leaves': 31, 'subsample': 0.8}",1.64299014719941,0.983220353929818,0.651833057403565
LightGBM,Enhanced,9,"{'colsample_bytree': 0.8, 'learning_rate': 0.05, 'max_depth': 9, 'min_child_samples': 100, 'n_estimators': 750, 'num_leaves': 62, 'subsample': 0.6}",1.64301674109724,0.983219810725338,0.656691074371338
LightGBM,Enhanced,9,"{'colsample_bytree': 0.8, 'learning_rate': 0.05, 'max_depth': 9, 'min_child_samples': 100, 'n_estimators': 750, 'num_leaves': 62, 'subsample': 0.8}",1.64302696379057,0.983219601915217,0.747806310653687
LightGBM,Enhanced,9,"{'colsample_bytree': 0.8, 'learning_rate': 0.05, 'max_depth': 9, 'min_child_samples': 100, 'n_estimators': 1000, 'num_leaves': 15, 'subsample': 0.6}",1.63332290922321,0.983417233512536,0.84091854095459
LightGBM,Enhanced,9,"{'colsample_bytree': 0.8, 'learning_rate': 0.05, 'max_depth': 9, 'min_child_samples': 100, 'n_estimators': 1000, 'num_leaves': 15, 'subsample': 0.8}",1.63333329942568,0.983417022533006,0.745120048522949
LightGBM,Enhanced,9,"{'colsample_bytree': 0.8, 'learning_rate': 0.05, 'max_depth': 9, 'min_child_samples': 100, 'n_estimators': 1000, 'num_leaves': 31, 'subsample': 0.6}",1.64298052981538,0.983220550371444,0.718525171279907
LightGBM,Enhanced,9,"{'colsample_bytree': 0.8, 'learning_rate': 0.05, 'max_depth': 9, 'min_child_samples': 100, 'n_estimators': 1000, 'num_leaves': 31, 'subsample': 0.8}",1.64303601104792,0.983219417113626,0.628732681274414
LightGBM,Enhanced,9,"{'colsample_bytree': 0.8, 'learning_rate': 0.05, 'max_depth': 9, 'min_child_samples': 100, 'n_estimators': 1000, 'num_leaves': 62, 'subsample': 0.6}",1.64300733727909,0.983220002807857,0.669530153274536
LightGBM,Enhanced,9,"{'colsample_bytree': 0.8, 'learning_rate': 0.05, 'max_depth': 9, 'min_child_samples': 100, 'n_estimators': 1000, 'num_leaves': 62, 'subsample': 0.8}",1.64301037572387,0.983219940744662,0.754650831222534
