model_type,version,fold,parameters,rmse,r2,training_time
Neural Network,Baseline,0,"{'batch_size': 32, 'epochs': 50, 'layer1_units': 128, 'layer2_units': 64, 'layer3_units': 32, 'learning_rate': 0.001}",13.2725396529033,-0.442403435707092,7.78936100006104
Neural Network,Baseline,0,"{'batch_size': 32, 'epochs': 50, 'layer1_units': 128, 'layer2_units': 64, 'layer3_units': 32, 'learning_rate': 0.0001}",4.82492324688993,0.809383928775787,4.78349232673645
Neural Network,Baseline,0,"{'batch_size': 32, 'epochs': 50, 'layer1_units': 128, 'layer2_units': 64, 'layer3_units': 64, 'learning_rate': 0.001}",14.5149117449562,-0.725073099136353,5.63128733634949
Neural Network,Baseline,0,"{'batch_size': 32, 'epochs': 50, 'layer1_units': 128, 'layer2_units': 64, 'layer3_units': 64, 'learning_rate': 0.0001}",5.52414432303402,0.750133097171783,4.77965402603149
Neural Network,Baseline,0,"{'batch_size': 32, 'epochs': 50, 'layer1_units': 128, 'layer2_units': 128, 'layer3_units': 32, 'learning_rate': 0.001}",11.6466800789045,-0.11066472530365,7.07034921646118
Neural Network,Baseline,0,"{'batch_size': 32, 'epochs': 50, 'layer1_units': 128, 'layer2_units': 128, 'layer3_units': 32, 'learning_rate': 0.0001}",6.65571699560505,0.637282609939575,4.23844170570374
Neural Network,Baseline,0,"{'batch_size': 32, 'epochs': 50, 'layer1_units': 128, 'layer2_units': 128, 'layer3_units': 64, 'learning_rate': 0.001}",16.5691853400229,-1.24792098999023,4.79510307312012
Neural Network,Baseline,0,"{'batch_size': 32, 'epochs': 50, 'layer1_units': 128, 'layer2_units': 128, 'layer3_units': 64, 'learning_rate': 0.0001}",5.38796905104281,0.762300133705139,4.22680878639221
Neural Network,Baseline,0,"{'batch_size': 32, 'epochs': 50, 'layer1_units': 256, 'layer2_units': 64, 'layer3_units': 32, 'learning_rate': 0.001}",12.5517185691078,-0.289986252784729,6.9316098690033
Neural Network,Baseline,0,"{'batch_size': 32, 'epochs': 50, 'layer1_units': 256, 'layer2_units': 64, 'layer3_units': 32, 'learning_rate': 0.0001}",4.38660439591043,0.842443764209747,4.29238700866699
Neural Network,Baseline,0,"{'batch_size': 32, 'epochs': 50, 'layer1_units': 256, 'layer2_units': 64, 'layer3_units': 64, 'learning_rate': 0.001}",13.0005405020225,-0.38388979434967,5.18249583244324
Neural Network,Baseline,0,"{'batch_size': 32, 'epochs': 50, 'layer1_units': 256, 'layer2_units': 64, 'layer3_units': 64, 'learning_rate': 0.0001}",4.02805148250709,0.86714780330658,4.28367471694946
Neural Network,Baseline,0,"{'batch_size': 32, 'epochs': 50, 'layer1_units': 256, 'layer2_units': 128, 'layer3_units': 32, 'learning_rate': 0.001}",15.3594370905726,-0.93165385723114,6.74902439117432
Neural Network,Baseline,0,"{'batch_size': 32, 'epochs': 50, 'layer1_units': 256, 'layer2_units': 128, 'layer3_units': 32, 'learning_rate': 0.0001}",3.70835757872696,0.887399077415466,4.41126537322998
Neural Network,Baseline,0,"{'batch_size': 32, 'epochs': 50, 'layer1_units': 256, 'layer2_units': 128, 'layer3_units': 64, 'learning_rate': 0.001}",16.3264689650637,-1.18254518508911,5.02557229995728
Neural Network,Baseline,0,"{'batch_size': 32, 'epochs': 50, 'layer1_units': 256, 'layer2_units': 128, 'layer3_units': 64, 'learning_rate': 0.0001}",4.5151951991201,0.833070993423462,4.40920662879944
Neural Network,Baseline,0,"{'batch_size': 32, 'epochs': 100, 'layer1_units': 128, 'layer2_units': 64, 'layer3_units': 32, 'learning_rate': 0.001}",12.2109806111283,-0.220899105072021,5.9825747013092
Neural Network,Baseline,0,"{'batch_size': 32, 'epochs': 100, 'layer1_units': 128, 'layer2_units': 64, 'layer3_units': 32, 'learning_rate': 0.0001}",4.20327452212844,0.855338096618652,6.32637977600098
Neural Network,Baseline,0,"{'batch_size': 32, 'epochs': 100, 'layer1_units': 128, 'layer2_units': 64, 'layer3_units': 64, 'learning_rate': 0.001}",8.16660910865067,0.453912496566772,6.01707339286804
Neural Network,Baseline,0,"{'batch_size': 32, 'epochs': 100, 'layer1_units': 128, 'layer2_units': 64, 'layer3_units': 64, 'learning_rate': 0.0001}",5.06334048229028,0.790080428123474,6.03708481788635
Neural Network,Baseline,0,"{'batch_size': 32, 'epochs': 100, 'layer1_units': 128, 'layer2_units': 128, 'layer3_units': 32, 'learning_rate': 0.001}",12.6201241019505,-0.3040851354599,6.02227139472961
Neural Network,Baseline,0,"{'batch_size': 32, 'epochs': 100, 'layer1_units': 128, 'layer2_units': 128, 'layer3_units': 32, 'learning_rate': 0.0001}",8.27931000640325,0.438736200332642,5.98826265335083
Neural Network,Baseline,0,"{'batch_size': 32, 'epochs': 100, 'layer1_units': 128, 'layer2_units': 128, 'layer3_units': 64, 'learning_rate': 0.001}",12.9089660003519,-0.364462494850159,6.00038313865662
Neural Network,Baseline,0,"{'batch_size': 32, 'epochs': 100, 'layer1_units': 128, 'layer2_units': 128, 'layer3_units': 64, 'learning_rate': 0.0001}",8.8632369193746,0.356774210929871,5.99456262588501
Neural Network,Baseline,0,"{'batch_size': 32, 'epochs': 100, 'layer1_units': 256, 'layer2_units': 64, 'layer3_units': 32, 'learning_rate': 0.001}",12.0663101424628,-0.192141175270081,6.06059765815735
Neural Network,Baseline,0,"{'batch_size': 32, 'epochs': 100, 'layer1_units': 256, 'layer2_units': 64, 'layer3_units': 32, 'learning_rate': 0.0001}",4.30266566487921,0.848415791988373,6.50046396255493
Neural Network,Baseline,0,"{'batch_size': 32, 'epochs': 100, 'layer1_units': 256, 'layer2_units': 64, 'layer3_units': 64, 'learning_rate': 0.001}",12.7013675464033,-0.320929646492004,6.09242844581604
Neural Network,Baseline,0,"{'batch_size': 32, 'epochs': 100, 'layer1_units': 256, 'layer2_units': 64, 'layer3_units': 64, 'learning_rate': 0.0001}",8.85391524612399,0.358126580715179,6.09952640533447
Neural Network,Baseline,0,"{'batch_size': 32, 'epochs': 100, 'layer1_units': 256, 'layer2_units': 128, 'layer3_units': 32, 'learning_rate': 0.001}",12.175677233274,-0.213849782943726,6.18910479545593
Neural Network,Baseline,0,"{'batch_size': 32, 'epochs': 100, 'layer1_units': 256, 'layer2_units': 128, 'layer3_units': 32, 'learning_rate': 0.0001}",10.1345546521812,0.159015357494354,6.16361165046692
Neural Network,Baseline,0,"{'batch_size': 32, 'epochs': 100, 'layer1_units': 256, 'layer2_units': 128, 'layer3_units': 64, 'learning_rate': 0.001}",17.678223674486,-1.55891561508179,6.19362878799439
Neural Network,Baseline,0,"{'batch_size': 32, 'epochs': 100, 'layer1_units': 256, 'layer2_units': 128, 'layer3_units': 64, 'learning_rate': 0.0001}",11.8843597468184,-0.156459093093872,6.20430994033814
Neural Network,Baseline,0,"{'batch_size': 64, 'epochs': 50, 'layer1_units': 128, 'layer2_units': 64, 'layer3_units': 32, 'learning_rate': 0.001}",15.3989607026791,-0.94160795211792,6.01287198066711
Neural Network,Baseline,0,"{'batch_size': 64, 'epochs': 50, 'layer1_units': 128, 'layer2_units': 64, 'layer3_units': 32, 'learning_rate': 0.0001}",10.0019357715017,0.180881321430206,3.81276154518127
Neural Network,Baseline,0,"{'batch_size': 64, 'epochs': 50, 'layer1_units': 128, 'layer2_units': 64, 'layer3_units': 64, 'learning_rate': 0.001}",13.9508835379433,-0.593610405921936,4.83472681045532
Neural Network,Baseline,0,"{'batch_size': 64, 'epochs': 50, 'layer1_units': 128, 'layer2_units': 64, 'layer3_units': 64, 'learning_rate': 0.0001}",8.96989024287579,0.34120100736618,4.25384163856506
Neural Network,Baseline,0,"{'batch_size': 64, 'epochs': 50, 'layer1_units': 128, 'layer2_units': 128, 'layer3_units': 32, 'learning_rate': 0.001}",13.563385965266,-0.506312131881714,6.37745714187622
Neural Network,Baseline,0,"{'batch_size': 64, 'epochs': 50, 'layer1_units': 128, 'layer2_units': 128, 'layer3_units': 32, 'learning_rate': 0.0001}",8.26137382923607,0.441165387630463,3.87998008728027
Neural Network,Baseline,0,"{'batch_size': 64, 'epochs': 50, 'layer1_units': 128, 'layer2_units': 128, 'layer3_units': 64, 'learning_rate': 0.001}",14.9881784268039,-0.839400887489319,4.07526111602783
Neural Network,Baseline,0,"{'batch_size': 64, 'epochs': 50, 'layer1_units': 128, 'layer2_units': 128, 'layer3_units': 64, 'learning_rate': 0.0001}",7.87770058480939,0.491866707801819,3.79534554481506
Neural Network,Baseline,0,"{'batch_size': 64, 'epochs': 50, 'layer1_units': 256, 'layer2_units': 64, 'layer3_units': 32, 'learning_rate': 0.001}",16.8467971791469,-1.32387828826904,6.50000929832459
Neural Network,Baseline,0,"{'batch_size': 64, 'epochs': 50, 'layer1_units': 256, 'layer2_units': 64, 'layer3_units': 32, 'learning_rate': 0.0001}",7.38766891363839,0.553117275238037,3.89965391159058
Neural Network,Baseline,0,"{'batch_size': 64, 'epochs': 50, 'layer1_units': 256, 'layer2_units': 64, 'layer3_units': 64, 'learning_rate': 0.001}",14.9036169385677,-0.81870424747467,4.15878486633301
Neural Network,Baseline,0,"{'batch_size': 64, 'epochs': 50, 'layer1_units': 256, 'layer2_units': 64, 'layer3_units': 64, 'learning_rate': 0.0001}",7.1365378137128,0.582982897758484,3.68364095687866
Neural Network,Baseline,0,"{'batch_size': 64, 'epochs': 50, 'layer1_units': 256, 'layer2_units': 128, 'layer3_units': 32, 'learning_rate': 0.001}",14.7713349781302,-0.786562442779541,6.17391538619995
Neural Network,Baseline,0,"{'batch_size': 64, 'epochs': 50, 'layer1_units': 256, 'layer2_units': 128, 'layer3_units': 32, 'learning_rate': 0.0001}",7.9557381704293,0.481749594211578,3.97936058044434
Neural Network,Baseline,0,"{'batch_size': 64, 'epochs': 50, 'layer1_units': 256, 'layer2_units': 128, 'layer3_units': 64, 'learning_rate': 0.001}",15.7095432506966,-1.02071857452393,4.86237406730652
Neural Network,Baseline,0,"{'batch_size': 64, 'epochs': 50, 'layer1_units': 256, 'layer2_units': 128, 'layer3_units': 64, 'learning_rate': 0.0001}",5.83189029101672,0.72151780128479,3.95834732055664
Neural Network,Baseline,0,"{'batch_size': 64, 'epochs': 100, 'layer1_units': 128, 'layer2_units': 64, 'layer3_units': 32, 'learning_rate': 0.001}",12.5726241125389,-0.294286966323853,4.70867371559143
Neural Network,Baseline,0,"{'batch_size': 64, 'epochs': 100, 'layer1_units': 128, 'layer2_units': 64, 'layer3_units': 32, 'learning_rate': 0.0001}",4.36136267409625,0.844251751899719,4.91301918029785
Neural Network,Baseline,0,"{'batch_size': 64, 'epochs': 100, 'layer1_units': 128, 'layer2_units': 64, 'layer3_units': 64, 'learning_rate': 0.001}",11.6486988306953,-0.111049771308899,4.84325575828552
Neural Network,Baseline,0,"{'batch_size': 64, 'epochs': 100, 'layer1_units': 128, 'layer2_units': 64, 'layer3_units': 64, 'learning_rate': 0.0001}",4.60600814702005,0.82628870010376,4.86802315711975
Neural Network,Baseline,0,"{'batch_size': 64, 'epochs': 100, 'layer1_units': 128, 'layer2_units': 128, 'layer3_units': 32, 'learning_rate': 0.001}",11.295236133608,-0.0446465015411377,4.93237066268921
Neural Network,Baseline,0,"{'batch_size': 64, 'epochs': 100, 'layer1_units': 128, 'layer2_units': 128, 'layer3_units': 32, 'learning_rate': 0.0001}",7.11688117866117,0.585276961326599,4.90062284469605
Neural Network,Baseline,0,"{'batch_size': 64, 'epochs': 100, 'layer1_units': 128, 'layer2_units': 128, 'layer3_units': 64, 'learning_rate': 0.001}",10.4458212204325,0.106563150882721,4.89033985137939
Neural Network,Baseline,0,"{'batch_size': 64, 'epochs': 100, 'layer1_units': 128, 'layer2_units': 128, 'layer3_units': 64, 'learning_rate': 0.0001}",3.70562312210558,0.887565076351166,4.74690437316895
Neural Network,Baseline,0,"{'batch_size': 64, 'epochs': 100, 'layer1_units': 256, 'layer2_units': 64, 'layer3_units': 32, 'learning_rate': 0.001}",12.0273494590357,-0.184455037117004,4.97364687919617
Neural Network,Baseline,0,"{'batch_size': 64, 'epochs': 100, 'layer1_units': 256, 'layer2_units': 64, 'layer3_units': 32, 'learning_rate': 0.0001}",5.45006783819412,0.75678938627243,4.97806239128113
Neural Network,Baseline,0,"{'batch_size': 64, 'epochs': 100, 'layer1_units': 256, 'layer2_units': 64, 'layer3_units': 64, 'learning_rate': 0.001}",9.34162352997493,0.285465121269226,4.81384444236755
Neural Network,Baseline,0,"{'batch_size': 64, 'epochs': 100, 'layer1_units': 256, 'layer2_units': 64, 'layer3_units': 64, 'learning_rate': 0.0001}",4.64024130522622,0.823696970939636,5.51395344734192
Neural Network,Baseline,0,"{'batch_size': 64, 'epochs': 100, 'layer1_units': 256, 'layer2_units': 128, 'layer3_units': 32, 'learning_rate': 0.001}",10.9959577589282,0.00997805595397949,4.91708993911743
Neural Network,Baseline,0,"{'batch_size': 64, 'epochs': 100, 'layer1_units': 256, 'layer2_units': 128, 'layer3_units': 32, 'learning_rate': 0.0001}",3.30583686771369,0.910516798496246,5.08664989471436
Neural Network,Baseline,0,"{'batch_size': 64, 'epochs': 100, 'layer1_units': 256, 'layer2_units': 128, 'layer3_units': 64, 'learning_rate': 0.001}",11.5201359147425,-0.086660623550415,4.90950632095337
Neural Network,Baseline,0,"{'batch_size': 64, 'epochs': 100, 'layer1_units': 256, 'layer2_units': 128, 'layer3_units': 64, 'learning_rate': 0.0001}",5.94800449535864,0.710318207740784,5.05026149749756
Neural Network,Baseline,1,"{'batch_size': 32, 'epochs': 50, 'layer1_units': 128, 'layer2_units': 64, 'layer3_units': 32, 'learning_rate': 0.001}",4.58842585313225,0.872790396213532,4.26633834838867
Neural Network,Baseline,1,"{'batch_size': 32, 'epochs': 50, 'layer1_units': 128, 'layer2_units': 64, 'layer3_units': 32, 'learning_rate': 0.0001}",4.25804162765086,0.89045000076294,4.25891423225403
Neural Network,Baseline,1,"{'batch_size': 32, 'epochs': 50, 'layer1_units': 128, 'layer2_units': 64, 'layer3_units': 64, 'learning_rate': 0.001}",4.83418264271429,0.858798742294312,4.27775549888611
Neural Network,Baseline,1,"{'batch_size': 32, 'epochs': 50, 'layer1_units': 128, 'layer2_units': 64, 'layer3_units': 64, 'learning_rate': 0.0001}",4.54413241491672,0.875234544277191,4.27677965164185
Neural Network,Baseline,1,"{'batch_size': 32, 'epochs': 50, 'layer1_units': 128, 'layer2_units': 128, 'layer3_units': 32, 'learning_rate': 0.001}",4.7309916779762,0.864762604236603,4.25552845001221
Neural Network,Baseline,1,"{'batch_size': 32, 'epochs': 50, 'layer1_units': 128, 'layer2_units': 128, 'layer3_units': 32, 'learning_rate': 0.0001}",4.55965366152535,0.874380767345429,4.25469136238098
Neural Network,Baseline,1,"{'batch_size': 32, 'epochs': 50, 'layer1_units': 128, 'layer2_units': 128, 'layer3_units': 64, 'learning_rate': 0.001}",4.87597959408703,0.856346487998962,4.2502703666687
Neural Network,Baseline,1,"{'batch_size': 32, 'epochs': 50, 'layer1_units': 128, 'layer2_units': 128, 'layer3_units': 64, 'learning_rate': 0.0001}",4.55257182115423,0.874770641326904,4.25419688224793
Neural Network,Baseline,1,"{'batch_size': 32, 'epochs': 50, 'layer1_units': 256, 'layer2_units': 64, 'layer3_units': 32, 'learning_rate': 0.001}",4.827978829452,0.859160900115967,4.30868148803711
Neural Network,Baseline,1,"{'batch_size': 32, 'epochs': 50, 'layer1_units': 256, 'layer2_units': 64, 'layer3_units': 32, 'learning_rate': 0.0001}",4.37836980468832,0.884171009063721,4.33192491531372
Neural Network,Baseline,1,"{'batch_size': 32, 'epochs': 50, 'layer1_units': 256, 'layer2_units': 64, 'layer3_units': 64, 'learning_rate': 0.001}",4.86477096598737,0.857006192207336,4.30997562408447
Neural Network,Baseline,1,"{'batch_size': 32, 'epochs': 50, 'layer1_units': 256, 'layer2_units': 64, 'layer3_units': 64, 'learning_rate': 0.0001}",4.6466571892779,0.869541108608246,5.18870043754578
Neural Network,Baseline,1,"{'batch_size': 32, 'epochs': 50, 'layer1_units': 256, 'layer2_units': 128, 'layer3_units': 32, 'learning_rate': 0.001}",4.96540844915044,0.851028740406036,4.45850038528442
Neural Network,Baseline,1,"{'batch_size': 32, 'epochs': 50, 'layer1_units': 256, 'layer2_units': 128, 'layer3_units': 32, 'learning_rate': 0.0001}",4.71117515660384,0.865893125534058,4.43299460411072
Neural Network,Baseline,1,"{'batch_size': 32, 'epochs': 50, 'layer1_units': 256, 'layer2_units': 128, 'layer3_units': 64, 'learning_rate': 0.001}",4.93587689339869,0.852795481681824,4.43405795097351
Neural Network,Baseline,1,"{'batch_size': 32, 'epochs': 50, 'layer1_units': 256, 'layer2_units': 128, 'layer3_units': 64, 'learning_rate': 0.0001}",4.7595921086807,0.863122522830963,4.44612121582031
Neural Network,Baseline,1,"{'batch_size': 32, 'epochs': 100, 'layer1_units': 128, 'layer2_units': 64, 'layer3_units': 32, 'learning_rate': 0.001}",4.47740114887796,0.878872036933899,6.02612853050232
Neural Network,Baseline,1,"{'batch_size': 32, 'epochs': 100, 'layer1_units': 128, 'layer2_units': 64, 'layer3_units': 32, 'learning_rate': 0.0001}",4.74995161333034,0.863676488399506,6.02341914176941
Neural Network,Baseline,1,"{'batch_size': 32, 'epochs': 100, 'layer1_units': 128, 'layer2_units': 64, 'layer3_units': 64, 'learning_rate': 0.001}",4.46853829262503,0.879351079463959,6.03444123268127
Neural Network,Baseline,1,"{'batch_size': 32, 'epochs': 100, 'layer1_units': 128, 'layer2_units': 64, 'layer3_units': 64, 'learning_rate': 0.0001}",4.80568261735013,0.860458731651306,6.0187029838562
Neural Network,Baseline,1,"{'batch_size': 32, 'epochs': 100, 'layer1_units': 128, 'layer2_units': 128, 'layer3_units': 32, 'learning_rate': 0.001}",4.46577749559209,0.879500091075897,6.00484085083008
Neural Network,Baseline,1,"{'batch_size': 32, 'epochs': 100, 'layer1_units': 128, 'layer2_units': 128, 'layer3_units': 32, 'learning_rate': 0.0001}",4.98141305386169,0.850066900253296,6.03727293014526
Neural Network,Baseline,1,"{'batch_size': 32, 'epochs': 100, 'layer1_units': 128, 'layer2_units': 128, 'layer3_units': 64, 'learning_rate': 0.001}",4.53868030508243,0.875533759593964,6.03355073928833
Neural Network,Baseline,1,"{'batch_size': 32, 'epochs': 100, 'layer1_units': 128, 'layer2_units': 128, 'layer3_units': 64, 'learning_rate': 0.0001}",4.92094175180009,0.853684961795807,6.02488541603088
Neural Network,Baseline,1,"{'batch_size': 32, 'epochs': 100, 'layer1_units': 256, 'layer2_units': 64, 'layer3_units': 32, 'learning_rate': 0.001}",4.55346244446512,0.874721646308899,6.1139543056488
Neural Network,Baseline,1,"{'batch_size': 32, 'epochs': 100, 'layer1_units': 256, 'layer2_units': 64, 'layer3_units': 32, 'learning_rate': 0.0001}",4.7815344233468,0.86185759305954,6.08812975883484
Neural Network,Baseline,1,"{'batch_size': 32, 'epochs': 100, 'layer1_units': 256, 'layer2_units': 64, 'layer3_units': 64, 'learning_rate': 0.001}",4.55194815544814,0.874804973602295,6.10186243057251
Neural Network,Baseline,1,"{'batch_size': 32, 'epochs': 100, 'layer1_units': 256, 'layer2_units': 64, 'layer3_units': 64, 'learning_rate': 0.0001}",4.80117177965585,0.860720574855804,6.08315324783325
Neural Network,Baseline,1,"{'batch_size': 32, 'epochs': 100, 'layer1_units': 256, 'layer2_units': 128, 'layer3_units': 32, 'learning_rate': 0.001}",4.53706250143943,0.875622451305389,6.18308067321777
Neural Network,Baseline,1,"{'batch_size': 32, 'epochs': 100, 'layer1_units': 256, 'layer2_units': 128, 'layer3_units': 32, 'learning_rate': 0.0001}",4.98390449049106,0.849916875362396,7.24735498428345
Neural Network,Baseline,1,"{'batch_size': 32, 'epochs': 100, 'layer1_units': 256, 'layer2_units': 128, 'layer3_units': 64, 'learning_rate': 0.001}",4.67913866088494,0.867710828781128,6.24835777282715
Neural Network,Baseline,1,"{'batch_size': 32, 'epochs': 100, 'layer1_units': 256, 'layer2_units': 128, 'layer3_units': 64, 'learning_rate': 0.0001}",4.82558001258768,0.859300851821899,6.2531008720398
Neural Network,Baseline,1,"{'batch_size': 64, 'epochs': 50, 'layer1_units': 128, 'layer2_units': 64, 'layer3_units': 32, 'learning_rate': 0.001}",4.79512076344135,0.861071467399597,3.79813098907471
Neural Network,Baseline,1,"{'batch_size': 64, 'epochs': 50, 'layer1_units': 128, 'layer2_units': 64, 'layer3_units': 32, 'learning_rate': 0.0001}",4.83695122812165,0.858636975288391,3.79019641876221
Neural Network,Baseline,1,"{'batch_size': 64, 'epochs': 50, 'layer1_units': 128, 'layer2_units': 64, 'layer3_units': 64, 'learning_rate': 0.001}",4.57234530112659,0.873680472373962,3.60696029663086
Neural Network,Baseline,1,"{'batch_size': 64, 'epochs': 50, 'layer1_units': 128, 'layer2_units': 64, 'layer3_units': 64, 'learning_rate': 0.0001}",4.70458799400749,0.866267919540405,3.59105944633484
Neural Network,Baseline,1,"{'batch_size': 64, 'epochs': 50, 'layer1_units': 128, 'layer2_units': 128, 'layer3_units': 32, 'learning_rate': 0.001}",4.57814228978977,0.87335991859436,3.62280106544495
Neural Network,Baseline,1,"{'batch_size': 64, 'epochs': 50, 'layer1_units': 128, 'layer2_units': 128, 'layer3_units': 32, 'learning_rate': 0.0001}",4.66722319327193,0.868383705615997,3.81097459793091
Neural Network,Baseline,1,"{'batch_size': 64, 'epochs': 50, 'layer1_units': 128, 'layer2_units': 128, 'layer3_units': 64, 'learning_rate': 0.001}",4.50215881274969,0.877528786659241,3.79004740715027
Neural Network,Baseline,1,"{'batch_size': 64, 'epochs': 50, 'layer1_units': 128, 'layer2_units': 128, 'layer3_units': 64, 'learning_rate': 0.0001}",4.41441249303816,0.882256150245667,3.61307191848755
Neural Network,Baseline,1,"{'batch_size': 64, 'epochs': 50, 'layer1_units': 256, 'layer2_units': 64, 'layer3_units': 32, 'learning_rate': 0.001}",4.84157823666801,0.858366370201111,3.87912535667419
Neural Network,Baseline,1,"{'batch_size': 64, 'epochs': 50, 'layer1_units': 256, 'layer2_units': 64, 'layer3_units': 32, 'learning_rate': 0.0001}",4.42747396503464,0.881558358669281,3.88399076461792
Neural Network,Baseline,1,"{'batch_size': 64, 'epochs': 50, 'layer1_units': 256, 'layer2_units': 64, 'layer3_units': 64, 'learning_rate': 0.001}",4.52368795857783,0.87635463476181,3.85403490066528
Neural Network,Baseline,1,"{'batch_size': 64, 'epochs': 50, 'layer1_units': 256, 'layer2_units': 64, 'layer3_units': 64, 'learning_rate': 0.0001}",4.44158403750363,0.88080221414566,3.86992502212524
Neural Network,Baseline,1,"{'batch_size': 64, 'epochs': 50, 'layer1_units': 256, 'layer2_units': 128, 'layer3_units': 32, 'learning_rate': 0.001}",4.65606709575484,0.869012176990509,3.7800235748291
Neural Network,Baseline,1,"{'batch_size': 64, 'epochs': 50, 'layer1_units': 256, 'layer2_units': 128, 'layer3_units': 32, 'learning_rate': 0.0001}",4.41583184083788,0.882180392742157,3.77478098869324
Neural Network,Baseline,1,"{'batch_size': 64, 'epochs': 50, 'layer1_units': 256, 'layer2_units': 128, 'layer3_units': 64, 'learning_rate': 0.001}",4.36667232852792,0.884789049625397,3.9859824180603
Neural Network,Baseline,1,"{'batch_size': 64, 'epochs': 50, 'layer1_units': 256, 'layer2_units': 128, 'layer3_units': 64, 'learning_rate': 0.0001}",4.31522007174352,0.887488126754761,3.76957941055298
Neural Network,Baseline,1,"{'batch_size': 64, 'epochs': 100, 'layer1_units': 128, 'layer2_units': 64, 'layer3_units': 32, 'learning_rate': 0.001}",4.06452750450023,0.900181114673615,4.88668537139893
Neural Network,Baseline,1,"{'batch_size': 64, 'epochs': 100, 'layer1_units': 128, 'layer2_units': 64, 'layer3_units': 32, 'learning_rate': 0.0001}",4.54046052554778,0.875436067581177,4.75551319122314
Neural Network,Baseline,1,"{'batch_size': 64, 'epochs': 100, 'layer1_units': 128, 'layer2_units': 64, 'layer3_units': 64, 'learning_rate': 0.001}",4.19535705429088,0.893651783466339,4.87519955635071
Neural Network,Baseline,1,"{'batch_size': 64, 'epochs': 100, 'layer1_units': 128, 'layer2_units': 64, 'layer3_units': 64, 'learning_rate': 0.0001}",4.68934554326566,0.867133021354675,5.95940971374512
Neural Network,Baseline,1,"{'batch_size': 64, 'epochs': 100, 'layer1_units': 128, 'layer2_units': 128, 'layer3_units': 32, 'learning_rate': 0.001}",4.08127259135748,0.899356961250305,4.97478890419006
Neural Network,Baseline,1,"{'batch_size': 64, 'epochs': 100, 'layer1_units': 128, 'layer2_units': 128, 'layer3_units': 32, 'learning_rate': 0.0001}",4.90745170114762,0.854486107826233,4.76856017112732
Neural Network,Baseline,1,"{'batch_size': 64, 'epochs': 100, 'layer1_units': 128, 'layer2_units': 128, 'layer3_units': 64, 'learning_rate': 0.001}",4.20551558228789,0.893136143684387,4.75655794143677
Neural Network,Baseline,1,"{'batch_size': 64, 'epochs': 100, 'layer1_units': 128, 'layer2_units': 128, 'layer3_units': 64, 'learning_rate': 0.0001}",4.95904206839224,0.851410508155823,4.77778887748718
Neural Network,Baseline,1,"{'batch_size': 64, 'epochs': 100, 'layer1_units': 256, 'layer2_units': 64, 'layer3_units': 32, 'learning_rate': 0.001}",4.07108702218908,0.899858713150024,4.82894158363342
Neural Network,Baseline,1,"{'batch_size': 64, 'epochs': 100, 'layer1_units': 256, 'layer2_units': 64, 'layer3_units': 32, 'learning_rate': 0.0001}",4.76512608652525,0.862804055213928,4.82062983512878
Neural Network,Baseline,1,"{'batch_size': 64, 'epochs': 100, 'layer1_units': 256, 'layer2_units': 64, 'layer3_units': 64, 'learning_rate': 0.001}",4.10889458114407,0.897990047931671,4.95358777046204
Neural Network,Baseline,1,"{'batch_size': 64, 'epochs': 100, 'layer1_units': 256, 'layer2_units': 64, 'layer3_units': 64, 'learning_rate': 0.0001}",4.83609151517922,0.858687222003937,4.81290245056152
Neural Network,Baseline,1,"{'batch_size': 64, 'epochs': 100, 'layer1_units': 256, 'layer2_units': 128, 'layer3_units': 32, 'learning_rate': 0.001}",4.26614432614498,0.890032708644867,4.89123487472534
Neural Network,Baseline,1,"{'batch_size': 64, 'epochs': 100, 'layer1_units': 256, 'layer2_units': 128, 'layer3_units': 32, 'learning_rate': 0.0001}",4.80611164107174,0.86043381690979,4.90893030166626
Neural Network,Baseline,1,"{'batch_size': 64, 'epochs': 100, 'layer1_units': 256, 'layer2_units': 128, 'layer3_units': 64, 'learning_rate': 0.001}",4.15207089149358,0.895834922790527,4.88884210586548
Neural Network,Baseline,1,"{'batch_size': 64, 'epochs': 100, 'layer1_units': 256, 'layer2_units': 128, 'layer3_units': 64, 'learning_rate': 0.0001}",5.00247226629238,0.848796486854553,4.88457012176514
Neural Network,Baseline,2,"{'batch_size': 32, 'epochs': 50, 'layer1_units': 128, 'layer2_units': 64, 'layer3_units': 32, 'learning_rate': 0.001}",2.81751008432203,0.922613441944122,4.25836873054504
Neural Network,Baseline,2,"{'batch_size': 32, 'epochs': 50, 'layer1_units': 128, 'layer2_units': 64, 'layer3_units': 32, 'learning_rate': 0.0001}",4.54354390302663,0.798755526542664,4.26127910614014
Neural Network,Baseline,2,"{'batch_size': 32, 'epochs': 50, 'layer1_units': 128, 'layer2_units': 64, 'layer3_units': 64, 'learning_rate': 0.001}",2.95467049660876,0.914895474910736,4.26853537559509
Neural Network,Baseline,2,"{'batch_size': 32, 'epochs': 50, 'layer1_units': 128, 'layer2_units': 64, 'layer3_units': 64, 'learning_rate': 0.0001}",4.46039873333669,0.806053519248962,4.27684235572815
Neural Network,Baseline,2,"{'batch_size': 32, 'epochs': 50, 'layer1_units': 128, 'layer2_units': 128, 'layer3_units': 32, 'learning_rate': 0.001}",3.01414271475848,0.911435008049011,4.26830959320068
Neural Network,Baseline,2,"{'batch_size': 32, 'epochs': 50, 'layer1_units': 128, 'layer2_units': 128, 'layer3_units': 32, 'learning_rate': 0.0001}",4.25243128627406,0.823717534542084,4.26595854759216
Neural Network,Baseline,2,"{'batch_size': 32, 'epochs': 50, 'layer1_units': 128, 'layer2_units': 128, 'layer3_units': 64, 'learning_rate': 0.001}",3.12938352223694,0.904533267021179,4.27649807929993
Neural Network,Baseline,2,"{'batch_size': 32, 'epochs': 50, 'layer1_units': 128, 'layer2_units': 128, 'layer3_units': 64, 'learning_rate': 0.0001}",3.8522285055833,0.855336606502533,4.26728081703186
Neural Network,Baseline,2,"{'batch_size': 32, 'epochs': 50, 'layer1_units': 256, 'layer2_units': 64, 'layer3_units': 32, 'learning_rate': 0.001}",2.9717372922551,0.913909494876862,4.31654930114746
Neural Network,Baseline,2,"{'batch_size': 32, 'epochs': 50, 'layer1_units': 256, 'layer2_units': 64, 'layer3_units': 32, 'learning_rate': 0.0001}",4.12505086231664,0.834120333194733,4.34695339202881
Neural Network,Baseline,2,"{'batch_size': 32, 'epochs': 50, 'layer1_units': 256, 'layer2_units': 64, 'layer3_units': 64, 'learning_rate': 0.001}",3.01609300529701,0.911320328712463,4.32984185218811
Neural Network,Baseline,2,"{'batch_size': 32, 'epochs': 50, 'layer1_units': 256, 'layer2_units': 64, 'layer3_units': 64, 'learning_rate': 0.0001}",3.83401807944145,0.856701135635376,4.34793329238892
Neural Network,Baseline,2,"{'batch_size': 32, 'epochs': 50, 'layer1_units': 256, 'layer2_units': 128, 'layer3_units': 32, 'learning_rate': 0.001}",3.03300142323768,0.910323262214661,5.9115092754364
Neural Network,Baseline,2,"{'batch_size': 32, 'epochs': 50, 'layer1_units': 256, 'layer2_units': 128, 'layer3_units': 32, 'learning_rate': 0.0001}",4.0425134669677,0.840692043304443,4.4894061088562
Neural Network,Baseline,2,"{'batch_size': 32, 'epochs': 50, 'layer1_units': 256, 'layer2_units': 128, 'layer3_units': 64, 'learning_rate': 0.001}",3.18197586981677,0.901297450065613,4.46933841705322
Neural Network,Baseline,2,"{'batch_size': 32, 'epochs': 50, 'layer1_units': 256, 'layer2_units': 128, 'layer3_units': 64, 'learning_rate': 0.0001}",3.58656069590733,0.874601900577545,4.49160194396973
Neural Network,Baseline,2,"{'batch_size': 32, 'epochs': 100, 'layer1_units': 128, 'layer2_units': 64, 'layer3_units': 32, 'learning_rate': 0.001}",2.71378486895552,0.928206443786621,6.06641674041748
Neural Network,Baseline,2,"{'batch_size': 32, 'epochs': 100, 'layer1_units': 128, 'layer2_units': 64, 'layer3_units': 32, 'learning_rate': 0.0001}",3.34011529186701,0.891242921352387,6.06933236122131
Neural Network,Baseline,2,"{'batch_size': 32, 'epochs': 100, 'layer1_units': 128, 'layer2_units': 64, 'layer3_units': 64, 'learning_rate': 0.001}",2.82946475841135,0.921955347061157,6.08425831794739
Neural Network,Baseline,2,"{'batch_size': 32, 'epochs': 100, 'layer1_units': 128, 'layer2_units': 64, 'layer3_units': 64, 'learning_rate': 0.0001}",3.37584294282865,0.888903856277466,6.06504893302918
Neural Network,Baseline,2,"{'batch_size': 32, 'epochs': 100, 'layer1_units': 128, 'layer2_units': 128, 'layer3_units': 32, 'learning_rate': 0.001}",2.87487577087028,0.919430136680603,6.06982254981995
Neural Network,Baseline,2,"{'batch_size': 32, 'epochs': 100, 'layer1_units': 128, 'layer2_units': 128, 'layer3_units': 32, 'learning_rate': 0.0001}",3.23228777927104,0.898151516914368,6.04351711273193
Neural Network,Baseline,2,"{'batch_size': 32, 'epochs': 100, 'layer1_units': 128, 'layer2_units': 128, 'layer3_units': 64, 'learning_rate': 0.001}",2.97730219903849,0.913586735725403,6.05645418167114
Neural Network,Baseline,2,"{'batch_size': 32, 'epochs': 100, 'layer1_units': 128, 'layer2_units': 128, 'layer3_units': 64, 'learning_rate': 0.0001}",2.94638778526183,0.915371954441071,6.03210616111755
Neural Network,Baseline,2,"{'batch_size': 32, 'epochs': 100, 'layer1_units': 256, 'layer2_units': 64, 'layer3_units': 32, 'learning_rate': 0.001}",2.78665553075521,0.924299120903015,6.08438968658447
Neural Network,Baseline,2,"{'batch_size': 32, 'epochs': 100, 'layer1_units': 256, 'layer2_units': 64, 'layer3_units': 32, 'learning_rate': 0.0001}",3.24370258274591,0.897430896759033,6.08394002914429
Neural Network,Baseline,2,"{'batch_size': 32, 'epochs': 100, 'layer1_units': 256, 'layer2_units': 64, 'layer3_units': 64, 'learning_rate': 0.001}",2.85209487752944,0.92070198059082,6.12247896194458
Neural Network,Baseline,2,"{'batch_size': 32, 'epochs': 100, 'layer1_units': 256, 'layer2_units': 64, 'layer3_units': 64, 'learning_rate': 0.0001}",3.08820856280472,0.907028913497925,6.09588575363159
Neural Network,Baseline,2,"{'batch_size': 32, 'epochs': 100, 'layer1_units': 256, 'layer2_units': 128, 'layer3_units': 32, 'learning_rate': 0.001}",2.94564080874942,0.915414869785309,6.22572302818298
Neural Network,Baseline,2,"{'batch_size': 32, 'epochs': 100, 'layer1_units': 256, 'layer2_units': 128, 'layer3_units': 32, 'learning_rate': 0.0001}",2.97812401370245,0.913539052009583,6.18797516822815
Neural Network,Baseline,2,"{'batch_size': 32, 'epochs': 100, 'layer1_units': 256, 'layer2_units': 128, 'layer3_units': 64, 'learning_rate': 0.001}",2.94674930891024,0.915351152420044,6.23134827613831
Neural Network,Baseline,2,"{'batch_size': 32, 'epochs': 100, 'layer1_units': 256, 'layer2_units': 128, 'layer3_units': 64, 'learning_rate': 0.0001}",2.90550681835734,0.917704105377197,6.21626210212708
Neural Network,Baseline,2,"{'batch_size': 64, 'epochs': 50, 'layer1_units': 128, 'layer2_units': 64, 'layer3_units': 32, 'learning_rate': 0.001}",2.68784117196505,0.929572582244873,3.80332231521606
Neural Network,Baseline,2,"{'batch_size': 64, 'epochs': 50, 'layer1_units': 128, 'layer2_units': 64, 'layer3_units': 32, 'learning_rate': 0.0001}",5.4400004633735,0.711508870124817,3.61772060394287
Neural Network,Baseline,2,"{'batch_size': 64, 'epochs': 50, 'layer1_units': 128, 'layer2_units': 64, 'layer3_units': 64, 'learning_rate': 0.001}",2.59727321468167,0.934238791465759,3.61447978019714
Neural Network,Baseline,2,"{'batch_size': 64, 'epochs': 50, 'layer1_units': 128, 'layer2_units': 64, 'layer3_units': 64, 'learning_rate': 0.0001}",4.82739232500798,0.772825419902802,3.7539644241333
Neural Network,Baseline,2,"{'batch_size': 64, 'epochs': 50, 'layer1_units': 128, 'layer2_units': 128, 'layer3_units': 32, 'learning_rate': 0.001}",2.64437392427499,0.931832075119019,3.82782697677612
Neural Network,Baseline,2,"{'batch_size': 64, 'epochs': 50, 'layer1_units': 128, 'layer2_units': 128, 'layer3_units': 32, 'learning_rate': 0.0001}",4.75956045028652,0.779164850711823,3.63687205314636
Neural Network,Baseline,2,"{'batch_size': 64, 'epochs': 50, 'layer1_units': 128, 'layer2_units': 128, 'layer3_units': 64, 'learning_rate': 0.001}",2.64196310054819,0.931956291198731,3.6256730556488
Neural Network,Baseline,2,"{'batch_size': 64, 'epochs': 50, 'layer1_units': 128, 'layer2_units': 128, 'layer3_units': 64, 'learning_rate': 0.0001}",4.7286237273372,0.7820263504982,3.63185787200928
Neural Network,Baseline,2,"{'batch_size': 64, 'epochs': 50, 'layer1_units': 256, 'layer2_units': 64, 'layer3_units': 32, 'learning_rate': 0.001}",2.71746120379565,0.928011834621429,3.70073628425598
Neural Network,Baseline,2,"{'batch_size': 64, 'epochs': 50, 'layer1_units': 256, 'layer2_units': 64, 'layer3_units': 32, 'learning_rate': 0.0001}",5.38978494926434,0.716810345649719,3.90016007423401
Neural Network,Baseline,2,"{'batch_size': 64, 'epochs': 50, 'layer1_units': 256, 'layer2_units': 64, 'layer3_units': 64, 'learning_rate': 0.001}",2.66917381048264,0.930547475814819,3.70854663848877
Neural Network,Baseline,2,"{'batch_size': 64, 'epochs': 50, 'layer1_units': 256, 'layer2_units': 64, 'layer3_units': 64, 'learning_rate': 0.0001}",4.99956167207104,0.756332039833069,5.71141481399536
Neural Network,Baseline,2,"{'batch_size': 64, 'epochs': 50, 'layer1_units': 256, 'layer2_units': 128, 'layer3_units': 32, 'learning_rate': 0.001}",2.74822576682075,0.926372647285461,4.01309561729431
Neural Network,Baseline,2,"{'batch_size': 64, 'epochs': 50, 'layer1_units': 256, 'layer2_units': 128, 'layer3_units': 32, 'learning_rate': 0.0001}",4.35052050403235,0.815491259098053,4.00428247451782
Neural Network,Baseline,2,"{'batch_size': 64, 'epochs': 50, 'layer1_units': 256, 'layer2_units': 128, 'layer3_units': 64, 'learning_rate': 0.001}",2.66281895406062,0.93087774515152,3.98169755935669
Neural Network,Baseline,2,"{'batch_size': 64, 'epochs': 50, 'layer1_units': 256, 'layer2_units': 128, 'layer3_units': 64, 'learning_rate': 0.0001}",4.32129137976633,0.817962169647217,4.0011305809021
Neural Network,Baseline,2,"{'batch_size': 64, 'epochs': 100, 'layer1_units': 128, 'layer2_units': 64, 'layer3_units': 32, 'learning_rate': 0.001}",2.52245999231738,0.937972664833069,4.75301766395569
Neural Network,Baseline,2,"{'batch_size': 64, 'epochs': 100, 'layer1_units': 128, 'layer2_units': 64, 'layer3_units': 32, 'learning_rate': 0.0001}",3.78285448066015,0.860500156879425,4.75918507575989
Neural Network,Baseline,2,"{'batch_size': 64, 'epochs': 100, 'layer1_units': 128, 'layer2_units': 64, 'layer3_units': 64, 'learning_rate': 0.001}",2.44127001573021,0.941901326179504,4.72205257415772
Neural Network,Baseline,2,"{'batch_size': 64, 'epochs': 100, 'layer1_units': 128, 'layer2_units': 64, 'layer3_units': 64, 'learning_rate': 0.0001}",3.798365924244,0.85935378074646,4.77058076858521
Neural Network,Baseline,2,"{'batch_size': 64, 'epochs': 100, 'layer1_units': 128, 'layer2_units': 128, 'layer3_units': 32, 'learning_rate': 0.001}",2.46546195570512,0.940744161605835,4.93194174766541
Neural Network,Baseline,2,"{'batch_size': 64, 'epochs': 100, 'layer1_units': 128, 'layer2_units': 128, 'layer3_units': 32, 'learning_rate': 0.0001}",3.955285850062,0.847492814064026,4.93974041938782
Neural Network,Baseline,2,"{'batch_size': 64, 'epochs': 100, 'layer1_units': 128, 'layer2_units': 128, 'layer3_units': 64, 'learning_rate': 0.001}",2.42794766950696,0.942533731460571,4.73747324943543
Neural Network,Baseline,2,"{'batch_size': 64, 'epochs': 100, 'layer1_units': 128, 'layer2_units': 128, 'layer3_units': 64, 'learning_rate': 0.0001}",3.38027076291279,0.88861221075058,4.7406919002533
Neural Network,Baseline,2,"{'batch_size': 64, 'epochs': 100, 'layer1_units': 256, 'layer2_units': 64, 'layer3_units': 32, 'learning_rate': 0.001}",2.51593897027136,0.938292980194092,4.80834197998047
Neural Network,Baseline,2,"{'batch_size': 64, 'epochs': 100, 'layer1_units': 256, 'layer2_units': 64, 'layer3_units': 32, 'learning_rate': 0.0001}",3.75156408116865,0.862798392772675,4.80373430252075
Neural Network,Baseline,2,"{'batch_size': 64, 'epochs': 100, 'layer1_units': 256, 'layer2_units': 64, 'layer3_units': 64, 'learning_rate': 0.001}",2.50943226066047,0.938611745834351,4.95457434654236
Neural Network,Baseline,2,"{'batch_size': 64, 'epochs': 100, 'layer1_units': 256, 'layer2_units': 64, 'layer3_units': 64, 'learning_rate': 0.0001}",3.71907272861857,0.865164637565613,4.81857061386108
Neural Network,Baseline,2,"{'batch_size': 64, 'epochs': 100, 'layer1_units': 256, 'layer2_units': 128, 'layer3_units': 32, 'learning_rate': 0.001}",2.56190846756579,0.936017394065857,4.87250065803528
Neural Network,Baseline,2,"{'batch_size': 64, 'epochs': 100, 'layer1_units': 256, 'layer2_units': 128, 'layer3_units': 32, 'learning_rate': 0.0001}",3.39028141372807,0.887951493263245,5.07327055931091
Neural Network,Baseline,2,"{'batch_size': 64, 'epochs': 100, 'layer1_units': 256, 'layer2_units': 128, 'layer3_units': 64, 'learning_rate': 0.001}",2.59347017915966,0.934431195259094,4.88034081459045
Neural Network,Baseline,2,"{'batch_size': 64, 'epochs': 100, 'layer1_units': 256, 'layer2_units': 128, 'layer3_units': 64, 'learning_rate': 0.0001}",3.49027809324886,0.88124430179596,4.88527488708496
Neural Network,Baseline,3,"{'batch_size': 32, 'epochs': 50, 'layer1_units': 128, 'layer2_units': 64, 'layer3_units': 32, 'learning_rate': 0.001}",6.2442719723439,0.738469064235687,4.15196466445923
Neural Network,Baseline,3,"{'batch_size': 32, 'epochs': 50, 'layer1_units': 128, 'layer2_units': 64, 'layer3_units': 32, 'learning_rate': 0.0001}",10.9376109090359,0.197575151920319,3.71749997138977
Neural Network,Baseline,3,"{'batch_size': 32, 'epochs': 50, 'layer1_units': 128, 'layer2_units': 64, 'layer3_units': 64, 'learning_rate': 0.001}",7.5555249039022,0.617097020149231,3.98686909675598
Neural Network,Baseline,3,"{'batch_size': 32, 'epochs': 50, 'layer1_units': 128, 'layer2_units': 64, 'layer3_units': 64, 'learning_rate': 0.0001}",14.6885310683638,-0.447158694267273,3.70166826248169
Neural Network,Baseline,3,"{'batch_size': 32, 'epochs': 50, 'layer1_units': 128, 'layer2_units': 128, 'layer3_units': 32, 'learning_rate': 0.001}",4.86105425604617,0.841503262519836,4.23866319656372
Neural Network,Baseline,3,"{'batch_size': 32, 'epochs': 50, 'layer1_units': 128, 'layer2_units': 128, 'layer3_units': 32, 'learning_rate': 0.0001}",12.9148576679724,-0.118764519691467,3.72118330001831
Neural Network,Baseline,3,"{'batch_size': 32, 'epochs': 50, 'layer1_units': 128, 'layer2_units': 128, 'layer3_units': 64, 'learning_rate': 0.001}",6.2661756620748,0.736631035804749,3.83664536476135
Neural Network,Baseline,3,"{'batch_size': 32, 'epochs': 50, 'layer1_units': 128, 'layer2_units': 128, 'layer3_units': 64, 'learning_rate': 0.0001}",12.0716890901909,0.0225478410720825,3.70654582977295
Neural Network,Baseline,3,"{'batch_size': 32, 'epochs': 50, 'layer1_units': 256, 'layer2_units': 64, 'layer3_units': 32, 'learning_rate': 0.001}",5.64898484824254,0.785957396030426,4.26756501197815
Neural Network,Baseline,3,"{'batch_size': 32, 'epochs': 50, 'layer1_units': 256, 'layer2_units': 64, 'layer3_units': 32, 'learning_rate': 0.0001}",12.0591890999373,0.0245710611343384,3.76373505592346
Neural Network,Baseline,3,"{'batch_size': 32, 'epochs': 50, 'layer1_units': 256, 'layer2_units': 64, 'layer3_units': 64, 'learning_rate': 0.001}",6.03874444555818,0.755402088165283,3.86450433731079
Neural Network,Baseline,3,"{'batch_size': 32, 'epochs': 50, 'layer1_units': 256, 'layer2_units': 64, 'layer3_units': 64, 'learning_rate': 0.0001}",14.2616657892402,-0.364268779754639,3.74836421012878
Neural Network,Baseline,3,"{'batch_size': 32, 'epochs': 50, 'layer1_units': 256, 'layer2_units': 128, 'layer3_units': 32, 'learning_rate': 0.001}",6.14001958837708,0.747129023075104,4.42746520042419
Neural Network,Baseline,3,"{'batch_size': 32, 'epochs': 50, 'layer1_units': 256, 'layer2_units': 128, 'layer3_units': 32, 'learning_rate': 0.0001}",14.9217819450633,-0.493484854698181,3.82801604270935
Neural Network,Baseline,3,"{'batch_size': 32, 'epochs': 50, 'layer1_units': 256, 'layer2_units': 128, 'layer3_units': 64, 'learning_rate': 0.001}",5.00124820387888,0.832229256629944,6.16037893295288
Neural Network,Baseline,3,"{'batch_size': 32, 'epochs': 50, 'layer1_units': 256, 'layer2_units': 128, 'layer3_units': 64, 'learning_rate': 0.0001}",13.2447574248517,-0.176650404930115,3.88753867149353
Neural Network,Baseline,3,"{'batch_size': 32, 'epochs': 100, 'layer1_units': 128, 'layer2_units': 64, 'layer3_units': 32, 'learning_rate': 0.001}",2.75058653385281,0.949253022670746,5.56860136985779
Neural Network,Baseline,3,"{'batch_size': 32, 'epochs': 100, 'layer1_units': 128, 'layer2_units': 64, 'layer3_units': 32, 'learning_rate': 0.0001}",13.5790610742497,-0.236798405647278,5.49971055984497
Neural Network,Baseline,3,"{'batch_size': 32, 'epochs': 100, 'layer1_units': 128, 'layer2_units': 64, 'layer3_units': 64, 'learning_rate': 0.001}",2.90057968396866,0.943567514419556,5.51673984527588
Neural Network,Baseline,3,"{'batch_size': 32, 'epochs': 100, 'layer1_units': 128, 'layer2_units': 64, 'layer3_units': 64, 'learning_rate': 0.0001}",13.8406496731195,-0.284909009933472,5.5014591217041
Neural Network,Baseline,3,"{'batch_size': 32, 'epochs': 100, 'layer1_units': 128, 'layer2_units': 128, 'layer3_units': 32, 'learning_rate': 0.001}",3.72284095201881,0.907037377357483,5.52398443222046
Neural Network,Baseline,3,"{'batch_size': 32, 'epochs': 100, 'layer1_units': 128, 'layer2_units': 128, 'layer3_units': 32, 'learning_rate': 0.0001}",13.3863254975796,-0.201938271522522,5.54622626304627
Neural Network,Baseline,3,"{'batch_size': 32, 'epochs': 100, 'layer1_units': 128, 'layer2_units': 128, 'layer3_units': 64, 'learning_rate': 0.001}",3.10913529742089,0.935160636901856,5.48811984062195
Neural Network,Baseline,3,"{'batch_size': 32, 'epochs': 100, 'layer1_units': 128, 'layer2_units': 128, 'layer3_units': 64, 'learning_rate': 0.0001}",8.7462747545752,0.486895680427551,5.49278402328491
Neural Network,Baseline,3,"{'batch_size': 32, 'epochs': 100, 'layer1_units': 256, 'layer2_units': 64, 'layer3_units': 32, 'learning_rate': 0.001}",2.74870902883987,0.949322283267975,5.54300928115845
Neural Network,Baseline,3,"{'batch_size': 32, 'epochs': 100, 'layer1_units': 256, 'layer2_units': 64, 'layer3_units': 32, 'learning_rate': 0.0001}",12.0621932390965,0.0240849852561951,5.54510188102722
Neural Network,Baseline,3,"{'batch_size': 32, 'epochs': 100, 'layer1_units': 256, 'layer2_units': 64, 'layer3_units': 64, 'learning_rate': 0.001}",2.40217949530572,0.961294710636139,5.52989363670349
Neural Network,Baseline,3,"{'batch_size': 32, 'epochs': 100, 'layer1_units': 256, 'layer2_units': 64, 'layer3_units': 64, 'learning_rate': 0.0001}",11.5149392657515,0.110629439353943,5.53809309005737
Neural Network,Baseline,3,"{'batch_size': 32, 'epochs': 100, 'layer1_units': 256, 'layer2_units': 128, 'layer3_units': 32, 'learning_rate': 0.001}",2.81964331636983,0.946672916412354,5.61059951782227
Neural Network,Baseline,3,"{'batch_size': 32, 'epochs': 100, 'layer1_units': 256, 'layer2_units': 128, 'layer3_units': 32, 'learning_rate': 0.0001}",13.03229619133,-0.139203548431396,5.59052848815918
Neural Network,Baseline,3,"{'batch_size': 32, 'epochs': 100, 'layer1_units': 256, 'layer2_units': 128, 'layer3_units': 64, 'learning_rate': 0.001}",2.51554235476627,0.95755535364151,5.61454439163208
Neural Network,Baseline,3,"{'batch_size': 32, 'epochs': 100, 'layer1_units': 256, 'layer2_units': 128, 'layer3_units': 64, 'learning_rate': 0.0001}",10.0137676831895,0.327403724193573,5.62258791923523
Neural Network,Baseline,3,"{'batch_size': 64, 'epochs': 50, 'layer1_units': 128, 'layer2_units': 64, 'layer3_units': 32, 'learning_rate': 0.001}",9.58129989501543,0.384244501590729,3.08497214317322
Neural Network,Baseline,3,"{'batch_size': 64, 'epochs': 50, 'layer1_units': 128, 'layer2_units': 64, 'layer3_units': 32, 'learning_rate': 0.0001}",9.78483930063035,0.357805132865906,3.07141804695129
Neural Network,Baseline,3,"{'batch_size': 64, 'epochs': 50, 'layer1_units': 128, 'layer2_units': 64, 'layer3_units': 64, 'learning_rate': 0.001}",5.1062319359524,0.82511180639267,3.04872584342957
Neural Network,Baseline,3,"{'batch_size': 64, 'epochs': 50, 'layer1_units': 128, 'layer2_units': 64, 'layer3_units': 64, 'learning_rate': 0.0001}",11.7654136040936,0.071517288684845,3.04196166992188
Neural Network,Baseline,3,"{'batch_size': 64, 'epochs': 50, 'layer1_units': 128, 'layer2_units': 128, 'layer3_units': 32, 'learning_rate': 0.001}",6.92019281548684,0.678784966468811,3.056960105896
Neural Network,Baseline,3,"{'batch_size': 64, 'epochs': 50, 'layer1_units': 128, 'layer2_units': 128, 'layer3_units': 32, 'learning_rate': 0.0001}",16.2441564763735,-0.769920587539673,3.09469962120056
Neural Network,Baseline,3,"{'batch_size': 64, 'epochs': 50, 'layer1_units': 128, 'layer2_units': 128, 'layer3_units': 64, 'learning_rate': 0.001}",8.35616039607555,0.531647384166718,3.05625009536743
Neural Network,Baseline,3,"{'batch_size': 64, 'epochs': 50, 'layer1_units': 128, 'layer2_units': 128, 'layer3_units': 64, 'learning_rate': 0.0001}",12.6041002171974,-0.0655727386474609,3.06708812713623
Neural Network,Baseline,3,"{'batch_size': 64, 'epochs': 50, 'layer1_units': 256, 'layer2_units': 64, 'layer3_units': 32, 'learning_rate': 0.001}",8.35131173252493,0.532190680503845,3.12414741516113
Neural Network,Baseline,3,"{'batch_size': 64, 'epochs': 50, 'layer1_units': 256, 'layer2_units': 64, 'layer3_units': 32, 'learning_rate': 0.0001}",10.9810037445265,0.191195547580719,3.14734411239624
Neural Network,Baseline,3,"{'batch_size': 64, 'epochs': 50, 'layer1_units': 256, 'layer2_units': 64, 'layer3_units': 64, 'learning_rate': 0.001}",8.67659948373061,0.495038151741028,3.12808752059937
Neural Network,Baseline,3,"{'batch_size': 64, 'epochs': 50, 'layer1_units': 256, 'layer2_units': 64, 'layer3_units': 64, 'learning_rate': 0.0001}",10.2310951626666,0.297892391681671,3.1411988735199
Neural Network,Baseline,3,"{'batch_size': 64, 'epochs': 50, 'layer1_units': 256, 'layer2_units': 128, 'layer3_units': 32, 'learning_rate': 0.001}",7.10764219524897,0.661147594451904,3.21799969673157
Neural Network,Baseline,3,"{'batch_size': 64, 'epochs': 50, 'layer1_units': 256, 'layer2_units': 128, 'layer3_units': 32, 'learning_rate': 0.0001}",12.9049772138369,-0.117053389549255,3.19440674781799
Neural Network,Baseline,3,"{'batch_size': 64, 'epochs': 50, 'layer1_units': 256, 'layer2_units': 128, 'layer3_units': 64, 'learning_rate': 0.001}",5.23828926057367,0.815948903560638,3.20197510719299
Neural Network,Baseline,3,"{'batch_size': 64, 'epochs': 50, 'layer1_units': 256, 'layer2_units': 128, 'layer3_units': 64, 'learning_rate': 0.0001}",13.2913019176091,-0.184934854507446,3.18851923942566
Neural Network,Baseline,3,"{'batch_size': 64, 'epochs': 100, 'layer1_units': 128, 'layer2_units': 64, 'layer3_units': 32, 'learning_rate': 0.001}",4.61047081287074,0.857422828674316,4.16418719291687
Neural Network,Baseline,3,"{'batch_size': 64, 'epochs': 100, 'layer1_units': 128, 'layer2_units': 64, 'layer3_units': 32, 'learning_rate': 0.0001}",11.6010258714275,0.0972817540168762,4.17543864250183
Neural Network,Baseline,3,"{'batch_size': 64, 'epochs': 100, 'layer1_units': 128, 'layer2_units': 64, 'layer3_units': 64, 'learning_rate': 0.001}",5.92992134286521,0.764138340950012,4.16151452064514
Neural Network,Baseline,3,"{'batch_size': 64, 'epochs': 100, 'layer1_units': 128, 'layer2_units': 64, 'layer3_units': 64, 'learning_rate': 0.0001}",12.6045027422696,-0.0656408071517944,4.16787576675415
Neural Network,Baseline,3,"{'batch_size': 64, 'epochs': 100, 'layer1_units': 128, 'layer2_units': 128, 'layer3_units': 32, 'learning_rate': 0.001}",8.92639109992654,0.465544879436493,4.17280697822571
Neural Network,Baseline,3,"{'batch_size': 64, 'epochs': 100, 'layer1_units': 128, 'layer2_units': 128, 'layer3_units': 32, 'learning_rate': 0.0001}",12.7522048539731,-0.0907620191574097,4.18946027755737
Neural Network,Baseline,3,"{'batch_size': 64, 'epochs': 100, 'layer1_units': 128, 'layer2_units': 128, 'layer3_units': 64, 'learning_rate': 0.001}",8.52097783669557,0.512989521026611,4.1779522895813
Neural Network,Baseline,3,"{'batch_size': 64, 'epochs': 100, 'layer1_units': 128, 'layer2_units': 128, 'layer3_units': 64, 'learning_rate': 0.0001}",11.8657087418035,0.055620014667511,4.19037866592407
Neural Network,Baseline,3,"{'batch_size': 64, 'epochs': 100, 'layer1_units': 256, 'layer2_units': 64, 'layer3_units': 32, 'learning_rate': 0.001}",2.69206276293025,0.95138955116272,6.885329246521
Neural Network,Baseline,3,"{'batch_size': 64, 'epochs': 100, 'layer1_units': 256, 'layer2_units': 64, 'layer3_units': 32, 'learning_rate': 0.0001}",13.2739795127344,-0.181848287582397,4.32759094238281
Neural Network,Baseline,3,"{'batch_size': 64, 'epochs': 100, 'layer1_units': 256, 'layer2_units': 64, 'layer3_units': 64, 'learning_rate': 0.001}",3.33915537382355,0.925211846828461,4.28239583969116
Neural Network,Baseline,3,"{'batch_size': 64, 'epochs': 100, 'layer1_units': 256, 'layer2_units': 64, 'layer3_units': 64, 'learning_rate': 0.0001}",13.8303698080825,-0.283001065254211,4.29806351661682
Neural Network,Baseline,3,"{'batch_size': 64, 'epochs': 100, 'layer1_units': 256, 'layer2_units': 128, 'layer3_units': 32, 'learning_rate': 0.001}",4.18680487030058,0.8824223279953,4.35414981842041
Neural Network,Baseline,3,"{'batch_size': 64, 'epochs': 100, 'layer1_units': 256, 'layer2_units': 128, 'layer3_units': 32, 'learning_rate': 0.0001}",15.3239160449965,-0.575066804885864,4.34229111671448
Neural Network,Baseline,3,"{'batch_size': 64, 'epochs': 100, 'layer1_units': 256, 'layer2_units': 128, 'layer3_units': 64, 'learning_rate': 0.001}",3.56553146146001,0.914727687835693,4.33440613746643
Neural Network,Baseline,3,"{'batch_size': 64, 'epochs': 100, 'layer1_units': 256, 'layer2_units': 128, 'layer3_units': 64, 'learning_rate': 0.0001}",14.7608659451994,-0.46144711971283,4.32056450843811
Neural Network,Baseline,4,"{'batch_size': 32, 'epochs': 50, 'layer1_units': 128, 'layer2_units': 64, 'layer3_units': 32, 'learning_rate': 0.001}",3.28818005392293,0.957537770271301,3.73365521430969
Neural Network,Baseline,4,"{'batch_size': 32, 'epochs': 50, 'layer1_units': 128, 'layer2_units': 64, 'layer3_units': 32, 'learning_rate': 0.0001}",5.80789330164316,0.867526531219482,3.72413659095764
Neural Network,Baseline,4,"{'batch_size': 32, 'epochs': 50, 'layer1_units': 128, 'layer2_units': 64, 'layer3_units': 64, 'learning_rate': 0.001}",3.29545034569739,0.95734977722168,3.72177529335022
Neural Network,Baseline,4,"{'batch_size': 32, 'epochs': 50, 'layer1_units': 128, 'layer2_units': 64, 'layer3_units': 64, 'learning_rate': 0.0001}",5.71063958055009,0.871925890445709,3.71695065498352
Neural Network,Baseline,4,"{'batch_size': 32, 'epochs': 50, 'layer1_units': 128, 'layer2_units': 128, 'layer3_units': 32, 'learning_rate': 0.001}",3.16730790589225,0.960602164268494,3.72457218170166
Neural Network,Baseline,4,"{'batch_size': 32, 'epochs': 50, 'layer1_units': 128, 'layer2_units': 128, 'layer3_units': 32, 'learning_rate': 0.0001}",5.61941250808616,0.875985145568848,3.74897003173828
Neural Network,Baseline,4,"{'batch_size': 32, 'epochs': 50, 'layer1_units': 128, 'layer2_units': 128, 'layer3_units': 64, 'learning_rate': 0.001}",3.13480715144808,0.961406588554382,3.71046328544617
Neural Network,Baseline,4,"{'batch_size': 32, 'epochs': 50, 'layer1_units': 128, 'layer2_units': 128, 'layer3_units': 64, 'learning_rate': 0.0001}",5.41928891996647,0.884660959243774,3.72380948066711
Neural Network,Baseline,4,"{'batch_size': 32, 'epochs': 50, 'layer1_units': 256, 'layer2_units': 64, 'layer3_units': 32, 'learning_rate': 0.001}",3.33708010543138,0.956265389919281,3.77279424667358
Neural Network,Baseline,4,"{'batch_size': 32, 'epochs': 50, 'layer1_units': 256, 'layer2_units': 64, 'layer3_units': 32, 'learning_rate': 0.0001}",5.73928032806222,0.870638012886047,3.75306057929993
Neural Network,Baseline,4,"{'batch_size': 32, 'epochs': 50, 'layer1_units': 256, 'layer2_units': 64, 'layer3_units': 64, 'learning_rate': 0.001}",3.1498290363723,0.961035788059235,3.74902367591858
Neural Network,Baseline,4,"{'batch_size': 32, 'epochs': 50, 'layer1_units': 256, 'layer2_units': 64, 'layer3_units': 64, 'learning_rate': 0.0001}",5.45251111616692,0.88324248790741,3.74485993385315
Neural Network,Baseline,4,"{'batch_size': 32, 'epochs': 50, 'layer1_units': 256, 'layer2_units': 128, 'layer3_units': 32, 'learning_rate': 0.001}",3.13012762912463,0.961521685123444,3.8390519618988
Neural Network,Baseline,4,"{'batch_size': 32, 'epochs': 50, 'layer1_units': 256, 'layer2_units': 128, 'layer3_units': 32, 'learning_rate': 0.0001}",4.98249977735796,0.902504086494446,3.84933662414551
Neural Network,Baseline,4,"{'batch_size': 32, 'epochs': 50, 'layer1_units': 256, 'layer2_units': 128, 'layer3_units': 64, 'learning_rate': 0.001}",2.93883273145756,0.966081142425537,3.81907081604004
Neural Network,Baseline,4,"{'batch_size': 32, 'epochs': 50, 'layer1_units': 256, 'layer2_units': 128, 'layer3_units': 64, 'learning_rate': 0.0001}",4.84910395888782,0.907654702663422,3.8198344707489
Neural Network,Baseline,4,"{'batch_size': 32, 'epochs': 100, 'layer1_units': 128, 'layer2_units': 64, 'layer3_units': 32, 'learning_rate': 0.001}",3.35046311778502,0.955913901329041,5.46064424514771
Neural Network,Baseline,4,"{'batch_size': 32, 'epochs': 100, 'layer1_units': 128, 'layer2_units': 64, 'layer3_units': 32, 'learning_rate': 0.0001}",4.92681152798394,0.904671311378479,5.48124885559082
Neural Network,Baseline,4,"{'batch_size': 32, 'epochs': 100, 'layer1_units': 128, 'layer2_units': 64, 'layer3_units': 64, 'learning_rate': 0.001}",3.44941436109222,0.953271448612213,5.46347284317017
Neural Network,Baseline,4,"{'batch_size': 32, 'epochs': 100, 'layer1_units': 128, 'layer2_units': 64, 'layer3_units': 64, 'learning_rate': 0.0001}",4.73483002241754,0.911955833435059,5.45785093307495
Neural Network,Baseline,4,"{'batch_size': 32, 'epochs': 100, 'layer1_units': 128, 'layer2_units': 128, 'layer3_units': 32, 'learning_rate': 0.001}",3.21075602294718,0.95951384305954,5.50969123840332
Neural Network,Baseline,4,"{'batch_size': 32, 'epochs': 100, 'layer1_units': 128, 'layer2_units': 128, 'layer3_units': 32, 'learning_rate': 0.0001}",4.4972985954206,0.92056804895401,5.49169206619263
Neural Network,Baseline,4,"{'batch_size': 32, 'epochs': 100, 'layer1_units': 128, 'layer2_units': 128, 'layer3_units': 64, 'learning_rate': 0.001}",3.18006253666836,0.960284233093262,5.48766565322876
Neural Network,Baseline,4,"{'batch_size': 32, 'epochs': 100, 'layer1_units': 128, 'layer2_units': 128, 'layer3_units': 64, 'learning_rate': 0.0001}",4.50334530568784,0.920354306697846,5.48057532310486
Neural Network,Baseline,4,"{'batch_size': 32, 'epochs': 100, 'layer1_units': 256, 'layer2_units': 64, 'layer3_units': 32, 'learning_rate': 0.001}",3.16234355434008,0.960725545883179,5.52412891387939
Neural Network,Baseline,4,"{'batch_size': 32, 'epochs': 100, 'layer1_units': 256, 'layer2_units': 64, 'layer3_units': 32, 'learning_rate': 0.0001}",4.71403237277258,0.91272759437561,5.52040576934814
Neural Network,Baseline,4,"{'batch_size': 32, 'epochs': 100, 'layer1_units': 256, 'layer2_units': 64, 'layer3_units': 64, 'learning_rate': 0.001}",3.17141645151815,0.960499882698059,5.51041889190674
Neural Network,Baseline,4,"{'batch_size': 32, 'epochs': 100, 'layer1_units': 256, 'layer2_units': 64, 'layer3_units': 64, 'learning_rate': 0.0001}",4.35156666397635,0.925632536411285,5.55358409881592
Neural Network,Baseline,4,"{'batch_size': 32, 'epochs': 100, 'layer1_units': 256, 'layer2_units': 128, 'layer3_units': 32, 'learning_rate': 0.001}",3.10528279833406,0.962130129337311,5.61008667945862
Neural Network,Baseline,4,"{'batch_size': 32, 'epochs': 100, 'layer1_units': 256, 'layer2_units': 128, 'layer3_units': 32, 'learning_rate': 0.0001}",4.29629834553851,0.927509546279907,5.59700798988342
Neural Network,Baseline,4,"{'batch_size': 32, 'epochs': 100, 'layer1_units': 256, 'layer2_units': 128, 'layer3_units': 64, 'learning_rate': 0.001}",3.21891132431923,0.959307909011841,5.60410284996033
Neural Network,Baseline,4,"{'batch_size': 32, 'epochs': 100, 'layer1_units': 256, 'layer2_units': 128, 'layer3_units': 64, 'learning_rate': 0.0001}",4.17264689758887,0.931622207164764,5.58660817146301
Neural Network,Baseline,4,"{'batch_size': 64, 'epochs': 50, 'layer1_units': 128, 'layer2_units': 64, 'layer3_units': 32, 'learning_rate': 0.001}",3.90664707454503,0.940062284469605,3.06572151184082
Neural Network,Baseline,4,"{'batch_size': 64, 'epochs': 50, 'layer1_units': 128, 'layer2_units': 64, 'layer3_units': 32, 'learning_rate': 0.0001}",6.92392095979724,0.811723530292511,3.08859276771545
Neural Network,Baseline,4,"{'batch_size': 64, 'epochs': 50, 'layer1_units': 128, 'layer2_units': 64, 'layer3_units': 64, 'learning_rate': 0.001}",3.75370313271536,0.944663524627686,3.07124042510986
Neural Network,Baseline,4,"{'batch_size': 64, 'epochs': 50, 'layer1_units': 128, 'layer2_units': 64, 'layer3_units': 64, 'learning_rate': 0.0001}",7.49523825482433,0.779370963573456,3.06397700309753
Neural Network,Baseline,4,"{'batch_size': 64, 'epochs': 50, 'layer1_units': 128, 'layer2_units': 128, 'layer3_units': 32, 'learning_rate': 0.001}",3.89165363731627,0.940521478652954,3.08465957641602
Neural Network,Baseline,4,"{'batch_size': 64, 'epochs': 50, 'layer1_units': 128, 'layer2_units': 128, 'layer3_units': 32, 'learning_rate': 0.0001}",7.18715501040257,0.797135591506958,3.08584570884705
Neural Network,Baseline,4,"{'batch_size': 64, 'epochs': 50, 'layer1_units': 128, 'layer2_units': 128, 'layer3_units': 64, 'learning_rate': 0.001}",3.66414669891763,0.947272479534149,3.05891346931458
Neural Network,Baseline,4,"{'batch_size': 64, 'epochs': 50, 'layer1_units': 128, 'layer2_units': 128, 'layer3_units': 64, 'learning_rate': 0.0001}",6.48548618585334,0.834812641143799,3.05806279182434
Neural Network,Baseline,4,"{'batch_size': 64, 'epochs': 50, 'layer1_units': 256, 'layer2_units': 64, 'layer3_units': 32, 'learning_rate': 0.001}",4.03314542936941,0.936117827892304,3.1569197177887
Neural Network,Baseline,4,"{'batch_size': 64, 'epochs': 50, 'layer1_units': 256, 'layer2_units': 64, 'layer3_units': 32, 'learning_rate': 0.0001}",6.96563432093014,0.809448182582855,6.32895445823669
Neural Network,Baseline,4,"{'batch_size': 64, 'epochs': 50, 'layer1_units': 256, 'layer2_units': 64, 'layer3_units': 64, 'learning_rate': 0.001}",3.76749345319416,0.944256186485291,3.20060467720032
Neural Network,Baseline,4,"{'batch_size': 64, 'epochs': 50, 'layer1_units': 256, 'layer2_units': 64, 'layer3_units': 64, 'learning_rate': 0.0001}",6.690876331268,0.824184238910675,3.20482277870178
Neural Network,Baseline,4,"{'batch_size': 64, 'epochs': 50, 'layer1_units': 256, 'layer2_units': 128, 'layer3_units': 32, 'learning_rate': 0.001}",3.89465282866429,0.940429747104645,3.23162031173706
Neural Network,Baseline,4,"{'batch_size': 64, 'epochs': 50, 'layer1_units': 256, 'layer2_units': 128, 'layer3_units': 32, 'learning_rate': 0.0001}",6.01966242860798,0.857689797878265,3.24283862113953
Neural Network,Baseline,4,"{'batch_size': 64, 'epochs': 50, 'layer1_units': 256, 'layer2_units': 128, 'layer3_units': 64, 'learning_rate': 0.001}",3.57105365965177,0.949917674064636,3.22649598121643
Neural Network,Baseline,4,"{'batch_size': 64, 'epochs': 50, 'layer1_units': 256, 'layer2_units': 128, 'layer3_units': 64, 'learning_rate': 0.0001}",6.15720789858888,0.851112067699432,3.21339273452759
Neural Network,Baseline,4,"{'batch_size': 64, 'epochs': 100, 'layer1_units': 128, 'layer2_units': 64, 'layer3_units': 32, 'learning_rate': 0.001}",3.76658181345289,0.944283127784729,4.19726514816284
Neural Network,Baseline,4,"{'batch_size': 64, 'epochs': 100, 'layer1_units': 128, 'layer2_units': 64, 'layer3_units': 32, 'learning_rate': 0.0001}",5.66207063575485,0.87409520149231,4.18325543403626
Neural Network,Baseline,4,"{'batch_size': 64, 'epochs': 100, 'layer1_units': 128, 'layer2_units': 64, 'layer3_units': 64, 'learning_rate': 0.001}",3.71278235906229,0.945863425731659,4.19276237487793
Neural Network,Baseline,4,"{'batch_size': 64, 'epochs': 100, 'layer1_units': 128, 'layer2_units': 64, 'layer3_units': 64, 'learning_rate': 0.0001}",5.32791665304708,0.888517498970032,4.1878867149353
Neural Network,Baseline,4,"{'batch_size': 64, 'epochs': 100, 'layer1_units': 128, 'layer2_units': 128, 'layer3_units': 32, 'learning_rate': 0.001}",3.53311027206625,0.950976312160492,4.19701910018921
Neural Network,Baseline,4,"{'batch_size': 64, 'epochs': 100, 'layer1_units': 128, 'layer2_units': 128, 'layer3_units': 32, 'learning_rate': 0.0001}",5.44790705819191,0.883439540863037,4.19445204734802
Neural Network,Baseline,4,"{'batch_size': 64, 'epochs': 100, 'layer1_units': 128, 'layer2_units': 128, 'layer3_units': 64, 'learning_rate': 0.001}",3.64805636978098,0.947734534740448,4.17541790008545
Neural Network,Baseline,4,"{'batch_size': 64, 'epochs': 100, 'layer1_units': 128, 'layer2_units': 128, 'layer3_units': 64, 'learning_rate': 0.0001}",4.72553316367902,0.912301242351532,4.18533062934876
Neural Network,Baseline,4,"{'batch_size': 64, 'epochs': 100, 'layer1_units': 256, 'layer2_units': 64, 'layer3_units': 32, 'learning_rate': 0.001}",3.71616806027191,0.945764660835266,4.24463319778442
Neural Network,Baseline,4,"{'batch_size': 64, 'epochs': 100, 'layer1_units': 256, 'layer2_units': 64, 'layer3_units': 32, 'learning_rate': 0.0001}",5.36353783156964,0.887021839618683,4.25075745582581
Neural Network,Baseline,4,"{'batch_size': 64, 'epochs': 100, 'layer1_units': 256, 'layer2_units': 64, 'layer3_units': 64, 'learning_rate': 0.001}",3.68051507475722,0.946800351142883,4.23080825805664
Neural Network,Baseline,4,"{'batch_size': 64, 'epochs': 100, 'layer1_units': 256, 'layer2_units': 64, 'layer3_units': 64, 'learning_rate': 0.0001}",4.89514127128073,0.905892908573151,4.25896716117859
Neural Network,Baseline,4,"{'batch_size': 64, 'epochs': 100, 'layer1_units': 256, 'layer2_units': 128, 'layer3_units': 32, 'learning_rate': 0.001}",3.67397426900642,0.946989238262177,4.3187198638916
Neural Network,Baseline,4,"{'batch_size': 64, 'epochs': 100, 'layer1_units': 256, 'layer2_units': 128, 'layer3_units': 32, 'learning_rate': 0.0001}",4.79026493080496,0.909882128238678,4.30364322662354
Neural Network,Baseline,4,"{'batch_size': 64, 'epochs': 100, 'layer1_units': 256, 'layer2_units': 128, 'layer3_units': 64, 'learning_rate': 0.001}",3.71050187615821,0.945929884910584,4.30212497711182
Neural Network,Baseline,4,"{'batch_size': 64, 'epochs': 100, 'layer1_units': 256, 'layer2_units': 128, 'layer3_units': 64, 'learning_rate': 0.0001}",4.5502292281876,0.918687343597412,4.29615688323975
Neural Network,Baseline,5,"{'batch_size': 32, 'epochs': 50, 'layer1_units': 128, 'layer2_units': 64, 'layer3_units': 32, 'learning_rate': 0.001}",2.24530025895617,0.969440817832947,3.71436738967896
Neural Network,Baseline,5,"{'batch_size': 32, 'epochs': 50, 'layer1_units': 128, 'layer2_units': 64, 'layer3_units': 32, 'learning_rate': 0.0001}",2.71709102132484,0.955249130725861,3.69343423843384
Neural Network,Baseline,5,"{'batch_size': 32, 'epochs': 50, 'layer1_units': 128, 'layer2_units': 64, 'layer3_units': 64, 'learning_rate': 0.001}",2.35723638555415,0.966317892074585,3.71408200263977
Neural Network,Baseline,5,"{'batch_size': 32, 'epochs': 50, 'layer1_units': 128, 'layer2_units': 64, 'layer3_units': 64, 'learning_rate': 0.0001}",2.73240800135528,0.954743146896362,3.71819186210632
Neural Network,Baseline,5,"{'batch_size': 32, 'epochs': 50, 'layer1_units': 128, 'layer2_units': 128, 'layer3_units': 32, 'learning_rate': 0.001}",2.16857637705311,0.971493601799011,3.72855877876282
Neural Network,Baseline,5,"{'batch_size': 32, 'epochs': 50, 'layer1_units': 128, 'layer2_units': 128, 'layer3_units': 32, 'learning_rate': 0.0001}",2.92355722562454,0.948189675807953,3.72922348976135
Neural Network,Baseline,5,"{'batch_size': 32, 'epochs': 50, 'layer1_units': 128, 'layer2_units': 128, 'layer3_units': 64, 'learning_rate': 0.001}",2.29386091665739,0.968104660511017,3.70550227165222
Neural Network,Baseline,5,"{'batch_size': 32, 'epochs': 50, 'layer1_units': 128, 'layer2_units': 128, 'layer3_units': 64, 'learning_rate': 0.0001}",2.54853467165462,0.960629224777222,3.71591567993164
Neural Network,Baseline,5,"{'batch_size': 32, 'epochs': 50, 'layer1_units': 256, 'layer2_units': 64, 'layer3_units': 32, 'learning_rate': 0.001}",2.14651314297004,0.972070693969727,3.75609683990479
Neural Network,Baseline,5,"{'batch_size': 32, 'epochs': 50, 'layer1_units': 256, 'layer2_units': 64, 'layer3_units': 32, 'learning_rate': 0.0001}",2.80670526970286,0.952248513698578,3.76133680343628
Neural Network,Baseline,5,"{'batch_size': 32, 'epochs': 50, 'layer1_units': 256, 'layer2_units': 64, 'layer3_units': 64, 'learning_rate': 0.001}",2.24718914356047,0.969389379024506,3.75812959671021
Neural Network,Baseline,5,"{'batch_size': 32, 'epochs': 50, 'layer1_units': 256, 'layer2_units': 64, 'layer3_units': 64, 'learning_rate': 0.0001}",2.80788390377154,0.952208399772644,3.75899863243103
Neural Network,Baseline,5,"{'batch_size': 32, 'epochs': 50, 'layer1_units': 256, 'layer2_units': 128, 'layer3_units': 32, 'learning_rate': 0.001}",2.14306323559019,0.972160398960114,3.8304443359375
Neural Network,Baseline,5,"{'batch_size': 32, 'epochs': 50, 'layer1_units': 256, 'layer2_units': 128, 'layer3_units': 32, 'learning_rate': 0.0001}",2.76024047481198,0.953816473484039,3.83718228340149
Neural Network,Baseline,5,"{'batch_size': 32, 'epochs': 50, 'layer1_units': 256, 'layer2_units': 128, 'layer3_units': 64, 'learning_rate': 0.001}",2.37031464447749,0.965943098068237,3.84169912338257
Neural Network,Baseline,5,"{'batch_size': 32, 'epochs': 50, 'layer1_units': 256, 'layer2_units': 128, 'layer3_units': 64, 'learning_rate': 0.0001}",2.85196747712883,0.950695991516113,3.84127449989319
Neural Network,Baseline,5,"{'batch_size': 32, 'epochs': 100, 'layer1_units': 128, 'layer2_units': 64, 'layer3_units': 32, 'learning_rate': 0.001}",2.89787611961565,0.949095904827118,5.47460722923279
Neural Network,Baseline,5,"{'batch_size': 32, 'epochs': 100, 'layer1_units': 128, 'layer2_units': 64, 'layer3_units': 32, 'learning_rate': 0.0001}",2.85064230925547,0.950741767883301,5.47691702842712
Neural Network,Baseline,5,"{'batch_size': 32, 'epochs': 100, 'layer1_units': 128, 'layer2_units': 64, 'layer3_units': 64, 'learning_rate': 0.001}",3.36233446926253,0.931470930576325,5.46205306053162
Neural Network,Baseline,5,"{'batch_size': 32, 'epochs': 100, 'layer1_units': 128, 'layer2_units': 64, 'layer3_units': 64, 'learning_rate': 0.0001}",2.85416525587804,0.950619995594025,5.49406313896179
Neural Network,Baseline,5,"{'batch_size': 32, 'epochs': 100, 'layer1_units': 128, 'layer2_units': 128, 'layer3_units': 32, 'learning_rate': 0.001}",3.25328426209427,0.935844004154205,5.52661848068237
Neural Network,Baseline,5,"{'batch_size': 32, 'epochs': 100, 'layer1_units': 128, 'layer2_units': 128, 'layer3_units': 32, 'learning_rate': 0.0001}",2.84918180399382,0.950792253017426,5.50379586219788
Neural Network,Baseline,5,"{'batch_size': 32, 'epochs': 100, 'layer1_units': 128, 'layer2_units': 128, 'layer3_units': 64, 'learning_rate': 0.001}",3.04168587944199,0.943918228149414,5.52564549446106
Neural Network,Baseline,5,"{'batch_size': 32, 'epochs': 100, 'layer1_units': 128, 'layer2_units': 128, 'layer3_units': 64, 'learning_rate': 0.0001}",2.94569795145456,0.947401940822601,5.48983359336853
Neural Network,Baseline,5,"{'batch_size': 32, 'epochs': 100, 'layer1_units': 256, 'layer2_units': 64, 'layer3_units': 32, 'learning_rate': 0.001}",3.1099360740936,0.941373229026794,5.54486632347107
Neural Network,Baseline,5,"{'batch_size': 32, 'epochs': 100, 'layer1_units': 256, 'layer2_units': 64, 'layer3_units': 32, 'learning_rate': 0.0001}",2.75608905832711,0.953955292701721,5.54772353172302
Neural Network,Baseline,5,"{'batch_size': 32, 'epochs': 100, 'layer1_units': 256, 'layer2_units': 64, 'layer3_units': 64, 'learning_rate': 0.001}",3.14174529634089,0.940167784690857,5.52459478378296
Neural Network,Baseline,5,"{'batch_size': 32, 'epochs': 100, 'layer1_units': 256, 'layer2_units': 64, 'layer3_units': 64, 'learning_rate': 0.0001}",2.8961773309,0.949155569076538,5.53090953826904
Neural Network,Baseline,5,"{'batch_size': 32, 'epochs': 100, 'layer1_units': 256, 'layer2_units': 128, 'layer3_units': 32, 'learning_rate': 0.001}",3.2357451996519,0.936533927917481,5.63008141517639
Neural Network,Baseline,5,"{'batch_size': 32, 'epochs': 100, 'layer1_units': 256, 'layer2_units': 128, 'layer3_units': 32, 'learning_rate': 0.0001}",2.79761303588932,0.952557384967804,5.63257169723511
Neural Network,Baseline,5,"{'batch_size': 32, 'epochs': 100, 'layer1_units': 256, 'layer2_units': 128, 'layer3_units': 64, 'learning_rate': 0.001}",3.51476782627525,0.925116419792175,5.61817789077759
Neural Network,Baseline,5,"{'batch_size': 32, 'epochs': 100, 'layer1_units': 256, 'layer2_units': 128, 'layer3_units': 64, 'learning_rate': 0.0001}",2.73893575424049,0.954526662826538,5.6063551902771
Neural Network,Baseline,5,"{'batch_size': 64, 'epochs': 50, 'layer1_units': 128, 'layer2_units': 64, 'layer3_units': 32, 'learning_rate': 0.001}",2.57585821201631,0.95978045463562,3.0852587223053
Neural Network,Baseline,5,"{'batch_size': 64, 'epochs': 50, 'layer1_units': 128, 'layer2_units': 64, 'layer3_units': 32, 'learning_rate': 0.0001}",4.1433324635127,0.895937860012054,3.08026647567749
Neural Network,Baseline,5,"{'batch_size': 64, 'epochs': 50, 'layer1_units': 128, 'layer2_units': 64, 'layer3_units': 64, 'learning_rate': 0.001}",2.53573747505315,0.961023569107056,3.06956839561462
Neural Network,Baseline,5,"{'batch_size': 64, 'epochs': 50, 'layer1_units': 128, 'layer2_units': 64, 'layer3_units': 64, 'learning_rate': 0.0001}",3.31963055956562,0.933200597763062,6.92544007301331
Neural Network,Baseline,5,"{'batch_size': 64, 'epochs': 50, 'layer1_units': 128, 'layer2_units': 128, 'layer3_units': 32, 'learning_rate': 0.001}",2.84405918326948,0.950969040393829,3.18829011917114
Neural Network,Baseline,5,"{'batch_size': 64, 'epochs': 50, 'layer1_units': 128, 'layer2_units': 128, 'layer3_units': 32, 'learning_rate': 0.0001}",3.30884768109452,0.933633863925934,3.12761163711548
Neural Network,Baseline,5,"{'batch_size': 64, 'epochs': 50, 'layer1_units': 128, 'layer2_units': 128, 'layer3_units': 64, 'learning_rate': 0.001}",2.68065490165215,0.956441283226013,3.11561679840088
Neural Network,Baseline,5,"{'batch_size': 64, 'epochs': 50, 'layer1_units': 128, 'layer2_units': 128, 'layer3_units': 64, 'learning_rate': 0.0001}",2.80075852133495,0.952450633049011,3.11071443557739
Neural Network,Baseline,5,"{'batch_size': 64, 'epochs': 50, 'layer1_units': 256, 'layer2_units': 64, 'layer3_units': 32, 'learning_rate': 0.001}",2.62181688501198,0.958332479000092,3.1940770149231
Neural Network,Baseline,5,"{'batch_size': 64, 'epochs': 50, 'layer1_units': 256, 'layer2_units': 64, 'layer3_units': 32, 'learning_rate': 0.0001}",3.43433428558847,0.928504586219788,3.16966676712036
Neural Network,Baseline,5,"{'batch_size': 64, 'epochs': 50, 'layer1_units': 256, 'layer2_units': 64, 'layer3_units': 64, 'learning_rate': 0.001}",2.50234236656148,0.962043464183807,3.15175175666809
Neural Network,Baseline,5,"{'batch_size': 64, 'epochs': 50, 'layer1_units': 256, 'layer2_units': 64, 'layer3_units': 64, 'learning_rate': 0.0001}",2.93871655534789,0.947650969028473,3.16111063957214
Neural Network,Baseline,5,"{'batch_size': 64, 'epochs': 50, 'layer1_units': 256, 'layer2_units': 128, 'layer3_units': 32, 'learning_rate': 0.001}",2.55590725865111,0.960401058197022,3.21545934677124
Neural Network,Baseline,5,"{'batch_size': 64, 'epochs': 50, 'layer1_units': 256, 'layer2_units': 128, 'layer3_units': 32, 'learning_rate': 0.0001}",2.74253273554054,0.954407155513763,3.21908211708069
Neural Network,Baseline,5,"{'batch_size': 64, 'epochs': 50, 'layer1_units': 256, 'layer2_units': 128, 'layer3_units': 64, 'learning_rate': 0.001}",2.52525108524243,0.961345314979553,3.215500831604
Neural Network,Baseline,5,"{'batch_size': 64, 'epochs': 50, 'layer1_units': 256, 'layer2_units': 128, 'layer3_units': 64, 'learning_rate': 0.0001}",2.83376580098058,0.951323330402374,3.2978982925415
Neural Network,Baseline,5,"{'batch_size': 64, 'epochs': 100, 'layer1_units': 128, 'layer2_units': 64, 'layer3_units': 32, 'learning_rate': 0.001}",3.25680870490863,0.935704946517944,4.19964933395386
Neural Network,Baseline,5,"{'batch_size': 64, 'epochs': 100, 'layer1_units': 128, 'layer2_units': 64, 'layer3_units': 32, 'learning_rate': 0.0001}",2.83566408967419,0.951258063316345,4.1780891418457
Neural Network,Baseline,5,"{'batch_size': 64, 'epochs': 100, 'layer1_units': 128, 'layer2_units': 64, 'layer3_units': 64, 'learning_rate': 0.001}",3.44705550550321,0.927973926067352,4.21509146690369
Neural Network,Baseline,5,"{'batch_size': 64, 'epochs': 100, 'layer1_units': 128, 'layer2_units': 64, 'layer3_units': 64, 'learning_rate': 0.0001}",2.76218981144922,0.95375120639801,4.17901206016541
Neural Network,Baseline,5,"{'batch_size': 64, 'epochs': 100, 'layer1_units': 128, 'layer2_units': 128, 'layer3_units': 32, 'learning_rate': 0.001}",3.38472941930109,0.930554986000061,4.2110915184021
Neural Network,Baseline,5,"{'batch_size': 64, 'epochs': 100, 'layer1_units': 128, 'layer2_units': 128, 'layer3_units': 32, 'learning_rate': 0.0001}",2.98737236612205,0.945903182029724,4.19718456268311
Neural Network,Baseline,5,"{'batch_size': 64, 'epochs': 100, 'layer1_units': 128, 'layer2_units': 128, 'layer3_units': 64, 'learning_rate': 0.001}",3.50561345760073,0.925505995750427,4.18841505050659
Neural Network,Baseline,5,"{'batch_size': 64, 'epochs': 100, 'layer1_units': 128, 'layer2_units': 128, 'layer3_units': 64, 'learning_rate': 0.0001}",2.82428712880785,0.951648414134979,4.19988322257996
Neural Network,Baseline,5,"{'batch_size': 64, 'epochs': 100, 'layer1_units': 256, 'layer2_units': 64, 'layer3_units': 32, 'learning_rate': 0.001}",3.23488240707789,0.936567723751068,4.26585006713867
Neural Network,Baseline,5,"{'batch_size': 64, 'epochs': 100, 'layer1_units': 256, 'layer2_units': 64, 'layer3_units': 32, 'learning_rate': 0.0001}",2.82835336679959,0.951509058475494,4.27764558792114
Neural Network,Baseline,5,"{'batch_size': 64, 'epochs': 100, 'layer1_units': 256, 'layer2_units': 64, 'layer3_units': 64, 'learning_rate': 0.001}",3.44906681542672,0.927889883518219,4.2334361076355
Neural Network,Baseline,5,"{'batch_size': 64, 'epochs': 100, 'layer1_units': 256, 'layer2_units': 64, 'layer3_units': 64, 'learning_rate': 0.0001}",2.82682475343724,0.951561450958252,4.2453875541687
Neural Network,Baseline,5,"{'batch_size': 64, 'epochs': 100, 'layer1_units': 256, 'layer2_units': 128, 'layer3_units': 32, 'learning_rate': 0.001}",3.14280253214269,0.940127491950989,4.33191585540772
Neural Network,Baseline,5,"{'batch_size': 64, 'epochs': 100, 'layer1_units': 256, 'layer2_units': 128, 'layer3_units': 32, 'learning_rate': 0.0001}",3.02570551692032,0.944505929946899,4.31017470359802
Neural Network,Baseline,5,"{'batch_size': 64, 'epochs': 100, 'layer1_units': 256, 'layer2_units': 128, 'layer3_units': 64, 'learning_rate': 0.001}",3.28480976105479,0.934594631195068,4.29953598976135
Neural Network,Baseline,5,"{'batch_size': 64, 'epochs': 100, 'layer1_units': 256, 'layer2_units': 128, 'layer3_units': 64, 'learning_rate': 0.0001}",2.86744061010264,0.950159549713135,4.30599451065064
Neural Network,Baseline,6,"{'batch_size': 32, 'epochs': 50, 'layer1_units': 128, 'layer2_units': 64, 'layer3_units': 32, 'learning_rate': 0.001}",5.74019483388474,0.826536655426025,3.70750021934509
Neural Network,Baseline,6,"{'batch_size': 32, 'epochs': 50, 'layer1_units': 128, 'layer2_units': 64, 'layer3_units': 32, 'learning_rate': 0.0001}",4.24132415247954,0.905298411846161,3.70673871040344
Neural Network,Baseline,6,"{'batch_size': 32, 'epochs': 50, 'layer1_units': 128, 'layer2_units': 64, 'layer3_units': 64, 'learning_rate': 0.001}",5.79201548598522,0.823390603065491,3.71441674232483
Neural Network,Baseline,6,"{'batch_size': 32, 'epochs': 50, 'layer1_units': 128, 'layer2_units': 64, 'layer3_units': 64, 'learning_rate': 0.0001}",4.88350366202051,0.874449789524078,3.71442246437073
Neural Network,Baseline,6,"{'batch_size': 32, 'epochs': 50, 'layer1_units': 128, 'layer2_units': 128, 'layer3_units': 32, 'learning_rate': 0.001}",6.02824429739556,0.808690667152405,3.74151635169983
Neural Network,Baseline,6,"{'batch_size': 32, 'epochs': 50, 'layer1_units': 128, 'layer2_units': 128, 'layer3_units': 32, 'learning_rate': 0.0001}",4.4864935041079,0.894033491611481,3.75215077400208
Neural Network,Baseline,6,"{'batch_size': 32, 'epochs': 50, 'layer1_units': 128, 'layer2_units': 128, 'layer3_units': 64, 'learning_rate': 0.001}",6.48182896646373,0.778818130493164,3.71505331993103
Neural Network,Baseline,6,"{'batch_size': 32, 'epochs': 50, 'layer1_units': 128, 'layer2_units': 128, 'layer3_units': 64, 'learning_rate': 0.0001}",4.58294278417135,0.889428496360779,3.69842195510864
Neural Network,Baseline,6,"{'batch_size': 32, 'epochs': 50, 'layer1_units': 256, 'layer2_units': 64, 'layer3_units': 32, 'learning_rate': 0.001}",6.25978390695458,0.793712377548218,3.75638222694397
Neural Network,Baseline,6,"{'batch_size': 32, 'epochs': 50, 'layer1_units': 256, 'layer2_units': 64, 'layer3_units': 32, 'learning_rate': 0.0001}",4.63327502664521,0.886986434459686,3.7826623916626
Neural Network,Baseline,6,"{'batch_size': 32, 'epochs': 50, 'layer1_units': 256, 'layer2_units': 64, 'layer3_units': 64, 'learning_rate': 0.001}",6.09484696907281,0.804440021514893,3.76108551025391
Neural Network,Baseline,6,"{'batch_size': 32, 'epochs': 50, 'layer1_units': 256, 'layer2_units': 64, 'layer3_units': 64, 'learning_rate': 0.0001}",4.58402473552215,0.889376282691956,3.75988984107971
Neural Network,Baseline,6,"{'batch_size': 32, 'epochs': 50, 'layer1_units': 256, 'layer2_units': 128, 'layer3_units': 32, 'learning_rate': 0.001}",6.31142665689086,0.790294647216797,3.82992219924927
Neural Network,Baseline,6,"{'batch_size': 32, 'epochs': 50, 'layer1_units': 256, 'layer2_units': 128, 'layer3_units': 32, 'learning_rate': 0.0001}",4.74842205942599,0.881299376487732,3.85002851486206
Neural Network,Baseline,6,"{'batch_size': 32, 'epochs': 50, 'layer1_units': 256, 'layer2_units': 128, 'layer3_units': 64, 'learning_rate': 0.001}",6.21921403390034,0.796377658843994,3.82494330406189
Neural Network,Baseline,6,"{'batch_size': 32, 'epochs': 50, 'layer1_units': 256, 'layer2_units': 128, 'layer3_units': 64, 'learning_rate': 0.0001}",5.02190825588417,0.867232441902161,3.83688879013062
Neural Network,Baseline,6,"{'batch_size': 32, 'epochs': 100, 'layer1_units': 128, 'layer2_units': 64, 'layer3_units': 32, 'learning_rate': 0.001}",6.01953917149463,0.809242844581604,5.47256398200989
Neural Network,Baseline,6,"{'batch_size': 32, 'epochs': 100, 'layer1_units': 128, 'layer2_units': 64, 'layer3_units': 32, 'learning_rate': 0.0001}",5.02966150832297,0.866822183132172,5.48743844032288
Neural Network,Baseline,6,"{'batch_size': 32, 'epochs': 100, 'layer1_units': 128, 'layer2_units': 64, 'layer3_units': 64, 'learning_rate': 0.001}",6.15087749144745,0.800827860832214,5.48346495628357
Neural Network,Baseline,6,"{'batch_size': 32, 'epochs': 100, 'layer1_units': 128, 'layer2_units': 64, 'layer3_units': 64, 'learning_rate': 0.0001}",5.08987354143958,0.863614439964294,5.48407864570618
Neural Network,Baseline,6,"{'batch_size': 32, 'epochs': 100, 'layer1_units': 128, 'layer2_units': 128, 'layer3_units': 32, 'learning_rate': 0.001}",6.44988474188444,0.780992805957794,5.50792527198792
Neural Network,Baseline,6,"{'batch_size': 32, 'epochs': 100, 'layer1_units': 128, 'layer2_units': 128, 'layer3_units': 32, 'learning_rate': 0.0001}",5.48881503187178,0.841396927833557,5.52587699890137
Neural Network,Baseline,6,"{'batch_size': 32, 'epochs': 100, 'layer1_units': 128, 'layer2_units': 128, 'layer3_units': 64, 'learning_rate': 0.001}",6.48291675762379,0.778743863105774,5.46907949447632
Neural Network,Baseline,6,"{'batch_size': 32, 'epochs': 100, 'layer1_units': 128, 'layer2_units': 128, 'layer3_units': 64, 'learning_rate': 0.0001}",5.38126699907939,0.847551345825195,5.52000594139099
Neural Network,Baseline,6,"{'batch_size': 32, 'epochs': 100, 'layer1_units': 256, 'layer2_units': 64, 'layer3_units': 32, 'learning_rate': 0.001}",6.22219308588987,0.796182513237,5.53565692901611
Neural Network,Baseline,6,"{'batch_size': 32, 'epochs': 100, 'layer1_units': 256, 'layer2_units': 64, 'layer3_units': 32, 'learning_rate': 0.0001}",5.11327397613358,0.862357497215271,5.51809906959534
Neural Network,Baseline,6,"{'batch_size': 32, 'epochs': 100, 'layer1_units': 256, 'layer2_units': 64, 'layer3_units': 64, 'learning_rate': 0.001}",6.5036006638045,0.777329802513123,5.52139902114868
Neural Network,Baseline,6,"{'batch_size': 32, 'epochs': 100, 'layer1_units': 256, 'layer2_units': 64, 'layer3_units': 64, 'learning_rate': 0.0001}",5.48966946133169,0.841347515583038,5.53490209579468
Neural Network,Baseline,6,"{'batch_size': 32, 'epochs': 100, 'layer1_units': 256, 'layer2_units': 128, 'layer3_units': 32, 'learning_rate': 0.001}",6.712372631946,0.762804448604584,5.6519455909729
Neural Network,Baseline,6,"{'batch_size': 32, 'epochs': 100, 'layer1_units': 256, 'layer2_units': 128, 'layer3_units': 32, 'learning_rate': 0.0001}",5.38639457673265,0.847260713577271,5.61385560035706
Neural Network,Baseline,6,"{'batch_size': 32, 'epochs': 100, 'layer1_units': 256, 'layer2_units': 128, 'layer3_units': 64, 'learning_rate': 0.001}",6.5484972562182,0.774244844913483,5.63169050216675
Neural Network,Baseline,6,"{'batch_size': 32, 'epochs': 100, 'layer1_units': 256, 'layer2_units': 128, 'layer3_units': 64, 'learning_rate': 0.0001}",5.19033184659077,0.858177661895752,5.62236523628235
Neural Network,Baseline,6,"{'batch_size': 64, 'epochs': 50, 'layer1_units': 128, 'layer2_units': 64, 'layer3_units': 32, 'learning_rate': 0.001}",5.26806294406371,0.853897929191589,3.09878039360046
Neural Network,Baseline,6,"{'batch_size': 64, 'epochs': 50, 'layer1_units': 128, 'layer2_units': 64, 'layer3_units': 32, 'learning_rate': 0.0001}",4.27422608626107,0.903823375701904,3.06693959236145
Neural Network,Baseline,6,"{'batch_size': 64, 'epochs': 50, 'layer1_units': 128, 'layer2_units': 64, 'layer3_units': 64, 'learning_rate': 0.001}",5.56139971534354,0.837174415588379,3.07144856452942
Neural Network,Baseline,6,"{'batch_size': 64, 'epochs': 50, 'layer1_units': 128, 'layer2_units': 64, 'layer3_units': 64, 'learning_rate': 0.0001}",4.07574463576136,0.912548303604126,3.06154489517212
Neural Network,Baseline,6,"{'batch_size': 64, 'epochs': 50, 'layer1_units': 128, 'layer2_units': 128, 'layer3_units': 32, 'learning_rate': 0.001}",5.32554819213505,0.8506920337677,3.08707737922668
Neural Network,Baseline,6,"{'batch_size': 64, 'epochs': 50, 'layer1_units': 128, 'layer2_units': 128, 'layer3_units': 32, 'learning_rate': 0.0001}",4.32434886815864,0.901554524898529,3.08362293243408
Neural Network,Baseline,6,"{'batch_size': 64, 'epochs': 50, 'layer1_units': 128, 'layer2_units': 128, 'layer3_units': 64, 'learning_rate': 0.001}",5.86734223955401,0.818767011165619,3.07498073577881
Neural Network,Baseline,6,"{'batch_size': 64, 'epochs': 50, 'layer1_units': 128, 'layer2_units': 128, 'layer3_units': 64, 'learning_rate': 0.0001}",4.15260258152321,0.909218966960907,3.07483005523682
Neural Network,Baseline,6,"{'batch_size': 64, 'epochs': 50, 'layer1_units': 256, 'layer2_units': 64, 'layer3_units': 32, 'learning_rate': 0.001}",5.75341131771156,0.825736999511719,7.81280159950256
Neural Network,Baseline,6,"{'batch_size': 64, 'epochs': 50, 'layer1_units': 256, 'layer2_units': 64, 'layer3_units': 32, 'learning_rate': 0.0001}",4.05104963099602,0.91360479593277,3.2746787071228
Neural Network,Baseline,6,"{'batch_size': 64, 'epochs': 50, 'layer1_units': 256, 'layer2_units': 64, 'layer3_units': 64, 'learning_rate': 0.001}",5.16675288630912,0.859463274478912,3.23140525817871
Neural Network,Baseline,6,"{'batch_size': 64, 'epochs': 50, 'layer1_units': 256, 'layer2_units': 64, 'layer3_units': 64, 'learning_rate': 0.0001}",4.07573761612282,0.91254860162735,3.21176624298096
Neural Network,Baseline,6,"{'batch_size': 64, 'epochs': 50, 'layer1_units': 256, 'layer2_units': 128, 'layer3_units': 32, 'learning_rate': 0.001}",5.35376038351929,0.849105894565582,3.26023650169373
Neural Network,Baseline,6,"{'batch_size': 64, 'epochs': 50, 'layer1_units': 256, 'layer2_units': 128, 'layer3_units': 32, 'learning_rate': 0.0001}",4.05099501455015,0.913607120513916,3.23910260200501
Neural Network,Baseline,6,"{'batch_size': 64, 'epochs': 50, 'layer1_units': 256, 'layer2_units': 128, 'layer3_units': 64, 'learning_rate': 0.001}",5.83636791679595,0.820675492286682,3.24433851242065
Neural Network,Baseline,6,"{'batch_size': 64, 'epochs': 50, 'layer1_units': 256, 'layer2_units': 128, 'layer3_units': 64, 'learning_rate': 0.0001}",4.1377837023321,0.909865736961365,3.2577691078186
Neural Network,Baseline,6,"{'batch_size': 64, 'epochs': 100, 'layer1_units': 128, 'layer2_units': 64, 'layer3_units': 32, 'learning_rate': 0.001}",5.77671182205739,0.824322640895844,4.24365019798279
Neural Network,Baseline,6,"{'batch_size': 64, 'epochs': 100, 'layer1_units': 128, 'layer2_units': 64, 'layer3_units': 32, 'learning_rate': 0.0001}",4.38817117888147,0.898627161979675,4.2224326133728
Neural Network,Baseline,6,"{'batch_size': 64, 'epochs': 100, 'layer1_units': 128, 'layer2_units': 64, 'layer3_units': 64, 'learning_rate': 0.001}",5.80665146473509,0.822496891021729,4.18225264549255
Neural Network,Baseline,6,"{'batch_size': 64, 'epochs': 100, 'layer1_units': 128, 'layer2_units': 64, 'layer3_units': 64, 'learning_rate': 0.0001}",4.95301448085,0.870850205421448,4.21217465400696
Neural Network,Baseline,6,"{'batch_size': 64, 'epochs': 100, 'layer1_units': 128, 'layer2_units': 128, 'layer3_units': 32, 'learning_rate': 0.001}",5.52877200379932,0.8390793800354,4.20827341079712
Neural Network,Baseline,6,"{'batch_size': 64, 'epochs': 100, 'layer1_units': 128, 'layer2_units': 128, 'layer3_units': 32, 'learning_rate': 0.0001}",4.88682452361045,0.874278962612152,4.19315242767334
Neural Network,Baseline,6,"{'batch_size': 64, 'epochs': 100, 'layer1_units': 128, 'layer2_units': 128, 'layer3_units': 64, 'learning_rate': 0.001}",5.88353936516327,0.8177649974823,4.18986392021179
Neural Network,Baseline,6,"{'batch_size': 64, 'epochs': 100, 'layer1_units': 128, 'layer2_units': 128, 'layer3_units': 64, 'learning_rate': 0.0001}",4.81806940598652,0.87779176235199,4.18903756141663
Neural Network,Baseline,6,"{'batch_size': 64, 'epochs': 100, 'layer1_units': 256, 'layer2_units': 64, 'layer3_units': 32, 'learning_rate': 0.001}",5.7184194667329,0.827850222587585,4.27938628196716
Neural Network,Baseline,6,"{'batch_size': 64, 'epochs': 100, 'layer1_units': 256, 'layer2_units': 64, 'layer3_units': 32, 'learning_rate': 0.0001}",4.80079714195905,0.878666400909424,4.26849222183228
Neural Network,Baseline,6,"{'batch_size': 64, 'epochs': 100, 'layer1_units': 256, 'layer2_units': 64, 'layer3_units': 64, 'learning_rate': 0.001}",5.71615892088716,0.827986299991608,4.26843357086182
Neural Network,Baseline,6,"{'batch_size': 64, 'epochs': 100, 'layer1_units': 256, 'layer2_units': 64, 'layer3_units': 64, 'learning_rate': 0.0001}",4.93162109371132,0.871963500976563,4.25846028327942
Neural Network,Baseline,6,"{'batch_size': 64, 'epochs': 100, 'layer1_units': 256, 'layer2_units': 128, 'layer3_units': 32, 'learning_rate': 0.001}",5.68089162034014,0.830102324485779,4.33066487312317
Neural Network,Baseline,6,"{'batch_size': 64, 'epochs': 100, 'layer1_units': 256, 'layer2_units': 128, 'layer3_units': 32, 'learning_rate': 0.0001}",5.10166905337135,0.862981557846069,4.33398246765137
Neural Network,Baseline,6,"{'batch_size': 64, 'epochs': 100, 'layer1_units': 256, 'layer2_units': 128, 'layer3_units': 64, 'learning_rate': 0.001}",5.84288989586532,0.820274472236633,4.35843753814697
Neural Network,Baseline,6,"{'batch_size': 64, 'epochs': 100, 'layer1_units': 256, 'layer2_units': 128, 'layer3_units': 64, 'learning_rate': 0.0001}",5.10138957970482,0.862996578216553,4.33647227287293
Neural Network,Baseline,7,"{'batch_size': 32, 'epochs': 50, 'layer1_units': 128, 'layer2_units': 64, 'layer3_units': 32, 'learning_rate': 0.001}",1.54404552889686,0.985425114631653,3.70879149436951
Neural Network,Baseline,7,"{'batch_size': 32, 'epochs': 50, 'layer1_units': 128, 'layer2_units': 64, 'layer3_units': 32, 'learning_rate': 0.0001}",4.00160304372581,0.902106702327728,3.72894024848938
Neural Network,Baseline,7,"{'batch_size': 32, 'epochs': 50, 'layer1_units': 128, 'layer2_units': 64, 'layer3_units': 64, 'learning_rate': 0.001}",1.54315547537578,0.98544192314148,3.7155818939209
Neural Network,Baseline,7,"{'batch_size': 32, 'epochs': 50, 'layer1_units': 128, 'layer2_units': 64, 'layer3_units': 64, 'learning_rate': 0.0001}",3.74875187765992,0.914087116718292,3.72252988815308
Neural Network,Baseline,7,"{'batch_size': 32, 'epochs': 50, 'layer1_units': 128, 'layer2_units': 128, 'layer3_units': 32, 'learning_rate': 0.001}",1.44455538327744,0.987242877483368,3.73197460174561
Neural Network,Baseline,7,"{'batch_size': 32, 'epochs': 50, 'layer1_units': 128, 'layer2_units': 128, 'layer3_units': 32, 'learning_rate': 0.0001}",3.65698143579383,0.91824197769165,3.7478518486023
Neural Network,Baseline,7,"{'batch_size': 32, 'epochs': 50, 'layer1_units': 128, 'layer2_units': 128, 'layer3_units': 64, 'learning_rate': 0.001}",1.45796570458389,0.98700487613678,3.7203733921051
Neural Network,Baseline,7,"{'batch_size': 32, 'epochs': 50, 'layer1_units': 128, 'layer2_units': 128, 'layer3_units': 64, 'learning_rate': 0.0001}",2.88807408954762,0.949008047580719,3.72605872154236
Neural Network,Baseline,7,"{'batch_size': 32, 'epochs': 50, 'layer1_units': 256, 'layer2_units': 64, 'layer3_units': 32, 'learning_rate': 0.001}",1.44936474992649,0.987157762050629,3.76699137687683
Neural Network,Baseline,7,"{'batch_size': 32, 'epochs': 50, 'layer1_units': 256, 'layer2_units': 64, 'layer3_units': 32, 'learning_rate': 0.0001}",3.79068141055608,0.912154495716095,3.78713417053223
Neural Network,Baseline,7,"{'batch_size': 32, 'epochs': 50, 'layer1_units': 256, 'layer2_units': 64, 'layer3_units': 64, 'learning_rate': 0.001}",1.38583208132603,0.988258957862854,3.7780818939209
Neural Network,Baseline,7,"{'batch_size': 32, 'epochs': 50, 'layer1_units': 256, 'layer2_units': 64, 'layer3_units': 64, 'learning_rate': 0.0001}",3.18586090429857,0.937950491905212,3.78053283691406
Neural Network,Baseline,7,"{'batch_size': 32, 'epochs': 50, 'layer1_units': 256, 'layer2_units': 128, 'layer3_units': 32, 'learning_rate': 0.001}",1.3094593430624,0.989517390727997,3.83620548248291
Neural Network,Baseline,7,"{'batch_size': 32, 'epochs': 50, 'layer1_units': 256, 'layer2_units': 128, 'layer3_units': 32, 'learning_rate': 0.0001}",3.17598754663212,0.938334465026856,3.85406684875488
Neural Network,Baseline,7,"{'batch_size': 32, 'epochs': 50, 'layer1_units': 256, 'layer2_units': 128, 'layer3_units': 64, 'learning_rate': 0.001}",1.33398987083364,0.989120960235596,3.83834791183472
Neural Network,Baseline,7,"{'batch_size': 32, 'epochs': 50, 'layer1_units': 256, 'layer2_units': 128, 'layer3_units': 64, 'learning_rate': 0.0001}",2.45554499712592,0.963137865066528,3.82389664649963
Neural Network,Baseline,7,"{'batch_size': 32, 'epochs': 100, 'layer1_units': 128, 'layer2_units': 64, 'layer3_units': 32, 'learning_rate': 0.001}",1.70109535159045,0.982309401035309,5.46887302398682
Neural Network,Baseline,7,"{'batch_size': 32, 'epochs': 100, 'layer1_units': 128, 'layer2_units': 64, 'layer3_units': 32, 'learning_rate': 0.0001}",2.72039149047526,0.954757392406464,5.50652599334717
Neural Network,Baseline,7,"{'batch_size': 32, 'epochs': 100, 'layer1_units': 128, 'layer2_units': 64, 'layer3_units': 64, 'learning_rate': 0.001}",1.58905692160498,0.984562993049622,5.47287249565125
Neural Network,Baseline,7,"{'batch_size': 32, 'epochs': 100, 'layer1_units': 128, 'layer2_units': 64, 'layer3_units': 64, 'learning_rate': 0.0001}",2.14299192231792,0.971924602985382,5.47528314590454
Neural Network,Baseline,7,"{'batch_size': 32, 'epochs': 100, 'layer1_units': 128, 'layer2_units': 128, 'layer3_units': 32, 'learning_rate': 0.001}",1.63298727313921,0.983697652816773,5.52608990669251
Neural Network,Baseline,7,"{'batch_size': 32, 'epochs': 100, 'layer1_units': 128, 'layer2_units': 128, 'layer3_units': 32, 'learning_rate': 0.0001}",2.09822469784087,0.973085343837738,5.51989531517029
Neural Network,Baseline,7,"{'batch_size': 32, 'epochs': 100, 'layer1_units': 128, 'layer2_units': 128, 'layer3_units': 64, 'learning_rate': 0.001}",1.53425622235597,0.985609352588654,5.49699926376343
Neural Network,Baseline,7,"{'batch_size': 32, 'epochs': 100, 'layer1_units': 128, 'layer2_units': 128, 'layer3_units': 64, 'learning_rate': 0.0001}",1.81837202778644,0.979786098003388,5.48998785018921
Neural Network,Baseline,7,"{'batch_size': 32, 'epochs': 100, 'layer1_units': 256, 'layer2_units': 64, 'layer3_units': 32, 'learning_rate': 0.001}",1.54651313941916,0.985378503799439,5.55045914649963
Neural Network,Baseline,7,"{'batch_size': 32, 'epochs': 100, 'layer1_units': 256, 'layer2_units': 64, 'layer3_units': 32, 'learning_rate': 0.0001}",1.96931715773489,0.976290822029114,5.54610681533814
Neural Network,Baseline,7,"{'batch_size': 32, 'epochs': 100, 'layer1_units': 256, 'layer2_units': 64, 'layer3_units': 64, 'learning_rate': 0.001}",1.49471735575737,0.98634147644043,5.53389978408814
Neural Network,Baseline,7,"{'batch_size': 32, 'epochs': 100, 'layer1_units': 256, 'layer2_units': 64, 'layer3_units': 64, 'learning_rate': 0.0001}",2.00974391558519,0.975307404994965,5.53320598602295
Neural Network,Baseline,7,"{'batch_size': 32, 'epochs': 100, 'layer1_units': 256, 'layer2_units': 128, 'layer3_units': 32, 'learning_rate': 0.001}",1.49420317475282,0.986350893974304,5.62686371803284
Neural Network,Baseline,7,"{'batch_size': 32, 'epochs': 100, 'layer1_units': 256, 'layer2_units': 128, 'layer3_units': 32, 'learning_rate': 0.0001}",1.85607058753006,0.978939235210419,5.63284492492676
Neural Network,Baseline,7,"{'batch_size': 32, 'epochs': 100, 'layer1_units': 256, 'layer2_units': 128, 'layer3_units': 64, 'learning_rate': 0.001}",1.42571578202113,0.987573444843292,5.64263248443604
Neural Network,Baseline,7,"{'batch_size': 32, 'epochs': 100, 'layer1_units': 256, 'layer2_units': 128, 'layer3_units': 64, 'learning_rate': 0.0001}",1.8480139097871,0.979121685028076,5.60291481018066
Neural Network,Baseline,7,"{'batch_size': 64, 'epochs': 50, 'layer1_units': 128, 'layer2_units': 64, 'layer3_units': 32, 'learning_rate': 0.001}",1.7022001222521,0.98228645324707,3.08530807495117
Neural Network,Baseline,7,"{'batch_size': 64, 'epochs': 50, 'layer1_units': 128, 'layer2_units': 64, 'layer3_units': 32, 'learning_rate': 0.0001}",6.59421338807894,0.734165787696838,3.07728433609009
Neural Network,Baseline,7,"{'batch_size': 64, 'epochs': 50, 'layer1_units': 128, 'layer2_units': 64, 'layer3_units': 64, 'learning_rate': 0.001}",1.70834997990879,0.982158184051514,3.07809853553772
Neural Network,Baseline,7,"{'batch_size': 64, 'epochs': 50, 'layer1_units': 128, 'layer2_units': 64, 'layer3_units': 64, 'learning_rate': 0.0001}",4.96910756102169,0.849047005176544,3.05596733093262
Neural Network,Baseline,7,"{'batch_size': 64, 'epochs': 50, 'layer1_units': 128, 'layer2_units': 128, 'layer3_units': 32, 'learning_rate': 0.001}",1.80952426380376,0.979982316493988,3.09850430488586
Neural Network,Baseline,7,"{'batch_size': 64, 'epochs': 50, 'layer1_units': 128, 'layer2_units': 128, 'layer3_units': 32, 'learning_rate': 0.0001}",5.02182108975371,0.845827341079712,3.08879208564758
Neural Network,Baseline,7,"{'batch_size': 64, 'epochs': 50, 'layer1_units': 128, 'layer2_units': 128, 'layer3_units': 64, 'learning_rate': 0.001}",1.79308004594831,0.980344474315643,3.06718850135803
Neural Network,Baseline,7,"{'batch_size': 64, 'epochs': 50, 'layer1_units': 128, 'layer2_units': 128, 'layer3_units': 64, 'learning_rate': 0.0001}",4.34724779429581,0.884464979171753,3.07802391052246
Neural Network,Baseline,7,"{'batch_size': 64, 'epochs': 50, 'layer1_units': 256, 'layer2_units': 64, 'layer3_units': 32, 'learning_rate': 0.001}",1.84622859841703,0.979161977767944,3.19719123840332
Neural Network,Baseline,7,"{'batch_size': 64, 'epochs': 50, 'layer1_units': 256, 'layer2_units': 64, 'layer3_units': 32, 'learning_rate': 0.0001}",5.1670022465823,0.836784183979034,3.16056537628174
Neural Network,Baseline,7,"{'batch_size': 64, 'epochs': 50, 'layer1_units': 256, 'layer2_units': 64, 'layer3_units': 64, 'learning_rate': 0.001}",1.80966122064891,0.979979276657105,3.14934468269348
Neural Network,Baseline,7,"{'batch_size': 64, 'epochs': 50, 'layer1_units': 256, 'layer2_units': 64, 'layer3_units': 64, 'learning_rate': 0.0001}",5.21420912863669,0.833788216114044,3.14345240592957
Neural Network,Baseline,7,"{'batch_size': 64, 'epochs': 50, 'layer1_units': 256, 'layer2_units': 128, 'layer3_units': 32, 'learning_rate': 0.001}",1.90486576288205,0.977817356586456,3.21347093582153
Neural Network,Baseline,7,"{'batch_size': 64, 'epochs': 50, 'layer1_units': 256, 'layer2_units': 128, 'layer3_units': 32, 'learning_rate': 0.0001}",4.04892163460819,0.899777829647064,3.2147753238678
Neural Network,Baseline,7,"{'batch_size': 64, 'epochs': 50, 'layer1_units': 256, 'layer2_units': 128, 'layer3_units': 64, 'learning_rate': 0.001}",1.72646638766706,0.981777787208557,3.1883692741394
Neural Network,Baseline,7,"{'batch_size': 64, 'epochs': 50, 'layer1_units': 256, 'layer2_units': 128, 'layer3_units': 64, 'learning_rate': 0.0001}",3.81128160362865,0.911197125911713,3.21131610870361
Neural Network,Baseline,7,"{'batch_size': 64, 'epochs': 100, 'layer1_units': 128, 'layer2_units': 64, 'layer3_units': 32, 'learning_rate': 0.001}",2.10322635400743,0.972956895828247,4.17923474311829
Neural Network,Baseline,7,"{'batch_size': 64, 'epochs': 100, 'layer1_units': 128, 'layer2_units': 64, 'layer3_units': 32, 'learning_rate': 0.0001}",3.39900851659334,0.929369986057282,4.19487714767456
Neural Network,Baseline,7,"{'batch_size': 64, 'epochs': 100, 'layer1_units': 128, 'layer2_units': 64, 'layer3_units': 64, 'learning_rate': 0.001}",2.07453608554909,0.973689615726471,4.17206764221191
Neural Network,Baseline,7,"{'batch_size': 64, 'epochs': 100, 'layer1_units': 128, 'layer2_units': 64, 'layer3_units': 64, 'learning_rate': 0.0001}",3.32866109192825,0.932263314723969,4.19654202461243
Neural Network,Baseline,7,"{'batch_size': 64, 'epochs': 100, 'layer1_units': 128, 'layer2_units': 128, 'layer3_units': 32, 'learning_rate': 0.001}",1.94425316581257,0.976890504360199,4.19585299491882
Neural Network,Baseline,7,"{'batch_size': 64, 'epochs': 100, 'layer1_units': 128, 'layer2_units': 128, 'layer3_units': 32, 'learning_rate': 0.0001}",2.99370231829363,0.945209860801697,4.17692637443543
Neural Network,Baseline,7,"{'batch_size': 64, 'epochs': 100, 'layer1_units': 128, 'layer2_units': 128, 'layer3_units': 64, 'learning_rate': 0.001}",1.93395400881596,0.977134704589844,4.18654918670654
Neural Network,Baseline,7,"{'batch_size': 64, 'epochs': 100, 'layer1_units': 128, 'layer2_units': 128, 'layer3_units': 64, 'learning_rate': 0.0001}",2.25796518832488,0.968831241130829,4.19737482070923
Neural Network,Baseline,7,"{'batch_size': 64, 'epochs': 100, 'layer1_units': 256, 'layer2_units': 64, 'layer3_units': 32, 'learning_rate': 0.001}",2.1175016613518,0.972588539123535,9.84534120559692
Neural Network,Baseline,7,"{'batch_size': 64, 'epochs': 100, 'layer1_units': 256, 'layer2_units': 64, 'layer3_units': 32, 'learning_rate': 0.0001}",2.6734579650702,0.956305027008057,4.40451002120972
Neural Network,Baseline,7,"{'batch_size': 64, 'epochs': 100, 'layer1_units': 256, 'layer2_units': 64, 'layer3_units': 64, 'learning_rate': 0.001}",2.01835742830006,0.975095331668854,4.32821607589722
Neural Network,Baseline,7,"{'batch_size': 64, 'epochs': 100, 'layer1_units': 256, 'layer2_units': 64, 'layer3_units': 64, 'learning_rate': 0.0001}",2.38879474065014,0.965114712715149,4.33572316169739
Neural Network,Baseline,7,"{'batch_size': 64, 'epochs': 100, 'layer1_units': 256, 'layer2_units': 128, 'layer3_units': 32, 'learning_rate': 0.001}",1.86429138313229,0.978752255439758,4.36206030845642
Neural Network,Baseline,7,"{'batch_size': 64, 'epochs': 100, 'layer1_units': 256, 'layer2_units': 128, 'layer3_units': 32, 'learning_rate': 0.0001}",2.39411342640877,0.964959144592285,4.39853477478027
Neural Network,Baseline,7,"{'batch_size': 64, 'epochs': 100, 'layer1_units': 256, 'layer2_units': 128, 'layer3_units': 64, 'learning_rate': 0.001}",1.90015073479485,0.977927029132843,4.38919711112976
Neural Network,Baseline,7,"{'batch_size': 64, 'epochs': 100, 'layer1_units': 256, 'layer2_units': 128, 'layer3_units': 64, 'learning_rate': 0.0001}",2.13037663349111,0.972254157066345,4.39125323295593
Neural Network,Baseline,8,"{'batch_size': 32, 'epochs': 50, 'layer1_units': 128, 'layer2_units': 64, 'layer3_units': 32, 'learning_rate': 0.001}",4.99097620158865,0.75585949420929,3.78471159934998
Neural Network,Baseline,8,"{'batch_size': 32, 'epochs': 50, 'layer1_units': 128, 'layer2_units': 64, 'layer3_units': 32, 'learning_rate': 0.0001}",6.61155978406914,0.571573078632355,3.76457595825195
Neural Network,Baseline,8,"{'batch_size': 32, 'epochs': 50, 'layer1_units': 128, 'layer2_units': 64, 'layer3_units': 64, 'learning_rate': 0.001}",5.27758264459749,0.727014899253845,3.74769902229309
Neural Network,Baseline,8,"{'batch_size': 32, 'epochs': 50, 'layer1_units': 128, 'layer2_units': 64, 'layer3_units': 64, 'learning_rate': 0.0001}",6.45258526703971,0.591928362846375,3.73838138580322
Neural Network,Baseline,8,"{'batch_size': 32, 'epochs': 50, 'layer1_units': 128, 'layer2_units': 128, 'layer3_units': 32, 'learning_rate': 0.001}",5.30211926681043,0.724470615386963,3.76880502700806
Neural Network,Baseline,8,"{'batch_size': 32, 'epochs': 50, 'layer1_units': 128, 'layer2_units': 128, 'layer3_units': 32, 'learning_rate': 0.0001}",6.19794976575546,0.623499989509583,3.76246166229248
Neural Network,Baseline,8,"{'batch_size': 32, 'epochs': 50, 'layer1_units': 128, 'layer2_units': 128, 'layer3_units': 64, 'learning_rate': 0.001}",5.16119979482906,0.738921999931335,3.73058748245239
Neural Network,Baseline,8,"{'batch_size': 32, 'epochs': 50, 'layer1_units': 128, 'layer2_units': 128, 'layer3_units': 64, 'learning_rate': 0.0001}",6.06373347682585,0.639629602432251,3.73164367675781
Neural Network,Baseline,8,"{'batch_size': 32, 'epochs': 50, 'layer1_units': 256, 'layer2_units': 64, 'layer3_units': 32, 'learning_rate': 0.001}",5.02761197504649,0.752262115478516,3.76731562614441
Neural Network,Baseline,8,"{'batch_size': 32, 'epochs': 50, 'layer1_units': 256, 'layer2_units': 64, 'layer3_units': 32, 'learning_rate': 0.0001}",5.77985856091054,0.672581434249878,3.80171537399292
Neural Network,Baseline,8,"{'batch_size': 32, 'epochs': 50, 'layer1_units': 256, 'layer2_units': 64, 'layer3_units': 64, 'learning_rate': 0.001}",5.28232125697959,0.726524472236633,3.77214002609253
Neural Network,Baseline,8,"{'batch_size': 32, 'epochs': 50, 'layer1_units': 256, 'layer2_units': 64, 'layer3_units': 64, 'learning_rate': 0.0001}",5.78160564256612,0.672383427619934,3.77039790153503
Neural Network,Baseline,8,"{'batch_size': 32, 'epochs': 50, 'layer1_units': 256, 'layer2_units': 128, 'layer3_units': 32, 'learning_rate': 0.001}",5.47938488814588,0.705739140510559,3.84584522247314
Neural Network,Baseline,8,"{'batch_size': 32, 'epochs': 50, 'layer1_units': 256, 'layer2_units': 128, 'layer3_units': 32, 'learning_rate': 0.0001}",5.84356754446533,0.665323674678803,3.86379504203796
Neural Network,Baseline,8,"{'batch_size': 32, 'epochs': 50, 'layer1_units': 256, 'layer2_units': 128, 'layer3_units': 64, 'learning_rate': 0.001}",5.56034089093144,0.696979701519013,3.83313131332397
Neural Network,Baseline,8,"{'batch_size': 32, 'epochs': 50, 'layer1_units': 256, 'layer2_units': 128, 'layer3_units': 64, 'learning_rate': 0.0001}",5.49561256194706,0.703993558883667,3.83692169189453
Neural Network,Baseline,8,"{'batch_size': 32, 'epochs': 100, 'layer1_units': 128, 'layer2_units': 64, 'layer3_units': 32, 'learning_rate': 0.001}",4.83738102729639,0.770654916763306,5.47893691062927
Neural Network,Baseline,8,"{'batch_size': 32, 'epochs': 100, 'layer1_units': 128, 'layer2_units': 64, 'layer3_units': 32, 'learning_rate': 0.0001}",5.50524115094016,0.702955484390259,5.49313592910767
Neural Network,Baseline,8,"{'batch_size': 32, 'epochs': 100, 'layer1_units': 128, 'layer2_units': 64, 'layer3_units': 64, 'learning_rate': 0.001}",5.10362662228606,0.744714200496674,5.50260186195374
Neural Network,Baseline,8,"{'batch_size': 32, 'epochs': 100, 'layer1_units': 128, 'layer2_units': 64, 'layer3_units': 64, 'learning_rate': 0.0001}",5.51260768932245,0.702160000801086,5.49993300437927
Neural Network,Baseline,8,"{'batch_size': 32, 'epochs': 100, 'layer1_units': 128, 'layer2_units': 128, 'layer3_units': 32, 'learning_rate': 0.001}",5.16047763329002,0.73899507522583,5.51728940010071
Neural Network,Baseline,8,"{'batch_size': 32, 'epochs': 100, 'layer1_units': 128, 'layer2_units': 128, 'layer3_units': 32, 'learning_rate': 0.0001}",5.21040856280555,0.733919858932495,5.50516152381897
Neural Network,Baseline,8,"{'batch_size': 32, 'epochs': 100, 'layer1_units': 128, 'layer2_units': 128, 'layer3_units': 64, 'learning_rate': 0.001}",5.07687108918006,0.747383832931519,5.48903012275696
Neural Network,Baseline,8,"{'batch_size': 32, 'epochs': 100, 'layer1_units': 128, 'layer2_units': 128, 'layer3_units': 64, 'learning_rate': 0.0001}",4.97324537456821,0.757591068744659,5.48098468780518
Neural Network,Baseline,8,"{'batch_size': 32, 'epochs': 100, 'layer1_units': 256, 'layer2_units': 64, 'layer3_units': 32, 'learning_rate': 0.001}",4.90629840025141,0.764073431491852,5.55028343200684
Neural Network,Baseline,8,"{'batch_size': 32, 'epochs': 100, 'layer1_units': 256, 'layer2_units': 64, 'layer3_units': 32, 'learning_rate': 0.0001}",5.35871015601076,0.71855765581131,5.54816102981567
Neural Network,Baseline,8,"{'batch_size': 32, 'epochs': 100, 'layer1_units': 256, 'layer2_units': 64, 'layer3_units': 64, 'learning_rate': 0.001}",4.75111616974353,0.778761744499207,5.56888723373413
Neural Network,Baseline,8,"{'batch_size': 32, 'epochs': 100, 'layer1_units': 256, 'layer2_units': 64, 'layer3_units': 64, 'learning_rate': 0.0001}",5.25177934557,0.729677677154541,5.54970669746399
Neural Network,Baseline,8,"{'batch_size': 32, 'epochs': 100, 'layer1_units': 256, 'layer2_units': 128, 'layer3_units': 32, 'learning_rate': 0.001}",5.46692980311326,0.707075357437134,5.62253880500794
Neural Network,Baseline,8,"{'batch_size': 32, 'epochs': 100, 'layer1_units': 256, 'layer2_units': 128, 'layer3_units': 32, 'learning_rate': 0.0001}",5.04371662341565,0.750672459602356,5.62780046463013
Neural Network,Baseline,8,"{'batch_size': 32, 'epochs': 100, 'layer1_units': 256, 'layer2_units': 128, 'layer3_units': 64, 'learning_rate': 0.001}",5.37117418263639,0.717246890068054,5.63267326354981
Neural Network,Baseline,8,"{'batch_size': 32, 'epochs': 100, 'layer1_units': 256, 'layer2_units': 128, 'layer3_units': 64, 'learning_rate': 0.0001}",5.07637721575108,0.747432947158814,5.61018872261047
Neural Network,Baseline,8,"{'batch_size': 64, 'epochs': 50, 'layer1_units': 128, 'layer2_units': 64, 'layer3_units': 32, 'learning_rate': 0.001}",4.94792850961439,0.760052800178528,3.06921935081482
Neural Network,Baseline,8,"{'batch_size': 64, 'epochs': 50, 'layer1_units': 128, 'layer2_units': 64, 'layer3_units': 32, 'learning_rate': 0.0001}",6.34035547697942,0.606000065803528,3.07794857025147
Neural Network,Baseline,8,"{'batch_size': 64, 'epochs': 50, 'layer1_units': 128, 'layer2_units': 64, 'layer3_units': 64, 'learning_rate': 0.001}",4.50230581759735,0.801326990127564,3.0636887550354
Neural Network,Baseline,8,"{'batch_size': 64, 'epochs': 50, 'layer1_units': 128, 'layer2_units': 64, 'layer3_units': 64, 'learning_rate': 0.0001}",6.57878229114828,0.575810492038727,3.07210278511047
Neural Network,Baseline,8,"{'batch_size': 64, 'epochs': 50, 'layer1_units': 128, 'layer2_units': 128, 'layer3_units': 32, 'learning_rate': 0.001}",4.82343368011116,0.771975517272949,3.07953953742981
Neural Network,Baseline,8,"{'batch_size': 64, 'epochs': 50, 'layer1_units': 128, 'layer2_units': 128, 'layer3_units': 32, 'learning_rate': 0.0001}",6.58983448798993,0.574384033679962,3.09239912033081
Neural Network,Baseline,8,"{'batch_size': 64, 'epochs': 50, 'layer1_units': 128, 'layer2_units': 128, 'layer3_units': 64, 'learning_rate': 0.001}",4.79372081126014,0.774776160717011,3.07939291000366
Neural Network,Baseline,8,"{'batch_size': 64, 'epochs': 50, 'layer1_units': 128, 'layer2_units': 128, 'layer3_units': 64, 'learning_rate': 0.0001}",6.49099107131497,0.587056219577789,3.07830309867859
Neural Network,Baseline,8,"{'batch_size': 64, 'epochs': 50, 'layer1_units': 256, 'layer2_units': 64, 'layer3_units': 32, 'learning_rate': 0.001}",4.8008473999333,0.774106025695801,3.15200281143188
Neural Network,Baseline,8,"{'batch_size': 64, 'epochs': 50, 'layer1_units': 256, 'layer2_units': 64, 'layer3_units': 32, 'learning_rate': 0.0001}",6.50044337007626,0.585852682590485,3.15029001235962
Neural Network,Baseline,8,"{'batch_size': 64, 'epochs': 50, 'layer1_units': 256, 'layer2_units': 64, 'layer3_units': 64, 'learning_rate': 0.001}",4.44449569089803,0.806396186351776,3.15353417396545
Neural Network,Baseline,8,"{'batch_size': 64, 'epochs': 50, 'layer1_units': 256, 'layer2_units': 64, 'layer3_units': 64, 'learning_rate': 0.0001}",6.46926863060966,0.589815497398377,3.14420104026794
Neural Network,Baseline,8,"{'batch_size': 64, 'epochs': 50, 'layer1_units': 256, 'layer2_units': 128, 'layer3_units': 32, 'learning_rate': 0.001}",4.51872047003123,0.799875676631928,3.21684265136719
Neural Network,Baseline,8,"{'batch_size': 64, 'epochs': 50, 'layer1_units': 256, 'layer2_units': 128, 'layer3_units': 32, 'learning_rate': 0.0001}",6.36225514718337,0.603273630142212,3.19572472572327
Neural Network,Baseline,8,"{'batch_size': 64, 'epochs': 50, 'layer1_units': 256, 'layer2_units': 128, 'layer3_units': 64, 'learning_rate': 0.001}",4.68386903642604,0.784980237483978,3.21433138847351
Neural Network,Baseline,8,"{'batch_size': 64, 'epochs': 50, 'layer1_units': 256, 'layer2_units': 128, 'layer3_units': 64, 'learning_rate': 0.0001}",6.3098477372118,0.609782576560974,3.21483063697815
Neural Network,Baseline,8,"{'batch_size': 64, 'epochs': 100, 'layer1_units': 128, 'layer2_units': 64, 'layer3_units': 32, 'learning_rate': 0.001}",4.31575398069387,0.817449808120728,4.18217086791992
Neural Network,Baseline,8,"{'batch_size': 64, 'epochs': 100, 'layer1_units': 128, 'layer2_units': 64, 'layer3_units': 32, 'learning_rate': 0.0001}",5.91129955016883,0.657520294189453,4.19998550415039
Neural Network,Baseline,8,"{'batch_size': 64, 'epochs': 100, 'layer1_units': 128, 'layer2_units': 64, 'layer3_units': 64, 'learning_rate': 0.001}",4.49522421985191,0.801951467990875,4.16556167602539
Neural Network,Baseline,8,"{'batch_size': 64, 'epochs': 100, 'layer1_units': 128, 'layer2_units': 64, 'layer3_units': 64, 'learning_rate': 0.0001}",6.16206975522128,0.627846479415894,4.16345047950745
Neural Network,Baseline,8,"{'batch_size': 64, 'epochs': 100, 'layer1_units': 128, 'layer2_units': 128, 'layer3_units': 32, 'learning_rate': 0.001}",4.54014755647817,0.797973275184631,4.19648385047913
Neural Network,Baseline,8,"{'batch_size': 64, 'epochs': 100, 'layer1_units': 128, 'layer2_units': 128, 'layer3_units': 32, 'learning_rate': 0.0001}",5.78537747245409,0.671955823898315,4.2160496711731
Neural Network,Baseline,8,"{'batch_size': 64, 'epochs': 100, 'layer1_units': 128, 'layer2_units': 128, 'layer3_units': 64, 'learning_rate': 0.001}",4.79727340186956,0.774442195892334,4.18808174133301
Neural Network,Baseline,8,"{'batch_size': 64, 'epochs': 100, 'layer1_units': 128, 'layer2_units': 128, 'layer3_units': 64, 'learning_rate': 0.0001}",5.3874551934948,0.715530157089233,4.17404103279114
Neural Network,Baseline,8,"{'batch_size': 64, 'epochs': 100, 'layer1_units': 256, 'layer2_units': 64, 'layer3_units': 32, 'learning_rate': 0.001}",4.0924060741312,0.835855484008789,4.26371335983276
Neural Network,Baseline,8,"{'batch_size': 64, 'epochs': 100, 'layer1_units': 256, 'layer2_units': 64, 'layer3_units': 32, 'learning_rate': 0.0001}",5.92911877625087,0.655452430248261,4.26330709457398
Neural Network,Baseline,8,"{'batch_size': 64, 'epochs': 100, 'layer1_units': 256, 'layer2_units': 64, 'layer3_units': 64, 'learning_rate': 0.001}",4.8375677217381,0.770637154579163,4.26608753204346
Neural Network,Baseline,8,"{'batch_size': 64, 'epochs': 100, 'layer1_units': 256, 'layer2_units': 64, 'layer3_units': 64, 'learning_rate': 0.0001}",5.59422036010184,0.693275809288025,4.25937008857727
Neural Network,Baseline,8,"{'batch_size': 64, 'epochs': 100, 'layer1_units': 256, 'layer2_units': 128, 'layer3_units': 32, 'learning_rate': 0.001}",4.21687535208066,0.825718879699707,4.33426642417908
Neural Network,Baseline,8,"{'batch_size': 64, 'epochs': 100, 'layer1_units': 256, 'layer2_units': 128, 'layer3_units': 32, 'learning_rate': 0.0001}",5.44049007592472,0.709901869297028,4.34492921829224
Neural Network,Baseline,8,"{'batch_size': 64, 'epochs': 100, 'layer1_units': 256, 'layer2_units': 128, 'layer3_units': 64, 'learning_rate': 0.001}",4.39568170704815,0.810625553131104,4.3112781047821
Neural Network,Baseline,8,"{'batch_size': 64, 'epochs': 100, 'layer1_units': 256, 'layer2_units': 128, 'layer3_units': 64, 'learning_rate': 0.0001}",5.35493627971561,0.718953967094421,4.30729293823242
Neural Network,Baseline,9,"{'batch_size': 32, 'epochs': 50, 'layer1_units': 128, 'layer2_units': 64, 'layer3_units': 32, 'learning_rate': 0.001}",5.74700750350661,0.815808117389679,3.70852994918823
Neural Network,Baseline,9,"{'batch_size': 32, 'epochs': 50, 'layer1_units': 128, 'layer2_units': 64, 'layer3_units': 32, 'learning_rate': 0.0001}",6.98246831278264,0.728102684020996,3.72786998748779
Neural Network,Baseline,9,"{'batch_size': 32, 'epochs': 50, 'layer1_units': 128, 'layer2_units': 64, 'layer3_units': 64, 'learning_rate': 0.001}",5.53688202244888,0.829030990600586,3.69758915901184
Neural Network,Baseline,9,"{'batch_size': 32, 'epochs': 50, 'layer1_units': 128, 'layer2_units': 64, 'layer3_units': 64, 'learning_rate': 0.0001}",6.98413904802786,0.727972567081451,3.70976185798645
Neural Network,Baseline,9,"{'batch_size': 32, 'epochs': 50, 'layer1_units': 128, 'layer2_units': 128, 'layer3_units': 32, 'learning_rate': 0.001}",5.69676711105326,0.819014489650726,3.74037146568298
Neural Network,Baseline,9,"{'batch_size': 32, 'epochs': 50, 'layer1_units': 128, 'layer2_units': 128, 'layer3_units': 32, 'learning_rate': 0.0001}",6.77792037577614,0.743799567222595,3.74840188026428
Neural Network,Baseline,9,"{'batch_size': 32, 'epochs': 50, 'layer1_units': 128, 'layer2_units': 128, 'layer3_units': 64, 'learning_rate': 0.001}",5.6957853563135,0.819076836109161,3.72948288917542
Neural Network,Baseline,9,"{'batch_size': 32, 'epochs': 50, 'layer1_units': 128, 'layer2_units': 128, 'layer3_units': 64, 'learning_rate': 0.0001}",6.61780776682671,0.755760848522186,3.70279550552368
Neural Network,Baseline,9,"{'batch_size': 32, 'epochs': 50, 'layer1_units': 256, 'layer2_units': 64, 'layer3_units': 32, 'learning_rate': 0.001}",5.78228420595423,0.813539922237396,3.76951003074646
Neural Network,Baseline,9,"{'batch_size': 32, 'epochs': 50, 'layer1_units': 256, 'layer2_units': 64, 'layer3_units': 32, 'learning_rate': 0.0001}",6.52797313785636,0.762346804141998,3.78123331069946
Neural Network,Baseline,9,"{'batch_size': 32, 'epochs': 50, 'layer1_units': 256, 'layer2_units': 64, 'layer3_units': 64, 'learning_rate': 0.001}",5.78050037369712,0.813655018806458,3.7695848941803
Neural Network,Baseline,9,"{'batch_size': 32, 'epochs': 50, 'layer1_units': 256, 'layer2_units': 64, 'layer3_units': 64, 'learning_rate': 0.0001}",6.61500861134909,0.755967438220978,3.76947402954102
Neural Network,Baseline,9,"{'batch_size': 32, 'epochs': 50, 'layer1_units': 256, 'layer2_units': 128, 'layer3_units': 32, 'learning_rate': 0.001}",5.84870480276386,0.809231638908386,3.83460831642151
Neural Network,Baseline,9,"{'batch_size': 32, 'epochs': 50, 'layer1_units': 256, 'layer2_units': 128, 'layer3_units': 32, 'learning_rate': 0.0001}",6.36142527078878,0.77431857585907,3.85018730163574
Neural Network,Baseline,9,"{'batch_size': 32, 'epochs': 50, 'layer1_units': 256, 'layer2_units': 128, 'layer3_units': 64, 'learning_rate': 0.001}",6.00329785314084,0.799013614654541,3.82957005500793
Neural Network,Baseline,9,"{'batch_size': 32, 'epochs': 50, 'layer1_units': 256, 'layer2_units': 128, 'layer3_units': 64, 'learning_rate': 0.0001}",6.42121917271654,0.770056068897247,3.83061504364014
Neural Network,Baseline,9,"{'batch_size': 32, 'epochs': 100, 'layer1_units': 128, 'layer2_units': 64, 'layer3_units': 32, 'learning_rate': 0.001}",5.31875798261785,0.842236161231995,5.48431873321533
Neural Network,Baseline,9,"{'batch_size': 32, 'epochs': 100, 'layer1_units': 128, 'layer2_units': 64, 'layer3_units': 32, 'learning_rate': 0.0001}",6.35568782754711,0.774725496768951,5.48733448982239
Neural Network,Baseline,9,"{'batch_size': 32, 'epochs': 100, 'layer1_units': 128, 'layer2_units': 64, 'layer3_units': 64, 'learning_rate': 0.001}",5.37811579329452,0.838695228099823,5.49639272689819
Neural Network,Baseline,9,"{'batch_size': 32, 'epochs': 100, 'layer1_units': 128, 'layer2_units': 64, 'layer3_units': 64, 'learning_rate': 0.0001}",6.00002479548099,0.799232661724091,5.47802138328552
Neural Network,Baseline,9,"{'batch_size': 32, 'epochs': 100, 'layer1_units': 128, 'layer2_units': 128, 'layer3_units': 32, 'learning_rate': 0.001}",5.33440255335087,0.841306746006012,5.50754022598267
Neural Network,Baseline,9,"{'batch_size': 32, 'epochs': 100, 'layer1_units': 128, 'layer2_units': 128, 'layer3_units': 32, 'learning_rate': 0.0001}",6.00302333954216,0.799031972885132,5.51283407211304
Neural Network,Baseline,9,"{'batch_size': 32, 'epochs': 100, 'layer1_units': 128, 'layer2_units': 128, 'layer3_units': 64, 'learning_rate': 0.001}",5.58620246312147,0.82597154378891,5.50483536720276
Neural Network,Baseline,9,"{'batch_size': 32, 'epochs': 100, 'layer1_units': 128, 'layer2_units': 128, 'layer3_units': 64, 'learning_rate': 0.0001}",5.79526351369075,0.812701940536499,12.1942882537842
Neural Network,Baseline,9,"{'batch_size': 32, 'epochs': 100, 'layer1_units': 256, 'layer2_units': 64, 'layer3_units': 32, 'learning_rate': 0.001}",5.52357648920115,0.829851686954498,5.72907280921936
Neural Network,Baseline,9,"{'batch_size': 32, 'epochs': 100, 'layer1_units': 256, 'layer2_units': 64, 'layer3_units': 32, 'learning_rate': 0.0001}",6.038291812887,0.796663582324982,5.68682765960693
Neural Network,Baseline,9,"{'batch_size': 32, 'epochs': 100, 'layer1_units': 256, 'layer2_units': 64, 'layer3_units': 64, 'learning_rate': 0.001}",5.55358000068196,0.827998220920563,5.64711976051331
Neural Network,Baseline,9,"{'batch_size': 32, 'epochs': 100, 'layer1_units': 256, 'layer2_units': 64, 'layer3_units': 64, 'learning_rate': 0.0001}",5.9697577938871,0.801253080368042,5.65857744216919
Neural Network,Baseline,9,"{'batch_size': 32, 'epochs': 100, 'layer1_units': 256, 'layer2_units': 128, 'layer3_units': 32, 'learning_rate': 0.001}",5.42146567962543,0.836084365844727,5.70951628684998
Neural Network,Baseline,9,"{'batch_size': 32, 'epochs': 100, 'layer1_units': 256, 'layer2_units': 128, 'layer3_units': 32, 'learning_rate': 0.0001}",5.83955012064904,0.809828400611877,5.72802686691284
Neural Network,Baseline,9,"{'batch_size': 32, 'epochs': 100, 'layer1_units': 256, 'layer2_units': 128, 'layer3_units': 64, 'learning_rate': 0.001}",5.56913978248617,0.827033042907715,5.72223258018494
Neural Network,Baseline,9,"{'batch_size': 32, 'epochs': 100, 'layer1_units': 256, 'layer2_units': 128, 'layer3_units': 64, 'learning_rate': 0.0001}",5.72708906014069,0.817082703113556,5.70281362533569
Neural Network,Baseline,9,"{'batch_size': 64, 'epochs': 50, 'layer1_units': 128, 'layer2_units': 64, 'layer3_units': 32, 'learning_rate': 0.001}",5.52863280021819,0.829540014266968,3.43160319328308
Neural Network,Baseline,9,"{'batch_size': 64, 'epochs': 50, 'layer1_units': 128, 'layer2_units': 64, 'layer3_units': 32, 'learning_rate': 0.0001}",7.1144582831441,0.717726171016693,3.08575105667114
Neural Network,Baseline,9,"{'batch_size': 64, 'epochs': 50, 'layer1_units': 128, 'layer2_units': 64, 'layer3_units': 64, 'learning_rate': 0.001}",5.39765308383899,0.837521135807037,3.11792421340942
Neural Network,Baseline,9,"{'batch_size': 64, 'epochs': 50, 'layer1_units': 128, 'layer2_units': 64, 'layer3_units': 64, 'learning_rate': 0.0001}",7.28677590700417,0.703886806964874,3.08620071411133
Neural Network,Baseline,9,"{'batch_size': 64, 'epochs': 50, 'layer1_units': 128, 'layer2_units': 128, 'layer3_units': 32, 'learning_rate': 0.001}",5.14964342827292,0.85210919380188,3.10991764068604
Neural Network,Baseline,9,"{'batch_size': 64, 'epochs': 50, 'layer1_units': 128, 'layer2_units': 128, 'layer3_units': 32, 'learning_rate': 0.0001}",7.19363672082767,0.711408257484436,3.12642598152161
Neural Network,Baseline,9,"{'batch_size': 64, 'epochs': 50, 'layer1_units': 128, 'layer2_units': 128, 'layer3_units': 64, 'learning_rate': 0.001}",5.32100400757993,0.842102885246277,3.10463380813599
Neural Network,Baseline,9,"{'batch_size': 64, 'epochs': 50, 'layer1_units': 128, 'layer2_units': 128, 'layer3_units': 64, 'learning_rate': 0.0001}",7.02013498638387,0.72516131401062,3.09508466720581
Neural Network,Baseline,9,"{'batch_size': 64, 'epochs': 50, 'layer1_units': 256, 'layer2_units': 64, 'layer3_units': 32, 'learning_rate': 0.001}",5.42960933930929,0.835591554641724,3.16033887863159
Neural Network,Baseline,9,"{'batch_size': 64, 'epochs': 50, 'layer1_units': 256, 'layer2_units': 64, 'layer3_units': 32, 'learning_rate': 0.0001}",7.22314213819947,0.709035992622376,3.17837142944336
Neural Network,Baseline,9,"{'batch_size': 64, 'epochs': 50, 'layer1_units': 256, 'layer2_units': 64, 'layer3_units': 64, 'learning_rate': 0.001}",5.35098348116477,0.84031867980957,3.15496182441711
Neural Network,Baseline,9,"{'batch_size': 64, 'epochs': 50, 'layer1_units': 256, 'layer2_units': 64, 'layer3_units': 64, 'learning_rate': 0.0001}",7.27006201674339,0.705243647098541,3.15151619911194
Neural Network,Baseline,9,"{'batch_size': 64, 'epochs': 50, 'layer1_units': 256, 'layer2_units': 128, 'layer3_units': 32, 'learning_rate': 0.001}",5.43722445787351,0.835130095481873,3.20810222625732
Neural Network,Baseline,9,"{'batch_size': 64, 'epochs': 50, 'layer1_units': 256, 'layer2_units': 128, 'layer3_units': 32, 'learning_rate': 0.0001}",7.15577369670718,0.714438199996948,3.20765662193298
Neural Network,Baseline,9,"{'batch_size': 64, 'epochs': 50, 'layer1_units': 256, 'layer2_units': 128, 'layer3_units': 64, 'learning_rate': 0.001}",5.40082926563984,0.837329864501953,3.23754787445068
Neural Network,Baseline,9,"{'batch_size': 64, 'epochs': 50, 'layer1_units': 256, 'layer2_units': 128, 'layer3_units': 64, 'learning_rate': 0.0001}",6.88704500166657,0.735483527183533,3.19294428825378
Neural Network,Baseline,9,"{'batch_size': 64, 'epochs': 100, 'layer1_units': 128, 'layer2_units': 64, 'layer3_units': 32, 'learning_rate': 0.001}",4.95431706376968,0.863115429878235,4.18859577178955
Neural Network,Baseline,9,"{'batch_size': 64, 'epochs': 100, 'layer1_units': 128, 'layer2_units': 64, 'layer3_units': 32, 'learning_rate': 0.0001}",7.0082713713687,0.726089477539063,4.17336869239807
Neural Network,Baseline,9,"{'batch_size': 64, 'epochs': 100, 'layer1_units': 128, 'layer2_units': 64, 'layer3_units': 64, 'learning_rate': 0.001}",5.02258084647475,0.859317243099213,4.18324494361877
Neural Network,Baseline,9,"{'batch_size': 64, 'epochs': 100, 'layer1_units': 128, 'layer2_units': 64, 'layer3_units': 64, 'learning_rate': 0.0001}",6.79038505709601,0.742856383323669,4.168288230896
Neural Network,Baseline,9,"{'batch_size': 64, 'epochs': 100, 'layer1_units': 128, 'layer2_units': 128, 'layer3_units': 32, 'learning_rate': 0.001}",5.05553456303264,0.857465147972107,4.19256091117859
Neural Network,Baseline,9,"{'batch_size': 64, 'epochs': 100, 'layer1_units': 128, 'layer2_units': 128, 'layer3_units': 32, 'learning_rate': 0.0001}",6.60644870484484,0.756598591804504,4.19174742698669
Neural Network,Baseline,9,"{'batch_size': 64, 'epochs': 100, 'layer1_units': 128, 'layer2_units': 128, 'layer3_units': 64, 'learning_rate': 0.001}",5.04297971835078,0.858172178268433,4.21404719352722
Neural Network,Baseline,9,"{'batch_size': 64, 'epochs': 100, 'layer1_units': 128, 'layer2_units': 128, 'layer3_units': 64, 'learning_rate': 0.0001}",6.44242181863002,0.768535017967224,4.18321228027344
Neural Network,Baseline,9,"{'batch_size': 64, 'epochs': 100, 'layer1_units': 256, 'layer2_units': 64, 'layer3_units': 32, 'learning_rate': 0.001}",5.11626229112064,0.854020297527313,4.2518994808197
Neural Network,Baseline,9,"{'batch_size': 64, 'epochs': 100, 'layer1_units': 256, 'layer2_units': 64, 'layer3_units': 32, 'learning_rate': 0.0001}",6.54221281780613,0.761308908462524,4.25378775596619
Neural Network,Baseline,9,"{'batch_size': 64, 'epochs': 100, 'layer1_units': 256, 'layer2_units': 64, 'layer3_units': 64, 'learning_rate': 0.001}",5.08734289578143,0.855665922164917,4.27154207229614
Neural Network,Baseline,9,"{'batch_size': 64, 'epochs': 100, 'layer1_units': 256, 'layer2_units': 64, 'layer3_units': 64, 'learning_rate': 0.0001}",6.50212678594308,0.764225006103516,4.26012325286865
Neural Network,Baseline,9,"{'batch_size': 64, 'epochs': 100, 'layer1_units': 256, 'layer2_units': 128, 'layer3_units': 32, 'learning_rate': 0.001}",5.09937635610389,0.854982256889343,4.31821012496948
Neural Network,Baseline,9,"{'batch_size': 64, 'epochs': 100, 'layer1_units': 256, 'layer2_units': 128, 'layer3_units': 32, 'learning_rate': 0.0001}",6.2275056017066,0.78372061252594,4.32105708122253
Neural Network,Baseline,9,"{'batch_size': 64, 'epochs': 100, 'layer1_units': 256, 'layer2_units': 128, 'layer3_units': 64, 'learning_rate': 0.001}",4.89267324633082,0.866500616073608,4.32828521728516
Neural Network,Baseline,9,"{'batch_size': 64, 'epochs': 100, 'layer1_units': 256, 'layer2_units': 128, 'layer3_units': 64, 'learning_rate': 0.0001}",6.0671431860827,0.794715821743012,4.33872675895691
