model_type,version,fold,parameters,rmse,r2,training_time
Neural Network,Enhanced,0,"{'batch_size': 32, 'epochs': 50, 'layer1_units': 128, 'layer2_units': 64, 'layer3_units': 32, 'learning_rate': 0.001}",4.23679499430058,0.904734134674072,10.1769866943359
Neural Network,Enhanced,0,"{'batch_size': 32, 'epochs': 50, 'layer1_units': 128, 'layer2_units': 64, 'layer3_units': 32, 'learning_rate': 0.0001}",4.41097812073098,0.896740019321442,9.11782836914063
Neural Network,Enhanced,0,"{'batch_size': 32, 'epochs': 50, 'layer1_units': 128, 'layer2_units': 64, 'layer3_units': 64, 'learning_rate': 0.001}",4.32828783080153,0.900575220584869,9.66988611221314
Neural Network,Enhanced,0,"{'batch_size': 32, 'epochs': 50, 'layer1_units': 128, 'layer2_units': 64, 'layer3_units': 64, 'learning_rate': 0.0001}",4.25900167954845,0.903732895851135,9.10740852355957
Neural Network,Enhanced,0,"{'batch_size': 32, 'epochs': 50, 'layer1_units': 128, 'layer2_units': 128, 'layer3_units': 32, 'learning_rate': 0.001}",4.27250591494183,0.903121471405029,10.4099495410919
Neural Network,Enhanced,0,"{'batch_size': 32, 'epochs': 50, 'layer1_units': 128, 'layer2_units': 128, 'layer3_units': 32, 'learning_rate': 0.0001}",4.45740033426079,0.89455509185791,9.13931941986084
Neural Network,Enhanced,0,"{'batch_size': 32, 'epochs': 50, 'layer1_units': 128, 'layer2_units': 128, 'layer3_units': 64, 'learning_rate': 0.001}",4.35330181871801,0.899422705173492,9.3588297367096
Neural Network,Enhanced,0,"{'batch_size': 32, 'epochs': 50, 'layer1_units': 128, 'layer2_units': 128, 'layer3_units': 64, 'learning_rate': 0.0001}",4.42450282865338,0.896105825901032,9.13442230224609
Neural Network,Enhanced,0,"{'batch_size': 32, 'epochs': 50, 'layer1_units': 256, 'layer2_units': 64, 'layer3_units': 32, 'learning_rate': 0.001}",4.25873655038854,0.903744876384735,10.4676403999329
Neural Network,Enhanced,0,"{'batch_size': 32, 'epochs': 50, 'layer1_units': 256, 'layer2_units': 64, 'layer3_units': 32, 'learning_rate': 0.0001}",4.31738137670328,0.901075661182404,9.2158350944519
Neural Network,Enhanced,0,"{'batch_size': 32, 'epochs': 50, 'layer1_units': 256, 'layer2_units': 64, 'layer3_units': 64, 'learning_rate': 0.001}",4.22916082873513,0.905077159404755,9.48719835281372
Neural Network,Enhanced,0,"{'batch_size': 32, 'epochs': 50, 'layer1_units': 256, 'layer2_units': 64, 'layer3_units': 64, 'learning_rate': 0.0001}",4.30447392704082,0.901666283607483,9.16629266738892
Neural Network,Enhanced,0,"{'batch_size': 32, 'epochs': 50, 'layer1_units': 256, 'layer2_units': 128, 'layer3_units': 32, 'learning_rate': 0.001}",4.30981826328262,0.901421964168549,10.4484515190125
Neural Network,Enhanced,0,"{'batch_size': 32, 'epochs': 50, 'layer1_units': 256, 'layer2_units': 128, 'layer3_units': 32, 'learning_rate': 0.0001}",4.25918640928271,0.903724551200867,9.30512762069702
Neural Network,Enhanced,0,"{'batch_size': 32, 'epochs': 50, 'layer1_units': 256, 'layer2_units': 128, 'layer3_units': 64, 'learning_rate': 0.001}",4.37647113588922,0.898349285125732,9.58884716033936
Neural Network,Enhanced,0,"{'batch_size': 32, 'epochs': 50, 'layer1_units': 256, 'layer2_units': 128, 'layer3_units': 64, 'learning_rate': 0.0001}",4.31927886242107,0.900988698005676,9.33665728569031
Neural Network,Enhanced,0,"{'batch_size': 32, 'epochs': 100, 'layer1_units': 128, 'layer2_units': 64, 'layer3_units': 32, 'learning_rate': 0.001}",4.12183767537534,0.90983372926712,15.7487750053406
Neural Network,Enhanced,0,"{'batch_size': 32, 'epochs': 100, 'layer1_units': 128, 'layer2_units': 64, 'layer3_units': 32, 'learning_rate': 0.0001}",4.24207172270936,0.904496729373932,15.7137134075165
Neural Network,Enhanced,0,"{'batch_size': 32, 'epochs': 100, 'layer1_units': 128, 'layer2_units': 64, 'layer3_units': 64, 'learning_rate': 0.001}",4.39549229942691,0.897463738918304,15.7555673122406
Neural Network,Enhanced,0,"{'batch_size': 32, 'epochs': 100, 'layer1_units': 128, 'layer2_units': 64, 'layer3_units': 64, 'learning_rate': 0.0001}",4.16992439073402,0.907717645168304,15.7775318622589
Neural Network,Enhanced,0,"{'batch_size': 32, 'epochs': 100, 'layer1_units': 128, 'layer2_units': 128, 'layer3_units': 32, 'learning_rate': 0.001}",4.31586601363293,0.901145100593567,15.7764744758606
Neural Network,Enhanced,0,"{'batch_size': 32, 'epochs': 100, 'layer1_units': 128, 'layer2_units': 128, 'layer3_units': 32, 'learning_rate': 0.0001}",4.14782779329519,0.908693075180054,15.8668229579926
Neural Network,Enhanced,0,"{'batch_size': 32, 'epochs': 100, 'layer1_units': 128, 'layer2_units': 128, 'layer3_units': 64, 'learning_rate': 0.001}",4.11874053444592,0.909969210624695,15.7291910648346
Neural Network,Enhanced,0,"{'batch_size': 32, 'epochs': 100, 'layer1_units': 128, 'layer2_units': 128, 'layer3_units': 64, 'learning_rate': 0.0001}",4.13639091078753,0.909195899963379,15.7398176193237
Neural Network,Enhanced,0,"{'batch_size': 32, 'epochs': 100, 'layer1_units': 256, 'layer2_units': 64, 'layer3_units': 32, 'learning_rate': 0.001}",4.31234143836388,0.901306509971619,15.8642942905426
Neural Network,Enhanced,0,"{'batch_size': 32, 'epochs': 100, 'layer1_units': 256, 'layer2_units': 64, 'layer3_units': 32, 'learning_rate': 0.0001}",4.11837027713925,0.909985363483429,15.803286075592
Neural Network,Enhanced,0,"{'batch_size': 32, 'epochs': 100, 'layer1_units': 256, 'layer2_units': 64, 'layer3_units': 64, 'learning_rate': 0.001}",4.2232312173599,0.905343174934387,15.8416035175323
Neural Network,Enhanced,0,"{'batch_size': 32, 'epochs': 100, 'layer1_units': 256, 'layer2_units': 64, 'layer3_units': 64, 'learning_rate': 0.0001}",4.17233970997036,0.907610714435577,15.7744114398956
Neural Network,Enhanced,0,"{'batch_size': 32, 'epochs': 100, 'layer1_units': 256, 'layer2_units': 128, 'layer3_units': 32, 'learning_rate': 0.001}",4.27814164754054,0.902865707874298,15.9023640155792
Neural Network,Enhanced,0,"{'batch_size': 32, 'epochs': 100, 'layer1_units': 256, 'layer2_units': 128, 'layer3_units': 32, 'learning_rate': 0.0001}",4.05350355087883,0.912798583507538,15.8769991397858
Neural Network,Enhanced,0,"{'batch_size': 32, 'epochs': 100, 'layer1_units': 256, 'layer2_units': 128, 'layer3_units': 64, 'learning_rate': 0.001}",4.45772959581602,0.894539535045624,15.9210891723633
Neural Network,Enhanced,0,"{'batch_size': 32, 'epochs': 100, 'layer1_units': 256, 'layer2_units': 128, 'layer3_units': 64, 'learning_rate': 0.0001}",4.15721222487691,0.908279418945313,15.8674051761627
Neural Network,Enhanced,0,"{'batch_size': 64, 'epochs': 50, 'layer1_units': 128, 'layer2_units': 64, 'layer3_units': 32, 'learning_rate': 0.001}",4.18873532421577,0.906883180141449,6.04986715316773
Neural Network,Enhanced,0,"{'batch_size': 64, 'epochs': 50, 'layer1_units': 128, 'layer2_units': 64, 'layer3_units': 32, 'learning_rate': 0.0001}",4.57520104472026,0.8889080286026,6.08903622627258
Neural Network,Enhanced,0,"{'batch_size': 64, 'epochs': 50, 'layer1_units': 128, 'layer2_units': 64, 'layer3_units': 64, 'learning_rate': 0.001}",4.20426931013332,0.906191229820252,6.04683780670166
Neural Network,Enhanced,0,"{'batch_size': 64, 'epochs': 50, 'layer1_units': 128, 'layer2_units': 64, 'layer3_units': 64, 'learning_rate': 0.0001}",4.457210125957,0.894564092159271,6.082355260849
Neural Network,Enhanced,0,"{'batch_size': 64, 'epochs': 50, 'layer1_units': 128, 'layer2_units': 128, 'layer3_units': 32, 'learning_rate': 0.001}",4.30940157389037,0.901440978050232,6.09371328353882
Neural Network,Enhanced,0,"{'batch_size': 64, 'epochs': 50, 'layer1_units': 128, 'layer2_units': 128, 'layer3_units': 32, 'learning_rate': 0.0001}",4.5161263474663,0.891758322715759,6.0897421836853
Neural Network,Enhanced,0,"{'batch_size': 64, 'epochs': 50, 'layer1_units': 128, 'layer2_units': 128, 'layer3_units': 64, 'learning_rate': 0.001}",4.23123514237606,0.904983997344971,6.11847472190857
Neural Network,Enhanced,0,"{'batch_size': 64, 'epochs': 50, 'layer1_units': 128, 'layer2_units': 128, 'layer3_units': 64, 'learning_rate': 0.0001}",4.3933794063377,0.897562325000763,6.05894637107849
Neural Network,Enhanced,0,"{'batch_size': 64, 'epochs': 50, 'layer1_units': 256, 'layer2_units': 64, 'layer3_units': 32, 'learning_rate': 0.001}",4.29994253075809,0.901873230934143,6.2087299823761
Neural Network,Enhanced,0,"{'batch_size': 64, 'epochs': 50, 'layer1_units': 256, 'layer2_units': 64, 'layer3_units': 32, 'learning_rate': 0.0001}",4.53567898782699,0.890819013118744,6.17585396766663
Neural Network,Enhanced,0,"{'batch_size': 64, 'epochs': 50, 'layer1_units': 256, 'layer2_units': 64, 'layer3_units': 64, 'learning_rate': 0.001}",4.26926990208234,0.903268098831177,6.1815493106842
Neural Network,Enhanced,0,"{'batch_size': 64, 'epochs': 50, 'layer1_units': 256, 'layer2_units': 64, 'layer3_units': 64, 'learning_rate': 0.0001}",4.44647255294155,0.895071506500244,6.15283560752869
Neural Network,Enhanced,0,"{'batch_size': 64, 'epochs': 50, 'layer1_units': 256, 'layer2_units': 128, 'layer3_units': 32, 'learning_rate': 0.001}",4.30573039913318,0.901608884334564,6.26232743263245
Neural Network,Enhanced,0,"{'batch_size': 64, 'epochs': 50, 'layer1_units': 256, 'layer2_units': 128, 'layer3_units': 32, 'learning_rate': 0.0001}",4.42559377705874,0.896054565906525,6.27763962745667
Neural Network,Enhanced,0,"{'batch_size': 64, 'epochs': 50, 'layer1_units': 256, 'layer2_units': 128, 'layer3_units': 64, 'learning_rate': 0.001}",4.2777437205975,0.902883768081665,6.25488567352295
Neural Network,Enhanced,0,"{'batch_size': 64, 'epochs': 50, 'layer1_units': 256, 'layer2_units': 128, 'layer3_units': 64, 'learning_rate': 0.0001}",4.48186292300647,0.893394529819489,6.29712414741516
Neural Network,Enhanced,0,"{'batch_size': 64, 'epochs': 100, 'layer1_units': 128, 'layer2_units': 64, 'layer3_units': 32, 'learning_rate': 0.001}",4.31814294459901,0.901040732860565,9.67544317245483
Neural Network,Enhanced,0,"{'batch_size': 64, 'epochs': 100, 'layer1_units': 128, 'layer2_units': 64, 'layer3_units': 32, 'learning_rate': 0.0001}",4.3346827435586,0.900281190872192,9.66373085975647
Neural Network,Enhanced,0,"{'batch_size': 64, 'epochs': 100, 'layer1_units': 128, 'layer2_units': 64, 'layer3_units': 64, 'learning_rate': 0.001}",4.13087645903678,0.909437835216522,9.67061018943787
Neural Network,Enhanced,0,"{'batch_size': 64, 'epochs': 100, 'layer1_units': 128, 'layer2_units': 64, 'layer3_units': 64, 'learning_rate': 0.0001}",4.33213053418407,0.9003986120224,9.65393233299255
Neural Network,Enhanced,0,"{'batch_size': 64, 'epochs': 100, 'layer1_units': 128, 'layer2_units': 128, 'layer3_units': 32, 'learning_rate': 0.001}",4.08003675294666,0.911653280258179,9.68147706985474
Neural Network,Enhanced,0,"{'batch_size': 64, 'epochs': 100, 'layer1_units': 128, 'layer2_units': 128, 'layer3_units': 32, 'learning_rate': 0.0001}",4.25092799209129,0.904097557067871,9.64806628227234
Neural Network,Enhanced,0,"{'batch_size': 64, 'epochs': 100, 'layer1_units': 128, 'layer2_units': 128, 'layer3_units': 64, 'learning_rate': 0.001}",4.01664940499254,0.91437703371048,9.66846513748169
Neural Network,Enhanced,0,"{'batch_size': 64, 'epochs': 100, 'layer1_units': 128, 'layer2_units': 128, 'layer3_units': 64, 'learning_rate': 0.0001}",4.28735028330812,0.902447104454041,9.69619417190552
Neural Network,Enhanced,0,"{'batch_size': 64, 'epochs': 100, 'layer1_units': 256, 'layer2_units': 64, 'layer3_units': 32, 'learning_rate': 0.001}",4.27712078471385,0.902912020683289,9.78289318084717
Neural Network,Enhanced,0,"{'batch_size': 64, 'epochs': 100, 'layer1_units': 256, 'layer2_units': 64, 'layer3_units': 32, 'learning_rate': 0.0001}",4.29143187735555,0.902261257171631,9.80131840705872
Neural Network,Enhanced,0,"{'batch_size': 64, 'epochs': 100, 'layer1_units': 256, 'layer2_units': 64, 'layer3_units': 64, 'learning_rate': 0.001}",4.15018588649425,0.908589243888855,9.72833299636841
Neural Network,Enhanced,0,"{'batch_size': 64, 'epochs': 100, 'layer1_units': 256, 'layer2_units': 64, 'layer3_units': 64, 'learning_rate': 0.0001}",4.18409955326774,0.907089173793793,9.79857444763184
Neural Network,Enhanced,0,"{'batch_size': 64, 'epochs': 100, 'layer1_units': 256, 'layer2_units': 128, 'layer3_units': 32, 'learning_rate': 0.001}",4.1437541150379,0.908872306346893,9.83578586578369
Neural Network,Enhanced,0,"{'batch_size': 64, 'epochs': 100, 'layer1_units': 256, 'layer2_units': 128, 'layer3_units': 32, 'learning_rate': 0.0001}",4.21551366931906,0.905688762664795,9.84984469413757
Neural Network,Enhanced,0,"{'batch_size': 64, 'epochs': 100, 'layer1_units': 256, 'layer2_units': 128, 'layer3_units': 64, 'learning_rate': 0.001}",4.04466039677248,0.913178682327271,9.93388319015503
Neural Network,Enhanced,0,"{'batch_size': 64, 'epochs': 100, 'layer1_units': 256, 'layer2_units': 128, 'layer3_units': 64, 'learning_rate': 0.0001}",4.20186485487896,0.906298518180847,9.88669085502625
Neural Network,Enhanced,1,"{'batch_size': 32, 'epochs': 50, 'layer1_units': 128, 'layer2_units': 64, 'layer3_units': 32, 'learning_rate': 0.001}",4.29395719469729,0.858021080493927,9.11109185218811
Neural Network,Enhanced,1,"{'batch_size': 32, 'epochs': 50, 'layer1_units': 128, 'layer2_units': 64, 'layer3_units': 32, 'learning_rate': 0.0001}",2.9219735684828,0.934255242347717,9.14113807678223
Neural Network,Enhanced,1,"{'batch_size': 32, 'epochs': 50, 'layer1_units': 128, 'layer2_units': 64, 'layer3_units': 64, 'learning_rate': 0.001}",4.32706237307917,0.855823397636414,9.1013023853302
Neural Network,Enhanced,1,"{'batch_size': 32, 'epochs': 50, 'layer1_units': 128, 'layer2_units': 64, 'layer3_units': 64, 'learning_rate': 0.0001}",2.59225705854228,0.94825541973114,9.11915636062622
Neural Network,Enhanced,1,"{'batch_size': 32, 'epochs': 50, 'layer1_units': 128, 'layer2_units': 128, 'layer3_units': 32, 'learning_rate': 0.001}",3.72061648931288,0.8934046626091,9.12510538101196
Neural Network,Enhanced,1,"{'batch_size': 32, 'epochs': 50, 'layer1_units': 128, 'layer2_units': 128, 'layer3_units': 32, 'learning_rate': 0.0001}",2.96418266314234,0.932342112064362,9.16334366798401
Neural Network,Enhanced,1,"{'batch_size': 32, 'epochs': 50, 'layer1_units': 128, 'layer2_units': 128, 'layer3_units': 64, 'learning_rate': 0.001}",3.28399456227232,0.916955053806305,17.0988323688507
Neural Network,Enhanced,1,"{'batch_size': 32, 'epochs': 50, 'layer1_units': 128, 'layer2_units': 128, 'layer3_units': 64, 'learning_rate': 0.0001}",4.08923043768748,0.871236801147461,9.41344428062439
Neural Network,Enhanced,1,"{'batch_size': 32, 'epochs': 50, 'layer1_units': 256, 'layer2_units': 64, 'layer3_units': 32, 'learning_rate': 0.001}",4.57391893298488,0.838903784751892,9.50826835632324
Neural Network,Enhanced,1,"{'batch_size': 32, 'epochs': 50, 'layer1_units': 256, 'layer2_units': 64, 'layer3_units': 32, 'learning_rate': 0.0001}",2.70941955107389,0.943472325801849,9.41973328590393
Neural Network,Enhanced,1,"{'batch_size': 32, 'epochs': 50, 'layer1_units': 256, 'layer2_units': 64, 'layer3_units': 64, 'learning_rate': 0.001}",4.46124747513785,0.846742749214172,9.35980296134949
Neural Network,Enhanced,1,"{'batch_size': 32, 'epochs': 50, 'layer1_units': 256, 'layer2_units': 64, 'layer3_units': 64, 'learning_rate': 0.0001}",3.82893493803494,0.887107670307159,9.35685181617737
Neural Network,Enhanced,1,"{'batch_size': 32, 'epochs': 50, 'layer1_units': 256, 'layer2_units': 128, 'layer3_units': 32, 'learning_rate': 0.001}",4.74795126651991,0.826411485671997,9.45637512207031
Neural Network,Enhanced,1,"{'batch_size': 32, 'epochs': 50, 'layer1_units': 256, 'layer2_units': 128, 'layer3_units': 32, 'learning_rate': 0.0001}",6.10955232718993,0.712573170661926,9.48861718177795
Neural Network,Enhanced,1,"{'batch_size': 32, 'epochs': 50, 'layer1_units': 256, 'layer2_units': 128, 'layer3_units': 64, 'learning_rate': 0.001}",5.86089986668553,0.735493063926697,9.46907567977905
Neural Network,Enhanced,1,"{'batch_size': 32, 'epochs': 50, 'layer1_units': 256, 'layer2_units': 128, 'layer3_units': 64, 'learning_rate': 0.0001}",4.98543276669296,0.80861222743988,9.46297025680542
Neural Network,Enhanced,1,"{'batch_size': 32, 'epochs': 100, 'layer1_units': 128, 'layer2_units': 64, 'layer3_units': 32, 'learning_rate': 0.001}",4.46138193351722,0.846733450889587,15.9888861179352
Neural Network,Enhanced,1,"{'batch_size': 32, 'epochs': 100, 'layer1_units': 128, 'layer2_units': 64, 'layer3_units': 32, 'learning_rate': 0.0001}",5.85036938145055,0.736442685127258,16.04181599617
Neural Network,Enhanced,1,"{'batch_size': 32, 'epochs': 100, 'layer1_units': 128, 'layer2_units': 64, 'layer3_units': 64, 'learning_rate': 0.001}",2.23252183585258,0.961620450019836,15.9560675621033
Neural Network,Enhanced,1,"{'batch_size': 32, 'epochs': 100, 'layer1_units': 128, 'layer2_units': 64, 'layer3_units': 64, 'learning_rate': 0.0001}",5.92339182730183,0.729822337627411,15.9291846752167
Neural Network,Enhanced,1,"{'batch_size': 32, 'epochs': 100, 'layer1_units': 128, 'layer2_units': 128, 'layer3_units': 32, 'learning_rate': 0.001}",4.5296684925303,0.842005729675293,15.9949104785919
Neural Network,Enhanced,1,"{'batch_size': 32, 'epochs': 100, 'layer1_units': 128, 'layer2_units': 128, 'layer3_units': 32, 'learning_rate': 0.0001}",5.04623286174654,0.803915619850159,15.9899117946625
Neural Network,Enhanced,1,"{'batch_size': 32, 'epochs': 100, 'layer1_units': 128, 'layer2_units': 128, 'layer3_units': 64, 'learning_rate': 0.001}",2.620086339882,0.947138488292694,15.9435153007507
Neural Network,Enhanced,1,"{'batch_size': 32, 'epochs': 100, 'layer1_units': 128, 'layer2_units': 128, 'layer3_units': 64, 'learning_rate': 0.0001}",3.92521543458264,0.881358802318573,15.9865050315857
Neural Network,Enhanced,1,"{'batch_size': 32, 'epochs': 100, 'layer1_units': 256, 'layer2_units': 64, 'layer3_units': 32, 'learning_rate': 0.001}",4.01524594666467,0.875854015350342,16.0407130718231
Neural Network,Enhanced,1,"{'batch_size': 32, 'epochs': 100, 'layer1_units': 256, 'layer2_units': 64, 'layer3_units': 32, 'learning_rate': 0.0001}",6.46078664472087,0.678575277328491,16.0111877918243
Neural Network,Enhanced,1,"{'batch_size': 32, 'epochs': 100, 'layer1_units': 256, 'layer2_units': 64, 'layer3_units': 64, 'learning_rate': 0.001}",2.43214640432059,0.954450070858002,15.9480657577515
Neural Network,Enhanced,1,"{'batch_size': 32, 'epochs': 100, 'layer1_units': 256, 'layer2_units': 64, 'layer3_units': 64, 'learning_rate': 0.0001}",5.54102629592293,0.763577461242676,16.0101096630096
Neural Network,Enhanced,1,"{'batch_size': 32, 'epochs': 100, 'layer1_units': 256, 'layer2_units': 128, 'layer3_units': 32, 'learning_rate': 0.001}",5.86804014225227,0.734848141670227,16.1184945106506
Neural Network,Enhanced,1,"{'batch_size': 32, 'epochs': 100, 'layer1_units': 256, 'layer2_units': 128, 'layer3_units': 32, 'learning_rate': 0.0001}",4.74197653689265,0.826848089694977,16.1063456535339
Neural Network,Enhanced,1,"{'batch_size': 32, 'epochs': 100, 'layer1_units': 256, 'layer2_units': 128, 'layer3_units': 64, 'learning_rate': 0.001}",5.23530083055186,0.788946866989136,16.0878067016602
Neural Network,Enhanced,1,"{'batch_size': 32, 'epochs': 100, 'layer1_units': 256, 'layer2_units': 128, 'layer3_units': 64, 'learning_rate': 0.0001}",5.01120855956096,0.806628048419952,16.0972909927368
Neural Network,Enhanced,1,"{'batch_size': 64, 'epochs': 50, 'layer1_units': 128, 'layer2_units': 64, 'layer3_units': 32, 'learning_rate': 0.001}",4.38648134236252,0.851836562156677,6.12364602088928
Neural Network,Enhanced,1,"{'batch_size': 64, 'epochs': 50, 'layer1_units': 128, 'layer2_units': 64, 'layer3_units': 32, 'learning_rate': 0.0001}",2.56230646658649,0.949444234371185,6.09048652648926
Neural Network,Enhanced,1,"{'batch_size': 64, 'epochs': 50, 'layer1_units': 128, 'layer2_units': 64, 'layer3_units': 64, 'learning_rate': 0.001}",4.14164220443246,0.867914974689484,6.07672071456909
Neural Network,Enhanced,1,"{'batch_size': 64, 'epochs': 50, 'layer1_units': 128, 'layer2_units': 64, 'layer3_units': 64, 'learning_rate': 0.0001}",2.31854447844659,0.958605825901032,6.09961366653442
Neural Network,Enhanced,1,"{'batch_size': 64, 'epochs': 50, 'layer1_units': 128, 'layer2_units': 128, 'layer3_units': 32, 'learning_rate': 0.001}",5.09117463893172,0.800407409667969,6.0794403553009
Neural Network,Enhanced,1,"{'batch_size': 64, 'epochs': 50, 'layer1_units': 128, 'layer2_units': 128, 'layer3_units': 32, 'learning_rate': 0.0001}",2.52999960073837,0.950711071491242,6.11999297142029
Neural Network,Enhanced,1,"{'batch_size': 64, 'epochs': 50, 'layer1_units': 128, 'layer2_units': 128, 'layer3_units': 64, 'learning_rate': 0.001}",4.39397479115801,0.851329922676086,6.06193375587463
Neural Network,Enhanced,1,"{'batch_size': 64, 'epochs': 50, 'layer1_units': 128, 'layer2_units': 128, 'layer3_units': 64, 'learning_rate': 0.0001}",3.26776914157942,0.917773604393005,6.11257815361023
Neural Network,Enhanced,1,"{'batch_size': 64, 'epochs': 50, 'layer1_units': 256, 'layer2_units': 64, 'layer3_units': 32, 'learning_rate': 0.001}",4.23678621565141,0.86177659034729,6.19395208358765
Neural Network,Enhanced,1,"{'batch_size': 64, 'epochs': 50, 'layer1_units': 256, 'layer2_units': 64, 'layer3_units': 32, 'learning_rate': 0.0001}",2.33609283849359,0.957976818084717,6.41330051422119
Neural Network,Enhanced,1,"{'batch_size': 64, 'epochs': 50, 'layer1_units': 256, 'layer2_units': 64, 'layer3_units': 64, 'learning_rate': 0.001}",5.19327086293979,0.792322039604187,6.19467258453369
Neural Network,Enhanced,1,"{'batch_size': 64, 'epochs': 50, 'layer1_units': 256, 'layer2_units': 64, 'layer3_units': 64, 'learning_rate': 0.0001}",3.33720884731912,0.914241909980774,6.1998074054718
Neural Network,Enhanced,1,"{'batch_size': 64, 'epochs': 50, 'layer1_units': 256, 'layer2_units': 128, 'layer3_units': 32, 'learning_rate': 0.001}",4.28093968958388,0.858880639076233,6.25131273269653
Neural Network,Enhanced,1,"{'batch_size': 64, 'epochs': 50, 'layer1_units': 256, 'layer2_units': 128, 'layer3_units': 32, 'learning_rate': 0.0001}",2.82170320074498,0.938690006732941,6.26504302024841
Neural Network,Enhanced,1,"{'batch_size': 64, 'epochs': 50, 'layer1_units': 256, 'layer2_units': 128, 'layer3_units': 64, 'learning_rate': 0.001}",3.96764640783149,0.878779947757721,6.27267026901245
Neural Network,Enhanced,1,"{'batch_size': 64, 'epochs': 50, 'layer1_units': 256, 'layer2_units': 128, 'layer3_units': 64, 'learning_rate': 0.0001}",3.37606554518254,0.912233233451843,6.22913599014282
Neural Network,Enhanced,1,"{'batch_size': 64, 'epochs': 100, 'layer1_units': 128, 'layer2_units': 64, 'layer3_units': 32, 'learning_rate': 0.001}",3.16207242947649,0.92300683259964,9.69314789772034
Neural Network,Enhanced,1,"{'batch_size': 64, 'epochs': 100, 'layer1_units': 128, 'layer2_units': 64, 'layer3_units': 32, 'learning_rate': 0.0001}",3.19967286702776,0.921164870262146,9.69294953346252
Neural Network,Enhanced,1,"{'batch_size': 64, 'epochs': 100, 'layer1_units': 128, 'layer2_units': 64, 'layer3_units': 64, 'learning_rate': 0.001}",2.29125184437313,0.959574639797211,9.65592384338379
Neural Network,Enhanced,1,"{'batch_size': 64, 'epochs': 100, 'layer1_units': 128, 'layer2_units': 64, 'layer3_units': 64, 'learning_rate': 0.0001}",4.90351684638368,0.814849972724915,9.69193434715271
Neural Network,Enhanced,1,"{'batch_size': 64, 'epochs': 100, 'layer1_units': 128, 'layer2_units': 128, 'layer3_units': 32, 'learning_rate': 0.001}",3.05388566442282,0.928185164928436,9.70378088951111
Neural Network,Enhanced,1,"{'batch_size': 64, 'epochs': 100, 'layer1_units': 128, 'layer2_units': 128, 'layer3_units': 32, 'learning_rate': 0.0001}",4.31264838364231,0.85678231716156,9.69689989089966
Neural Network,Enhanced,1,"{'batch_size': 64, 'epochs': 100, 'layer1_units': 128, 'layer2_units': 128, 'layer3_units': 64, 'learning_rate': 0.001}",2.07805868630979,0.966747522354126,9.67303490638733
Neural Network,Enhanced,1,"{'batch_size': 64, 'epochs': 100, 'layer1_units': 128, 'layer2_units': 128, 'layer3_units': 64, 'learning_rate': 0.0001}",5.89488070534709,0.732416987419128,9.68291330337524
Neural Network,Enhanced,1,"{'batch_size': 64, 'epochs': 100, 'layer1_units': 256, 'layer2_units': 64, 'layer3_units': 32, 'learning_rate': 0.001}",2.3291568389667,0.958226025104523,9.78266954421997
Neural Network,Enhanced,1,"{'batch_size': 64, 'epochs': 100, 'layer1_units': 256, 'layer2_units': 64, 'layer3_units': 32, 'learning_rate': 0.0001}",4.91882656091147,0.813691973686218,9.77696943283081
Neural Network,Enhanced,1,"{'batch_size': 64, 'epochs': 100, 'layer1_units': 256, 'layer2_units': 64, 'layer3_units': 64, 'learning_rate': 0.001}",2.55209200072601,0.949846506118774,9.80091834068298
Neural Network,Enhanced,1,"{'batch_size': 64, 'epochs': 100, 'layer1_units': 256, 'layer2_units': 64, 'layer3_units': 64, 'learning_rate': 0.0001}",4.8369212590485,0.819844961166382,9.75357055664063
Neural Network,Enhanced,1,"{'batch_size': 64, 'epochs': 100, 'layer1_units': 256, 'layer2_units': 128, 'layer3_units': 32, 'learning_rate': 0.001}",3.16912933426591,0.922662794589996,9.85259509086609
Neural Network,Enhanced,1,"{'batch_size': 64, 'epochs': 100, 'layer1_units': 256, 'layer2_units': 128, 'layer3_units': 32, 'learning_rate': 0.0001}",5.79711255514767,0.741219282150269,9.85525989532471
Neural Network,Enhanced,1,"{'batch_size': 64, 'epochs': 100, 'layer1_units': 256, 'layer2_units': 128, 'layer3_units': 64, 'learning_rate': 0.001}",5.91351485141867,0.730722606182098,9.8611752986908
Neural Network,Enhanced,1,"{'batch_size': 64, 'epochs': 100, 'layer1_units': 256, 'layer2_units': 128, 'layer3_units': 64, 'learning_rate': 0.0001}",6.06537174755473,0.716715157032013,9.89217853546143
Neural Network,Enhanced,2,"{'batch_size': 32, 'epochs': 50, 'layer1_units': 128, 'layer2_units': 64, 'layer3_units': 32, 'learning_rate': 0.001}",1.97104619861266,0.974776983261108,9.12990760803223
Neural Network,Enhanced,2,"{'batch_size': 32, 'epochs': 50, 'layer1_units': 128, 'layer2_units': 64, 'layer3_units': 32, 'learning_rate': 0.0001}",2.38335795178626,0.963120758533478,9.1415581703186
Neural Network,Enhanced,2,"{'batch_size': 32, 'epochs': 50, 'layer1_units': 128, 'layer2_units': 64, 'layer3_units': 64, 'learning_rate': 0.001}",1.94532549137542,0.975430965423584,9.09488368034363
Neural Network,Enhanced,2,"{'batch_size': 32, 'epochs': 50, 'layer1_units': 128, 'layer2_units': 64, 'layer3_units': 64, 'learning_rate': 0.0001}",2.36733303315141,0.9636150598526,9.06441617012024
Neural Network,Enhanced,2,"{'batch_size': 32, 'epochs': 50, 'layer1_units': 128, 'layer2_units': 128, 'layer3_units': 32, 'learning_rate': 0.001}",1.9021781206973,0.976508796215057,9.09133982658386
Neural Network,Enhanced,2,"{'batch_size': 32, 'epochs': 50, 'layer1_units': 128, 'layer2_units': 128, 'layer3_units': 32, 'learning_rate': 0.0001}",2.31729546344938,0.965136885643005,9.14903259277344
Neural Network,Enhanced,2,"{'batch_size': 32, 'epochs': 50, 'layer1_units': 128, 'layer2_units': 128, 'layer3_units': 64, 'learning_rate': 0.001}",1.84547537554009,0.977888405323029,9.11809349060059
Neural Network,Enhanced,2,"{'batch_size': 32, 'epochs': 50, 'layer1_units': 128, 'layer2_units': 128, 'layer3_units': 64, 'learning_rate': 0.0001}",2.16167651687688,0.969662189483643,9.11829686164856
Neural Network,Enhanced,2,"{'batch_size': 32, 'epochs': 50, 'layer1_units': 256, 'layer2_units': 64, 'layer3_units': 32, 'learning_rate': 0.001}",1.81664558392578,0.978573858737946,9.21521997451782
Neural Network,Enhanced,2,"{'batch_size': 32, 'epochs': 50, 'layer1_units': 256, 'layer2_units': 64, 'layer3_units': 32, 'learning_rate': 0.0001}",2.28883282547512,0.965988039970398,9.17434668540955
Neural Network,Enhanced,2,"{'batch_size': 32, 'epochs': 50, 'layer1_units': 256, 'layer2_units': 64, 'layer3_units': 64, 'learning_rate': 0.001}",1.84674869370095,0.977857887744904,9.20759654045105
Neural Network,Enhanced,2,"{'batch_size': 32, 'epochs': 50, 'layer1_units': 256, 'layer2_units': 64, 'layer3_units': 64, 'learning_rate': 0.0001}",2.30440175499527,0.965523779392242,9.15447235107422
Neural Network,Enhanced,2,"{'batch_size': 32, 'epochs': 50, 'layer1_units': 256, 'layer2_units': 128, 'layer3_units': 32, 'learning_rate': 0.001}",1.84872547528015,0.977810502052307,9.30111742019653
Neural Network,Enhanced,2,"{'batch_size': 32, 'epochs': 50, 'layer1_units': 256, 'layer2_units': 128, 'layer3_units': 32, 'learning_rate': 0.0001}",2.14611202269706,0.970097482204437,9.33693099021912
Neural Network,Enhanced,2,"{'batch_size': 32, 'epochs': 50, 'layer1_units': 256, 'layer2_units': 128, 'layer3_units': 64, 'learning_rate': 0.001}",1.94133152040765,0.975531756877899,9.29620456695557
Neural Network,Enhanced,2,"{'batch_size': 32, 'epochs': 50, 'layer1_units': 256, 'layer2_units': 128, 'layer3_units': 64, 'learning_rate': 0.0001}",2.18025293160316,0.969138503074646,9.3014452457428
Neural Network,Enhanced,2,"{'batch_size': 32, 'epochs': 100, 'layer1_units': 128, 'layer2_units': 64, 'layer3_units': 32, 'learning_rate': 0.001}",1.99513618807491,0.974156677722931,15.781252861023
Neural Network,Enhanced,2,"{'batch_size': 32, 'epochs': 100, 'layer1_units': 128, 'layer2_units': 64, 'layer3_units': 32, 'learning_rate': 0.0001}",2.14680802020072,0.970078051090241,15.8153519630432
Neural Network,Enhanced,2,"{'batch_size': 32, 'epochs': 100, 'layer1_units': 128, 'layer2_units': 64, 'layer3_units': 64, 'learning_rate': 0.001}",2.00842798202584,0.973811209201813,15.7523033618927
Neural Network,Enhanced,2,"{'batch_size': 32, 'epochs': 100, 'layer1_units': 128, 'layer2_units': 64, 'layer3_units': 64, 'learning_rate': 0.0001}",2.09221444828378,0.971580564975739,15.8273751735687
Neural Network,Enhanced,2,"{'batch_size': 32, 'epochs': 100, 'layer1_units': 128, 'layer2_units': 128, 'layer3_units': 32, 'learning_rate': 0.001}",1.95026939683082,0.97530597448349,15.7611021995544
Neural Network,Enhanced,2,"{'batch_size': 32, 'epochs': 100, 'layer1_units': 128, 'layer2_units': 128, 'layer3_units': 32, 'learning_rate': 0.0001}",1.97391891104621,0.974703431129456,15.7887313365936
Neural Network,Enhanced,2,"{'batch_size': 32, 'epochs': 100, 'layer1_units': 128, 'layer2_units': 128, 'layer3_units': 64, 'learning_rate': 0.001}",2.02204770702223,0.973454773426056,15.7633187770844
Neural Network,Enhanced,2,"{'batch_size': 32, 'epochs': 100, 'layer1_units': 128, 'layer2_units': 128, 'layer3_units': 64, 'learning_rate': 0.0001}",1.96967862949858,0.974811971187592,15.7846982479095
Neural Network,Enhanced,2,"{'batch_size': 32, 'epochs': 100, 'layer1_units': 256, 'layer2_units': 64, 'layer3_units': 32, 'learning_rate': 0.001}",1.88621586955181,0.976901412010193,15.8186545372009
Neural Network,Enhanced,2,"{'batch_size': 32, 'epochs': 100, 'layer1_units': 256, 'layer2_units': 64, 'layer3_units': 32, 'learning_rate': 0.0001}",1.98631978291098,0.974384605884552,15.8486843109131
Neural Network,Enhanced,2,"{'batch_size': 32, 'epochs': 100, 'layer1_units': 256, 'layer2_units': 64, 'layer3_units': 64, 'learning_rate': 0.001}",1.85520024013164,0.977654755115509,15.7822833061218
Neural Network,Enhanced,2,"{'batch_size': 32, 'epochs': 100, 'layer1_units': 256, 'layer2_units': 64, 'layer3_units': 64, 'learning_rate': 0.0001}",2.00432012793926,0.973918199539185,15.8228559494019
Neural Network,Enhanced,2,"{'batch_size': 32, 'epochs': 100, 'layer1_units': 256, 'layer2_units': 128, 'layer3_units': 32, 'learning_rate': 0.001}",2.0037176627193,0.973933875560761,16.000869512558
Neural Network,Enhanced,2,"{'batch_size': 32, 'epochs': 100, 'layer1_units': 256, 'layer2_units': 128, 'layer3_units': 32, 'learning_rate': 0.0001}",1.99295866756962,0.974213063716888,15.9222469329834
Neural Network,Enhanced,2,"{'batch_size': 32, 'epochs': 100, 'layer1_units': 256, 'layer2_units': 128, 'layer3_units': 64, 'learning_rate': 0.001}",2.08592435568336,0.971751153469086,15.9573032855988
Neural Network,Enhanced,2,"{'batch_size': 32, 'epochs': 100, 'layer1_units': 256, 'layer2_units': 128, 'layer3_units': 64, 'learning_rate': 0.0001}",1.9775555193181,0.974610149860382,15.94557762146
Neural Network,Enhanced,2,"{'batch_size': 64, 'epochs': 50, 'layer1_units': 128, 'layer2_units': 64, 'layer3_units': 32, 'learning_rate': 0.001}",1.90674997245535,0.976395726203919,6.0526921749115
Neural Network,Enhanced,2,"{'batch_size': 64, 'epochs': 50, 'layer1_units': 128, 'layer2_units': 64, 'layer3_units': 32, 'learning_rate': 0.0001}",2.59856354206458,0.956160068511963,6.07975506782532
Neural Network,Enhanced,2,"{'batch_size': 64, 'epochs': 50, 'layer1_units': 128, 'layer2_units': 64, 'layer3_units': 64, 'learning_rate': 0.001}",2.01332540704207,0.973683297634125,6.03108525276184
Neural Network,Enhanced,2,"{'batch_size': 64, 'epochs': 50, 'layer1_units': 128, 'layer2_units': 64, 'layer3_units': 64, 'learning_rate': 0.0001}",2.48289080736991,0.959976196289063,6.08123469352722
Neural Network,Enhanced,2,"{'batch_size': 64, 'epochs': 50, 'layer1_units': 128, 'layer2_units': 128, 'layer3_units': 32, 'learning_rate': 0.001}",1.96631532321685,0.974897921085358,6.08151626586914
Neural Network,Enhanced,2,"{'batch_size': 64, 'epochs': 50, 'layer1_units': 128, 'layer2_units': 128, 'layer3_units': 32, 'learning_rate': 0.0001}",2.58225460500359,0.956708610057831,6.10147404670715
Neural Network,Enhanced,2,"{'batch_size': 64, 'epochs': 50, 'layer1_units': 128, 'layer2_units': 128, 'layer3_units': 64, 'learning_rate': 0.001}",2.06908936266911,0.972205340862274,6.09289598464966
Neural Network,Enhanced,2,"{'batch_size': 64, 'epochs': 50, 'layer1_units': 128, 'layer2_units': 128, 'layer3_units': 64, 'learning_rate': 0.0001}",2.45991916477162,0.960713386535645,6.07623863220215
Neural Network,Enhanced,2,"{'batch_size': 64, 'epochs': 50, 'layer1_units': 256, 'layer2_units': 64, 'layer3_units': 32, 'learning_rate': 0.001}",2.0172170812682,0.973581492900848,6.17918610572815
Neural Network,Enhanced,2,"{'batch_size': 64, 'epochs': 50, 'layer1_units': 256, 'layer2_units': 64, 'layer3_units': 32, 'learning_rate': 0.0001}",2.55350450662425,0.957667231559753,6.26320648193359
Neural Network,Enhanced,2,"{'batch_size': 64, 'epochs': 50, 'layer1_units': 256, 'layer2_units': 64, 'layer3_units': 64, 'learning_rate': 0.001}",2.03561167828866,0.973097443580627,6.18357491493225
Neural Network,Enhanced,2,"{'batch_size': 64, 'epochs': 50, 'layer1_units': 256, 'layer2_units': 64, 'layer3_units': 64, 'learning_rate': 0.0001}",2.42588031953496,0.961793065071106,6.26067805290222
Neural Network,Enhanced,2,"{'batch_size': 64, 'epochs': 50, 'layer1_units': 256, 'layer2_units': 128, 'layer3_units': 32, 'learning_rate': 0.001}",1.94737116337308,0.975379288196564,6.24462056159973
Neural Network,Enhanced,2,"{'batch_size': 64, 'epochs': 50, 'layer1_units': 256, 'layer2_units': 128, 'layer3_units': 32, 'learning_rate': 0.0001}",2.4095543306063,0.96230560541153,6.25404262542725
Neural Network,Enhanced,2,"{'batch_size': 64, 'epochs': 50, 'layer1_units': 256, 'layer2_units': 128, 'layer3_units': 64, 'learning_rate': 0.001}",1.99330036271087,0.974204242229462,6.23682045936585
Neural Network,Enhanced,2,"{'batch_size': 64, 'epochs': 50, 'layer1_units': 256, 'layer2_units': 128, 'layer3_units': 64, 'learning_rate': 0.0001}",2.34099141857427,0.964420258998871,6.26039266586304
Neural Network,Enhanced,2,"{'batch_size': 64, 'epochs': 100, 'layer1_units': 128, 'layer2_units': 64, 'layer3_units': 32, 'learning_rate': 0.001}",1.79939166756609,0.978978931903839,9.63542604446411
Neural Network,Enhanced,2,"{'batch_size': 64, 'epochs': 100, 'layer1_units': 128, 'layer2_units': 64, 'layer3_units': 32, 'learning_rate': 0.0001}",2.24801717915877,0.967190265655518,9.65479493141174
Neural Network,Enhanced,2,"{'batch_size': 64, 'epochs': 100, 'layer1_units': 128, 'layer2_units': 64, 'layer3_units': 64, 'learning_rate': 0.001}",1.91416177297566,0.976211845874786,9.6649215221405
Neural Network,Enhanced,2,"{'batch_size': 64, 'epochs': 100, 'layer1_units': 128, 'layer2_units': 64, 'layer3_units': 64, 'learning_rate': 0.0001}",2.282072049788,0.966188669204712,9.65272283554077
Neural Network,Enhanced,2,"{'batch_size': 64, 'epochs': 100, 'layer1_units': 128, 'layer2_units': 128, 'layer3_units': 32, 'learning_rate': 0.001}",2.01307126105849,0.97368997335434,9.6607129573822
Neural Network,Enhanced,2,"{'batch_size': 64, 'epochs': 100, 'layer1_units': 128, 'layer2_units': 128, 'layer3_units': 32, 'learning_rate': 0.0001}",2.19635234926465,0.968681037425995,9.679358959198
Neural Network,Enhanced,2,"{'batch_size': 64, 'epochs': 100, 'layer1_units': 128, 'layer2_units': 128, 'layer3_units': 64, 'learning_rate': 0.001}",1.84995982667761,0.977780818939209,9.63925957679749
Neural Network,Enhanced,2,"{'batch_size': 64, 'epochs': 100, 'layer1_units': 128, 'layer2_units': 128, 'layer3_units': 64, 'learning_rate': 0.0001}",2.1822744898397,0.969081223011017,9.69749045372009
Neural Network,Enhanced,2,"{'batch_size': 64, 'epochs': 100, 'layer1_units': 256, 'layer2_units': 64, 'layer3_units': 32, 'learning_rate': 0.001}",1.90401991175009,0.976463258266449,9.77574586868286
Neural Network,Enhanced,2,"{'batch_size': 64, 'epochs': 100, 'layer1_units': 256, 'layer2_units': 64, 'layer3_units': 32, 'learning_rate': 0.0001}",2.1609043253947,0.969683825969696,9.80088353157044
Neural Network,Enhanced,2,"{'batch_size': 64, 'epochs': 100, 'layer1_units': 256, 'layer2_units': 64, 'layer3_units': 64, 'learning_rate': 0.001}",1.87829541847033,0.977094948291779,9.78054046630859
Neural Network,Enhanced,2,"{'batch_size': 64, 'epochs': 100, 'layer1_units': 256, 'layer2_units': 64, 'layer3_units': 64, 'learning_rate': 0.0001}",2.13972877619741,0.970275104045868,9.76298975944519
Neural Network,Enhanced,2,"{'batch_size': 64, 'epochs': 100, 'layer1_units': 256, 'layer2_units': 128, 'layer3_units': 32, 'learning_rate': 0.001}",1.95119942921532,0.975282371044159,9.85560035705566
Neural Network,Enhanced,2,"{'batch_size': 64, 'epochs': 100, 'layer1_units': 256, 'layer2_units': 128, 'layer3_units': 32, 'learning_rate': 0.0001}",2.07742733824871,0.97198086977005,9.87141084671021
Neural Network,Enhanced,2,"{'batch_size': 64, 'epochs': 100, 'layer1_units': 256, 'layer2_units': 128, 'layer3_units': 64, 'learning_rate': 0.001}",1.91101841104163,0.976289927959442,9.9105339050293
Neural Network,Enhanced,2,"{'batch_size': 64, 'epochs': 100, 'layer1_units': 256, 'layer2_units': 128, 'layer3_units': 64, 'learning_rate': 0.0001}",2.0446432045825,0.972858250141144,9.84505105018616
Neural Network,Enhanced,3,"{'batch_size': 32, 'epochs': 50, 'layer1_units': 128, 'layer2_units': 64, 'layer3_units': 32, 'learning_rate': 0.001}",1.70554676585188,0.983027517795563,9.77926278114319
Neural Network,Enhanced,3,"{'batch_size': 32, 'epochs': 50, 'layer1_units': 128, 'layer2_units': 64, 'layer3_units': 32, 'learning_rate': 0.0001}",1.94748814267037,0.97787070274353,9.0099196434021
Neural Network,Enhanced,3,"{'batch_size': 32, 'epochs': 50, 'layer1_units': 128, 'layer2_units': 64, 'layer3_units': 64, 'learning_rate': 0.001}",1.74299739607213,0.982273936271668,9.38388442993164
Neural Network,Enhanced,3,"{'batch_size': 32, 'epochs': 50, 'layer1_units': 128, 'layer2_units': 64, 'layer3_units': 64, 'learning_rate': 0.0001}",1.90804500178483,0.978757977485657,9.00785422325134
Neural Network,Enhanced,3,"{'batch_size': 32, 'epochs': 50, 'layer1_units': 128, 'layer2_units': 128, 'layer3_units': 32, 'learning_rate': 0.001}",1.61662865164721,0.984751105308533,9.88666200637817
Neural Network,Enhanced,3,"{'batch_size': 32, 'epochs': 50, 'layer1_units': 128, 'layer2_units': 128, 'layer3_units': 32, 'learning_rate': 0.0001}",2.07538613552798,0.974868655204773,9.04441690444946
Neural Network,Enhanced,3,"{'batch_size': 32, 'epochs': 50, 'layer1_units': 128, 'layer2_units': 128, 'layer3_units': 64, 'learning_rate': 0.001}",1.72751070110358,0.982587575912476,9.24994659423828
Neural Network,Enhanced,3,"{'batch_size': 32, 'epochs': 50, 'layer1_units': 128, 'layer2_units': 128, 'layer3_units': 64, 'learning_rate': 0.0001}",1.72047566567783,0.982729077339172,9.01853680610657
Neural Network,Enhanced,3,"{'batch_size': 32, 'epochs': 50, 'layer1_units': 256, 'layer2_units': 64, 'layer3_units': 32, 'learning_rate': 0.001}",1.65779955370825,0.983964502811432,9.88416218757629
Neural Network,Enhanced,3,"{'batch_size': 32, 'epochs': 50, 'layer1_units': 256, 'layer2_units': 64, 'layer3_units': 32, 'learning_rate': 0.0001}",2.02244396193383,0.976134479045868,9.08209609985352
Neural Network,Enhanced,3,"{'batch_size': 32, 'epochs': 50, 'layer1_units': 256, 'layer2_units': 64, 'layer3_units': 64, 'learning_rate': 0.001}",1.63130198428753,0.984473049640656,18.6548058986664
Neural Network,Enhanced,3,"{'batch_size': 32, 'epochs': 50, 'layer1_units': 256, 'layer2_units': 64, 'layer3_units': 64, 'learning_rate': 0.0001}",1.69538689375403,0.983229100704193,9.48430705070496
Neural Network,Enhanced,3,"{'batch_size': 32, 'epochs': 50, 'layer1_units': 256, 'layer2_units': 128, 'layer3_units': 32, 'learning_rate': 0.001}",1.65164783152681,0.984083294868469,10.2319054603577
Neural Network,Enhanced,3,"{'batch_size': 32, 'epochs': 50, 'layer1_units': 256, 'layer2_units': 128, 'layer3_units': 32, 'learning_rate': 0.0001}",1.87212883146915,0.979550182819367,9.39790439605713
Neural Network,Enhanced,3,"{'batch_size': 32, 'epochs': 50, 'layer1_units': 256, 'layer2_units': 128, 'layer3_units': 64, 'learning_rate': 0.001}",1.69133464141863,0.983309209346771,9.63935852050781
Neural Network,Enhanced,3,"{'batch_size': 32, 'epochs': 50, 'layer1_units': 256, 'layer2_units': 128, 'layer3_units': 64, 'learning_rate': 0.0001}",1.84212506344558,0.980200409889221,9.33580851554871
Neural Network,Enhanced,3,"{'batch_size': 32, 'epochs': 100, 'layer1_units': 128, 'layer2_units': 64, 'layer3_units': 32, 'learning_rate': 0.001}",1.61278099450596,0.98482358455658,15.9562337398529
Neural Network,Enhanced,3,"{'batch_size': 32, 'epochs': 100, 'layer1_units': 128, 'layer2_units': 64, 'layer3_units': 32, 'learning_rate': 0.0001}",2.34255381258749,0.96798175573349,15.9245615005493
Neural Network,Enhanced,3,"{'batch_size': 32, 'epochs': 100, 'layer1_units': 128, 'layer2_units': 64, 'layer3_units': 64, 'learning_rate': 0.001}",1.68772250933741,0.983380436897278,16.017130613327
Neural Network,Enhanced,3,"{'batch_size': 32, 'epochs': 100, 'layer1_units': 128, 'layer2_units': 64, 'layer3_units': 64, 'learning_rate': 0.0001}",2.00867428820295,0.976458311080933,15.9193892478943
Neural Network,Enhanced,3,"{'batch_size': 32, 'epochs': 100, 'layer1_units': 128, 'layer2_units': 128, 'layer3_units': 32, 'learning_rate': 0.001}",1.6218063075342,0.984653234481812,15.9413821697235
Neural Network,Enhanced,3,"{'batch_size': 32, 'epochs': 100, 'layer1_units': 128, 'layer2_units': 128, 'layer3_units': 32, 'learning_rate': 0.0001}",1.76762452459818,0.981769502162933,15.9923062324524
Neural Network,Enhanced,3,"{'batch_size': 32, 'epochs': 100, 'layer1_units': 128, 'layer2_units': 128, 'layer3_units': 64, 'learning_rate': 0.001}",1.67965783381324,0.983538866043091,15.8885526657105
Neural Network,Enhanced,3,"{'batch_size': 32, 'epochs': 100, 'layer1_units': 128, 'layer2_units': 128, 'layer3_units': 64, 'learning_rate': 0.0001}",1.78196347319718,0.981472551822662,15.8739793300629
Neural Network,Enhanced,3,"{'batch_size': 32, 'epochs': 100, 'layer1_units': 256, 'layer2_units': 64, 'layer3_units': 32, 'learning_rate': 0.001}",1.56109777473524,0.985780715942383,15.9555621147156
Neural Network,Enhanced,3,"{'batch_size': 32, 'epochs': 100, 'layer1_units': 256, 'layer2_units': 64, 'layer3_units': 32, 'learning_rate': 0.0001}",1.7904729488985,0.981295168399811,15.9522008895874
Neural Network,Enhanced,3,"{'batch_size': 32, 'epochs': 100, 'layer1_units': 256, 'layer2_units': 64, 'layer3_units': 64, 'learning_rate': 0.001}",1.57018146632442,0.985614717006683,15.9348776340485
Neural Network,Enhanced,3,"{'batch_size': 32, 'epochs': 100, 'layer1_units': 256, 'layer2_units': 64, 'layer3_units': 64, 'learning_rate': 0.0001}",1.74771889108357,0.982177793979645,15.9648530483246
Neural Network,Enhanced,3,"{'batch_size': 32, 'epochs': 100, 'layer1_units': 256, 'layer2_units': 128, 'layer3_units': 32, 'learning_rate': 0.001}",1.53823737473734,0.9861940741539,16.0218014717102
Neural Network,Enhanced,3,"{'batch_size': 32, 'epochs': 100, 'layer1_units': 256, 'layer2_units': 128, 'layer3_units': 32, 'learning_rate': 0.0001}",1.85953360770643,0.979824423789978,16.0286018848419
Neural Network,Enhanced,3,"{'batch_size': 32, 'epochs': 100, 'layer1_units': 256, 'layer2_units': 128, 'layer3_units': 64, 'learning_rate': 0.001}",1.48323673976756,0.987163722515106,16.036064863205
Neural Network,Enhanced,3,"{'batch_size': 32, 'epochs': 100, 'layer1_units': 256, 'layer2_units': 128, 'layer3_units': 64, 'learning_rate': 0.0001}",1.76514651136201,0.981820583343506,15.9742677211761
Neural Network,Enhanced,3,"{'batch_size': 64, 'epochs': 50, 'layer1_units': 128, 'layer2_units': 64, 'layer3_units': 32, 'learning_rate': 0.001}",1.66994793074062,0.983728647232056,6.04088735580444
Neural Network,Enhanced,3,"{'batch_size': 64, 'epochs': 50, 'layer1_units': 128, 'layer2_units': 64, 'layer3_units': 32, 'learning_rate': 0.0001}",2.89499511296678,0.951099455356598,6.0924084186554
Neural Network,Enhanced,3,"{'batch_size': 64, 'epochs': 50, 'layer1_units': 128, 'layer2_units': 64, 'layer3_units': 64, 'learning_rate': 0.001}",1.81934609361682,0.980687022209168,5.99190306663513
Neural Network,Enhanced,3,"{'batch_size': 64, 'epochs': 50, 'layer1_units': 128, 'layer2_units': 64, 'layer3_units': 64, 'learning_rate': 0.0001}",2.39852547251249,0.966433465480804,5.99923062324524
Neural Network,Enhanced,3,"{'batch_size': 64, 'epochs': 50, 'layer1_units': 128, 'layer2_units': 128, 'layer3_units': 32, 'learning_rate': 0.001}",1.70211622127788,0.983095705509186,6.01833176612854
Neural Network,Enhanced,3,"{'batch_size': 64, 'epochs': 50, 'layer1_units': 128, 'layer2_units': 128, 'layer3_units': 32, 'learning_rate': 0.0001}",2.37602502888684,0.967060267925263,6.0161452293396
Neural Network,Enhanced,3,"{'batch_size': 64, 'epochs': 50, 'layer1_units': 128, 'layer2_units': 128, 'layer3_units': 64, 'learning_rate': 0.001}",1.77476048801245,0.981622040271759,6.04725241661072
Neural Network,Enhanced,3,"{'batch_size': 64, 'epochs': 50, 'layer1_units': 128, 'layer2_units': 128, 'layer3_units': 64, 'learning_rate': 0.0001}",2.33783096581539,0.968110740184784,6.0210747718811
Neural Network,Enhanced,3,"{'batch_size': 64, 'epochs': 50, 'layer1_units': 256, 'layer2_units': 64, 'layer3_units': 32, 'learning_rate': 0.001}",1.82308977304243,0.980607509613037,6.09661078453064
Neural Network,Enhanced,3,"{'batch_size': 64, 'epochs': 50, 'layer1_units': 256, 'layer2_units': 64, 'layer3_units': 32, 'learning_rate': 0.0001}",2.32904044976821,0.968350112438202,6.07080292701721
Neural Network,Enhanced,3,"{'batch_size': 64, 'epochs': 50, 'layer1_units': 256, 'layer2_units': 64, 'layer3_units': 64, 'learning_rate': 0.001}",1.73950666460437,0.982344925403595,6.04364275932312
Neural Network,Enhanced,3,"{'batch_size': 64, 'epochs': 50, 'layer1_units': 256, 'layer2_units': 64, 'layer3_units': 64, 'learning_rate': 0.0001}",2.29391537935451,0.969297587871552,6.02494978904724
Neural Network,Enhanced,3,"{'batch_size': 64, 'epochs': 50, 'layer1_units': 256, 'layer2_units': 128, 'layer3_units': 32, 'learning_rate': 0.001}",1.80011496971445,0.981093168258667,6.13522076606751
Neural Network,Enhanced,3,"{'batch_size': 64, 'epochs': 50, 'layer1_units': 256, 'layer2_units': 128, 'layer3_units': 32, 'learning_rate': 0.0001}",2.4466709836286,0.965072393417358,6.14596724510193
Neural Network,Enhanced,3,"{'batch_size': 64, 'epochs': 50, 'layer1_units': 256, 'layer2_units': 128, 'layer3_units': 64, 'learning_rate': 0.001}",1.81976106993165,0.980678260326386,6.13807797431946
Neural Network,Enhanced,3,"{'batch_size': 64, 'epochs': 50, 'layer1_units': 256, 'layer2_units': 128, 'layer3_units': 64, 'learning_rate': 0.0001}",2.5234251228714,0.962846577167511,6.13470101356506
Neural Network,Enhanced,3,"{'batch_size': 64, 'epochs': 100, 'layer1_units': 128, 'layer2_units': 64, 'layer3_units': 32, 'learning_rate': 0.001}",1.56662472844637,0.985679805278778,9.57805252075195
Neural Network,Enhanced,3,"{'batch_size': 64, 'epochs': 100, 'layer1_units': 128, 'layer2_units': 64, 'layer3_units': 32, 'learning_rate': 0.0001}",2.13955840108943,0.97329044342041,9.57119917869568
Neural Network,Enhanced,3,"{'batch_size': 64, 'epochs': 100, 'layer1_units': 128, 'layer2_units': 64, 'layer3_units': 64, 'learning_rate': 0.001}",1.71592334314223,0.982820391654968,9.5751678943634
Neural Network,Enhanced,3,"{'batch_size': 64, 'epochs': 100, 'layer1_units': 128, 'layer2_units': 64, 'layer3_units': 64, 'learning_rate': 0.0001}",1.7753549704418,0.981609702110291,9.55678367614746
Neural Network,Enhanced,3,"{'batch_size': 64, 'epochs': 100, 'layer1_units': 128, 'layer2_units': 128, 'layer3_units': 32, 'learning_rate': 0.001}",1.60588851601623,0.984953045845032,9.58837389945984
Neural Network,Enhanced,3,"{'batch_size': 64, 'epochs': 100, 'layer1_units': 128, 'layer2_units': 128, 'layer3_units': 32, 'learning_rate': 0.0001}",1.8310617187365,0.980437517166138,9.58373093605042
Neural Network,Enhanced,3,"{'batch_size': 64, 'epochs': 100, 'layer1_units': 128, 'layer2_units': 128, 'layer3_units': 64, 'learning_rate': 0.001}",1.56156031008588,0.985772252082825,9.59593057632446
Neural Network,Enhanced,3,"{'batch_size': 64, 'epochs': 100, 'layer1_units': 128, 'layer2_units': 128, 'layer3_units': 64, 'learning_rate': 0.0001}",1.82933050332856,0.980474472045898,9.57774543762207
Neural Network,Enhanced,3,"{'batch_size': 64, 'epochs': 100, 'layer1_units': 256, 'layer2_units': 64, 'layer3_units': 32, 'learning_rate': 0.001}",1.7113502736107,0.982911825180054,9.65840554237366
Neural Network,Enhanced,3,"{'batch_size': 64, 'epochs': 100, 'layer1_units': 256, 'layer2_units': 64, 'layer3_units': 32, 'learning_rate': 0.0001}",1.9840351925159,0.977032363414764,9.67615437507629
Neural Network,Enhanced,3,"{'batch_size': 64, 'epochs': 100, 'layer1_units': 256, 'layer2_units': 64, 'layer3_units': 64, 'learning_rate': 0.001}",1.7091058132077,0.98295658826828,9.64561438560486
Neural Network,Enhanced,3,"{'batch_size': 64, 'epochs': 100, 'layer1_units': 256, 'layer2_units': 64, 'layer3_units': 64, 'learning_rate': 0.0001}",1.76740890451631,0.981773972511292,9.66672515869141
Neural Network,Enhanced,3,"{'batch_size': 64, 'epochs': 100, 'layer1_units': 256, 'layer2_units': 128, 'layer3_units': 32, 'learning_rate': 0.001}",1.61366256382439,0.984807014465332,9.74169754981995
Neural Network,Enhanced,3,"{'batch_size': 64, 'epochs': 100, 'layer1_units': 256, 'layer2_units': 128, 'layer3_units': 32, 'learning_rate': 0.0001}",1.89249781387989,0.979102790355682,9.71963095664978
Neural Network,Enhanced,3,"{'batch_size': 64, 'epochs': 100, 'layer1_units': 256, 'layer2_units': 128, 'layer3_units': 64, 'learning_rate': 0.001}",1.64930817810207,0.984128355979919,9.7577052116394
Neural Network,Enhanced,3,"{'batch_size': 64, 'epochs': 100, 'layer1_units': 256, 'layer2_units': 128, 'layer3_units': 64, 'learning_rate': 0.0001}",1.87282175057665,0.979535043239594,9.7774248123169
Neural Network,Enhanced,4,"{'batch_size': 32, 'epochs': 50, 'layer1_units': 128, 'layer2_units': 64, 'layer3_units': 32, 'learning_rate': 0.001}",2.19469619734044,0.967098534107208,9.00686287879944
Neural Network,Enhanced,4,"{'batch_size': 32, 'epochs': 50, 'layer1_units': 128, 'layer2_units': 64, 'layer3_units': 32, 'learning_rate': 0.0001}",1.95286717048213,0.973949730396271,9.00922727584839
Neural Network,Enhanced,4,"{'batch_size': 32, 'epochs': 50, 'layer1_units': 128, 'layer2_units': 64, 'layer3_units': 64, 'learning_rate': 0.001}",2.06227133668222,0.970949172973633,9.02217268943787
Neural Network,Enhanced,4,"{'batch_size': 32, 'epochs': 50, 'layer1_units': 128, 'layer2_units': 64, 'layer3_units': 64, 'learning_rate': 0.0001}",1.8766253737971,0.975944101810455,9.03433966636658
Neural Network,Enhanced,4,"{'batch_size': 32, 'epochs': 50, 'layer1_units': 128, 'layer2_units': 128, 'layer3_units': 32, 'learning_rate': 0.001}",2.17955722214417,0.967550873756409,9.01431941986084
Neural Network,Enhanced,4,"{'batch_size': 32, 'epochs': 50, 'layer1_units': 128, 'layer2_units': 128, 'layer3_units': 32, 'learning_rate': 0.0001}",1.85662824842107,0.976454019546509,9.04921650886536
Neural Network,Enhanced,4,"{'batch_size': 32, 'epochs': 50, 'layer1_units': 128, 'layer2_units': 128, 'layer3_units': 64, 'learning_rate': 0.001}",2.20527252070214,0.966780662536621,9.03294992446899
Neural Network,Enhanced,4,"{'batch_size': 32, 'epochs': 50, 'layer1_units': 128, 'layer2_units': 128, 'layer3_units': 64, 'learning_rate': 0.0001}",1.90935176454382,0.97509777545929,8.96993613243103
Neural Network,Enhanced,4,"{'batch_size': 32, 'epochs': 50, 'layer1_units': 256, 'layer2_units': 64, 'layer3_units': 32, 'learning_rate': 0.001}",2.23027537454624,0.966023087501526,9.05986332893372
Neural Network,Enhanced,4,"{'batch_size': 32, 'epochs': 50, 'layer1_units': 256, 'layer2_units': 64, 'layer3_units': 32, 'learning_rate': 0.0001}",1.89548164990317,0.975458264350891,9.02633166313171
Neural Network,Enhanced,4,"{'batch_size': 32, 'epochs': 50, 'layer1_units': 256, 'layer2_units': 64, 'layer3_units': 64, 'learning_rate': 0.001}",2.13539319529466,0.968852579593658,9.06519532203674
Neural Network,Enhanced,4,"{'batch_size': 32, 'epochs': 50, 'layer1_units': 256, 'layer2_units': 64, 'layer3_units': 64, 'learning_rate': 0.0001}",1.91249175724422,0.975015759468079,9.0476713180542
Neural Network,Enhanced,4,"{'batch_size': 32, 'epochs': 50, 'layer1_units': 256, 'layer2_units': 128, 'layer3_units': 32, 'learning_rate': 0.001}",2.14934639865384,0.968444168567658,9.16423344612122
Neural Network,Enhanced,4,"{'batch_size': 32, 'epochs': 50, 'layer1_units': 256, 'layer2_units': 128, 'layer3_units': 32, 'learning_rate': 0.0001}",1.92810500272153,0.974606156349182,9.17393064498901
Neural Network,Enhanced,4,"{'batch_size': 32, 'epochs': 50, 'layer1_units': 256, 'layer2_units': 128, 'layer3_units': 64, 'learning_rate': 0.001}",2.13585437537564,0.968839108943939,9.19959878921509
Neural Network,Enhanced,4,"{'batch_size': 32, 'epochs': 50, 'layer1_units': 256, 'layer2_units': 128, 'layer3_units': 64, 'learning_rate': 0.0001}",1.91350070727485,0.974989414215088,9.13117671012878
Neural Network,Enhanced,4,"{'batch_size': 32, 'epochs': 100, 'layer1_units': 128, 'layer2_units': 64, 'layer3_units': 32, 'learning_rate': 0.001}",2.25910390068995,0.965139091014862,15.6796188354492
Neural Network,Enhanced,4,"{'batch_size': 32, 'epochs': 100, 'layer1_units': 128, 'layer2_units': 64, 'layer3_units': 32, 'learning_rate': 0.0001}",1.92974068881103,0.97456306219101,15.7227058410645
Neural Network,Enhanced,4,"{'batch_size': 32, 'epochs': 100, 'layer1_units': 128, 'layer2_units': 64, 'layer3_units': 64, 'learning_rate': 0.001}",2.19141451856172,0.967196822166443,15.6346912384033
Neural Network,Enhanced,4,"{'batch_size': 32, 'epochs': 100, 'layer1_units': 128, 'layer2_units': 64, 'layer3_units': 64, 'learning_rate': 0.0001}",1.95879596629492,0.973791301250458,15.6445682048798
Neural Network,Enhanced,4,"{'batch_size': 32, 'epochs': 100, 'layer1_units': 128, 'layer2_units': 128, 'layer3_units': 32, 'learning_rate': 0.001}",2.1863628156376,0.967347919940949,15.7215859889984
Neural Network,Enhanced,4,"{'batch_size': 32, 'epochs': 100, 'layer1_units': 128, 'layer2_units': 128, 'layer3_units': 32, 'learning_rate': 0.0001}",1.95722780744382,0.97383326292038,15.7071576118469
Neural Network,Enhanced,4,"{'batch_size': 32, 'epochs': 100, 'layer1_units': 128, 'layer2_units': 128, 'layer3_units': 64, 'learning_rate': 0.001}",2.21800305325545,0.966396033763886,15.681608915329
Neural Network,Enhanced,4,"{'batch_size': 32, 'epochs': 100, 'layer1_units': 128, 'layer2_units': 128, 'layer3_units': 64, 'learning_rate': 0.0001}",2.02294126339176,0.972046673297882,15.6717791557312
Neural Network,Enhanced,4,"{'batch_size': 32, 'epochs': 100, 'layer1_units': 256, 'layer2_units': 64, 'layer3_units': 32, 'learning_rate': 0.001}",2.28524315823652,0.964327692985535,15.7067265510559
Neural Network,Enhanced,4,"{'batch_size': 32, 'epochs': 100, 'layer1_units': 256, 'layer2_units': 64, 'layer3_units': 32, 'learning_rate': 0.0001}",1.91106993621019,0.975052893161774,15.6832759380341
Neural Network,Enhanced,4,"{'batch_size': 32, 'epochs': 100, 'layer1_units': 256, 'layer2_units': 64, 'layer3_units': 64, 'learning_rate': 0.001}",2.16788153945508,0.967897593975067,15.6890037059784
Neural Network,Enhanced,4,"{'batch_size': 32, 'epochs': 100, 'layer1_units': 256, 'layer2_units': 64, 'layer3_units': 64, 'learning_rate': 0.0001}",1.9364597235051,0.974385619163513,15.7129962444305
Neural Network,Enhanced,4,"{'batch_size': 32, 'epochs': 100, 'layer1_units': 256, 'layer2_units': 128, 'layer3_units': 32, 'learning_rate': 0.001}",2.15222754744593,0.968359529972076,15.8337025642395
Neural Network,Enhanced,4,"{'batch_size': 32, 'epochs': 100, 'layer1_units': 256, 'layer2_units': 128, 'layer3_units': 32, 'learning_rate': 0.0001}",1.9835075825459,0.973125874996185,15.8739197254181
Neural Network,Enhanced,4,"{'batch_size': 32, 'epochs': 100, 'layer1_units': 256, 'layer2_units': 128, 'layer3_units': 64, 'learning_rate': 0.001}",2.11752204081877,0.969371736049652,15.8239114284515
Neural Network,Enhanced,4,"{'batch_size': 32, 'epochs': 100, 'layer1_units': 256, 'layer2_units': 128, 'layer3_units': 64, 'learning_rate': 0.0001}",1.96632375017439,0.973589479923248,15.8183016777039
Neural Network,Enhanced,4,"{'batch_size': 64, 'epochs': 50, 'layer1_units': 128, 'layer2_units': 64, 'layer3_units': 32, 'learning_rate': 0.001}",2.12739450518146,0.969085454940796,5.98539447784424
Neural Network,Enhanced,4,"{'batch_size': 64, 'epochs': 50, 'layer1_units': 128, 'layer2_units': 64, 'layer3_units': 32, 'learning_rate': 0.0001}",2.4783290976219,0.958044946193695,5.95740461349487
Neural Network,Enhanced,4,"{'batch_size': 64, 'epochs': 50, 'layer1_units': 128, 'layer2_units': 64, 'layer3_units': 64, 'learning_rate': 0.001}",2.17624230696246,0.967649519443512,5.96978259086609
Neural Network,Enhanced,4,"{'batch_size': 64, 'epochs': 50, 'layer1_units': 128, 'layer2_units': 64, 'layer3_units': 64, 'learning_rate': 0.0001}",2.11043279051074,0.969576478004456,5.96049046516419
Neural Network,Enhanced,4,"{'batch_size': 64, 'epochs': 50, 'layer1_units': 128, 'layer2_units': 128, 'layer3_units': 32, 'learning_rate': 0.001}",2.14574460583795,0.968549847602844,5.99403834342957
Neural Network,Enhanced,4,"{'batch_size': 64, 'epochs': 50, 'layer1_units': 128, 'layer2_units': 128, 'layer3_units': 32, 'learning_rate': 0.0001}",2.04257764409567,0.971501410007477,5.9671802520752
Neural Network,Enhanced,4,"{'batch_size': 64, 'epochs': 50, 'layer1_units': 128, 'layer2_units': 128, 'layer3_units': 64, 'learning_rate': 0.001}",2.24203533227799,0.965663850307465,5.9932963848114
Neural Network,Enhanced,4,"{'batch_size': 64, 'epochs': 50, 'layer1_units': 128, 'layer2_units': 128, 'layer3_units': 64, 'learning_rate': 0.0001}",2.11199291395675,0.96953147649765,6.0055296421051
Neural Network,Enhanced,4,"{'batch_size': 64, 'epochs': 50, 'layer1_units': 256, 'layer2_units': 64, 'layer3_units': 32, 'learning_rate': 0.001}",2.07610986281449,0.970557987689972,6.0533459186554
Neural Network,Enhanced,4,"{'batch_size': 64, 'epochs': 50, 'layer1_units': 256, 'layer2_units': 64, 'layer3_units': 32, 'learning_rate': 0.0001}",2.20199685938972,0.96687924861908,6.06027364730835
Neural Network,Enhanced,4,"{'batch_size': 64, 'epochs': 50, 'layer1_units': 256, 'layer2_units': 64, 'layer3_units': 64, 'learning_rate': 0.001}",2.06646243850091,0.970830976963043,6.03126883506775
Neural Network,Enhanced,4,"{'batch_size': 64, 'epochs': 50, 'layer1_units': 256, 'layer2_units': 64, 'layer3_units': 64, 'learning_rate': 0.0001}",2.01548151496165,0.972252488136292,6.03207063674927
Neural Network,Enhanced,4,"{'batch_size': 64, 'epochs': 50, 'layer1_units': 256, 'layer2_units': 128, 'layer3_units': 32, 'learning_rate': 0.001}",2.17122151814581,0.967798590660095,6.14265513420105
Neural Network,Enhanced,4,"{'batch_size': 64, 'epochs': 50, 'layer1_units': 256, 'layer2_units': 128, 'layer3_units': 32, 'learning_rate': 0.0001}",2.04236764616751,0.971507251262665,6.142733335495
Neural Network,Enhanced,4,"{'batch_size': 64, 'epochs': 50, 'layer1_units': 256, 'layer2_units': 128, 'layer3_units': 64, 'learning_rate': 0.001}",2.2200040899703,0.966335356235504,6.11314678192139
Neural Network,Enhanced,4,"{'batch_size': 64, 'epochs': 50, 'layer1_units': 256, 'layer2_units': 128, 'layer3_units': 64, 'learning_rate': 0.0001}",1.90999572953151,0.975080966949463,6.09510111808777
Neural Network,Enhanced,4,"{'batch_size': 64, 'epochs': 100, 'layer1_units': 128, 'layer2_units': 64, 'layer3_units': 32, 'learning_rate': 0.001}",2.20707121956341,0.966726422309876,9.6364758014679
Neural Network,Enhanced,4,"{'batch_size': 64, 'epochs': 100, 'layer1_units': 128, 'layer2_units': 64, 'layer3_units': 32, 'learning_rate': 0.0001}",1.88525561352632,0.975722312927246,9.58454871177673
Neural Network,Enhanced,4,"{'batch_size': 64, 'epochs': 100, 'layer1_units': 128, 'layer2_units': 64, 'layer3_units': 64, 'learning_rate': 0.001}",2.16021761539758,0.968124151229858,9.53505945205689
Neural Network,Enhanced,4,"{'batch_size': 64, 'epochs': 100, 'layer1_units': 128, 'layer2_units': 64, 'layer3_units': 64, 'learning_rate': 0.0001}",1.95302392316582,0.973945558071137,9.56729817390442
Neural Network,Enhanced,4,"{'batch_size': 64, 'epochs': 100, 'layer1_units': 128, 'layer2_units': 128, 'layer3_units': 32, 'learning_rate': 0.001}",2.06934573075343,0.97074955701828,9.57917499542236
Neural Network,Enhanced,4,"{'batch_size': 64, 'epochs': 100, 'layer1_units': 128, 'layer2_units': 128, 'layer3_units': 32, 'learning_rate': 0.0001}",1.86605046978208,0.976214468479157,9.61742758750916
Neural Network,Enhanced,4,"{'batch_size': 64, 'epochs': 100, 'layer1_units': 128, 'layer2_units': 128, 'layer3_units': 64, 'learning_rate': 0.001}",2.26799623772984,0.964864075183868,9.5696427822113
Neural Network,Enhanced,4,"{'batch_size': 64, 'epochs': 100, 'layer1_units': 128, 'layer2_units': 128, 'layer3_units': 64, 'learning_rate': 0.0001}",1.91244170405481,0.975017070770264,9.58627319335938
Neural Network,Enhanced,4,"{'batch_size': 64, 'epochs': 100, 'layer1_units': 256, 'layer2_units': 64, 'layer3_units': 32, 'learning_rate': 0.001}",2.16054240357152,0.96811455488205,9.64554738998413
Neural Network,Enhanced,4,"{'batch_size': 64, 'epochs': 100, 'layer1_units': 256, 'layer2_units': 64, 'layer3_units': 32, 'learning_rate': 0.0001}",1.89962141381068,0.975350916385651,9.6622006893158
Neural Network,Enhanced,4,"{'batch_size': 64, 'epochs': 100, 'layer1_units': 256, 'layer2_units': 64, 'layer3_units': 64, 'learning_rate': 0.001}",2.18221145033309,0.967471778392792,9.67261648178101
Neural Network,Enhanced,4,"{'batch_size': 64, 'epochs': 100, 'layer1_units': 256, 'layer2_units': 64, 'layer3_units': 64, 'learning_rate': 0.0001}",1.88605021445699,0.975701868534088,9.63159370422363
Neural Network,Enhanced,4,"{'batch_size': 64, 'epochs': 100, 'layer1_units': 256, 'layer2_units': 128, 'layer3_units': 32, 'learning_rate': 0.001}",2.23975093717116,0.965733766555786,9.72200560569763
Neural Network,Enhanced,4,"{'batch_size': 64, 'epochs': 100, 'layer1_units': 256, 'layer2_units': 128, 'layer3_units': 32, 'learning_rate': 0.0001}",1.89858317503073,0.975377857685089,9.74215579032898
Neural Network,Enhanced,4,"{'batch_size': 64, 'epochs': 100, 'layer1_units': 256, 'layer2_units': 128, 'layer3_units': 64, 'learning_rate': 0.001}",2.24893809797246,0.965452075004578,9.75228810310364
Neural Network,Enhanced,4,"{'batch_size': 64, 'epochs': 100, 'layer1_units': 256, 'layer2_units': 128, 'layer3_units': 64, 'learning_rate': 0.0001}",1.89781247748744,0.975397825241089,9.71239399909973
Neural Network,Enhanced,5,"{'batch_size': 32, 'epochs': 50, 'layer1_units': 128, 'layer2_units': 64, 'layer3_units': 32, 'learning_rate': 0.001}",2.42061104555488,0.960403919219971,8.98876762390137
Neural Network,Enhanced,5,"{'batch_size': 32, 'epochs': 50, 'layer1_units': 128, 'layer2_units': 64, 'layer3_units': 32, 'learning_rate': 0.0001}",2.53560235987281,0.956552565097809,9.01108288764954
Neural Network,Enhanced,5,"{'batch_size': 32, 'epochs': 50, 'layer1_units': 128, 'layer2_units': 64, 'layer3_units': 64, 'learning_rate': 0.001}",2.46136277172439,0.959059476852417,9.00581526756287
Neural Network,Enhanced,5,"{'batch_size': 32, 'epochs': 50, 'layer1_units': 128, 'layer2_units': 64, 'layer3_units': 64, 'learning_rate': 0.0001}",2.52082997051256,0.957057356834412,8.98773336410523
Neural Network,Enhanced,5,"{'batch_size': 32, 'epochs': 50, 'layer1_units': 128, 'layer2_units': 128, 'layer3_units': 32, 'learning_rate': 0.001}",2.47445126625304,0.958622932434082,9.01612114906311
Neural Network,Enhanced,5,"{'batch_size': 32, 'epochs': 50, 'layer1_units': 128, 'layer2_units': 128, 'layer3_units': 32, 'learning_rate': 0.0001}",2.49016955721403,0.958095610141754,9.04724264144898
Neural Network,Enhanced,5,"{'batch_size': 32, 'epochs': 50, 'layer1_units': 128, 'layer2_units': 128, 'layer3_units': 64, 'learning_rate': 0.001}",2.47950286081668,0.958453834056854,8.99329137802124
Neural Network,Enhanced,5,"{'batch_size': 32, 'epochs': 50, 'layer1_units': 128, 'layer2_units': 128, 'layer3_units': 64, 'learning_rate': 0.0001}",2.49766145048772,0.957843065261841,9.03890037536621
Neural Network,Enhanced,5,"{'batch_size': 32, 'epochs': 50, 'layer1_units': 256, 'layer2_units': 64, 'layer3_units': 32, 'learning_rate': 0.001}",2.46934830381059,0.95879340171814,9.04076600074768
Neural Network,Enhanced,5,"{'batch_size': 32, 'epochs': 50, 'layer1_units': 256, 'layer2_units': 64, 'layer3_units': 32, 'learning_rate': 0.0001}",2.4992744346585,0.957788586616516,9.06796145439148
Neural Network,Enhanced,5,"{'batch_size': 32, 'epochs': 50, 'layer1_units': 256, 'layer2_units': 64, 'layer3_units': 64, 'learning_rate': 0.001}",2.40034414049274,0.961064219474793,9.05826759338379
Neural Network,Enhanced,5,"{'batch_size': 32, 'epochs': 50, 'layer1_units': 256, 'layer2_units': 64, 'layer3_units': 64, 'learning_rate': 0.0001}",2.50662840462289,0.957539796829224,9.03972244262695
Neural Network,Enhanced,5,"{'batch_size': 32, 'epochs': 50, 'layer1_units': 256, 'layer2_units': 128, 'layer3_units': 32, 'learning_rate': 0.001}",2.50369999790398,0.95763897895813,9.13731288909912
Neural Network,Enhanced,5,"{'batch_size': 32, 'epochs': 50, 'layer1_units': 256, 'layer2_units': 128, 'layer3_units': 32, 'learning_rate': 0.0001}",2.49942524978937,0.95778352022171,9.18303322792053
Neural Network,Enhanced,5,"{'batch_size': 32, 'epochs': 50, 'layer1_units': 256, 'layer2_units': 128, 'layer3_units': 64, 'learning_rate': 0.001}",2.52846741497036,0.956796705722809,9.1412844657898
Neural Network,Enhanced,5,"{'batch_size': 32, 'epochs': 50, 'layer1_units': 256, 'layer2_units': 128, 'layer3_units': 64, 'learning_rate': 0.0001}",2.49849159511384,0.957815051078796,9.15636229515076
Neural Network,Enhanced,5,"{'batch_size': 32, 'epochs': 100, 'layer1_units': 128, 'layer2_units': 64, 'layer3_units': 32, 'learning_rate': 0.001}",2.66463484447121,0.952018141746521,15.5856001377106
Neural Network,Enhanced,5,"{'batch_size': 32, 'epochs': 100, 'layer1_units': 128, 'layer2_units': 64, 'layer3_units': 32, 'learning_rate': 0.0001}",2.49266492521816,0.958011567592621,15.6314475536346
Neural Network,Enhanced,5,"{'batch_size': 32, 'epochs': 100, 'layer1_units': 128, 'layer2_units': 64, 'layer3_units': 64, 'learning_rate': 0.001}",2.98630066104932,0.93973445892334,15.5894570350647
Neural Network,Enhanced,5,"{'batch_size': 32, 'epochs': 100, 'layer1_units': 128, 'layer2_units': 64, 'layer3_units': 64, 'learning_rate': 0.0001}",2.53289505990496,0.956645309925079,15.5937607288361
Neural Network,Enhanced,5,"{'batch_size': 32, 'epochs': 100, 'layer1_units': 128, 'layer2_units': 128, 'layer3_units': 32, 'learning_rate': 0.001}",2.80668301374458,0.946766078472138,15.6297743320465
Neural Network,Enhanced,5,"{'batch_size': 32, 'epochs': 100, 'layer1_units': 128, 'layer2_units': 128, 'layer3_units': 32, 'learning_rate': 0.0001}",2.46543603905494,0.958923876285553,15.6388514041901
Neural Network,Enhanced,5,"{'batch_size': 32, 'epochs': 100, 'layer1_units': 128, 'layer2_units': 128, 'layer3_units': 64, 'learning_rate': 0.001}",2.9165655027738,0.942516207695007,15.5951151847839
Neural Network,Enhanced,5,"{'batch_size': 32, 'epochs': 100, 'layer1_units': 128, 'layer2_units': 128, 'layer3_units': 64, 'learning_rate': 0.0001}",2.50528006870614,0.957585513591766,15.6342811584473
Neural Network,Enhanced,5,"{'batch_size': 32, 'epochs': 100, 'layer1_units': 256, 'layer2_units': 64, 'layer3_units': 32, 'learning_rate': 0.001}",2.92301045759212,0.942261874675751,15.6344811916351
Neural Network,Enhanced,5,"{'batch_size': 32, 'epochs': 100, 'layer1_units': 256, 'layer2_units': 64, 'layer3_units': 32, 'learning_rate': 0.0001}",2.51939252131395,0.957106292247772,15.7209961414337
Neural Network,Enhanced,5,"{'batch_size': 32, 'epochs': 100, 'layer1_units': 256, 'layer2_units': 64, 'layer3_units': 64, 'learning_rate': 0.001}",2.97728153865445,0.94009792804718,15.711784362793
Neural Network,Enhanced,5,"{'batch_size': 32, 'epochs': 100, 'layer1_units': 256, 'layer2_units': 64, 'layer3_units': 64, 'learning_rate': 0.0001}",2.47123351906359,0.958730459213257,15.6596436500549
Neural Network,Enhanced,5,"{'batch_size': 32, 'epochs': 100, 'layer1_units': 256, 'layer2_units': 128, 'layer3_units': 32, 'learning_rate': 0.001}",2.75070848875231,0.948868215084076,15.8186507225037
Neural Network,Enhanced,5,"{'batch_size': 32, 'epochs': 100, 'layer1_units': 256, 'layer2_units': 128, 'layer3_units': 32, 'learning_rate': 0.0001}",2.51851341329111,0.95713621377945,15.8047494888306
Neural Network,Enhanced,5,"{'batch_size': 32, 'epochs': 100, 'layer1_units': 256, 'layer2_units': 128, 'layer3_units': 64, 'learning_rate': 0.001}",2.9068663569051,0.942897915840149,15.7912187576294
Neural Network,Enhanced,5,"{'batch_size': 32, 'epochs': 100, 'layer1_units': 256, 'layer2_units': 128, 'layer3_units': 64, 'learning_rate': 0.0001}",2.48066693813313,0.958414793014526,15.7452454566956
Neural Network,Enhanced,5,"{'batch_size': 64, 'epochs': 50, 'layer1_units': 128, 'layer2_units': 64, 'layer3_units': 32, 'learning_rate': 0.001}",2.43184073363991,0.960035681724548,5.99211382865906
Neural Network,Enhanced,5,"{'batch_size': 64, 'epochs': 50, 'layer1_units': 128, 'layer2_units': 64, 'layer3_units': 32, 'learning_rate': 0.0001}",2.76022933228326,0.948513627052307,5.97667121887207
Neural Network,Enhanced,5,"{'batch_size': 64, 'epochs': 50, 'layer1_units': 128, 'layer2_units': 64, 'layer3_units': 64, 'learning_rate': 0.001}",2.48206716384816,0.958367824554443,5.96565556526184
Neural Network,Enhanced,5,"{'batch_size': 64, 'epochs': 50, 'layer1_units': 128, 'layer2_units': 64, 'layer3_units': 64, 'learning_rate': 0.0001}",2.77112837824387,0.948106229305267,5.96083617210388
Neural Network,Enhanced,5,"{'batch_size': 64, 'epochs': 50, 'layer1_units': 128, 'layer2_units': 128, 'layer3_units': 32, 'learning_rate': 0.001}",2.42197422931799,0.960359334945679,6.02580523490906
Neural Network,Enhanced,5,"{'batch_size': 64, 'epochs': 50, 'layer1_units': 128, 'layer2_units': 128, 'layer3_units': 32, 'learning_rate': 0.0001}",2.71730301157936,0.95010256767273,5.97768402099609
Neural Network,Enhanced,5,"{'batch_size': 64, 'epochs': 50, 'layer1_units': 128, 'layer2_units': 128, 'layer3_units': 64, 'learning_rate': 0.001}",2.44541487311915,0.959588289260864,17.4217088222504
Neural Network,Enhanced,5,"{'batch_size': 64, 'epochs': 50, 'layer1_units': 128, 'layer2_units': 128, 'layer3_units': 64, 'learning_rate': 0.0001}",2.58229652230957,0.954937636852264,6.27248358726502
Neural Network,Enhanced,5,"{'batch_size': 64, 'epochs': 50, 'layer1_units': 256, 'layer2_units': 64, 'layer3_units': 32, 'learning_rate': 0.001}",2.46050944162816,0.959087908267975,6.23585391044617
Neural Network,Enhanced,5,"{'batch_size': 64, 'epochs': 50, 'layer1_units': 256, 'layer2_units': 64, 'layer3_units': 32, 'learning_rate': 0.0001}",2.6611268993627,0.952144384384155,6.27191829681397
Neural Network,Enhanced,5,"{'batch_size': 64, 'epochs': 50, 'layer1_units': 256, 'layer2_units': 64, 'layer3_units': 64, 'learning_rate': 0.001}",2.45005635566512,0.959434747695923,6.20788764953613
Neural Network,Enhanced,5,"{'batch_size': 64, 'epochs': 50, 'layer1_units': 256, 'layer2_units': 64, 'layer3_units': 64, 'learning_rate': 0.0001}",2.65666437843763,0.952304720878601,6.15735363960266
Neural Network,Enhanced,5,"{'batch_size': 64, 'epochs': 50, 'layer1_units': 256, 'layer2_units': 128, 'layer3_units': 32, 'learning_rate': 0.001}",2.48370870616358,0.958312749862671,6.26427340507507
Neural Network,Enhanced,5,"{'batch_size': 64, 'epochs': 50, 'layer1_units': 256, 'layer2_units': 128, 'layer3_units': 32, 'learning_rate': 0.0001}",2.52731950562536,0.956835925579071,6.23918557167053
Neural Network,Enhanced,5,"{'batch_size': 64, 'epochs': 50, 'layer1_units': 256, 'layer2_units': 128, 'layer3_units': 64, 'learning_rate': 0.001}",2.47351763096053,0.958654165267944,6.28093767166138
Neural Network,Enhanced,5,"{'batch_size': 64, 'epochs': 50, 'layer1_units': 256, 'layer2_units': 128, 'layer3_units': 64, 'learning_rate': 0.0001}",2.54742519310007,0.956146478652954,6.21318697929382
Neural Network,Enhanced,5,"{'batch_size': 64, 'epochs': 100, 'layer1_units': 128, 'layer2_units': 64, 'layer3_units': 32, 'learning_rate': 0.001}",2.7338838844673,0.949491798877716,9.75441122055054
Neural Network,Enhanced,5,"{'batch_size': 64, 'epochs': 100, 'layer1_units': 128, 'layer2_units': 64, 'layer3_units': 32, 'learning_rate': 0.0001}",2.55492099079914,0.955887973308563,9.73373746871948
Neural Network,Enhanced,5,"{'batch_size': 64, 'epochs': 100, 'layer1_units': 128, 'layer2_units': 64, 'layer3_units': 64, 'learning_rate': 0.001}",2.53496852937986,0.956574261188507,9.69987320899963
Neural Network,Enhanced,5,"{'batch_size': 64, 'epochs': 100, 'layer1_units': 128, 'layer2_units': 64, 'layer3_units': 64, 'learning_rate': 0.0001}",2.50141132572252,0.957716405391693,9.71712064743042
Neural Network,Enhanced,5,"{'batch_size': 64, 'epochs': 100, 'layer1_units': 128, 'layer2_units': 128, 'layer3_units': 32, 'learning_rate': 0.001}",2.84905544489759,0.945146560668945,9.7009928226471
Neural Network,Enhanced,5,"{'batch_size': 64, 'epochs': 100, 'layer1_units': 128, 'layer2_units': 128, 'layer3_units': 32, 'learning_rate': 0.0001}",2.43092976792637,0.96006566286087,9.72219610214233
Neural Network,Enhanced,5,"{'batch_size': 64, 'epochs': 100, 'layer1_units': 128, 'layer2_units': 128, 'layer3_units': 64, 'learning_rate': 0.001}",2.8996623862168,0.943180561065674,9.73746490478516
Neural Network,Enhanced,5,"{'batch_size': 64, 'epochs': 100, 'layer1_units': 128, 'layer2_units': 128, 'layer3_units': 64, 'learning_rate': 0.0001}",2.52860432573398,0.956792056560516,9.73100757598877
Neural Network,Enhanced,5,"{'batch_size': 64, 'epochs': 100, 'layer1_units': 256, 'layer2_units': 64, 'layer3_units': 32, 'learning_rate': 0.001}",2.58147014575093,0.954966485500336,9.77690196037293
Neural Network,Enhanced,5,"{'batch_size': 64, 'epochs': 100, 'layer1_units': 256, 'layer2_units': 64, 'layer3_units': 32, 'learning_rate': 0.0001}",2.48356596051293,0.958317518234253,9.77534532546997
Neural Network,Enhanced,5,"{'batch_size': 64, 'epochs': 100, 'layer1_units': 256, 'layer2_units': 64, 'layer3_units': 64, 'learning_rate': 0.001}",2.78344871106732,0.947643756866455,9.73279142379761
Neural Network,Enhanced,5,"{'batch_size': 64, 'epochs': 100, 'layer1_units': 256, 'layer2_units': 64, 'layer3_units': 64, 'learning_rate': 0.0001}",2.50826737030928,0.957484304904938,9.72263264656067
Neural Network,Enhanced,5,"{'batch_size': 64, 'epochs': 100, 'layer1_units': 256, 'layer2_units': 128, 'layer3_units': 32, 'learning_rate': 0.001}",2.62545772376501,0.953418672084808,9.8609344959259
Neural Network,Enhanced,5,"{'batch_size': 64, 'epochs': 100, 'layer1_units': 256, 'layer2_units': 128, 'layer3_units': 32, 'learning_rate': 0.0001}",2.49359483355641,0.957980215549469,9.83809876441956
Neural Network,Enhanced,5,"{'batch_size': 64, 'epochs': 100, 'layer1_units': 256, 'layer2_units': 128, 'layer3_units': 64, 'learning_rate': 0.001}",2.68744881159804,0.951192975044251,9.84315919876099
Neural Network,Enhanced,5,"{'batch_size': 64, 'epochs': 100, 'layer1_units': 256, 'layer2_units': 128, 'layer3_units': 64, 'learning_rate': 0.0001}",2.45346951343416,0.959321677684784,9.94205570220947
Neural Network,Enhanced,6,"{'batch_size': 32, 'epochs': 50, 'layer1_units': 128, 'layer2_units': 64, 'layer3_units': 32, 'learning_rate': 0.001}",2.6269762683402,0.949830830097199,9.05868434906006
Neural Network,Enhanced,6,"{'batch_size': 32, 'epochs': 50, 'layer1_units': 128, 'layer2_units': 64, 'layer3_units': 32, 'learning_rate': 0.0001}",2.72355945552655,0.946073949337006,9.07463335990906
Neural Network,Enhanced,6,"{'batch_size': 32, 'epochs': 50, 'layer1_units': 128, 'layer2_units': 64, 'layer3_units': 64, 'learning_rate': 0.001}",2.62263573032564,0.949996471405029,9.14976024627686
Neural Network,Enhanced,6,"{'batch_size': 32, 'epochs': 50, 'layer1_units': 128, 'layer2_units': 64, 'layer3_units': 64, 'learning_rate': 0.0001}",2.72269968356676,0.946107983589172,9.08473634719849
Neural Network,Enhanced,6,"{'batch_size': 32, 'epochs': 50, 'layer1_units': 128, 'layer2_units': 128, 'layer3_units': 32, 'learning_rate': 0.001}",2.70601151541031,0.94676661491394,9.10417890548706
Neural Network,Enhanced,6,"{'batch_size': 32, 'epochs': 50, 'layer1_units': 128, 'layer2_units': 128, 'layer3_units': 32, 'learning_rate': 0.0001}",2.64032567601907,0.949319660663605,9.11578154563904
Neural Network,Enhanced,6,"{'batch_size': 32, 'epochs': 50, 'layer1_units': 128, 'layer2_units': 128, 'layer3_units': 64, 'learning_rate': 0.001}",2.65200888945527,0.948870122432709,9.07549118995667
Neural Network,Enhanced,6,"{'batch_size': 32, 'epochs': 50, 'layer1_units': 128, 'layer2_units': 128, 'layer3_units': 64, 'learning_rate': 0.0001}",2.6359054554437,0.949489176273346,9.02239489555359
Neural Network,Enhanced,6,"{'batch_size': 32, 'epochs': 50, 'layer1_units': 256, 'layer2_units': 64, 'layer3_units': 32, 'learning_rate': 0.001}",2.71020533104069,0.946601510047913,9.07904982566834
Neural Network,Enhanced,6,"{'batch_size': 32, 'epochs': 50, 'layer1_units': 256, 'layer2_units': 64, 'layer3_units': 32, 'learning_rate': 0.0001}",2.6332558278456,0.949590682983398,9.11145544052124
Neural Network,Enhanced,6,"{'batch_size': 32, 'epochs': 50, 'layer1_units': 256, 'layer2_units': 64, 'layer3_units': 64, 'learning_rate': 0.001}",2.70246041126879,0.946906268596649,9.06597781181335
Neural Network,Enhanced,6,"{'batch_size': 32, 'epochs': 50, 'layer1_units': 256, 'layer2_units': 64, 'layer3_units': 64, 'learning_rate': 0.0001}",2.66130831918383,0.948510944843292,9.11886143684387
Neural Network,Enhanced,6,"{'batch_size': 32, 'epochs': 50, 'layer1_units': 256, 'layer2_units': 128, 'layer3_units': 32, 'learning_rate': 0.001}",2.59278557553656,0.951128244400024,9.20867800712585
Neural Network,Enhanced,6,"{'batch_size': 32, 'epochs': 50, 'layer1_units': 256, 'layer2_units': 128, 'layer3_units': 32, 'learning_rate': 0.0001}",2.62112249367157,0.950054168701172,9.25138330459595
Neural Network,Enhanced,6,"{'batch_size': 32, 'epochs': 50, 'layer1_units': 256, 'layer2_units': 128, 'layer3_units': 64, 'learning_rate': 0.001}",2.70224019822965,0.946914911270142,9.17405843734741
Neural Network,Enhanced,6,"{'batch_size': 32, 'epochs': 50, 'layer1_units': 256, 'layer2_units': 128, 'layer3_units': 64, 'learning_rate': 0.0001}",2.59075000493558,0.95120495557785,9.192950963974
Neural Network,Enhanced,6,"{'batch_size': 32, 'epochs': 100, 'layer1_units': 128, 'layer2_units': 64, 'layer3_units': 32, 'learning_rate': 0.001}",2.39105180907109,0.958437383174896,15.657217502594
Neural Network,Enhanced,6,"{'batch_size': 32, 'epochs': 100, 'layer1_units': 128, 'layer2_units': 64, 'layer3_units': 32, 'learning_rate': 0.0001}",2.57877022732056,0.951655149459839,15.7284879684448
Neural Network,Enhanced,6,"{'batch_size': 32, 'epochs': 100, 'layer1_units': 128, 'layer2_units': 64, 'layer3_units': 64, 'learning_rate': 0.001}",2.48528239635461,0.955096900463104,15.6478846073151
Neural Network,Enhanced,6,"{'batch_size': 32, 'epochs': 100, 'layer1_units': 128, 'layer2_units': 64, 'layer3_units': 64, 'learning_rate': 0.0001}",2.55838529014223,0.952416479587555,15.6502351760864
Neural Network,Enhanced,6,"{'batch_size': 32, 'epochs': 100, 'layer1_units': 128, 'layer2_units': 128, 'layer3_units': 32, 'learning_rate': 0.001}",2.61920043057769,0.950127363204956,15.7129397392273
Neural Network,Enhanced,6,"{'batch_size': 32, 'epochs': 100, 'layer1_units': 128, 'layer2_units': 128, 'layer3_units': 32, 'learning_rate': 0.0001}",2.58993691209229,0.951235592365265,15.7005925178528
Neural Network,Enhanced,6,"{'batch_size': 32, 'epochs': 100, 'layer1_units': 128, 'layer2_units': 128, 'layer3_units': 64, 'learning_rate': 0.001}",2.54491559816115,0.952916204929352,15.7020757198334
Neural Network,Enhanced,6,"{'batch_size': 32, 'epochs': 100, 'layer1_units': 128, 'layer2_units': 128, 'layer3_units': 64, 'learning_rate': 0.0001}",2.57302879881949,0.951870203018189,15.7194967269897
Neural Network,Enhanced,6,"{'batch_size': 32, 'epochs': 100, 'layer1_units': 256, 'layer2_units': 64, 'layer3_units': 32, 'learning_rate': 0.001}",2.5740919530549,0.951830446720123,15.7523539066315
Neural Network,Enhanced,6,"{'batch_size': 32, 'epochs': 100, 'layer1_units': 256, 'layer2_units': 64, 'layer3_units': 32, 'learning_rate': 0.0001}",2.50124537919822,0.954518258571625,15.7345209121704
Neural Network,Enhanced,6,"{'batch_size': 32, 'epochs': 100, 'layer1_units': 256, 'layer2_units': 64, 'layer3_units': 64, 'learning_rate': 0.001}",2.55731029205895,0.952456474304199,15.706954240799
Neural Network,Enhanced,6,"{'batch_size': 32, 'epochs': 100, 'layer1_units': 256, 'layer2_units': 64, 'layer3_units': 64, 'learning_rate': 0.0001}",2.56509314726707,0.952166616916657,15.6527230739594
Neural Network,Enhanced,6,"{'batch_size': 32, 'epochs': 100, 'layer1_units': 256, 'layer2_units': 128, 'layer3_units': 32, 'learning_rate': 0.001}",2.57221093840169,0.951900780200958,15.842187166214
Neural Network,Enhanced,6,"{'batch_size': 32, 'epochs': 100, 'layer1_units': 256, 'layer2_units': 128, 'layer3_units': 32, 'learning_rate': 0.0001}",2.50505299129515,0.954379677772522,15.8291485309601
Neural Network,Enhanced,6,"{'batch_size': 32, 'epochs': 100, 'layer1_units': 256, 'layer2_units': 128, 'layer3_units': 64, 'learning_rate': 0.001}",2.54996055497721,0.952729344367981,15.8607892990112
Neural Network,Enhanced,6,"{'batch_size': 32, 'epochs': 100, 'layer1_units': 256, 'layer2_units': 128, 'layer3_units': 64, 'learning_rate': 0.0001}",2.5120349168902,0.954124987125397,15.828298330307
Neural Network,Enhanced,6,"{'batch_size': 64, 'epochs': 50, 'layer1_units': 128, 'layer2_units': 64, 'layer3_units': 32, 'learning_rate': 0.001}",2.61262492561076,0.950377464294434,5.9752688407898
Neural Network,Enhanced,6,"{'batch_size': 64, 'epochs': 50, 'layer1_units': 128, 'layer2_units': 64, 'layer3_units': 32, 'learning_rate': 0.0001}",3.54191572024227,0.908798694610596,5.99434995651245
Neural Network,Enhanced,6,"{'batch_size': 64, 'epochs': 50, 'layer1_units': 128, 'layer2_units': 64, 'layer3_units': 64, 'learning_rate': 0.001}",2.65626121967415,0.948706030845642,5.98086833953857
Neural Network,Enhanced,6,"{'batch_size': 64, 'epochs': 50, 'layer1_units': 128, 'layer2_units': 64, 'layer3_units': 64, 'learning_rate': 0.0001}",3.19411589734337,0.925830364227295,5.96850633621216
Neural Network,Enhanced,6,"{'batch_size': 64, 'epochs': 50, 'layer1_units': 128, 'layer2_units': 128, 'layer3_units': 32, 'learning_rate': 0.001}",2.58293766150014,0.951498806476593,5.99667716026306
Neural Network,Enhanced,6,"{'batch_size': 64, 'epochs': 50, 'layer1_units': 128, 'layer2_units': 128, 'layer3_units': 32, 'learning_rate': 0.0001}",3.02115831052122,0.933645308017731,5.96598887443543
Neural Network,Enhanced,6,"{'batch_size': 64, 'epochs': 50, 'layer1_units': 128, 'layer2_units': 128, 'layer3_units': 64, 'learning_rate': 0.001}",2.60462025061867,0.950681090354919,5.99438786506653
Neural Network,Enhanced,6,"{'batch_size': 64, 'epochs': 50, 'layer1_units': 128, 'layer2_units': 128, 'layer3_units': 64, 'learning_rate': 0.0001}",2.90254960286341,0.938753128051758,6.00303244590759
Neural Network,Enhanced,6,"{'batch_size': 64, 'epochs': 50, 'layer1_units': 256, 'layer2_units': 64, 'layer3_units': 32, 'learning_rate': 0.001}",2.67379994792038,0.948026418685913,6.03309917449951
Neural Network,Enhanced,6,"{'batch_size': 64, 'epochs': 50, 'layer1_units': 256, 'layer2_units': 64, 'layer3_units': 32, 'learning_rate': 0.0001}",3.10350502353248,0.929978787899017,6.0712947845459
Neural Network,Enhanced,6,"{'batch_size': 64, 'epochs': 50, 'layer1_units': 256, 'layer2_units': 64, 'layer3_units': 64, 'learning_rate': 0.001}",2.63428625860111,0.949551224708557,6.04268360137939
Neural Network,Enhanced,6,"{'batch_size': 64, 'epochs': 50, 'layer1_units': 256, 'layer2_units': 64, 'layer3_units': 64, 'learning_rate': 0.0001}",2.77297832287674,0.944099247455597,6.04214429855347
Neural Network,Enhanced,6,"{'batch_size': 64, 'epochs': 50, 'layer1_units': 256, 'layer2_units': 128, 'layer3_units': 32, 'learning_rate': 0.001}",2.68314789867782,0.947662353515625,6.12313079833984
Neural Network,Enhanced,6,"{'batch_size': 64, 'epochs': 50, 'layer1_units': 256, 'layer2_units': 128, 'layer3_units': 32, 'learning_rate': 0.0001}",2.92595171972924,0.93776148557663,6.13352251052856
Neural Network,Enhanced,6,"{'batch_size': 64, 'epochs': 50, 'layer1_units': 256, 'layer2_units': 128, 'layer3_units': 64, 'learning_rate': 0.001}",2.63242679113769,0.949622392654419,6.13996076583862
Neural Network,Enhanced,6,"{'batch_size': 64, 'epochs': 50, 'layer1_units': 256, 'layer2_units': 128, 'layer3_units': 64, 'learning_rate': 0.0001}",2.89288637526609,0.939160227775574,6.1003098487854
Neural Network,Enhanced,6,"{'batch_size': 64, 'epochs': 100, 'layer1_units': 128, 'layer2_units': 64, 'layer3_units': 32, 'learning_rate': 0.001}",2.62907121205947,0.949750781059265,9.5875678062439
Neural Network,Enhanced,6,"{'batch_size': 64, 'epochs': 100, 'layer1_units': 128, 'layer2_units': 64, 'layer3_units': 32, 'learning_rate': 0.0001}",2.62854817688177,0.949770748615265,9.59323620796204
Neural Network,Enhanced,6,"{'batch_size': 64, 'epochs': 100, 'layer1_units': 128, 'layer2_units': 64, 'layer3_units': 64, 'learning_rate': 0.001}",2.66687713229602,0.94829523563385,9.56954956054688
Neural Network,Enhanced,6,"{'batch_size': 64, 'epochs': 100, 'layer1_units': 128, 'layer2_units': 64, 'layer3_units': 64, 'learning_rate': 0.0001}",2.57281641179231,0.951878130435944,9.58068609237671
Neural Network,Enhanced,6,"{'batch_size': 64, 'epochs': 100, 'layer1_units': 128, 'layer2_units': 128, 'layer3_units': 32, 'learning_rate': 0.001}",2.64759187504729,0.949040293693543,9.64008283615112
Neural Network,Enhanced,6,"{'batch_size': 64, 'epochs': 100, 'layer1_units': 128, 'layer2_units': 128, 'layer3_units': 32, 'learning_rate': 0.0001}",2.6431346456731,0.949211716651917,9.56740927696228
Neural Network,Enhanced,6,"{'batch_size': 64, 'epochs': 100, 'layer1_units': 128, 'layer2_units': 128, 'layer3_units': 64, 'learning_rate': 0.001}",2.58898451232403,0.951271414756775,9.60882997512817
Neural Network,Enhanced,6,"{'batch_size': 64, 'epochs': 100, 'layer1_units': 128, 'layer2_units': 128, 'layer3_units': 64, 'learning_rate': 0.0001}",2.52869512403215,0.953514456748962,9.56908512115479
Neural Network,Enhanced,6,"{'batch_size': 64, 'epochs': 100, 'layer1_units': 256, 'layer2_units': 64, 'layer3_units': 32, 'learning_rate': 0.001}",2.58521687127306,0.951413154602051,9.57324552536011
Neural Network,Enhanced,6,"{'batch_size': 64, 'epochs': 100, 'layer1_units': 256, 'layer2_units': 64, 'layer3_units': 32, 'learning_rate': 0.0001}",2.59316430890237,0.951113939285278,9.59794497489929
Neural Network,Enhanced,6,"{'batch_size': 64, 'epochs': 100, 'layer1_units': 256, 'layer2_units': 64, 'layer3_units': 64, 'learning_rate': 0.001}",2.68273769978672,0.94767838716507,9.63196277618408
Neural Network,Enhanced,6,"{'batch_size': 64, 'epochs': 100, 'layer1_units': 256, 'layer2_units': 64, 'layer3_units': 64, 'learning_rate': 0.0001}",2.63106816404248,0.949674427509308,9.66291999816895
Neural Network,Enhanced,6,"{'batch_size': 64, 'epochs': 100, 'layer1_units': 256, 'layer2_units': 128, 'layer3_units': 32, 'learning_rate': 0.001}",2.60915917514768,0.950509011745453,9.71948385238648
Neural Network,Enhanced,6,"{'batch_size': 64, 'epochs': 100, 'layer1_units': 256, 'layer2_units': 128, 'layer3_units': 32, 'learning_rate': 0.0001}",2.54620389931266,0.952868521213532,9.71943187713623
Neural Network,Enhanced,6,"{'batch_size': 64, 'epochs': 100, 'layer1_units': 256, 'layer2_units': 128, 'layer3_units': 64, 'learning_rate': 0.001}",2.68654810881302,0.947529673576355,9.68866848945618
Neural Network,Enhanced,6,"{'batch_size': 64, 'epochs': 100, 'layer1_units': 256, 'layer2_units': 128, 'layer3_units': 64, 'learning_rate': 0.0001}",2.52088728497572,0.953801095485687,9.73168134689331
Neural Network,Enhanced,7,"{'batch_size': 32, 'epochs': 50, 'layer1_units': 128, 'layer2_units': 64, 'layer3_units': 32, 'learning_rate': 0.001}",2.1851038206737,0.967965960502625,9.01767802238464
Neural Network,Enhanced,7,"{'batch_size': 32, 'epochs': 50, 'layer1_units': 128, 'layer2_units': 64, 'layer3_units': 32, 'learning_rate': 0.0001}",2.60289933965599,0.954544901847839,9.04032039642334
Neural Network,Enhanced,7,"{'batch_size': 32, 'epochs': 50, 'layer1_units': 128, 'layer2_units': 64, 'layer3_units': 64, 'learning_rate': 0.001}",2.11997830055935,0.969847023487091,9.02508735656738
Neural Network,Enhanced,7,"{'batch_size': 32, 'epochs': 50, 'layer1_units': 128, 'layer2_units': 64, 'layer3_units': 64, 'learning_rate': 0.0001}",2.45486922729628,0.959568083286285,8.98507070541382
Neural Network,Enhanced,7,"{'batch_size': 32, 'epochs': 50, 'layer1_units': 128, 'layer2_units': 128, 'layer3_units': 32, 'learning_rate': 0.001}",2.1138644444972,0.970020651817322,9.04318380355835
Neural Network,Enhanced,7,"{'batch_size': 32, 'epochs': 50, 'layer1_units': 128, 'layer2_units': 128, 'layer3_units': 32, 'learning_rate': 0.0001}",2.43401841182845,0.960251986980438,9.04576325416565
Neural Network,Enhanced,7,"{'batch_size': 32, 'epochs': 50, 'layer1_units': 128, 'layer2_units': 128, 'layer3_units': 64, 'learning_rate': 0.001}",2.10702032836754,0.970214486122131,9.00811719894409
Neural Network,Enhanced,7,"{'batch_size': 32, 'epochs': 50, 'layer1_units': 128, 'layer2_units': 128, 'layer3_units': 64, 'learning_rate': 0.0001}",2.45791275392273,0.959467768669128,8.99409222602844
Neural Network,Enhanced,7,"{'batch_size': 32, 'epochs': 50, 'layer1_units': 256, 'layer2_units': 64, 'layer3_units': 32, 'learning_rate': 0.001}",2.17371438715116,0.968299031257629,9.05818438529968
Neural Network,Enhanced,7,"{'batch_size': 32, 'epochs': 50, 'layer1_units': 256, 'layer2_units': 64, 'layer3_units': 32, 'learning_rate': 0.0001}",2.45305754939366,0.959627747535706,9.09979200363159
Neural Network,Enhanced,7,"{'batch_size': 32, 'epochs': 50, 'layer1_units': 256, 'layer2_units': 64, 'layer3_units': 64, 'learning_rate': 0.001}",2.13108023137931,0.969530344009399,9.05316519737244
Neural Network,Enhanced,7,"{'batch_size': 32, 'epochs': 50, 'layer1_units': 256, 'layer2_units': 64, 'layer3_units': 64, 'learning_rate': 0.0001}",2.39703188784336,0.961450815200806,9.04532647132874
Neural Network,Enhanced,7,"{'batch_size': 32, 'epochs': 50, 'layer1_units': 256, 'layer2_units': 128, 'layer3_units': 32, 'learning_rate': 0.001}",2.18513993607324,0.967964887619019,9.15146040916443
Neural Network,Enhanced,7,"{'batch_size': 32, 'epochs': 50, 'layer1_units': 256, 'layer2_units': 128, 'layer3_units': 32, 'learning_rate': 0.0001}",2.33313718607122,0.963478565216065,9.17201972007752
Neural Network,Enhanced,7,"{'batch_size': 32, 'epochs': 50, 'layer1_units': 256, 'layer2_units': 128, 'layer3_units': 64, 'learning_rate': 0.001}",2.16181912149525,0.968645036220551,9.16021418571472
Neural Network,Enhanced,7,"{'batch_size': 32, 'epochs': 50, 'layer1_units': 256, 'layer2_units': 128, 'layer3_units': 64, 'learning_rate': 0.0001}",2.32388944456782,0.963767468929291,9.17451572418213
Neural Network,Enhanced,7,"{'batch_size': 32, 'epochs': 100, 'layer1_units': 128, 'layer2_units': 64, 'layer3_units': 32, 'learning_rate': 0.001}",2.02855068729627,0.972391724586487,15.6434299945831
Neural Network,Enhanced,7,"{'batch_size': 32, 'epochs': 100, 'layer1_units': 128, 'layer2_units': 64, 'layer3_units': 32, 'learning_rate': 0.0001}",2.29912949549884,0.964535474777222,15.6411776542664
Neural Network,Enhanced,7,"{'batch_size': 32, 'epochs': 100, 'layer1_units': 128, 'layer2_units': 64, 'layer3_units': 64, 'learning_rate': 0.001}",1.99196764162891,0.973378539085388,15.6278319358826
Neural Network,Enhanced,7,"{'batch_size': 32, 'epochs': 100, 'layer1_units': 128, 'layer2_units': 64, 'layer3_units': 64, 'learning_rate': 0.0001}",2.27943442223017,0.965140461921692,15.5862157344818
Neural Network,Enhanced,7,"{'batch_size': 32, 'epochs': 100, 'layer1_units': 128, 'layer2_units': 128, 'layer3_units': 32, 'learning_rate': 0.001}",1.99507703474647,0.973295331001282,15.6487023830414
Neural Network,Enhanced,7,"{'batch_size': 32, 'epochs': 100, 'layer1_units': 128, 'layer2_units': 128, 'layer3_units': 32, 'learning_rate': 0.0001}",2.24813171809924,0.966091275215149,15.6707332134247
Neural Network,Enhanced,7,"{'batch_size': 32, 'epochs': 100, 'layer1_units': 128, 'layer2_units': 128, 'layer3_units': 64, 'learning_rate': 0.001}",2.02586507804015,0.972464799880981,15.6366517543793
Neural Network,Enhanced,7,"{'batch_size': 32, 'epochs': 100, 'layer1_units': 128, 'layer2_units': 128, 'layer3_units': 64, 'learning_rate': 0.0001}",2.28784772387535,0.964882612228394,15.6520979404449
Neural Network,Enhanced,7,"{'batch_size': 32, 'epochs': 100, 'layer1_units': 256, 'layer2_units': 64, 'layer3_units': 32, 'learning_rate': 0.001}",2.01243694040768,0.972828567028046,15.7040357589722
Neural Network,Enhanced,7,"{'batch_size': 32, 'epochs': 100, 'layer1_units': 256, 'layer2_units': 64, 'layer3_units': 32, 'learning_rate': 0.0001}",2.26785631469437,0.965493679046631,15.71320104599
Neural Network,Enhanced,7,"{'batch_size': 32, 'epochs': 100, 'layer1_units': 256, 'layer2_units': 64, 'layer3_units': 64, 'learning_rate': 0.001}",2.07327668659474,0.971160888671875,15.7193624973297
Neural Network,Enhanced,7,"{'batch_size': 32, 'epochs': 100, 'layer1_units': 256, 'layer2_units': 64, 'layer3_units': 64, 'learning_rate': 0.0001}",2.22364149732741,0.96682608127594,15.7186121940613
Neural Network,Enhanced,7,"{'batch_size': 32, 'epochs': 100, 'layer1_units': 256, 'layer2_units': 128, 'layer3_units': 32, 'learning_rate': 0.001}",2.05728217657934,0.971604108810425,15.8347897529602
Neural Network,Enhanced,7,"{'batch_size': 32, 'epochs': 100, 'layer1_units': 256, 'layer2_units': 128, 'layer3_units': 32, 'learning_rate': 0.0001}",2.20571714455767,0.967358708381653,15.8445174694061
Neural Network,Enhanced,7,"{'batch_size': 32, 'epochs': 100, 'layer1_units': 256, 'layer2_units': 128, 'layer3_units': 64, 'learning_rate': 0.001}",2.03554784481572,0.972200930118561,15.8298180103302
Neural Network,Enhanced,7,"{'batch_size': 32, 'epochs': 100, 'layer1_units': 256, 'layer2_units': 128, 'layer3_units': 64, 'learning_rate': 0.0001}",2.23674706945103,0.966433882713318,15.8670210838318
Neural Network,Enhanced,7,"{'batch_size': 64, 'epochs': 50, 'layer1_units': 128, 'layer2_units': 64, 'layer3_units': 32, 'learning_rate': 0.001}",2.23832673297893,0.966386437416077,5.9824903011322
Neural Network,Enhanced,7,"{'batch_size': 64, 'epochs': 50, 'layer1_units': 128, 'layer2_units': 64, 'layer3_units': 32, 'learning_rate': 0.0001}",3.43924322143073,0.920641481876373,5.97410011291504
Neural Network,Enhanced,7,"{'batch_size': 64, 'epochs': 50, 'layer1_units': 128, 'layer2_units': 64, 'layer3_units': 64, 'learning_rate': 0.001}",2.13675869585318,0.969367742538452,5.95059514045715
Neural Network,Enhanced,7,"{'batch_size': 64, 'epochs': 50, 'layer1_units': 128, 'layer2_units': 64, 'layer3_units': 64, 'learning_rate': 0.0001}",2.98280141197929,0.940307974815369,5.93915796279907
Neural Network,Enhanced,7,"{'batch_size': 64, 'epochs': 50, 'layer1_units': 128, 'layer2_units': 128, 'layer3_units': 32, 'learning_rate': 0.001}",2.22975107060935,0.966643512248993,5.96781015396118
Neural Network,Enhanced,7,"{'batch_size': 64, 'epochs': 50, 'layer1_units': 128, 'layer2_units': 128, 'layer3_units': 32, 'learning_rate': 0.0001}",2.78604860710029,0.947923123836517,5.97899079322815
Neural Network,Enhanced,7,"{'batch_size': 64, 'epochs': 50, 'layer1_units': 128, 'layer2_units': 128, 'layer3_units': 64, 'learning_rate': 0.001}",2.06860154186827,0.971290767192841,6.01455855369568
Neural Network,Enhanced,7,"{'batch_size': 64, 'epochs': 50, 'layer1_units': 128, 'layer2_units': 128, 'layer3_units': 64, 'learning_rate': 0.0001}",2.87426947559037,0.944572865962982,5.99202656745911
Neural Network,Enhanced,7,"{'batch_size': 64, 'epochs': 50, 'layer1_units': 256, 'layer2_units': 64, 'layer3_units': 32, 'learning_rate': 0.001}",2.15900897002908,0.968726515769959,6.02188634872437
Neural Network,Enhanced,7,"{'batch_size': 64, 'epochs': 50, 'layer1_units': 256, 'layer2_units': 64, 'layer3_units': 32, 'learning_rate': 0.0001}",2.93109178583797,0.942359685897827,6.02941060066223
Neural Network,Enhanced,7,"{'batch_size': 64, 'epochs': 50, 'layer1_units': 256, 'layer2_units': 64, 'layer3_units': 64, 'learning_rate': 0.001}",2.16708361453002,0.968492150306702,6.03819894790649
Neural Network,Enhanced,7,"{'batch_size': 64, 'epochs': 50, 'layer1_units': 256, 'layer2_units': 64, 'layer3_units': 64, 'learning_rate': 0.0001}",2.77705555639853,0.948258757591248,6.00916838645935
Neural Network,Enhanced,7,"{'batch_size': 64, 'epochs': 50, 'layer1_units': 256, 'layer2_units': 128, 'layer3_units': 32, 'learning_rate': 0.001}",2.20961697776233,0.967243194580078,6.11660814285278
Neural Network,Enhanced,7,"{'batch_size': 64, 'epochs': 50, 'layer1_units': 256, 'layer2_units': 128, 'layer3_units': 32, 'learning_rate': 0.0001}",2.79425787352406,0.947615742683411,6.12678003311157
Neural Network,Enhanced,7,"{'batch_size': 64, 'epochs': 50, 'layer1_units': 256, 'layer2_units': 128, 'layer3_units': 64, 'learning_rate': 0.001}",2.16574560052539,0.968531012535095,6.12012553215027
Neural Network,Enhanced,7,"{'batch_size': 64, 'epochs': 50, 'layer1_units': 256, 'layer2_units': 128, 'layer3_units': 64, 'learning_rate': 0.0001}",2.6095192692329,0.954313397407532,6.13791918754578
Neural Network,Enhanced,7,"{'batch_size': 64, 'epochs': 100, 'layer1_units': 128, 'layer2_units': 64, 'layer3_units': 32, 'learning_rate': 0.001}",2.02536237323594,0.972478449344635,9.61699151992798
Neural Network,Enhanced,7,"{'batch_size': 64, 'epochs': 100, 'layer1_units': 128, 'layer2_units': 64, 'layer3_units': 32, 'learning_rate': 0.0001}",2.46931335202338,0.959090888500214,9.54669761657715
Neural Network,Enhanced,7,"{'batch_size': 64, 'epochs': 100, 'layer1_units': 128, 'layer2_units': 64, 'layer3_units': 64, 'learning_rate': 0.001}",2.04025853183095,0.972072124481201,9.5063066482544
Neural Network,Enhanced,7,"{'batch_size': 64, 'epochs': 100, 'layer1_units': 128, 'layer2_units': 64, 'layer3_units': 64, 'learning_rate': 0.0001}",2.37220710369398,0.962245166301727,9.5628354549408
Neural Network,Enhanced,7,"{'batch_size': 64, 'epochs': 100, 'layer1_units': 128, 'layer2_units': 128, 'layer3_units': 32, 'learning_rate': 0.001}",2.06185359651176,0.971477806568146,9.54863858222961
Neural Network,Enhanced,7,"{'batch_size': 64, 'epochs': 100, 'layer1_units': 128, 'layer2_units': 128, 'layer3_units': 32, 'learning_rate': 0.0001}",2.31294215331286,0.964108049869537,9.54953908920288
Neural Network,Enhanced,7,"{'batch_size': 64, 'epochs': 100, 'layer1_units': 128, 'layer2_units': 128, 'layer3_units': 64, 'learning_rate': 0.001}",2.06611986104689,0.971359610557556,9.61825203895569
Neural Network,Enhanced,7,"{'batch_size': 64, 'epochs': 100, 'layer1_units': 128, 'layer2_units': 128, 'layer3_units': 64, 'learning_rate': 0.0001}",2.34927652463668,0.96297150850296,9.547287940979
Neural Network,Enhanced,7,"{'batch_size': 64, 'epochs': 100, 'layer1_units': 256, 'layer2_units': 64, 'layer3_units': 32, 'learning_rate': 0.001}",2.07388216725357,0.971144020557404,9.62488627433777
Neural Network,Enhanced,7,"{'batch_size': 64, 'epochs': 100, 'layer1_units': 256, 'layer2_units': 64, 'layer3_units': 32, 'learning_rate': 0.0001}",2.37916090029827,0.962023496627808,9.61812043190002
Neural Network,Enhanced,7,"{'batch_size': 64, 'epochs': 100, 'layer1_units': 256, 'layer2_units': 64, 'layer3_units': 64, 'learning_rate': 0.001}",1.95932165191887,0.974243938922882,9.62282133102417
Neural Network,Enhanced,7,"{'batch_size': 64, 'epochs': 100, 'layer1_units': 256, 'layer2_units': 64, 'layer3_units': 64, 'learning_rate': 0.0001}",2.34452318789486,0.963121235370636,9.63482618331909
Neural Network,Enhanced,7,"{'batch_size': 64, 'epochs': 100, 'layer1_units': 256, 'layer2_units': 128, 'layer3_units': 32, 'learning_rate': 0.001}",1.9690266369422,0.973988175392151,9.7156298160553
Neural Network,Enhanced,7,"{'batch_size': 64, 'epochs': 100, 'layer1_units': 256, 'layer2_units': 128, 'layer3_units': 32, 'learning_rate': 0.0001}",2.29536201314582,0.964651584625244,9.68034648895264
Neural Network,Enhanced,7,"{'batch_size': 64, 'epochs': 100, 'layer1_units': 256, 'layer2_units': 128, 'layer3_units': 64, 'learning_rate': 0.001}",2.01078167173017,0.972873270511627,9.71540594100952
Neural Network,Enhanced,7,"{'batch_size': 64, 'epochs': 100, 'layer1_units': 256, 'layer2_units': 128, 'layer3_units': 64, 'learning_rate': 0.0001}",2.25263928218806,0.965955197811127,9.72444796562195
Neural Network,Enhanced,8,"{'batch_size': 32, 'epochs': 50, 'layer1_units': 128, 'layer2_units': 64, 'layer3_units': 32, 'learning_rate': 0.001}",1.97323219276396,0.970512449741364,9.00624346733093
Neural Network,Enhanced,8,"{'batch_size': 32, 'epochs': 50, 'layer1_units': 128, 'layer2_units': 64, 'layer3_units': 32, 'learning_rate': 0.0001}",2.26810724490615,0.961040854454041,9.00914716720581
Neural Network,Enhanced,8,"{'batch_size': 32, 'epochs': 50, 'layer1_units': 128, 'layer2_units': 64, 'layer3_units': 64, 'learning_rate': 0.001}",1.91736383474377,0.972158551216126,9.00330424308777
Neural Network,Enhanced,8,"{'batch_size': 32, 'epochs': 50, 'layer1_units': 128, 'layer2_units': 64, 'layer3_units': 64, 'learning_rate': 0.0001}",2.3114854803865,0.959536373615265,8.97048139572144
Neural Network,Enhanced,8,"{'batch_size': 32, 'epochs': 50, 'layer1_units': 128, 'layer2_units': 128, 'layer3_units': 32, 'learning_rate': 0.001}",1.92599838920676,0.971907258033752,9.0015926361084
Neural Network,Enhanced,8,"{'batch_size': 32, 'epochs': 50, 'layer1_units': 128, 'layer2_units': 128, 'layer3_units': 32, 'learning_rate': 0.0001}",2.05671910555537,0.96796441078186,9.02606773376465
Neural Network,Enhanced,8,"{'batch_size': 32, 'epochs': 50, 'layer1_units': 128, 'layer2_units': 128, 'layer3_units': 64, 'learning_rate': 0.001}",2.02023167518563,0.96909099817276,8.99198293685913
Neural Network,Enhanced,8,"{'batch_size': 32, 'epochs': 50, 'layer1_units': 128, 'layer2_units': 128, 'layer3_units': 64, 'learning_rate': 0.0001}",1.93255969825118,0.97171550989151,8.99798846244812
Neural Network,Enhanced,8,"{'batch_size': 32, 'epochs': 50, 'layer1_units': 256, 'layer2_units': 64, 'layer3_units': 32, 'learning_rate': 0.001}",1.97965809259048,0.970320045948029,9.04158759117127
Neural Network,Enhanced,8,"{'batch_size': 32, 'epochs': 50, 'layer1_units': 256, 'layer2_units': 64, 'layer3_units': 32, 'learning_rate': 0.0001}",2.11049345528881,0.966267347335815,9.05713677406311
Neural Network,Enhanced,8,"{'batch_size': 32, 'epochs': 50, 'layer1_units': 256, 'layer2_units': 64, 'layer3_units': 64, 'learning_rate': 0.001}",1.85102050832128,0.974051952362061,9.05499243736267
Neural Network,Enhanced,8,"{'batch_size': 32, 'epochs': 50, 'layer1_units': 256, 'layer2_units': 64, 'layer3_units': 64, 'learning_rate': 0.0001}",2.1797641754337,0.964016675949097,9.03298401832581
Neural Network,Enhanced,8,"{'batch_size': 32, 'epochs': 50, 'layer1_units': 256, 'layer2_units': 128, 'layer3_units': 32, 'learning_rate': 0.001}",1.88379836488032,0.973124802112579,9.20451402664185
Neural Network,Enhanced,8,"{'batch_size': 32, 'epochs': 50, 'layer1_units': 256, 'layer2_units': 128, 'layer3_units': 32, 'learning_rate': 0.0001}",2.09173076678334,0.966864466667175,9.1797399520874
Neural Network,Enhanced,8,"{'batch_size': 32, 'epochs': 50, 'layer1_units': 256, 'layer2_units': 128, 'layer3_units': 64, 'learning_rate': 0.001}",1.83194008541416,0.974584102630615,9.17749738693237
Neural Network,Enhanced,8,"{'batch_size': 32, 'epochs': 50, 'layer1_units': 256, 'layer2_units': 128, 'layer3_units': 64, 'learning_rate': 0.0001}",2.10330683700066,0.966496706008911,9.18269467353821
Neural Network,Enhanced,8,"{'batch_size': 32, 'epochs': 100, 'layer1_units': 128, 'layer2_units': 64, 'layer3_units': 32, 'learning_rate': 0.001}",2.25767817642175,0.961398303508759,15.6001534461975
Neural Network,Enhanced,8,"{'batch_size': 32, 'epochs': 100, 'layer1_units': 128, 'layer2_units': 64, 'layer3_units': 32, 'learning_rate': 0.0001}",2.08336065910221,0.967129111289978,15.6599214076996
Neural Network,Enhanced,8,"{'batch_size': 32, 'epochs': 100, 'layer1_units': 128, 'layer2_units': 64, 'layer3_units': 64, 'learning_rate': 0.001}",2.33609487966653,0.958670198917389,15.5548367500305
Neural Network,Enhanced,8,"{'batch_size': 32, 'epochs': 100, 'layer1_units': 128, 'layer2_units': 64, 'layer3_units': 64, 'learning_rate': 0.0001}",2.04699205835514,0.968266725540161,15.6200559139252
Neural Network,Enhanced,8,"{'batch_size': 32, 'epochs': 100, 'layer1_units': 128, 'layer2_units': 128, 'layer3_units': 32, 'learning_rate': 0.001}",2.00321225647269,0.969609618186951,15.6831991672516
Neural Network,Enhanced,8,"{'batch_size': 32, 'epochs': 100, 'layer1_units': 128, 'layer2_units': 128, 'layer3_units': 32, 'learning_rate': 0.0001}",1.98346821649548,0.970205724239349,15.6701529026032
Neural Network,Enhanced,8,"{'batch_size': 32, 'epochs': 100, 'layer1_units': 128, 'layer2_units': 128, 'layer3_units': 64, 'learning_rate': 0.001}",1.94547041286538,0.971336305141449,15.6264634132385
Neural Network,Enhanced,8,"{'batch_size': 32, 'epochs': 100, 'layer1_units': 128, 'layer2_units': 128, 'layer3_units': 64, 'learning_rate': 0.0001}",2.040654405087,0.968462944030762,15.67356300354
Neural Network,Enhanced,8,"{'batch_size': 32, 'epochs': 100, 'layer1_units': 256, 'layer2_units': 64, 'layer3_units': 32, 'learning_rate': 0.001}",1.92369340918714,0.971974432468414,15.691953420639
Neural Network,Enhanced,8,"{'batch_size': 32, 'epochs': 100, 'layer1_units': 256, 'layer2_units': 64, 'layer3_units': 32, 'learning_rate': 0.0001}",2.08506853956093,0.967075169086456,15.6918714046478
Neural Network,Enhanced,8,"{'batch_size': 32, 'epochs': 100, 'layer1_units': 256, 'layer2_units': 64, 'layer3_units': 64, 'learning_rate': 0.001}",2.09208829614653,0.966853141784668,15.7114403247833
Neural Network,Enhanced,8,"{'batch_size': 32, 'epochs': 100, 'layer1_units': 256, 'layer2_units': 64, 'layer3_units': 64, 'learning_rate': 0.0001}",1.89067027140239,0.972928404808044,15.6462614536285
Neural Network,Enhanced,8,"{'batch_size': 32, 'epochs': 100, 'layer1_units': 256, 'layer2_units': 128, 'layer3_units': 32, 'learning_rate': 0.001}",2.2385603113287,0.962049245834351,15.8916304111481
Neural Network,Enhanced,8,"{'batch_size': 32, 'epochs': 100, 'layer1_units': 256, 'layer2_units': 128, 'layer3_units': 32, 'learning_rate': 0.0001}",1.9560577956283,0.971023499965668,29.6889319419861
Neural Network,Enhanced,8,"{'batch_size': 32, 'epochs': 100, 'layer1_units': 256, 'layer2_units': 128, 'layer3_units': 64, 'learning_rate': 0.001}",2.31904994124855,0.95927107334137,16.4567575454712
Neural Network,Enhanced,8,"{'batch_size': 32, 'epochs': 100, 'layer1_units': 256, 'layer2_units': 128, 'layer3_units': 64, 'learning_rate': 0.0001}",1.96550234607526,0.970743000507355,16.3853275775909
Neural Network,Enhanced,8,"{'batch_size': 64, 'epochs': 50, 'layer1_units': 128, 'layer2_units': 64, 'layer3_units': 32, 'learning_rate': 0.001}",1.98489445172711,0.970162868499756,6.20020914077759
Neural Network,Enhanced,8,"{'batch_size': 64, 'epochs': 50, 'layer1_units': 128, 'layer2_units': 64, 'layer3_units': 32, 'learning_rate': 0.0001}",2.79894210040306,0.940670549869537,6.18993544578552
Neural Network,Enhanced,8,"{'batch_size': 64, 'epochs': 50, 'layer1_units': 128, 'layer2_units': 64, 'layer3_units': 64, 'learning_rate': 0.001}",1.89186830860337,0.972894072532654,6.09857702255249
Neural Network,Enhanced,8,"{'batch_size': 64, 'epochs': 50, 'layer1_units': 128, 'layer2_units': 64, 'layer3_units': 64, 'learning_rate': 0.0001}",2.46111023311824,0.954128324985504,6.11803102493286
Neural Network,Enhanced,8,"{'batch_size': 64, 'epochs': 50, 'layer1_units': 128, 'layer2_units': 128, 'layer3_units': 32, 'learning_rate': 0.001}",1.85642823156759,0.973900079727173,6.11327862739563
Neural Network,Enhanced,8,"{'batch_size': 64, 'epochs': 50, 'layer1_units': 128, 'layer2_units': 128, 'layer3_units': 32, 'learning_rate': 0.0001}",2.50318419806765,0.95254647731781,6.14351177215576
Neural Network,Enhanced,8,"{'batch_size': 64, 'epochs': 50, 'layer1_units': 128, 'layer2_units': 128, 'layer3_units': 64, 'learning_rate': 0.001}",1.82711470637541,0.974717855453491,6.09615731239319
Neural Network,Enhanced,8,"{'batch_size': 64, 'epochs': 50, 'layer1_units': 128, 'layer2_units': 128, 'layer3_units': 64, 'learning_rate': 0.0001}",2.40433584595371,0.956220269203186,6.11267447471619
Neural Network,Enhanced,8,"{'batch_size': 64, 'epochs': 50, 'layer1_units': 256, 'layer2_units': 64, 'layer3_units': 32, 'learning_rate': 0.001}",1.91264783001188,0.972295343875885,6.19149208068848
Neural Network,Enhanced,8,"{'batch_size': 64, 'epochs': 50, 'layer1_units': 256, 'layer2_units': 64, 'layer3_units': 32, 'learning_rate': 0.0001}",2.53816399742289,0.951210975646973,6.14217448234558
Neural Network,Enhanced,8,"{'batch_size': 64, 'epochs': 50, 'layer1_units': 256, 'layer2_units': 64, 'layer3_units': 64, 'learning_rate': 0.001}",1.90634123787084,0.972477734088898,6.16464471817017
Neural Network,Enhanced,8,"{'batch_size': 64, 'epochs': 50, 'layer1_units': 256, 'layer2_units': 64, 'layer3_units': 64, 'learning_rate': 0.0001}",2.44580950576466,0.954696893692017,6.16723847389221
Neural Network,Enhanced,8,"{'batch_size': 64, 'epochs': 50, 'layer1_units': 256, 'layer2_units': 128, 'layer3_units': 32, 'learning_rate': 0.001}",1.90485862858171,0.972520530223846,6.25839257240295
Neural Network,Enhanced,8,"{'batch_size': 64, 'epochs': 50, 'layer1_units': 256, 'layer2_units': 128, 'layer3_units': 32, 'learning_rate': 0.0001}",2.18280451779282,0.963916182518005,6.24371242523193
Neural Network,Enhanced,8,"{'batch_size': 64, 'epochs': 50, 'layer1_units': 256, 'layer2_units': 128, 'layer3_units': 64, 'learning_rate': 0.001}",1.94038379540048,0.971486032009125,6.22607040405273
Neural Network,Enhanced,8,"{'batch_size': 64, 'epochs': 50, 'layer1_units': 256, 'layer2_units': 128, 'layer3_units': 64, 'learning_rate': 0.0001}",2.29607133364435,0.960074245929718,6.2488112449646
Neural Network,Enhanced,8,"{'batch_size': 64, 'epochs': 100, 'layer1_units': 128, 'layer2_units': 64, 'layer3_units': 32, 'learning_rate': 0.001}",2.10276629490855,0.966513872146606,9.71039867401123
Neural Network,Enhanced,8,"{'batch_size': 64, 'epochs': 100, 'layer1_units': 128, 'layer2_units': 64, 'layer3_units': 32, 'learning_rate': 0.0001}",2.0670303527198,0.967642426490784,9.75903940200806
Neural Network,Enhanced,8,"{'batch_size': 64, 'epochs': 100, 'layer1_units': 128, 'layer2_units': 64, 'layer3_units': 64, 'learning_rate': 0.001}",2.12706050829421,0.965735673904419,9.69622802734375
Neural Network,Enhanced,8,"{'batch_size': 64, 'epochs': 100, 'layer1_units': 128, 'layer2_units': 64, 'layer3_units': 64, 'learning_rate': 0.0001}",2.02756671010253,0.968866169452667,9.718914270401
Neural Network,Enhanced,8,"{'batch_size': 64, 'epochs': 100, 'layer1_units': 128, 'layer2_units': 128, 'layer3_units': 32, 'learning_rate': 0.001}",1.99322393048026,0.969911873340607,9.6851749420166
Neural Network,Enhanced,8,"{'batch_size': 64, 'epochs': 100, 'layer1_units': 128, 'layer2_units': 128, 'layer3_units': 32, 'learning_rate': 0.0001}",2.11109752260263,0.966248035430908,9.83118057250977
Neural Network,Enhanced,8,"{'batch_size': 64, 'epochs': 100, 'layer1_units': 128, 'layer2_units': 128, 'layer3_units': 64, 'learning_rate': 0.001}",2.21973891449901,0.962684750556946,9.6995120048523
Neural Network,Enhanced,8,"{'batch_size': 64, 'epochs': 100, 'layer1_units': 128, 'layer2_units': 128, 'layer3_units': 64, 'learning_rate': 0.0001}",1.96403477663611,0.970786690711975,9.69447803497315
Neural Network,Enhanced,8,"{'batch_size': 64, 'epochs': 100, 'layer1_units': 256, 'layer2_units': 64, 'layer3_units': 32, 'learning_rate': 0.001}",1.88906221981378,0.972974419593811,9.78838062286377
Neural Network,Enhanced,8,"{'batch_size': 64, 'epochs': 100, 'layer1_units': 256, 'layer2_units': 64, 'layer3_units': 32, 'learning_rate': 0.0001}",2.10865398376073,0.966326117515564,9.75985050201416
Neural Network,Enhanced,8,"{'batch_size': 64, 'epochs': 100, 'layer1_units': 256, 'layer2_units': 64, 'layer3_units': 64, 'learning_rate': 0.001}",2.1423837161473,0.965240240097046,9.73345541954041
Neural Network,Enhanced,8,"{'batch_size': 64, 'epochs': 100, 'layer1_units': 256, 'layer2_units': 64, 'layer3_units': 64, 'learning_rate': 0.0001}",2.09100856940157,0.966887354850769,9.76136660575867
Neural Network,Enhanced,8,"{'batch_size': 64, 'epochs': 100, 'layer1_units': 256, 'layer2_units': 128, 'layer3_units': 32, 'learning_rate': 0.001}",2.03502749806414,0.968636572360992,9.81983041763306
Neural Network,Enhanced,8,"{'batch_size': 64, 'epochs': 100, 'layer1_units': 256, 'layer2_units': 128, 'layer3_units': 32, 'learning_rate': 0.0001}",1.95612605131849,0.971021473407745,9.83201932907105
Neural Network,Enhanced,8,"{'batch_size': 64, 'epochs': 100, 'layer1_units': 256, 'layer2_units': 128, 'layer3_units': 64, 'learning_rate': 0.001}",2.13458915741922,0.96549266576767,9.79618144035339
Neural Network,Enhanced,8,"{'batch_size': 64, 'epochs': 100, 'layer1_units': 256, 'layer2_units': 128, 'layer3_units': 64, 'learning_rate': 0.0001}",1.88508911519157,0.973087966442108,9.79549908638001
Neural Network,Enhanced,9,"{'batch_size': 32, 'epochs': 50, 'layer1_units': 128, 'layer2_units': 64, 'layer3_units': 32, 'learning_rate': 0.001}",1.49827420773961,0.986046075820923,9.07369160652161
Neural Network,Enhanced,9,"{'batch_size': 32, 'epochs': 50, 'layer1_units': 128, 'layer2_units': 64, 'layer3_units': 32, 'learning_rate': 0.0001}",2.04364387633314,0.974038898944855,9.10474824905396
Neural Network,Enhanced,9,"{'batch_size': 32, 'epochs': 50, 'layer1_units': 128, 'layer2_units': 64, 'layer3_units': 64, 'learning_rate': 0.001}",1.55246318632206,0.985018491744995,9.05261564254761
Neural Network,Enhanced,9,"{'batch_size': 32, 'epochs': 50, 'layer1_units': 128, 'layer2_units': 64, 'layer3_units': 64, 'learning_rate': 0.0001}",1.86224317123999,0.978443145751953,9.16101765632629
Neural Network,Enhanced,9,"{'batch_size': 32, 'epochs': 50, 'layer1_units': 128, 'layer2_units': 128, 'layer3_units': 32, 'learning_rate': 0.001}",1.6237756811964,0.983610510826111,9.08948874473572
Neural Network,Enhanced,9,"{'batch_size': 32, 'epochs': 50, 'layer1_units': 128, 'layer2_units': 128, 'layer3_units': 32, 'learning_rate': 0.0001}",1.80330264639467,0.979786098003388,9.08797764778137
Neural Network,Enhanced,9,"{'batch_size': 32, 'epochs': 50, 'layer1_units': 128, 'layer2_units': 128, 'layer3_units': 64, 'learning_rate': 0.001}",1.58933289214476,0.984298467636108,9.07634043693543
Neural Network,Enhanced,9,"{'batch_size': 32, 'epochs': 50, 'layer1_units': 128, 'layer2_units': 128, 'layer3_units': 64, 'learning_rate': 0.0001}",1.80076979759696,0.979842841625214,9.01275563240051
Neural Network,Enhanced,9,"{'batch_size': 32, 'epochs': 50, 'layer1_units': 256, 'layer2_units': 64, 'layer3_units': 32, 'learning_rate': 0.001}",1.50311464555945,0.985955774784088,9.1579179763794
Neural Network,Enhanced,9,"{'batch_size': 32, 'epochs': 50, 'layer1_units': 256, 'layer2_units': 64, 'layer3_units': 32, 'learning_rate': 0.0001}",1.81370898736057,0.979552149772644,9.05461740493774
Neural Network,Enhanced,9,"{'batch_size': 32, 'epochs': 50, 'layer1_units': 256, 'layer2_units': 64, 'layer3_units': 64, 'learning_rate': 0.001}",1.52157173346669,0.985608756542206,9.0586998462677
Neural Network,Enhanced,9,"{'batch_size': 32, 'epochs': 50, 'layer1_units': 256, 'layer2_units': 64, 'layer3_units': 64, 'learning_rate': 0.0001}",1.73545707420515,0.981278479099274,9.13548421859741
Neural Network,Enhanced,9,"{'batch_size': 32, 'epochs': 50, 'layer1_units': 256, 'layer2_units': 128, 'layer3_units': 32, 'learning_rate': 0.001}",1.51595664574323,0.985714793205261,9.19893050193787
Neural Network,Enhanced,9,"{'batch_size': 32, 'epochs': 50, 'layer1_units': 256, 'layer2_units': 128, 'layer3_units': 32, 'learning_rate': 0.0001}",1.72411729093233,0.981522381305695,9.22511196136475
Neural Network,Enhanced,9,"{'batch_size': 32, 'epochs': 50, 'layer1_units': 256, 'layer2_units': 128, 'layer3_units': 64, 'learning_rate': 0.001}",1.54378308403611,0.985185563564301,9.28774380683899
Neural Network,Enhanced,9,"{'batch_size': 32, 'epochs': 50, 'layer1_units': 256, 'layer2_units': 128, 'layer3_units': 64, 'learning_rate': 0.0001}",1.74855376837954,0.980994880199432,9.23870992660523
Neural Network,Enhanced,9,"{'batch_size': 32, 'epochs': 100, 'layer1_units': 128, 'layer2_units': 64, 'layer3_units': 32, 'learning_rate': 0.001}",1.49724580317234,0.986065268516541,15.7622673511505
Neural Network,Enhanced,9,"{'batch_size': 32, 'epochs': 100, 'layer1_units': 128, 'layer2_units': 64, 'layer3_units': 32, 'learning_rate': 0.0001}",1.70930124015605,0.981838583946228,15.7291305065155
Neural Network,Enhanced,9,"{'batch_size': 32, 'epochs': 100, 'layer1_units': 128, 'layer2_units': 64, 'layer3_units': 64, 'learning_rate': 0.001}",1.3962550261705,0.987881660461426,15.6408836841583
Neural Network,Enhanced,9,"{'batch_size': 32, 'epochs': 100, 'layer1_units': 128, 'layer2_units': 64, 'layer3_units': 64, 'learning_rate': 0.0001}",1.68909978975391,0.982265293598175,15.7476875782013
Neural Network,Enhanced,9,"{'batch_size': 32, 'epochs': 100, 'layer1_units': 128, 'layer2_units': 128, 'layer3_units': 32, 'learning_rate': 0.001}",1.50985287195857,0.985829591751099,15.6960561275482
Neural Network,Enhanced,9,"{'batch_size': 32, 'epochs': 100, 'layer1_units': 128, 'layer2_units': 128, 'layer3_units': 32, 'learning_rate': 0.0001}",1.656355512605,0.982946217060089,15.7716937065125
Neural Network,Enhanced,9,"{'batch_size': 32, 'epochs': 100, 'layer1_units': 128, 'layer2_units': 128, 'layer3_units': 64, 'learning_rate': 0.001}",1.37922759809861,0.988175451755524,15.6576340198517
Neural Network,Enhanced,9,"{'batch_size': 32, 'epochs': 100, 'layer1_units': 128, 'layer2_units': 128, 'layer3_units': 64, 'learning_rate': 0.0001}",1.67192241565813,0.982624173164368,15.7198684215546
Neural Network,Enhanced,9,"{'batch_size': 32, 'epochs': 100, 'layer1_units': 256, 'layer2_units': 64, 'layer3_units': 32, 'learning_rate': 0.001}",1.41882189261832,0.987486779689789,15.883754491806
Neural Network,Enhanced,9,"{'batch_size': 32, 'epochs': 100, 'layer1_units': 256, 'layer2_units': 64, 'layer3_units': 32, 'learning_rate': 0.0001}",1.68865849323958,0.98227459192276,15.7521905899048
Neural Network,Enhanced,9,"{'batch_size': 32, 'epochs': 100, 'layer1_units': 256, 'layer2_units': 64, 'layer3_units': 64, 'learning_rate': 0.001}",1.39749267030271,0.987860202789307,15.7399790287018
Neural Network,Enhanced,9,"{'batch_size': 32, 'epochs': 100, 'layer1_units': 256, 'layer2_units': 64, 'layer3_units': 64, 'learning_rate': 0.0001}",1.64509808337792,0.983177244663239,15.8101406097412
Neural Network,Enhanced,9,"{'batch_size': 32, 'epochs': 100, 'layer1_units': 256, 'layer2_units': 128, 'layer3_units': 32, 'learning_rate': 0.001}",1.43772720531634,0.987151086330414,15.9429066181183
Neural Network,Enhanced,9,"{'batch_size': 32, 'epochs': 100, 'layer1_units': 256, 'layer2_units': 128, 'layer3_units': 32, 'learning_rate': 0.0001}",1.66159297034862,0.982838213443756,15.9458694458008
Neural Network,Enhanced,9,"{'batch_size': 32, 'epochs': 100, 'layer1_units': 256, 'layer2_units': 128, 'layer3_units': 64, 'learning_rate': 0.001}",1.4606030739284,0.986738979816437,15.8715798854828
Neural Network,Enhanced,9,"{'batch_size': 32, 'epochs': 100, 'layer1_units': 256, 'layer2_units': 128, 'layer3_units': 64, 'learning_rate': 0.0001}",1.57951731684829,0.984491765499115,15.8941507339478
Neural Network,Enhanced,9,"{'batch_size': 64, 'epochs': 50, 'layer1_units': 128, 'layer2_units': 64, 'layer3_units': 32, 'learning_rate': 0.001}",1.60121098824475,0.984062850475311,6.10110259056091
Neural Network,Enhanced,9,"{'batch_size': 64, 'epochs': 50, 'layer1_units': 128, 'layer2_units': 64, 'layer3_units': 32, 'learning_rate': 0.0001}",2.8021211491601,0.951192498207092,5.99120998382568
Neural Network,Enhanced,9,"{'batch_size': 64, 'epochs': 50, 'layer1_units': 128, 'layer2_units': 64, 'layer3_units': 64, 'learning_rate': 0.001}",1.51771880569284,0.985681593418121,6.01211309432983
Neural Network,Enhanced,9,"{'batch_size': 64, 'epochs': 50, 'layer1_units': 128, 'layer2_units': 64, 'layer3_units': 64, 'learning_rate': 0.0001}",2.57825918137443,0.958679437637329,6.09156489372253
Neural Network,Enhanced,9,"{'batch_size': 64, 'epochs': 50, 'layer1_units': 128, 'layer2_units': 128, 'layer3_units': 32, 'learning_rate': 0.001}",1.52719216923852,0.985502243041992,6.02705979347229
Neural Network,Enhanced,9,"{'batch_size': 64, 'epochs': 50, 'layer1_units': 128, 'layer2_units': 128, 'layer3_units': 32, 'learning_rate': 0.0001}",2.23968259606211,0.968819320201874,6.17639327049255
Neural Network,Enhanced,9,"{'batch_size': 64, 'epochs': 50, 'layer1_units': 128, 'layer2_units': 128, 'layer3_units': 64, 'learning_rate': 0.001}",1.56687688059745,0.984739005565643,6.02937197685242
Neural Network,Enhanced,9,"{'batch_size': 64, 'epochs': 50, 'layer1_units': 128, 'layer2_units': 128, 'layer3_units': 64, 'learning_rate': 0.0001}",2.13759526715269,0.971597015857697,6.04067707061768
Neural Network,Enhanced,9,"{'batch_size': 64, 'epochs': 50, 'layer1_units': 256, 'layer2_units': 64, 'layer3_units': 32, 'learning_rate': 0.001}",1.55822114625629,0.984907150268555,6.13185572624207
Neural Network,Enhanced,9,"{'batch_size': 64, 'epochs': 50, 'layer1_units': 256, 'layer2_units': 64, 'layer3_units': 32, 'learning_rate': 0.0001}",2.98651621433917,0.944557547569275,6.06979012489319
Neural Network,Enhanced,9,"{'batch_size': 64, 'epochs': 50, 'layer1_units': 256, 'layer2_units': 64, 'layer3_units': 64, 'learning_rate': 0.001}",1.60167094538048,0.984053730964661,6.11722350120544
Neural Network,Enhanced,9,"{'batch_size': 64, 'epochs': 50, 'layer1_units': 256, 'layer2_units': 64, 'layer3_units': 64, 'learning_rate': 0.0001}",2.26158761021473,0.968206405639648,6.15736556053162
Neural Network,Enhanced,9,"{'batch_size': 64, 'epochs': 50, 'layer1_units': 256, 'layer2_units': 128, 'layer3_units': 32, 'learning_rate': 0.001}",1.59502449686497,0.984185814857483,6.18742203712463
Neural Network,Enhanced,9,"{'batch_size': 64, 'epochs': 50, 'layer1_units': 256, 'layer2_units': 128, 'layer3_units': 32, 'learning_rate': 0.0001}",2.05069847303179,0.973859310150147,6.22526288032532
Neural Network,Enhanced,9,"{'batch_size': 64, 'epochs': 50, 'layer1_units': 256, 'layer2_units': 128, 'layer3_units': 64, 'learning_rate': 0.001}",1.59353007874889,0.984215378761292,6.17350935935974
Neural Network,Enhanced,9,"{'batch_size': 64, 'epochs': 50, 'layer1_units': 256, 'layer2_units': 128, 'layer3_units': 64, 'learning_rate': 0.0001}",1.93545892325084,0.976714730262756,6.16387677192688
Neural Network,Enhanced,9,"{'batch_size': 64, 'epochs': 100, 'layer1_units': 128, 'layer2_units': 64, 'layer3_units': 32, 'learning_rate': 0.001}",1.58413518712156,0.984400987625122,9.59418344497681
Neural Network,Enhanced,9,"{'batch_size': 64, 'epochs': 100, 'layer1_units': 128, 'layer2_units': 64, 'layer3_units': 32, 'learning_rate': 0.0001}",1.82647937490878,0.979263186454773,9.58881282806397
Neural Network,Enhanced,9,"{'batch_size': 64, 'epochs': 100, 'layer1_units': 128, 'layer2_units': 64, 'layer3_units': 64, 'learning_rate': 0.001}",1.55901420868668,0.984891772270203,9.59052848815918
Neural Network,Enhanced,9,"{'batch_size': 64, 'epochs': 100, 'layer1_units': 128, 'layer2_units': 64, 'layer3_units': 64, 'learning_rate': 0.0001}",1.75423280526321,0.980871200561523,9.61532258987427
Neural Network,Enhanced,9,"{'batch_size': 64, 'epochs': 100, 'layer1_units': 128, 'layer2_units': 128, 'layer3_units': 32, 'learning_rate': 0.001}",1.55420221010256,0.984984934329987,9.58874535560608
Neural Network,Enhanced,9,"{'batch_size': 64, 'epochs': 100, 'layer1_units': 128, 'layer2_units': 128, 'layer3_units': 32, 'learning_rate': 0.0001}",1.78601247341418,0.980171859264374,9.60703468322754
Neural Network,Enhanced,9,"{'batch_size': 64, 'epochs': 100, 'layer1_units': 128, 'layer2_units': 128, 'layer3_units': 64, 'learning_rate': 0.001}",1.52489890404471,0.985545754432678,9.62849164009094
Neural Network,Enhanced,9,"{'batch_size': 64, 'epochs': 100, 'layer1_units': 128, 'layer2_units': 128, 'layer3_units': 64, 'learning_rate': 0.0001}",1.78633022312397,0.98016482591629,9.60945653915405
Neural Network,Enhanced,9,"{'batch_size': 64, 'epochs': 100, 'layer1_units': 256, 'layer2_units': 64, 'layer3_units': 32, 'learning_rate': 0.001}",1.55345442289022,0.984999358654022,9.64577674865723
Neural Network,Enhanced,9,"{'batch_size': 64, 'epochs': 100, 'layer1_units': 256, 'layer2_units': 64, 'layer3_units': 32, 'learning_rate': 0.0001}",1.79601950805197,0.979949057102203,9.67779684066773
Neural Network,Enhanced,9,"{'batch_size': 64, 'epochs': 100, 'layer1_units': 256, 'layer2_units': 64, 'layer3_units': 64, 'learning_rate': 0.001}",1.51011710868588,0.985824644565582,9.69644498825073
Neural Network,Enhanced,9,"{'batch_size': 64, 'epochs': 100, 'layer1_units': 256, 'layer2_units': 64, 'layer3_units': 64, 'learning_rate': 0.0001}",1.75778035452378,0.98079377412796,9.63047289848328
Neural Network,Enhanced,9,"{'batch_size': 64, 'epochs': 100, 'layer1_units': 256, 'layer2_units': 128, 'layer3_units': 32, 'learning_rate': 0.001}",1.51818018769378,0.985672831535339,9.76049900054932
Neural Network,Enhanced,9,"{'batch_size': 64, 'epochs': 100, 'layer1_units': 256, 'layer2_units': 128, 'layer3_units': 32, 'learning_rate': 0.0001}",1.72274046538497,0.981551885604858,9.68868613243103
Neural Network,Enhanced,9,"{'batch_size': 64, 'epochs': 100, 'layer1_units': 256, 'layer2_units': 128, 'layer3_units': 64, 'learning_rate': 0.001}",1.51797130700336,0.985676825046539,9.75332641601563
Neural Network,Enhanced,9,"{'batch_size': 64, 'epochs': 100, 'layer1_units': 256, 'layer2_units': 128, 'layer3_units': 64, 'learning_rate': 0.0001}",1.69774793788946,0.982083261013031,9.74006462097168
