model_type,version,fold,parameters,rmse,r2,training_time
Random Forest,Enhanced,0,"{'max_depth': None, 'min_samples_leaf': 1, 'min_samples_split': 2, 'n_estimators': 500}",2.95323881329249,0.953712951572517,3.45363855361938
Random Forest,Enhanced,0,"{'max_depth': None, 'min_samples_leaf': 1, 'min_samples_split': 2, 'n_estimators': 1000}",2.93617047507133,0.954246440401717,6.9549298286438
Random Forest,Enhanced,0,"{'max_depth': None, 'min_samples_leaf': 1, 'min_samples_split': 2, 'n_estimators': 1500}",2.93175906541325,0.954383820756337,10.3207266330719
Random Forest,Enhanced,0,"{'max_depth': None, 'min_samples_leaf': 1, 'min_samples_split': 5, 'n_estimators': 500}",2.99036980996451,0.952541702759171,3.17402338981628
Random Forest,Enhanced,0,"{'max_depth': None, 'min_samples_leaf': 1, 'min_samples_split': 5, 'n_estimators': 1000}",2.96125790372433,0.95346123879658,6.32978892326355
Random Forest,Enhanced,0,"{'max_depth': None, 'min_samples_leaf': 1, 'min_samples_split': 5, 'n_estimators': 1500}",2.96129599674501,0.953460041458521,9.43788766860962
Random Forest,Enhanced,0,"{'max_depth': None, 'min_samples_leaf': 1, 'min_samples_split': 10, 'n_estimators': 500}",3.05482041029406,0.950473946752506,2.97068357467651
Random Forest,Enhanced,0,"{'max_depth': None, 'min_samples_leaf': 1, 'min_samples_split': 10, 'n_estimators': 1000}",3.01981481691132,0.951602494663397,5.88201379776001
Random Forest,Enhanced,0,"{'max_depth': None, 'min_samples_leaf': 1, 'min_samples_split': 10, 'n_estimators': 1500}",3.01888777779307,0.951632204759367,8.81056880950928
Random Forest,Enhanced,0,"{'max_depth': None, 'min_samples_leaf': 2, 'min_samples_split': 2, 'n_estimators': 500}",2.95401751198633,0.953688538771278,3.07750988006592
Random Forest,Enhanced,0,"{'max_depth': None, 'min_samples_leaf': 2, 'min_samples_split': 2, 'n_estimators': 1000}",2.94640784071893,0.953926831927384,6.0732524394989
Random Forest,Enhanced,0,"{'max_depth': None, 'min_samples_leaf': 2, 'min_samples_split': 2, 'n_estimators': 1500}",2.9478730914682,0.953880996093539,9.09583139419556
Random Forest,Enhanced,0,"{'max_depth': None, 'min_samples_leaf': 2, 'min_samples_split': 5, 'n_estimators': 500}",2.96869697164955,0.953227122165614,2.96926975250244
Random Forest,Enhanced,0,"{'max_depth': None, 'min_samples_leaf': 2, 'min_samples_split': 5, 'n_estimators': 1000}",2.96182033107648,0.953443559041053,5.95494246482849
Random Forest,Enhanced,0,"{'max_depth': None, 'min_samples_leaf': 2, 'min_samples_split': 5, 'n_estimators': 1500}",2.95867398778306,0.953542420366298,8.86736106872559
Random Forest,Enhanced,0,"{'max_depth': None, 'min_samples_leaf': 2, 'min_samples_split': 10, 'n_estimators': 500}",3.00730875793401,0.952002524994281,2.76378107070923
Random Forest,Enhanced,0,"{'max_depth': None, 'min_samples_leaf': 2, 'min_samples_split': 10, 'n_estimators': 1000}",3.00017671430062,0.952229913796368,5.52107501029968
Random Forest,Enhanced,0,"{'max_depth': None, 'min_samples_leaf': 2, 'min_samples_split': 10, 'n_estimators': 1500}",3.00076111544256,0.952211301818117,8.27900195121765
Random Forest,Enhanced,0,"{'max_depth': None, 'min_samples_leaf': 4, 'min_samples_split': 2, 'n_estimators': 500}",3.08412313006428,0.949519253344006,2.66222906112671
Random Forest,Enhanced,0,"{'max_depth': None, 'min_samples_leaf': 4, 'min_samples_split': 2, 'n_estimators': 1000}",3.07925511852539,0.949678486232523,5.31678748130798
Random Forest,Enhanced,0,"{'max_depth': None, 'min_samples_leaf': 4, 'min_samples_split': 2, 'n_estimators': 1500}",3.07919743740271,0.949680371476915,7.93334889411926
Random Forest,Enhanced,0,"{'max_depth': None, 'min_samples_leaf': 4, 'min_samples_split': 5, 'n_estimators': 500}",3.08412313006428,0.949519253344006,2.65916728973389
Random Forest,Enhanced,0,"{'max_depth': None, 'min_samples_leaf': 4, 'min_samples_split': 5, 'n_estimators': 1000}",3.07925511852539,0.949678486232523,5.28428554534912
Random Forest,Enhanced,0,"{'max_depth': None, 'min_samples_leaf': 4, 'min_samples_split': 5, 'n_estimators': 1500}",3.07919743740271,0.949680371476915,7.93284630775452
Random Forest,Enhanced,0,"{'max_depth': None, 'min_samples_leaf': 4, 'min_samples_split': 10, 'n_estimators': 500}",3.07708507473798,0.949749387412125,2.59635853767395
Random Forest,Enhanced,0,"{'max_depth': None, 'min_samples_leaf': 4, 'min_samples_split': 10, 'n_estimators': 1000}",3.07182483611402,0.949921046155509,5.24417448043823
Random Forest,Enhanced,0,"{'max_depth': None, 'min_samples_leaf': 4, 'min_samples_split': 10, 'n_estimators': 1500}",3.07195409495701,0.949916831537705,7.84516549110413
Random Forest,Enhanced,0,"{'max_depth': 10, 'min_samples_leaf': 1, 'min_samples_split': 2, 'n_estimators': 500}",2.94953644468513,0.953828935618911,2.32478213310242
Random Forest,Enhanced,0,"{'max_depth': 10, 'min_samples_leaf': 1, 'min_samples_split': 2, 'n_estimators': 1000}",2.93282525864595,0.95435063623865,4.62394857406616
Random Forest,Enhanced,0,"{'max_depth': 10, 'min_samples_leaf': 1, 'min_samples_split': 2, 'n_estimators': 1500}",2.9305130530821,0.954422586727403,6.90615701675415
Random Forest,Enhanced,0,"{'max_depth': 10, 'min_samples_leaf': 1, 'min_samples_split': 5, 'n_estimators': 500}",2.98111966385191,0.9528348552691,2.28985714912415
Random Forest,Enhanced,0,"{'max_depth': 10, 'min_samples_leaf': 1, 'min_samples_split': 5, 'n_estimators': 1000}",2.96104789701755,0.953467839441129,4.55127811431885
Random Forest,Enhanced,0,"{'max_depth': 10, 'min_samples_leaf': 1, 'min_samples_split': 5, 'n_estimators': 1500}",2.95665236390106,0.953605886409394,6.79712533950806
Random Forest,Enhanced,0,"{'max_depth': 10, 'min_samples_leaf': 1, 'min_samples_split': 10, 'n_estimators': 500}",3.03596975095417,0.951083290747665,2.243332862854
Random Forest,Enhanced,0,"{'max_depth': 10, 'min_samples_leaf': 1, 'min_samples_split': 10, 'n_estimators': 1000}",3.01230463173693,0.951842921493874,4.4932975769043
Random Forest,Enhanced,0,"{'max_depth': 10, 'min_samples_leaf': 1, 'min_samples_split': 10, 'n_estimators': 1500}",3.01566598336282,0.951735387091627,6.76926922798157
Random Forest,Enhanced,0,"{'max_depth': 10, 'min_samples_leaf': 2, 'min_samples_split': 2, 'n_estimators': 500}",2.94910523487347,0.953842434662583,2.27269649505615
Random Forest,Enhanced,0,"{'max_depth': 10, 'min_samples_leaf': 2, 'min_samples_split': 2, 'n_estimators': 1000}",2.94133461266664,0.954085356117357,4.53592205047607
Random Forest,Enhanced,0,"{'max_depth': 10, 'min_samples_leaf': 2, 'min_samples_split': 2, 'n_estimators': 1500}",2.94100724685805,0.954095576000534,6.77718496322632
Random Forest,Enhanced,0,"{'max_depth': 10, 'min_samples_leaf': 2, 'min_samples_split': 5, 'n_estimators': 500}",2.96689816161303,0.95328378677837,2.26085448265076
Random Forest,Enhanced,0,"{'max_depth': 10, 'min_samples_leaf': 2, 'min_samples_split': 5, 'n_estimators': 1000}",2.95799577842671,0.95356371663217,4.51398038864136
Random Forest,Enhanced,0,"{'max_depth': 10, 'min_samples_leaf': 2, 'min_samples_split': 5, 'n_estimators': 1500}",2.95565169906865,0.953637284826276,6.75541830062866
Random Forest,Enhanced,0,"{'max_depth': 10, 'min_samples_leaf': 2, 'min_samples_split': 10, 'n_estimators': 500}",3.00626153914088,0.95203594697409,2.22916293144226
Random Forest,Enhanced,0,"{'max_depth': 10, 'min_samples_leaf': 2, 'min_samples_split': 10, 'n_estimators': 1000}",2.99552528956066,0.952377922887252,4.46281170845032
Random Forest,Enhanced,0,"{'max_depth': 10, 'min_samples_leaf': 2, 'min_samples_split': 10, 'n_estimators': 1500}",2.99555188266483,0.952377077343078,6.69359350204468
Random Forest,Enhanced,0,"{'max_depth': 10, 'min_samples_leaf': 4, 'min_samples_split': 2, 'n_estimators': 500}",3.0805699921483,0.949635501448577,2.22866129875183
Random Forest,Enhanced,0,"{'max_depth': 10, 'min_samples_leaf': 4, 'min_samples_split': 2, 'n_estimators': 1000}",3.07616520591252,0.949779426921415,4.45889234542847
Random Forest,Enhanced,0,"{'max_depth': 10, 'min_samples_leaf': 4, 'min_samples_split': 2, 'n_estimators': 1500}",3.07711645472601,0.949748362499505,6.63505578041077
Random Forest,Enhanced,0,"{'max_depth': 10, 'min_samples_leaf': 4, 'min_samples_split': 5, 'n_estimators': 500}",3.0805699921483,0.949635501448577,2.23095297813416
Random Forest,Enhanced,0,"{'max_depth': 10, 'min_samples_leaf': 4, 'min_samples_split': 5, 'n_estimators': 1000}",3.07616520591252,0.949779426921415,4.45645189285278
Random Forest,Enhanced,0,"{'max_depth': 10, 'min_samples_leaf': 4, 'min_samples_split': 5, 'n_estimators': 1500}",3.07711645472601,0.949748362499505,6.69001936912537
Random Forest,Enhanced,0,"{'max_depth': 10, 'min_samples_leaf': 4, 'min_samples_split': 10, 'n_estimators': 500}",3.07427961528434,0.949840975253814,2.22437000274658
Random Forest,Enhanced,0,"{'max_depth': 10, 'min_samples_leaf': 4, 'min_samples_split': 10, 'n_estimators': 1000}",3.07016365588409,0.949975194864323,4.44032692909241
Random Forest,Enhanced,0,"{'max_depth': 10, 'min_samples_leaf': 4, 'min_samples_split': 10, 'n_estimators': 1500}",3.07108393459653,0.9499452005916,6.65828561782837
Random Forest,Enhanced,0,"{'max_depth': 20, 'min_samples_leaf': 1, 'min_samples_split': 2, 'n_estimators': 500}",2.95110676243617,0.953779760066403,3.29023790359497
Random Forest,Enhanced,0,"{'max_depth': 20, 'min_samples_leaf': 1, 'min_samples_split': 2, 'n_estimators': 1000}",2.93894641858935,0.954159885933938,6.55544662475586
Random Forest,Enhanced,0,"{'max_depth': 20, 'min_samples_leaf': 1, 'min_samples_split': 2, 'n_estimators': 1500}",2.938886896613,0.954161742699027,9.79937148094177
Random Forest,Enhanced,0,"{'max_depth': 20, 'min_samples_leaf': 1, 'min_samples_split': 5, 'n_estimators': 500}",2.97638813594628,0.95298445416162,3.08132886886597
Random Forest,Enhanced,0,"{'max_depth': 20, 'min_samples_leaf': 1, 'min_samples_split': 5, 'n_estimators': 1000}",2.96514085586331,0.953339110792291,6.16768050193787
Random Forest,Enhanced,0,"{'max_depth': 20, 'min_samples_leaf': 1, 'min_samples_split': 5, 'n_estimators': 1500}",2.96805836092056,0.953247243080071,9.30508375167847
Random Forest,Enhanced,0,"{'max_depth': 20, 'min_samples_leaf': 1, 'min_samples_split': 10, 'n_estimators': 500}",3.03010299050039,0.951272163071044,2.89929270744324
Random Forest,Enhanced,0,"{'max_depth': 20, 'min_samples_leaf': 1, 'min_samples_split': 10, 'n_estimators': 1000}",3.01080092354018,0.951890988424919,5.78458404541016
Random Forest,Enhanced,0,"{'max_depth': 20, 'min_samples_leaf': 1, 'min_samples_split': 10, 'n_estimators': 1500}",3.01654168758579,0.951707352380744,8.62716245651245
Random Forest,Enhanced,0,"{'max_depth': 20, 'min_samples_leaf': 2, 'min_samples_split': 2, 'n_estimators': 500}",2.95486222467868,0.953662049102762,2.96621799468994
Random Forest,Enhanced,0,"{'max_depth': 20, 'min_samples_leaf': 2, 'min_samples_split': 2, 'n_estimators': 1000}",2.94210670079513,0.954061248146729,5.95187568664551
Random Forest,Enhanced,0,"{'max_depth': 20, 'min_samples_leaf': 2, 'min_samples_split': 2, 'n_estimators': 1500}",2.94139160659945,0.954083576733623,8.92909383773804
Random Forest,Enhanced,0,"{'max_depth': 20, 'min_samples_leaf': 2, 'min_samples_split': 5, 'n_estimators': 500}",2.97209523220824,0.953119979267378,2.94968318939209
Random Forest,Enhanced,0,"{'max_depth': 20, 'min_samples_leaf': 2, 'min_samples_split': 5, 'n_estimators': 1000}",2.9606424478417,0.953480581642632,5.86957812309265
Random Forest,Enhanced,0,"{'max_depth': 20, 'min_samples_leaf': 2, 'min_samples_split': 5, 'n_estimators': 1500}",2.95851136639422,0.953547527240882,8.76166296005249
Random Forest,Enhanced,0,"{'max_depth': 20, 'min_samples_leaf': 2, 'min_samples_split': 10, 'n_estimators': 500}",3.00879511128096,0.951955068052907,2.74917340278626
Random Forest,Enhanced,0,"{'max_depth': 20, 'min_samples_leaf': 2, 'min_samples_split': 10, 'n_estimators': 1000}",3.00123485346127,0.952196211573085,5.55878758430481
Random Forest,Enhanced,0,"{'max_depth': 20, 'min_samples_leaf': 2, 'min_samples_split': 10, 'n_estimators': 1500}",2.99986716981207,0.952239770685135,8.37021136283875
Random Forest,Enhanced,0,"{'max_depth': 20, 'min_samples_leaf': 4, 'min_samples_split': 2, 'n_estimators': 500}",3.0845897766901,0.949503976099074,2.65375566482544
Random Forest,Enhanced,0,"{'max_depth': 20, 'min_samples_leaf': 4, 'min_samples_split': 2, 'n_estimators': 1000}",3.07761995445476,0.949731916091809,5.31069540977478
Random Forest,Enhanced,0,"{'max_depth': 20, 'min_samples_leaf': 4, 'min_samples_split': 2, 'n_estimators': 1500}",3.07851749851387,0.949702591873921,7.93708181381226
Random Forest,Enhanced,0,"{'max_depth': 20, 'min_samples_leaf': 4, 'min_samples_split': 5, 'n_estimators': 500}",3.0845897766901,0.949503976099074,2.64782381057739
Random Forest,Enhanced,0,"{'max_depth': 20, 'min_samples_leaf': 4, 'min_samples_split': 5, 'n_estimators': 1000}",3.07761995445476,0.949731916091809,5.29330801963806
Random Forest,Enhanced,0,"{'max_depth': 20, 'min_samples_leaf': 4, 'min_samples_split': 5, 'n_estimators': 1500}",3.07851749851387,0.949702591873921,7.9238395690918
Random Forest,Enhanced,0,"{'max_depth': 20, 'min_samples_leaf': 4, 'min_samples_split': 10, 'n_estimators': 500}",3.07443213749697,0.949835998116942,2.60066866874695
Random Forest,Enhanced,0,"{'max_depth': 20, 'min_samples_leaf': 4, 'min_samples_split': 10, 'n_estimators': 1000}",3.07114719977485,0.949943138284939,5.21840834617615
Random Forest,Enhanced,0,"{'max_depth': 20, 'min_samples_leaf': 4, 'min_samples_split': 10, 'n_estimators': 1500}",3.07173293208217,0.949924042673322,7.80799126625061
Random Forest,Enhanced,0,"{'max_depth': 30, 'min_samples_leaf': 1, 'min_samples_split': 2, 'n_estimators': 500}",2.95467327647157,0.953667975059469,3.36171841621399
Random Forest,Enhanced,0,"{'max_depth': 30, 'min_samples_leaf': 1, 'min_samples_split': 2, 'n_estimators': 1000}",2.93896856383304,0.954159195112006,6.74727272987366
Random Forest,Enhanced,0,"{'max_depth': 30, 'min_samples_leaf': 1, 'min_samples_split': 2, 'n_estimators': 1500}",2.93382609582568,0.954319474903092,10.1086175441742
Random Forest,Enhanced,0,"{'max_depth': 30, 'min_samples_leaf': 1, 'min_samples_split': 5, 'n_estimators': 500}",2.9888410827925,0.952590213310407,3.14035868644714
Random Forest,Enhanced,0,"{'max_depth': 30, 'min_samples_leaf': 1, 'min_samples_split': 5, 'n_estimators': 1000}",2.96135940545552,0.953458048364716,6.24071431159973
Random Forest,Enhanced,0,"{'max_depth': 30, 'min_samples_leaf': 1, 'min_samples_split': 5, 'n_estimators': 1500}",2.96188190638733,0.953441623233473,9.1858823299408
Random Forest,Enhanced,0,"{'max_depth': 30, 'min_samples_leaf': 1, 'min_samples_split': 10, 'n_estimators': 500}",3.0516995577768,0.950575088250169,2.84302520751953
Random Forest,Enhanced,0,"{'max_depth': 30, 'min_samples_leaf': 1, 'min_samples_split': 10, 'n_estimators': 1000}",3.01825653148187,0.951652429956505,5.68672013282776
Random Forest,Enhanced,0,"{'max_depth': 30, 'min_samples_leaf': 1, 'min_samples_split': 10, 'n_estimators': 1500}",3.01795208786554,0.951662182849655,8.5247015953064
Random Forest,Enhanced,0,"{'max_depth': 30, 'min_samples_leaf': 2, 'min_samples_split': 2, 'n_estimators': 500}",2.95401751198633,0.953688538771278,2.93530106544495
Random Forest,Enhanced,0,"{'max_depth': 30, 'min_samples_leaf': 2, 'min_samples_split': 2, 'n_estimators': 1000}",2.94634130384444,0.953928912786623,5.86156415939331
Random Forest,Enhanced,0,"{'max_depth': 30, 'min_samples_leaf': 2, 'min_samples_split': 2, 'n_estimators': 1500}",2.94778820742699,0.953883652049847,8.7454845905304
Random Forest,Enhanced,0,"{'max_depth': 30, 'min_samples_leaf': 2, 'min_samples_split': 5, 'n_estimators': 500}",2.96869697164955,0.953227122165614,2.86730122566223
Random Forest,Enhanced,0,"{'max_depth': 30, 'min_samples_leaf': 2, 'min_samples_split': 5, 'n_estimators': 1000}",2.96188204612423,0.953441618840372,5.73476195335388
Random Forest,Enhanced,0,"{'max_depth': 30, 'min_samples_leaf': 2, 'min_samples_split': 5, 'n_estimators': 1500}",2.95868881440626,0.953541954745039,8.59967708587647
Random Forest,Enhanced,0,"{'max_depth': 30, 'min_samples_leaf': 2, 'min_samples_split': 10, 'n_estimators': 500}",3.00730875793401,0.952002524994281,2.70648288726807
Random Forest,Enhanced,0,"{'max_depth': 30, 'min_samples_leaf': 2, 'min_samples_split': 10, 'n_estimators': 1000}",3.00017346154665,0.952230017379769,5.39541888237
Random Forest,Enhanced,0,"{'max_depth': 30, 'min_samples_leaf': 2, 'min_samples_split': 10, 'n_estimators': 1500}",3.00075896008067,0.952211370468635,8.09541177749634
Random Forest,Enhanced,0,"{'max_depth': 30, 'min_samples_leaf': 4, 'min_samples_split': 2, 'n_estimators': 500}",3.08412313006428,0.949519253344006,2.61835789680481
Random Forest,Enhanced,0,"{'max_depth': 30, 'min_samples_leaf': 4, 'min_samples_split': 2, 'n_estimators': 1000}",3.07925511852539,0.949678486232523,5.21248507499695
Random Forest,Enhanced,0,"{'max_depth': 30, 'min_samples_leaf': 4, 'min_samples_split': 2, 'n_estimators': 1500}",3.07919743740271,0.949680371476915,7.76534008979797
Random Forest,Enhanced,0,"{'max_depth': 30, 'min_samples_leaf': 4, 'min_samples_split': 5, 'n_estimators': 500}",3.08412313006428,0.949519253344006,2.60266184806824
Random Forest,Enhanced,0,"{'max_depth': 30, 'min_samples_leaf': 4, 'min_samples_split': 5, 'n_estimators': 1000}",3.07925511852539,0.949678486232523,5.22437787055969
Random Forest,Enhanced,0,"{'max_depth': 30, 'min_samples_leaf': 4, 'min_samples_split': 5, 'n_estimators': 1500}",3.07919743740271,0.949680371476915,7.77005386352539
Random Forest,Enhanced,0,"{'max_depth': 30, 'min_samples_leaf': 4, 'min_samples_split': 10, 'n_estimators': 500}",3.07708507473798,0.949749387412125,2.55552935600281
Random Forest,Enhanced,0,"{'max_depth': 30, 'min_samples_leaf': 4, 'min_samples_split': 10, 'n_estimators': 1000}",3.07182483611402,0.949921046155509,5.11622548103333
Random Forest,Enhanced,0,"{'max_depth': 30, 'min_samples_leaf': 4, 'min_samples_split': 10, 'n_estimators': 1500}",3.07195409495701,0.949916831537705,7.68035101890564
Random Forest,Enhanced,1,"{'max_depth': None, 'min_samples_leaf': 1, 'min_samples_split': 2, 'n_estimators': 500}",1.17208001203777,0.989421526542299,3.32755875587463
Random Forest,Enhanced,1,"{'max_depth': None, 'min_samples_leaf': 1, 'min_samples_split': 2, 'n_estimators': 1000}",1.19007977624227,0.989094122098935,6.62162208557129
Random Forest,Enhanced,1,"{'max_depth': None, 'min_samples_leaf': 1, 'min_samples_split': 2, 'n_estimators': 1500}",1.19322366744096,0.98903642482031,9.93741369247437
Random Forest,Enhanced,1,"{'max_depth': None, 'min_samples_leaf': 1, 'min_samples_split': 5, 'n_estimators': 500}",1.2175974333565,0.988583948244745,3.09338855743408
Random Forest,Enhanced,1,"{'max_depth': None, 'min_samples_leaf': 1, 'min_samples_split': 5, 'n_estimators': 1000}",1.24025434909015,0.988155138189854,6.18073272705078
Random Forest,Enhanced,1,"{'max_depth': None, 'min_samples_leaf': 1, 'min_samples_split': 5, 'n_estimators': 1500}",1.23762520658836,0.988205303418891,9.27423691749573
Random Forest,Enhanced,1,"{'max_depth': None, 'min_samples_leaf': 1, 'min_samples_split': 10, 'n_estimators': 500}",1.30149830058172,0.98695645346814,2.92493295669556
Random Forest,Enhanced,1,"{'max_depth': None, 'min_samples_leaf': 1, 'min_samples_split': 10, 'n_estimators': 1000}",1.31925715377737,0.98659806840844,5.92043781280518
Random Forest,Enhanced,1,"{'max_depth': None, 'min_samples_leaf': 1, 'min_samples_split': 10, 'n_estimators': 1500}",1.31774266569637,0.986628821192658,8.92479658126831
Random Forest,Enhanced,1,"{'max_depth': None, 'min_samples_leaf': 2, 'min_samples_split': 2, 'n_estimators': 500}",1.16656203633914,0.98952089579381,3.12008404731751
Random Forest,Enhanced,1,"{'max_depth': None, 'min_samples_leaf': 2, 'min_samples_split': 2, 'n_estimators': 1000}",1.18049589314067,0.989269068016133,6.09130644798279
Random Forest,Enhanced,1,"{'max_depth': None, 'min_samples_leaf': 2, 'min_samples_split': 2, 'n_estimators': 1500}",1.18671829102715,0.989155644315222,9.08908295631409
Random Forest,Enhanced,1,"{'max_depth': None, 'min_samples_leaf': 2, 'min_samples_split': 5, 'n_estimators': 500}",1.18520136557201,0.989183350242788,3.02216100692749
Random Forest,Enhanced,1,"{'max_depth': None, 'min_samples_leaf': 2, 'min_samples_split': 5, 'n_estimators': 1000}",1.19727270850347,0.988961891794632,5.91488170623779
Random Forest,Enhanced,1,"{'max_depth': None, 'min_samples_leaf': 2, 'min_samples_split': 5, 'n_estimators': 1500}",1.19494360061552,0.989004795868748,8.78110241889954
Random Forest,Enhanced,1,"{'max_depth': None, 'min_samples_leaf': 2, 'min_samples_split': 10, 'n_estimators': 500}",1.24271384647029,0.988108113493266,2.78711104393005
Random Forest,Enhanced,1,"{'max_depth': None, 'min_samples_leaf': 2, 'min_samples_split': 10, 'n_estimators': 1000}",1.26089254184826,0.987757654471532,5.42922377586365
Random Forest,Enhanced,1,"{'max_depth': None, 'min_samples_leaf': 2, 'min_samples_split': 10, 'n_estimators': 1500}",1.26483821282537,0.987680915424638,8.17670965194702
Random Forest,Enhanced,1,"{'max_depth': None, 'min_samples_leaf': 4, 'min_samples_split': 2, 'n_estimators': 500}",1.22469653213611,0.988450439523368,2.60912251472473
Random Forest,Enhanced,1,"{'max_depth': None, 'min_samples_leaf': 4, 'min_samples_split': 2, 'n_estimators': 1000}",1.23762057155734,0.988205391763378,5.16925978660584
Random Forest,Enhanced,1,"{'max_depth': None, 'min_samples_leaf': 4, 'min_samples_split': 2, 'n_estimators': 1500}",1.23908405884884,0.988177481003997,7.72500610351563
Random Forest,Enhanced,1,"{'max_depth': None, 'min_samples_leaf': 4, 'min_samples_split': 5, 'n_estimators': 500}",1.22469653213611,0.988450439523368,2.60472226142883
Random Forest,Enhanced,1,"{'max_depth': None, 'min_samples_leaf': 4, 'min_samples_split': 5, 'n_estimators': 1000}",1.23762057155734,0.988205391763378,5.2561023235321
Random Forest,Enhanced,1,"{'max_depth': None, 'min_samples_leaf': 4, 'min_samples_split': 5, 'n_estimators': 1500}",1.23908405884884,0.988177481003997,7.87277054786682
Random Forest,Enhanced,1,"{'max_depth': None, 'min_samples_leaf': 4, 'min_samples_split': 10, 'n_estimators': 500}",1.25840804137602,0.987805852308901,2.58722925186157
Random Forest,Enhanced,1,"{'max_depth': None, 'min_samples_leaf': 4, 'min_samples_split': 10, 'n_estimators': 1000}",1.26889643834109,0.987601737194631,5.17986345291138
Random Forest,Enhanced,1,"{'max_depth': None, 'min_samples_leaf': 4, 'min_samples_split': 10, 'n_estimators': 1500}",1.27056577467424,0.987569093892703,7.80091691017151
Random Forest,Enhanced,1,"{'max_depth': 10, 'min_samples_leaf': 1, 'min_samples_split': 2, 'n_estimators': 500}",1.18242963312587,0.989233883094137,2.28498554229736
Random Forest,Enhanced,1,"{'max_depth': 10, 'min_samples_leaf': 1, 'min_samples_split': 2, 'n_estimators': 1000}",1.20096035501828,0.988893791474791,4.52935290336609
Random Forest,Enhanced,1,"{'max_depth': 10, 'min_samples_leaf': 1, 'min_samples_split': 2, 'n_estimators': 1500}",1.19977683003813,0.988915670628997,6.78246927261353
Random Forest,Enhanced,1,"{'max_depth': 10, 'min_samples_leaf': 1, 'min_samples_split': 5, 'n_estimators': 500}",1.21795752039627,0.98857719497799,2.25199580192566
Random Forest,Enhanced,1,"{'max_depth': 10, 'min_samples_leaf': 1, 'min_samples_split': 5, 'n_estimators': 1000}",1.23844663714259,0.988189641586362,4.47192239761353
Random Forest,Enhanced,1,"{'max_depth': 10, 'min_samples_leaf': 1, 'min_samples_split': 5, 'n_estimators': 1500}",1.23712379587994,0.988214858475045,6.71404147148132
Random Forest,Enhanced,1,"{'max_depth': 10, 'min_samples_leaf': 1, 'min_samples_split': 10, 'n_estimators': 500}",1.29785809244328,0.987029315373888,2.20381140708923
Random Forest,Enhanced,1,"{'max_depth': 10, 'min_samples_leaf': 1, 'min_samples_split': 10, 'n_estimators': 1000}",1.31576687180257,0.986668888025627,4.41068744659424
Random Forest,Enhanced,1,"{'max_depth': 10, 'min_samples_leaf': 1, 'min_samples_split': 10, 'n_estimators': 1500}",1.31617101255056,0.986660697406006,6.59291625022888
Random Forest,Enhanced,1,"{'max_depth': 10, 'min_samples_leaf': 2, 'min_samples_split': 2, 'n_estimators': 500}",1.16633153559555,0.989525036512611,2.22246909141541
Random Forest,Enhanced,1,"{'max_depth': 10, 'min_samples_leaf': 2, 'min_samples_split': 2, 'n_estimators': 1000}",1.18123296976036,0.989255663499629,4.41736078262329
Random Forest,Enhanced,1,"{'max_depth': 10, 'min_samples_leaf': 2, 'min_samples_split': 2, 'n_estimators': 1500}",1.18103782062538,0.989259213307039,6.68357992172241
Random Forest,Enhanced,1,"{'max_depth': 10, 'min_samples_leaf': 2, 'min_samples_split': 5, 'n_estimators': 500}",1.17182768465287,0.989426080755658,2.21715784072876
Random Forest,Enhanced,1,"{'max_depth': 10, 'min_samples_leaf': 2, 'min_samples_split': 5, 'n_estimators': 1000}",1.18898838387119,0.989114115942027,4.61197710037231
Random Forest,Enhanced,1,"{'max_depth': 10, 'min_samples_leaf': 2, 'min_samples_split': 5, 'n_estimators': 1500}",1.19145230024791,0.989068952003311,6.60982036590576
Random Forest,Enhanced,1,"{'max_depth': 10, 'min_samples_leaf': 2, 'min_samples_split': 10, 'n_estimators': 500}",1.25089617275485,0.987950999882691,2.17566728591919
Random Forest,Enhanced,1,"{'max_depth': 10, 'min_samples_leaf': 2, 'min_samples_split': 10, 'n_estimators': 1000}",1.26243319490114,0.987727718962509,4.38391518592835
Random Forest,Enhanced,1,"{'max_depth': 10, 'min_samples_leaf': 2, 'min_samples_split': 10, 'n_estimators': 1500}",1.26490789370162,0.987679558052218,6.58108711242676
Random Forest,Enhanced,1,"{'max_depth': 10, 'min_samples_leaf': 4, 'min_samples_split': 2, 'n_estimators': 500}",1.22222967108963,0.988496920371072,2.18631887435913
Random Forest,Enhanced,1,"{'max_depth': 10, 'min_samples_leaf': 4, 'min_samples_split': 2, 'n_estimators': 1000}",1.23677548601767,0.988221493709408,4.35484838485718
Random Forest,Enhanced,1,"{'max_depth': 10, 'min_samples_leaf': 4, 'min_samples_split': 2, 'n_estimators': 1500}",1.23788192132697,0.988200409875252,6.4897153377533
Random Forest,Enhanced,1,"{'max_depth': 10, 'min_samples_leaf': 4, 'min_samples_split': 5, 'n_estimators': 500}",1.22222967108963,0.988496920371072,2.1876425743103
Random Forest,Enhanced,1,"{'max_depth': 10, 'min_samples_leaf': 4, 'min_samples_split': 5, 'n_estimators': 1000}",1.23677548601767,0.988221493709408,4.35130286216736
Random Forest,Enhanced,1,"{'max_depth': 10, 'min_samples_leaf': 4, 'min_samples_split': 5, 'n_estimators': 1500}",1.23788192132697,0.988200409875252,6.49714493751526
Random Forest,Enhanced,1,"{'max_depth': 10, 'min_samples_leaf': 4, 'min_samples_split': 10, 'n_estimators': 500}",1.25465397866275,0.987878498560625,2.15428972244263
Random Forest,Enhanced,1,"{'max_depth': 10, 'min_samples_leaf': 4, 'min_samples_split': 10, 'n_estimators': 1000}",1.26868232726332,0.987605920958357,4.31214165687561
Random Forest,Enhanced,1,"{'max_depth': 10, 'min_samples_leaf': 4, 'min_samples_split': 10, 'n_estimators': 1500}",1.2692520277204,0.987594787362986,6.46812248229981
Random Forest,Enhanced,1,"{'max_depth': 20, 'min_samples_leaf': 1, 'min_samples_split': 2, 'n_estimators': 500}",1.17252070363777,0.989413570224041,3.22962212562561
Random Forest,Enhanced,1,"{'max_depth': 20, 'min_samples_leaf': 1, 'min_samples_split': 2, 'n_estimators': 1000}",1.18850699956241,0.989122928867415,6.39160561561585
Random Forest,Enhanced,1,"{'max_depth': 20, 'min_samples_leaf': 1, 'min_samples_split': 2, 'n_estimators': 1500}",1.18954009455286,0.98910401113023,9.57243466377258
Random Forest,Enhanced,1,"{'max_depth': 20, 'min_samples_leaf': 1, 'min_samples_split': 5, 'n_estimators': 500}",1.22027014001333,0.988533775265821,3.00807642936707
Random Forest,Enhanced,1,"{'max_depth': 20, 'min_samples_leaf': 1, 'min_samples_split': 5, 'n_estimators': 1000}",1.24212622152389,0.988119357138838,6.00604915618897
Random Forest,Enhanced,1,"{'max_depth': 20, 'min_samples_leaf': 1, 'min_samples_split': 5, 'n_estimators': 1500}",1.24041340663888,0.988152099884857,9.08588767051697
Random Forest,Enhanced,1,"{'max_depth': 20, 'min_samples_leaf': 1, 'min_samples_split': 10, 'n_estimators': 500}",1.3027874465374,0.986930601167027,2.83743572235107
Random Forest,Enhanced,1,"{'max_depth': 20, 'min_samples_leaf': 1, 'min_samples_split': 10, 'n_estimators': 1000}",1.31970653885538,0.986588936521127,5.649897813797
Random Forest,Enhanced,1,"{'max_depth': 20, 'min_samples_leaf': 1, 'min_samples_split': 10, 'n_estimators': 1500}",1.31807205074591,0.986622135795035,8.46261644363403
Random Forest,Enhanced,1,"{'max_depth': 20, 'min_samples_leaf': 2, 'min_samples_split': 2, 'n_estimators': 500}",1.16871358657865,0.989482205848263,2.89702081680298
Random Forest,Enhanced,1,"{'max_depth': 20, 'min_samples_leaf': 2, 'min_samples_split': 2, 'n_estimators': 1000}",1.17876095706943,0.989300586635273,5.79235649108887
Random Forest,Enhanced,1,"{'max_depth': 20, 'min_samples_leaf': 2, 'min_samples_split': 2, 'n_estimators': 1500}",1.18358277828642,0.989212873895836,8.67702746391296
Random Forest,Enhanced,1,"{'max_depth': 20, 'min_samples_leaf': 2, 'min_samples_split': 5, 'n_estimators': 500}",1.17938143497141,0.989289319725262,2.85182428359985
Random Forest,Enhanced,1,"{'max_depth': 20, 'min_samples_leaf': 2, 'min_samples_split': 5, 'n_estimators': 1000}",1.18937674769767,0.989107003384668,5.69877004623413
Random Forest,Enhanced,1,"{'max_depth': 20, 'min_samples_leaf': 2, 'min_samples_split': 5, 'n_estimators': 1500}",1.19234685263817,0.989052531596112,8.5399374961853
Random Forest,Enhanced,1,"{'max_depth': 20, 'min_samples_leaf': 2, 'min_samples_split': 10, 'n_estimators': 500}",1.24339559176677,0.988095062280381,2.69005966186523
Random Forest,Enhanced,1,"{'max_depth': 20, 'min_samples_leaf': 2, 'min_samples_split': 10, 'n_estimators': 1000}",1.25602409364335,0.987852010111864,5.42516160011292
Random Forest,Enhanced,1,"{'max_depth': 20, 'min_samples_leaf': 2, 'min_samples_split': 10, 'n_estimators': 1500}",1.26111697819742,0.987753295857644,8.14138913154602
Random Forest,Enhanced,1,"{'max_depth': 20, 'min_samples_leaf': 4, 'min_samples_split': 2, 'n_estimators': 500}",1.22152346469707,0.988510209528846,2.60749983787537
Random Forest,Enhanced,1,"{'max_depth': 20, 'min_samples_leaf': 4, 'min_samples_split': 2, 'n_estimators': 1000}",1.23571414847106,0.988241700460372,5.20037126541138
Random Forest,Enhanced,1,"{'max_depth': 20, 'min_samples_leaf': 4, 'min_samples_split': 2, 'n_estimators': 1500}",1.23763094794758,0.988205193987139,7.76128482818604
Random Forest,Enhanced,1,"{'max_depth': 20, 'min_samples_leaf': 4, 'min_samples_split': 5, 'n_estimators': 500}",1.22152346469707,0.988510209528846,2.58077383041382
Random Forest,Enhanced,1,"{'max_depth': 20, 'min_samples_leaf': 4, 'min_samples_split': 5, 'n_estimators': 1000}",1.23571414847106,0.988241700460372,5.18871402740479
Random Forest,Enhanced,1,"{'max_depth': 20, 'min_samples_leaf': 4, 'min_samples_split': 5, 'n_estimators': 1500}",1.23763094794758,0.988205193987139,7.76115918159485
Random Forest,Enhanced,1,"{'max_depth': 20, 'min_samples_leaf': 4, 'min_samples_split': 10, 'n_estimators': 500}",1.2562142507785,0.987848331517112,2.55969285964966
Random Forest,Enhanced,1,"{'max_depth': 20, 'min_samples_leaf': 4, 'min_samples_split': 10, 'n_estimators': 1000}",1.26911411192515,0.987597483095241,5.10286545753479
Random Forest,Enhanced,1,"{'max_depth': 20, 'min_samples_leaf': 4, 'min_samples_split': 10, 'n_estimators': 1500}",1.27053420272341,0.987569711669583,7.67877769470215
Random Forest,Enhanced,1,"{'max_depth': 30, 'min_samples_leaf': 1, 'min_samples_split': 2, 'n_estimators': 500}",1.17323766038713,0.989400619778435,3.30040216445923
Random Forest,Enhanced,1,"{'max_depth': 30, 'min_samples_leaf': 1, 'min_samples_split': 2, 'n_estimators': 1000}",1.19185317798333,0.989061595013937,6.56766152381897
Random Forest,Enhanced,1,"{'max_depth': 30, 'min_samples_leaf': 1, 'min_samples_split': 2, 'n_estimators': 1500}",1.1933996800223,0.989033190104895,9.83698678016663
Random Forest,Enhanced,1,"{'max_depth': 30, 'min_samples_leaf': 1, 'min_samples_split': 5, 'n_estimators': 500}",1.21939203206602,0.988550271548163,3.06226372718811
Random Forest,Enhanced,1,"{'max_depth': 30, 'min_samples_leaf': 1, 'min_samples_split': 5, 'n_estimators': 1000}",1.24138779463396,0.988133478696369,6.12040877342224
Random Forest,Enhanced,1,"{'max_depth': 30, 'min_samples_leaf': 1, 'min_samples_split': 5, 'n_estimators': 1500}",1.23826780326531,0.988193052213237,9.13494348526001
Random Forest,Enhanced,1,"{'max_depth': 30, 'min_samples_leaf': 1, 'min_samples_split': 10, 'n_estimators': 500}",1.30177726844045,0.986950861266884,2.83229732513428
Random Forest,Enhanced,1,"{'max_depth': 30, 'min_samples_leaf': 1, 'min_samples_split': 10, 'n_estimators': 1000}",1.31931404304473,0.986596912542041,5.70770835876465
Random Forest,Enhanced,1,"{'max_depth': 30, 'min_samples_leaf': 1, 'min_samples_split': 10, 'n_estimators': 1500}",1.31785434177121,0.986626554734906,8.54596662521362
Random Forest,Enhanced,1,"{'max_depth': 30, 'min_samples_leaf': 2, 'min_samples_split': 2, 'n_estimators': 500}",1.16661404800866,0.989519961342254,2.93019032478333
Random Forest,Enhanced,1,"{'max_depth': 30, 'min_samples_leaf': 2, 'min_samples_split': 2, 'n_estimators': 1000}",1.18052255535519,0.989268583281466,5.84727263450623
Random Forest,Enhanced,1,"{'max_depth': 30, 'min_samples_leaf': 2, 'min_samples_split': 2, 'n_estimators': 1500}",1.18666211548439,0.989156670966875,8.77602171897888
Random Forest,Enhanced,1,"{'max_depth': 30, 'min_samples_leaf': 2, 'min_samples_split': 5, 'n_estimators': 500}",1.18519940393655,0.989183386048191,2.91358137130737
Random Forest,Enhanced,1,"{'max_depth': 30, 'min_samples_leaf': 2, 'min_samples_split': 5, 'n_estimators': 1000}",1.1972634902979,0.988962061766198,5.79942488670349
Random Forest,Enhanced,1,"{'max_depth': 30, 'min_samples_leaf': 2, 'min_samples_split': 5, 'n_estimators': 1500}",1.19485193236928,0.989006482764128,8.66406464576721
Random Forest,Enhanced,1,"{'max_depth': 30, 'min_samples_leaf': 2, 'min_samples_split': 10, 'n_estimators': 500}",1.24271384647029,0.988108113493266,2.71341443061829
Random Forest,Enhanced,1,"{'max_depth': 30, 'min_samples_leaf': 2, 'min_samples_split': 10, 'n_estimators': 1000}",1.26089254184826,0.987757654471532,5.41490435600281
Random Forest,Enhanced,1,"{'max_depth': 30, 'min_samples_leaf': 2, 'min_samples_split': 10, 'n_estimators': 1500}",1.26491377601845,0.987679443462196,8.13587045669556
Random Forest,Enhanced,1,"{'max_depth': 30, 'min_samples_leaf': 4, 'min_samples_split': 2, 'n_estimators': 500}",1.22469653213611,0.988450439523368,2.5887942314148
Random Forest,Enhanced,1,"{'max_depth': 30, 'min_samples_leaf': 4, 'min_samples_split': 2, 'n_estimators': 1000}",1.23762057155734,0.988205391763378,5.1768012046814
Random Forest,Enhanced,1,"{'max_depth': 30, 'min_samples_leaf': 4, 'min_samples_split': 2, 'n_estimators': 1500}",1.23908405884884,0.988177481003997,7.80981731414795
Random Forest,Enhanced,1,"{'max_depth': 30, 'min_samples_leaf': 4, 'min_samples_split': 5, 'n_estimators': 500}",1.22469653213611,0.988450439523368,2.60362195968628
Random Forest,Enhanced,1,"{'max_depth': 30, 'min_samples_leaf': 4, 'min_samples_split': 5, 'n_estimators': 1000}",1.23762057155734,0.988205391763378,5.20569777488709
Random Forest,Enhanced,1,"{'max_depth': 30, 'min_samples_leaf': 4, 'min_samples_split': 5, 'n_estimators': 1500}",1.23908405884884,0.988177481003997,7.93887591362
Random Forest,Enhanced,1,"{'max_depth': 30, 'min_samples_leaf': 4, 'min_samples_split': 10, 'n_estimators': 500}",1.25840804137602,0.987805852308901,2.55852794647217
Random Forest,Enhanced,1,"{'max_depth': 30, 'min_samples_leaf': 4, 'min_samples_split': 10, 'n_estimators': 1000}",1.26889643834109,0.987601737194631,5.10117197036743
Random Forest,Enhanced,1,"{'max_depth': 30, 'min_samples_leaf': 4, 'min_samples_split': 10, 'n_estimators': 1500}",1.27056577467424,0.987569093892703,7.66574311256409
Random Forest,Enhanced,2,"{'max_depth': None, 'min_samples_leaf': 1, 'min_samples_split': 2, 'n_estimators': 500}",2.33674550233147,0.964549199368581,3.28231739997864
Random Forest,Enhanced,2,"{'max_depth': None, 'min_samples_leaf': 1, 'min_samples_split': 2, 'n_estimators': 1000}",2.32147547424892,0.965011009162918,6.6615047454834
Random Forest,Enhanced,2,"{'max_depth': None, 'min_samples_leaf': 1, 'min_samples_split': 2, 'n_estimators': 1500}",2.30916631847327,0.965381069612294,9.96413969993591
Random Forest,Enhanced,2,"{'max_depth': None, 'min_samples_leaf': 1, 'min_samples_split': 5, 'n_estimators': 500}",2.2980095274241,0.965714785824116,3.04050254821777
Random Forest,Enhanced,2,"{'max_depth': None, 'min_samples_leaf': 1, 'min_samples_split': 5, 'n_estimators': 1000}",2.2718176598736,0.966491872495417,6.07491683959961
Random Forest,Enhanced,2,"{'max_depth': None, 'min_samples_leaf': 1, 'min_samples_split': 5, 'n_estimators': 1500}",2.26753173519586,0.966618183550578,9.1176974773407
Random Forest,Enhanced,2,"{'max_depth': None, 'min_samples_leaf': 1, 'min_samples_split': 10, 'n_estimators': 500}",2.24494006750309,0.967280043359126,2.82540607452393
Random Forest,Enhanced,2,"{'max_depth': None, 'min_samples_leaf': 1, 'min_samples_split': 10, 'n_estimators': 1000}",2.23913510037915,0.967449039141334,5.68145656585693
Random Forest,Enhanced,2,"{'max_depth': None, 'min_samples_leaf': 1, 'min_samples_split': 10, 'n_estimators': 1500}",2.2332500265313,0.967619920358343,8.56673097610474
Random Forest,Enhanced,2,"{'max_depth': None, 'min_samples_leaf': 2, 'min_samples_split': 2, 'n_estimators': 500}",2.25185941921488,0.967078033695212,2.96206116676331
Random Forest,Enhanced,2,"{'max_depth': None, 'min_samples_leaf': 2, 'min_samples_split': 2, 'n_estimators': 1000}",2.24375453327548,0.96731459250953,5.86311554908752
Random Forest,Enhanced,2,"{'max_depth': None, 'min_samples_leaf': 2, 'min_samples_split': 2, 'n_estimators': 1500}",2.24366850868641,0.96731709875057,8.77418494224548
Random Forest,Enhanced,2,"{'max_depth': None, 'min_samples_leaf': 2, 'min_samples_split': 5, 'n_estimators': 500}",2.27676426425667,0.966345793956595,2.89983367919922
Random Forest,Enhanced,2,"{'max_depth': None, 'min_samples_leaf': 2, 'min_samples_split': 5, 'n_estimators': 1000}",2.24958288702081,0.967144565407627,5.80404496192932
Random Forest,Enhanced,2,"{'max_depth': None, 'min_samples_leaf': 2, 'min_samples_split': 5, 'n_estimators': 1500}",2.25043097429785,0.967119787900114,8.64160060882568
Random Forest,Enhanced,2,"{'max_depth': None, 'min_samples_leaf': 2, 'min_samples_split': 10, 'n_estimators': 500}",2.29468414142737,0.965813940399639,2.69510316848755
Random Forest,Enhanced,2,"{'max_depth': None, 'min_samples_leaf': 2, 'min_samples_split': 10, 'n_estimators': 1000}",2.27673498677563,0.966346659486734,5.41663289070129
Random Forest,Enhanced,2,"{'max_depth': None, 'min_samples_leaf': 2, 'min_samples_split': 10, 'n_estimators': 1500}",2.27345764381577,0.96644347721553,8.15873336791992
Random Forest,Enhanced,2,"{'max_depth': None, 'min_samples_leaf': 4, 'min_samples_split': 2, 'n_estimators': 500}",2.24357127254125,0.96731993151348,2.59606289863586
Random Forest,Enhanced,2,"{'max_depth': None, 'min_samples_leaf': 4, 'min_samples_split': 2, 'n_estimators': 1000}",2.22321243145521,0.967910338098172,5.18465399742127
Random Forest,Enhanced,2,"{'max_depth': None, 'min_samples_leaf': 4, 'min_samples_split': 2, 'n_estimators': 1500}",2.20753257309301,0.968361385420358,7.81487607955933
Random Forest,Enhanced,2,"{'max_depth': None, 'min_samples_leaf': 4, 'min_samples_split': 5, 'n_estimators': 500}",2.24357127254125,0.96731993151348,2.59520506858826
Random Forest,Enhanced,2,"{'max_depth': None, 'min_samples_leaf': 4, 'min_samples_split': 5, 'n_estimators': 1000}",2.22321243145521,0.967910338098172,5.185702085495
Random Forest,Enhanced,2,"{'max_depth': None, 'min_samples_leaf': 4, 'min_samples_split': 5, 'n_estimators': 1500}",2.20753257309301,0.968361385420358,7.80947065353394
Random Forest,Enhanced,2,"{'max_depth': None, 'min_samples_leaf': 4, 'min_samples_split': 10, 'n_estimators': 500}",2.26382336206793,0.966727281035604,2.55988812446594
Random Forest,Enhanced,2,"{'max_depth': None, 'min_samples_leaf': 4, 'min_samples_split': 10, 'n_estimators': 1000}",2.24097573808631,0.967395501369772,5.12111878395081
Random Forest,Enhanced,2,"{'max_depth': None, 'min_samples_leaf': 4, 'min_samples_split': 10, 'n_estimators': 1500}",2.22818394599624,0.967766660784635,7.67772555351257
Random Forest,Enhanced,2,"{'max_depth': 10, 'min_samples_leaf': 1, 'min_samples_split': 2, 'n_estimators': 500}",2.32637720886697,0.964863096496562,2.26713585853577
Random Forest,Enhanced,2,"{'max_depth': 10, 'min_samples_leaf': 1, 'min_samples_split': 2, 'n_estimators': 1000}",2.31127623759188,0.965317777061384,4.49486899375916
Random Forest,Enhanced,2,"{'max_depth': 10, 'min_samples_leaf': 1, 'min_samples_split': 2, 'n_estimators': 1500}",2.28789769539895,0.966015849477798,6.73220992088318
Random Forest,Enhanced,2,"{'max_depth': 10, 'min_samples_leaf': 1, 'min_samples_split': 5, 'n_estimators': 500}",2.31750444847742,0.965130608401696,2.21804690361023
Random Forest,Enhanced,2,"{'max_depth': 10, 'min_samples_leaf': 1, 'min_samples_split': 5, 'n_estimators': 1000}",2.28938934119736,0.965971521586361,4.47958946228027
Random Forest,Enhanced,2,"{'max_depth': 10, 'min_samples_leaf': 1, 'min_samples_split': 5, 'n_estimators': 1500}",2.27344487128639,0.966443854262774,6.69035506248474
Random Forest,Enhanced,2,"{'max_depth': 10, 'min_samples_leaf': 1, 'min_samples_split': 10, 'n_estimators': 500}",2.24228204816178,0.967357478647714,2.21088004112244
Random Forest,Enhanced,2,"{'max_depth': 10, 'min_samples_leaf': 1, 'min_samples_split': 10, 'n_estimators': 1000}",2.23392234216274,0.967600421502161,4.40876460075378
Random Forest,Enhanced,2,"{'max_depth': 10, 'min_samples_leaf': 1, 'min_samples_split': 10, 'n_estimators': 1500}",2.23309289621772,0.967624476689266,6.62183928489685
Random Forest,Enhanced,2,"{'max_depth': 10, 'min_samples_leaf': 2, 'min_samples_split': 2, 'n_estimators': 500}",2.27966994626262,0.966259837915495,2.22085356712341
Random Forest,Enhanced,2,"{'max_depth': 10, 'min_samples_leaf': 2, 'min_samples_split': 2, 'n_estimators': 1000}",2.25669600014333,0.966936461134201,4.45474410057068
Random Forest,Enhanced,2,"{'max_depth': 10, 'min_samples_leaf': 2, 'min_samples_split': 2, 'n_estimators': 1500}",2.25496117496347,0.966987276496429,6.67071318626404
Random Forest,Enhanced,2,"{'max_depth': 10, 'min_samples_leaf': 2, 'min_samples_split': 5, 'n_estimators': 500}",2.28296120873315,0.966162343195515,2.2232072353363
Random Forest,Enhanced,2,"{'max_depth': 10, 'min_samples_leaf': 2, 'min_samples_split': 5, 'n_estimators': 1000}",2.27183722722366,0.966491295276483,4.44432926177979
Random Forest,Enhanced,2,"{'max_depth': 10, 'min_samples_leaf': 2, 'min_samples_split': 5, 'n_estimators': 1500}",2.27210826512491,0.966483299394861,6.64328289031982
Random Forest,Enhanced,2,"{'max_depth': 10, 'min_samples_leaf': 2, 'min_samples_split': 10, 'n_estimators': 500}",2.29544355393731,0.965791309296097,2.19274735450745
Random Forest,Enhanced,2,"{'max_depth': 10, 'min_samples_leaf': 2, 'min_samples_split': 10, 'n_estimators': 1000}",2.28034120905654,0.966239964994854,4.37888598442078
Random Forest,Enhanced,2,"{'max_depth': 10, 'min_samples_leaf': 2, 'min_samples_split': 10, 'n_estimators': 1500}",2.27297400733576,0.966457752768344,6.55340218544006
Random Forest,Enhanced,2,"{'max_depth': 10, 'min_samples_leaf': 4, 'min_samples_split': 2, 'n_estimators': 500}",2.23720614697494,0.967505098502044,2.18686771392822
Random Forest,Enhanced,2,"{'max_depth': 10, 'min_samples_leaf': 4, 'min_samples_split': 2, 'n_estimators': 1000}",2.2197426729282,0.968010424342618,4.32324576377869
Random Forest,Enhanced,2,"{'max_depth': 10, 'min_samples_leaf': 4, 'min_samples_split': 2, 'n_estimators': 1500}",2.20439369197818,0.968451295075045,6.47566485404968
Random Forest,Enhanced,2,"{'max_depth': 10, 'min_samples_leaf': 4, 'min_samples_split': 5, 'n_estimators': 500}",2.23720614697494,0.967505098502044,2.16786003112793
Random Forest,Enhanced,2,"{'max_depth': 10, 'min_samples_leaf': 4, 'min_samples_split': 5, 'n_estimators': 1000}",2.2197426729282,0.968010424342618,4.32621502876282
Random Forest,Enhanced,2,"{'max_depth': 10, 'min_samples_leaf': 4, 'min_samples_split': 5, 'n_estimators': 1500}",2.20439369197818,0.968451295075045,6.51049733161926
Random Forest,Enhanced,2,"{'max_depth': 10, 'min_samples_leaf': 4, 'min_samples_split': 10, 'n_estimators': 500}",2.26959755063185,0.966557331405801,2.15456199645996
Random Forest,Enhanced,2,"{'max_depth': 10, 'min_samples_leaf': 4, 'min_samples_split': 10, 'n_estimators': 1000}",2.2469861439327,0.967220373133103,4.31518864631653
Random Forest,Enhanced,2,"{'max_depth': 10, 'min_samples_leaf': 4, 'min_samples_split': 10, 'n_estimators': 1500}",2.2326153145085,0.967638323228652,6.46598339080811
Random Forest,Enhanced,2,"{'max_depth': 20, 'min_samples_leaf': 1, 'min_samples_split': 2, 'n_estimators': 500}",2.28401822090254,0.966131002238064,3.20082497596741
Random Forest,Enhanced,2,"{'max_depth': 20, 'min_samples_leaf': 1, 'min_samples_split': 2, 'n_estimators': 1000}",2.28683199478405,0.966047501675599,6.37452006340027
Random Forest,Enhanced,2,"{'max_depth': 20, 'min_samples_leaf': 1, 'min_samples_split': 2, 'n_estimators': 1500}",2.28463472772371,0.966112715793582,9.63027930259705
Random Forest,Enhanced,2,"{'max_depth': 20, 'min_samples_leaf': 1, 'min_samples_split': 5, 'n_estimators': 500}",2.330551157693,0.964736899245525,3.04024934768677
Random Forest,Enhanced,2,"{'max_depth': 20, 'min_samples_leaf': 1, 'min_samples_split': 5, 'n_estimators': 1000}",2.29321003497843,0.965857848581579,6.02092432975769
Random Forest,Enhanced,2,"{'max_depth': 20, 'min_samples_leaf': 1, 'min_samples_split': 5, 'n_estimators': 1500}",2.27847113661265,0.966295314451706,8.99815273284912
Random Forest,Enhanced,2,"{'max_depth': 20, 'min_samples_leaf': 1, 'min_samples_split': 10, 'n_estimators': 500}",2.24364673346695,0.967317733134741,2.81748509407043
Random Forest,Enhanced,2,"{'max_depth': 20, 'min_samples_leaf': 1, 'min_samples_split': 10, 'n_estimators': 1000}",2.23062783012873,0.967695914608979,5.61520552635193
Random Forest,Enhanced,2,"{'max_depth': 20, 'min_samples_leaf': 1, 'min_samples_split': 10, 'n_estimators': 1500}",2.22978040896502,0.967720454754419,8.44575166702271
Random Forest,Enhanced,2,"{'max_depth': 20, 'min_samples_leaf': 2, 'min_samples_split': 2, 'n_estimators': 500}",2.27444479535713,0.966414329925352,2.88777852058411
Random Forest,Enhanced,2,"{'max_depth': 20, 'min_samples_leaf': 2, 'min_samples_split': 2, 'n_estimators': 1000}",2.25341608600208,0.967032501327928,5.79561829566956
Random Forest,Enhanced,2,"{'max_depth': 20, 'min_samples_leaf': 2, 'min_samples_split': 2, 'n_estimators': 1500}",2.25088926863081,0.967106394599537,8.68234944343567
Random Forest,Enhanced,2,"{'max_depth': 20, 'min_samples_leaf': 2, 'min_samples_split': 5, 'n_estimators': 500}",2.28718560892575,0.966037000675233,2.86129522323608
Random Forest,Enhanced,2,"{'max_depth': 20, 'min_samples_leaf': 2, 'min_samples_split': 5, 'n_estimators': 1000}",2.26547921151488,0.966678589283939,5.7382538318634
Random Forest,Enhanced,2,"{'max_depth': 20, 'min_samples_leaf': 2, 'min_samples_split': 5, 'n_estimators': 1500}",2.26299972286081,0.966751487633206,8.65669798851013
Random Forest,Enhanced,2,"{'max_depth': 20, 'min_samples_leaf': 2, 'min_samples_split': 10, 'n_estimators': 500}",2.2884975147037,0.96599802785783,2.70130562782288
Random Forest,Enhanced,2,"{'max_depth': 20, 'min_samples_leaf': 2, 'min_samples_split': 10, 'n_estimators': 1000}",2.2737976740912,0.966433438685009,5.37444472312927
Random Forest,Enhanced,2,"{'max_depth': 20, 'min_samples_leaf': 2, 'min_samples_split': 10, 'n_estimators': 1500}",2.26735793729684,0.966623300539359,8.23829650878906
Random Forest,Enhanced,2,"{'max_depth': 20, 'min_samples_leaf': 4, 'min_samples_split': 2, 'n_estimators': 500}",2.23227373385812,0.967648224869037,2.666344165802
Random Forest,Enhanced,2,"{'max_depth': 20, 'min_samples_leaf': 4, 'min_samples_split': 2, 'n_estimators': 1000}",2.21736912883995,0.968078799901919,5.28899192810059
Random Forest,Enhanced,2,"{'max_depth': 20, 'min_samples_leaf': 4, 'min_samples_split': 2, 'n_estimators': 1500}",2.20368019773624,0.968471714455231,7.92844176292419
Random Forest,Enhanced,2,"{'max_depth': 20, 'min_samples_leaf': 4, 'min_samples_split': 5, 'n_estimators': 500}",2.23227373385812,0.967648224869037,2.63842511177063
Random Forest,Enhanced,2,"{'max_depth': 20, 'min_samples_leaf': 4, 'min_samples_split': 5, 'n_estimators': 1000}",2.21736912883995,0.968078799901919,5.22474479675293
Random Forest,Enhanced,2,"{'max_depth': 20, 'min_samples_leaf': 4, 'min_samples_split': 5, 'n_estimators': 1500}",2.20368019773624,0.968471714455231,7.72967147827148
Random Forest,Enhanced,2,"{'max_depth': 20, 'min_samples_leaf': 4, 'min_samples_split': 10, 'n_estimators': 500}",2.27186102834009,0.96649059315861,2.57861542701721
Random Forest,Enhanced,2,"{'max_depth': 20, 'min_samples_leaf': 4, 'min_samples_split': 10, 'n_estimators': 1000}",2.24568988047591,0.967258182690787,5.07794809341431
Random Forest,Enhanced,2,"{'max_depth': 20, 'min_samples_leaf': 4, 'min_samples_split': 10, 'n_estimators': 1500}",2.23262588577635,0.96763801676765,7.6052234172821
Random Forest,Enhanced,2,"{'max_depth': 30, 'min_samples_leaf': 1, 'min_samples_split': 2, 'n_estimators': 500}",2.33644789131447,0.964558228915832,3.32003712654114
Random Forest,Enhanced,2,"{'max_depth': 30, 'min_samples_leaf': 1, 'min_samples_split': 2, 'n_estimators': 1000}",2.3091527608295,0.965381476122423,6.61349868774414
Random Forest,Enhanced,2,"{'max_depth': 30, 'min_samples_leaf': 1, 'min_samples_split': 2, 'n_estimators': 1500}",2.3002575842444,0.965647673126372,9.90012288093567
Random Forest,Enhanced,2,"{'max_depth': 30, 'min_samples_leaf': 1, 'min_samples_split': 5, 'n_estimators': 500}",2.30481387042414,0.965511450081162,3.04768347740173
Random Forest,Enhanced,2,"{'max_depth': 30, 'min_samples_leaf': 1, 'min_samples_split': 5, 'n_estimators': 1000}",2.27821988992281,0.966302747263689,6.08500790596008
Random Forest,Enhanced,2,"{'max_depth': 30, 'min_samples_leaf': 1, 'min_samples_split': 5, 'n_estimators': 1500}",2.27252712235735,0.966470940823158,9.1307098865509
Random Forest,Enhanced,2,"{'max_depth': 30, 'min_samples_leaf': 1, 'min_samples_split': 10, 'n_estimators': 500}",2.2441047611577,0.96730438797576,2.82450723648071
Random Forest,Enhanced,2,"{'max_depth': 30, 'min_samples_leaf': 1, 'min_samples_split': 10, 'n_estimators': 1000}",2.23879367706951,0.967458965125238,5.64472103118897
Random Forest,Enhanced,2,"{'max_depth': 30, 'min_samples_leaf': 1, 'min_samples_split': 10, 'n_estimators': 1500}",2.23304854228458,0.9676257627688,8.49588513374329
Random Forest,Enhanced,2,"{'max_depth': 30, 'min_samples_leaf': 2, 'min_samples_split': 2, 'n_estimators': 500}",2.25223317891528,0.967067104127113,2.91992950439453
Random Forest,Enhanced,2,"{'max_depth': 30, 'min_samples_leaf': 2, 'min_samples_split': 2, 'n_estimators': 1000}",2.24399824963504,0.967307491553487,5.82696270942688
Random Forest,Enhanced,2,"{'max_depth': 30, 'min_samples_leaf': 2, 'min_samples_split': 2, 'n_estimators': 1500}",2.24372996140701,0.967315308396338,8.74328756332398
Random Forest,Enhanced,2,"{'max_depth': 30, 'min_samples_leaf': 2, 'min_samples_split': 5, 'n_estimators': 500}",2.27677175307105,0.966345572562997,2.86732220649719
Random Forest,Enhanced,2,"{'max_depth': 30, 'min_samples_leaf': 2, 'min_samples_split': 5, 'n_estimators': 1000}",2.24954886812334,0.967145559100472,5.73035836219788
Random Forest,Enhanced,2,"{'max_depth': 30, 'min_samples_leaf': 2, 'min_samples_split': 5, 'n_estimators': 1500}",2.25041168696106,0.967120351497945,8.59058022499085
Random Forest,Enhanced,2,"{'max_depth': 30, 'min_samples_leaf': 2, 'min_samples_split': 10, 'n_estimators': 500}",2.2944069169827,0.96582220004526,2.69726085662842
Random Forest,Enhanced,2,"{'max_depth': 30, 'min_samples_leaf': 2, 'min_samples_split': 10, 'n_estimators': 1000}",2.2764601788091,0.966354783091796,5.39841341972351
Random Forest,Enhanced,2,"{'max_depth': 30, 'min_samples_leaf': 2, 'min_samples_split': 10, 'n_estimators': 1500}",2.2732702693555,0.966449008329122,8.08612513542175
Random Forest,Enhanced,2,"{'max_depth': 30, 'min_samples_leaf': 4, 'min_samples_split': 2, 'n_estimators': 500}",2.24357127254125,0.96731993151348,2.58585500717163
Random Forest,Enhanced,2,"{'max_depth': 30, 'min_samples_leaf': 4, 'min_samples_split': 2, 'n_estimators': 1000}",2.22321243145521,0.967910338098172,5.15530943870544
Random Forest,Enhanced,2,"{'max_depth': 30, 'min_samples_leaf': 4, 'min_samples_split': 2, 'n_estimators': 1500}",2.20753257309301,0.968361385420358,7.74128890037537
Random Forest,Enhanced,2,"{'max_depth': 30, 'min_samples_leaf': 4, 'min_samples_split': 5, 'n_estimators': 500}",2.24357127254125,0.96731993151348,2.72408294677734
Random Forest,Enhanced,2,"{'max_depth': 30, 'min_samples_leaf': 4, 'min_samples_split': 5, 'n_estimators': 1000}",2.22321243145521,0.967910338098172,5.29161143302918
Random Forest,Enhanced,2,"{'max_depth': 30, 'min_samples_leaf': 4, 'min_samples_split': 5, 'n_estimators': 1500}",2.20753257309301,0.968361385420358,7.80787348747253
Random Forest,Enhanced,2,"{'max_depth': 30, 'min_samples_leaf': 4, 'min_samples_split': 10, 'n_estimators': 500}",2.26382336206793,0.966727281035604,2.55755352973938
Random Forest,Enhanced,2,"{'max_depth': 30, 'min_samples_leaf': 4, 'min_samples_split': 10, 'n_estimators': 1000}",2.24097573808631,0.967395501369772,5.11298632621765
Random Forest,Enhanced,2,"{'max_depth': 30, 'min_samples_leaf': 4, 'min_samples_split': 10, 'n_estimators': 1500}",2.22818394599624,0.967766660784635,7.66101741790772
Random Forest,Enhanced,3,"{'max_depth': None, 'min_samples_leaf': 1, 'min_samples_split': 2, 'n_estimators': 500}",2.15454653616996,0.972914939699588,3.3051905632019
Random Forest,Enhanced,3,"{'max_depth': None, 'min_samples_leaf': 1, 'min_samples_split': 2, 'n_estimators': 1000}",2.15379300070019,0.972933881954262,6.54570531845093
Random Forest,Enhanced,3,"{'max_depth': None, 'min_samples_leaf': 1, 'min_samples_split': 2, 'n_estimators': 1500}",2.14220952912749,0.973224231609499,9.81752920150757
Random Forest,Enhanced,3,"{'max_depth': None, 'min_samples_leaf': 1, 'min_samples_split': 5, 'n_estimators': 500}",2.17076402411844,0.972505661202063,3.05094337463379
Random Forest,Enhanced,3,"{'max_depth': None, 'min_samples_leaf': 1, 'min_samples_split': 5, 'n_estimators': 1000}",2.17934701563598,0.972287811447414,6.10517358779907
Random Forest,Enhanced,3,"{'max_depth': None, 'min_samples_leaf': 1, 'min_samples_split': 5, 'n_estimators': 1500}",2.17257728434777,0.972459709442731,9.13169813156128
Random Forest,Enhanced,3,"{'max_depth': None, 'min_samples_leaf': 1, 'min_samples_split': 10, 'n_estimators': 500}",2.16825834951931,0.972569097029494,2.83253717422485
Random Forest,Enhanced,3,"{'max_depth': None, 'min_samples_leaf': 1, 'min_samples_split': 10, 'n_estimators': 1000}",2.16100024052798,0.972752436115476,5.6578311920166
Random Forest,Enhanced,3,"{'max_depth': None, 'min_samples_leaf': 1, 'min_samples_split': 10, 'n_estimators': 1500}",2.15999821830186,0.972777698800966,8.48592782020569
Random Forest,Enhanced,3,"{'max_depth': None, 'min_samples_leaf': 2, 'min_samples_split': 2, 'n_estimators': 500}",2.14447170222335,0.973167651332212,2.92705392837524
Random Forest,Enhanced,3,"{'max_depth': None, 'min_samples_leaf': 2, 'min_samples_split': 2, 'n_estimators': 1000}",2.15095441801737,0.973005178300238,5.85159492492676
Random Forest,Enhanced,3,"{'max_depth': None, 'min_samples_leaf': 2, 'min_samples_split': 2, 'n_estimators': 1500}",2.14577783278693,0.973134955891624,8.76087641716003
Random Forest,Enhanced,3,"{'max_depth': None, 'min_samples_leaf': 2, 'min_samples_split': 5, 'n_estimators': 500}",2.14438850162984,0.973169733359244,2.87492918968201
Random Forest,Enhanced,3,"{'max_depth': None, 'min_samples_leaf': 2, 'min_samples_split': 5, 'n_estimators': 1000}",2.15126921827591,0.972997276134916,5.76281189918518
Random Forest,Enhanced,3,"{'max_depth': None, 'min_samples_leaf': 2, 'min_samples_split': 5, 'n_estimators': 1500}",2.14962026639263,0.973038655546928,8.64620733261108
Random Forest,Enhanced,3,"{'max_depth': None, 'min_samples_leaf': 2, 'min_samples_split': 10, 'n_estimators': 500}",2.13616663592099,0.973375080435436,2.7243914604187
Random Forest,Enhanced,3,"{'max_depth': None, 'min_samples_leaf': 2, 'min_samples_split': 10, 'n_estimators': 1000}",2.13122204628966,0.97349819530348,5.45110583305359
Random Forest,Enhanced,3,"{'max_depth': None, 'min_samples_leaf': 2, 'min_samples_split': 10, 'n_estimators': 1500}",2.13251434860173,0.973466045929769,8.08878540992737
Random Forest,Enhanced,3,"{'max_depth': None, 'min_samples_leaf': 4, 'min_samples_split': 2, 'n_estimators': 500}",2.05898130027124,0.975264376963075,2.60150718688965
Random Forest,Enhanced,3,"{'max_depth': None, 'min_samples_leaf': 4, 'min_samples_split': 2, 'n_estimators': 1000}",2.03768937588735,0.975773313953651,5.21230578422546
Random Forest,Enhanced,3,"{'max_depth': None, 'min_samples_leaf': 4, 'min_samples_split': 2, 'n_estimators': 1500}",2.0322204237127,0.975903183390934,7.79917788505554
Random Forest,Enhanced,3,"{'max_depth': None, 'min_samples_leaf': 4, 'min_samples_split': 5, 'n_estimators': 500}",2.05898130027124,0.975264376963075,2.60635662078857
Random Forest,Enhanced,3,"{'max_depth': None, 'min_samples_leaf': 4, 'min_samples_split': 5, 'n_estimators': 1000}",2.03768937588735,0.975773313953651,5.20225191116333
Random Forest,Enhanced,3,"{'max_depth': None, 'min_samples_leaf': 4, 'min_samples_split': 5, 'n_estimators': 1500}",2.0322204237127,0.975903183390934,7.80695962905884
Random Forest,Enhanced,3,"{'max_depth': None, 'min_samples_leaf': 4, 'min_samples_split': 10, 'n_estimators': 500}",2.05125281217186,0.975449721227406,2.58717679977417
Random Forest,Enhanced,3,"{'max_depth': None, 'min_samples_leaf': 4, 'min_samples_split': 10, 'n_estimators': 1000}",2.03320062705452,0.975879932491406,5.14779806137085
Random Forest,Enhanced,3,"{'max_depth': None, 'min_samples_leaf': 4, 'min_samples_split': 10, 'n_estimators': 1500}",2.02789349141523,0.976005686341733,7.708256483078
Random Forest,Enhanced,3,"{'max_depth': 10, 'min_samples_leaf': 1, 'min_samples_split': 2, 'n_estimators': 500}",2.15368255398294,0.972936657789487,2.28301548957825
Random Forest,Enhanced,3,"{'max_depth': 10, 'min_samples_leaf': 1, 'min_samples_split': 2, 'n_estimators': 1000}",2.15798952494679,0.972828306092777,4.54430961608887
Random Forest,Enhanced,3,"{'max_depth': 10, 'min_samples_leaf': 1, 'min_samples_split': 2, 'n_estimators': 1500}",2.15359924174205,0.972938751565165,6.8290901184082
Random Forest,Enhanced,3,"{'max_depth': 10, 'min_samples_leaf': 1, 'min_samples_split': 5, 'n_estimators': 500}",2.17695742867027,0.972348549255216,2.24911069869995
Random Forest,Enhanced,3,"{'max_depth': 10, 'min_samples_leaf': 1, 'min_samples_split': 5, 'n_estimators': 1000}",2.1773344314808,0.972338971137449,4.49606370925903
Random Forest,Enhanced,3,"{'max_depth': 10, 'min_samples_leaf': 1, 'min_samples_split': 5, 'n_estimators': 1500}",2.17590325117573,0.972375322842008,6.73057818412781
Random Forest,Enhanced,3,"{'max_depth': 10, 'min_samples_leaf': 1, 'min_samples_split': 10, 'n_estimators': 500}",2.15807315418967,0.972826200065669,2.2198691368103
Random Forest,Enhanced,3,"{'max_depth': 10, 'min_samples_leaf': 1, 'min_samples_split': 10, 'n_estimators': 1000}",2.15893985284202,0.972804369271873,4.43782663345337
Random Forest,Enhanced,3,"{'max_depth': 10, 'min_samples_leaf': 1, 'min_samples_split': 10, 'n_estimators': 1500}",2.15944414713711,0.972791662847313,6.65773987770081
Random Forest,Enhanced,3,"{'max_depth': 10, 'min_samples_leaf': 2, 'min_samples_split': 2, 'n_estimators': 500}",2.1607236339112,0.972759411009754,2.23822951316834
Random Forest,Enhanced,3,"{'max_depth': 10, 'min_samples_leaf': 2, 'min_samples_split': 2, 'n_estimators': 1000}",2.1623101958675,0.972719392241301,4.48215961456299
Random Forest,Enhanced,3,"{'max_depth': 10, 'min_samples_leaf': 2, 'min_samples_split': 2, 'n_estimators': 1500}",2.15455213629151,0.972914798899819,6.69816589355469
Random Forest,Enhanced,3,"{'max_depth': 10, 'min_samples_leaf': 2, 'min_samples_split': 5, 'n_estimators': 500}",2.14860728087418,0.973064060049111,2.24184393882751
Random Forest,Enhanced,3,"{'max_depth': 10, 'min_samples_leaf': 2, 'min_samples_split': 5, 'n_estimators': 1000}",2.15690819165034,0.972855529854218,4.45589137077332
Random Forest,Enhanced,3,"{'max_depth': 10, 'min_samples_leaf': 2, 'min_samples_split': 5, 'n_estimators': 1500}",2.15169012299091,0.972986708712153,6.67771744728088
Random Forest,Enhanced,3,"{'max_depth': 10, 'min_samples_leaf': 2, 'min_samples_split': 10, 'n_estimators': 500}",2.12794800880601,0.973579558251637,2.20480465888977
Random Forest,Enhanced,3,"{'max_depth': 10, 'min_samples_leaf': 2, 'min_samples_split': 10, 'n_estimators': 1000}",2.12608850777799,0.973625712925383,4.47681903839111
Random Forest,Enhanced,3,"{'max_depth': 10, 'min_samples_leaf': 2, 'min_samples_split': 10, 'n_estimators': 1500}",2.12935952627228,0.97354449603821,6.91770577430725
Random Forest,Enhanced,3,"{'max_depth': 10, 'min_samples_leaf': 4, 'min_samples_split': 2, 'n_estimators': 500}",2.0594058208574,0.975254175934329,2.27405142784119
Random Forest,Enhanced,3,"{'max_depth': 10, 'min_samples_leaf': 4, 'min_samples_split': 2, 'n_estimators': 1000}",2.03788512881864,0.975768659002156,4.52688074111939
Random Forest,Enhanced,3,"{'max_depth': 10, 'min_samples_leaf': 4, 'min_samples_split': 2, 'n_estimators': 1500}",2.03162968413484,0.975917190606048,6.83421277999878
Random Forest,Enhanced,3,"{'max_depth': 10, 'min_samples_leaf': 4, 'min_samples_split': 5, 'n_estimators': 500}",2.0594058208574,0.975254175934329,2.40713596343994
Random Forest,Enhanced,3,"{'max_depth': 10, 'min_samples_leaf': 4, 'min_samples_split': 5, 'n_estimators': 1000}",2.03788512881864,0.975768659002156,4.65842580795288
Random Forest,Enhanced,3,"{'max_depth': 10, 'min_samples_leaf': 4, 'min_samples_split': 5, 'n_estimators': 1500}",2.03162968413484,0.975917190606048,7.11856412887573
Random Forest,Enhanced,3,"{'max_depth': 10, 'min_samples_leaf': 4, 'min_samples_split': 10, 'n_estimators': 500}",2.05337813356978,0.975398821345013,2.37889742851257
Random Forest,Enhanced,3,"{'max_depth': 10, 'min_samples_leaf': 4, 'min_samples_split': 10, 'n_estimators': 1000}",2.03444849567097,0.975850316219071,4.73157668113709
Random Forest,Enhanced,3,"{'max_depth': 10, 'min_samples_leaf': 4, 'min_samples_split': 10, 'n_estimators': 1500}",2.02923084618626,0.975974028376482,6.98216867446899
Random Forest,Enhanced,3,"{'max_depth': 20, 'min_samples_leaf': 1, 'min_samples_split': 2, 'n_estimators': 500}",2.158452321767,0.972816650501504,3.42685008049011
Random Forest,Enhanced,3,"{'max_depth': 20, 'min_samples_leaf': 1, 'min_samples_split': 2, 'n_estimators': 1000}",2.1564050826267,0.972868191529099,7.01616907119751
Random Forest,Enhanced,3,"{'max_depth': 20, 'min_samples_leaf': 1, 'min_samples_split': 2, 'n_estimators': 1500}",2.1540655404512,0.972927031658262,10.3679687976837
Random Forest,Enhanced,3,"{'max_depth': 20, 'min_samples_leaf': 1, 'min_samples_split': 5, 'n_estimators': 500}",2.1716647631887,0.972482839409418,3.15259885787964
Random Forest,Enhanced,3,"{'max_depth': 20, 'min_samples_leaf': 1, 'min_samples_split': 5, 'n_estimators': 1000}",2.17995500977497,0.97227234700018,6.29143285751343
Random Forest,Enhanced,3,"{'max_depth': 20, 'min_samples_leaf': 1, 'min_samples_split': 5, 'n_estimators': 1500}",2.17866718781011,0.972305097889957,9.42130041122437
Random Forest,Enhanced,3,"{'max_depth': 20, 'min_samples_leaf': 1, 'min_samples_split': 10, 'n_estimators': 500}",2.16242275534934,0.97271655197259,2.92790412902832
Random Forest,Enhanced,3,"{'max_depth': 20, 'min_samples_leaf': 1, 'min_samples_split': 10, 'n_estimators': 1000}",2.15707616386478,0.972851301863136,5.89092874526978
Random Forest,Enhanced,3,"{'max_depth': 20, 'min_samples_leaf': 1, 'min_samples_split': 10, 'n_estimators': 1500}",2.15673967978883,0.972859771097799,8.9941394329071
Random Forest,Enhanced,3,"{'max_depth': 20, 'min_samples_leaf': 2, 'min_samples_split': 2, 'n_estimators': 500}",2.15637450587784,0.972868960954676,3.02493643760681
Random Forest,Enhanced,3,"{'max_depth': 20, 'min_samples_leaf': 2, 'min_samples_split': 2, 'n_estimators': 1000}",2.16611940560738,0.972623190420131,6.06599807739258
Random Forest,Enhanced,3,"{'max_depth': 20, 'min_samples_leaf': 2, 'min_samples_split': 2, 'n_estimators': 1500}",2.15830560440448,0.972820345865774,9.17719411849976
Random Forest,Enhanced,3,"{'max_depth': 20, 'min_samples_leaf': 2, 'min_samples_split': 5, 'n_estimators': 500}",2.15252728699963,0.972965684351502,3.01254177093506
Random Forest,Enhanced,3,"{'max_depth': 20, 'min_samples_leaf': 2, 'min_samples_split': 5, 'n_estimators': 1000}",2.16172035380466,0.972734273598541,5.99182772636414
Random Forest,Enhanced,3,"{'max_depth': 20, 'min_samples_leaf': 2, 'min_samples_split': 5, 'n_estimators': 1500}",2.15562177361965,0.97288789907862,9.08683681488037
Random Forest,Enhanced,3,"{'max_depth': 20, 'min_samples_leaf': 2, 'min_samples_split': 10, 'n_estimators': 500}",2.12826010499331,0.973571807757938,2.84566378593445
Random Forest,Enhanced,3,"{'max_depth': 20, 'min_samples_leaf': 2, 'min_samples_split': 10, 'n_estimators': 1000}",2.12537502226039,0.973643411637664,5.6377067565918
Random Forest,Enhanced,3,"{'max_depth': 20, 'min_samples_leaf': 2, 'min_samples_split': 10, 'n_estimators': 1500}",2.12947620796729,0.973541596614621,8.39658355712891
Random Forest,Enhanced,3,"{'max_depth': 20, 'min_samples_leaf': 4, 'min_samples_split': 2, 'n_estimators': 500}",2.05828930409921,0.975281000795513,2.70707964897156
Random Forest,Enhanced,3,"{'max_depth': 20, 'min_samples_leaf': 4, 'min_samples_split': 2, 'n_estimators': 1000}",2.03734726291688,0.975781448233445,5.37642884254456
Random Forest,Enhanced,3,"{'max_depth': 20, 'min_samples_leaf': 4, 'min_samples_split': 2, 'n_estimators': 1500}",2.03220511587292,0.975903546411416,8.22275137901306
Random Forest,Enhanced,3,"{'max_depth': 20, 'min_samples_leaf': 4, 'min_samples_split': 5, 'n_estimators': 500}",2.05828930409921,0.975281000795513,2.68460035324097
Random Forest,Enhanced,3,"{'max_depth': 20, 'min_samples_leaf': 4, 'min_samples_split': 5, 'n_estimators': 1000}",2.03734726291688,0.975781448233445,5.39684557914734
Random Forest,Enhanced,3,"{'max_depth': 20, 'min_samples_leaf': 4, 'min_samples_split': 5, 'n_estimators': 1500}",2.03220511587292,0.975903546411416,8.06635642051697
Random Forest,Enhanced,3,"{'max_depth': 20, 'min_samples_leaf': 4, 'min_samples_split': 10, 'n_estimators': 500}",2.05166733342592,0.975439797886374,2.65796637535095
Random Forest,Enhanced,3,"{'max_depth': 20, 'min_samples_leaf': 4, 'min_samples_split': 10, 'n_estimators': 1000}",2.03373849833117,0.975867169159188,5.2894299030304
Random Forest,Enhanced,3,"{'max_depth': 20, 'min_samples_leaf': 4, 'min_samples_split': 10, 'n_estimators': 1500}",2.02799772259709,0.976003219723093,8.05884075164795
Random Forest,Enhanced,3,"{'max_depth': 30, 'min_samples_leaf': 1, 'min_samples_split': 2, 'n_estimators': 500}",2.15484992813871,0.972907311209606,3.41871452331543
Random Forest,Enhanced,3,"{'max_depth': 30, 'min_samples_leaf': 1, 'min_samples_split': 2, 'n_estimators': 1000}",2.15535840975491,0.972894523535266,6.84500026702881
Random Forest,Enhanced,3,"{'max_depth': 30, 'min_samples_leaf': 1, 'min_samples_split': 2, 'n_estimators': 1500}",2.14369086540148,0.973187187958796,10.2493798732758
Random Forest,Enhanced,3,"{'max_depth': 30, 'min_samples_leaf': 1, 'min_samples_split': 5, 'n_estimators': 500}",2.17002066643018,0.972524488332493,3.15374279022217
Random Forest,Enhanced,3,"{'max_depth': 30, 'min_samples_leaf': 1, 'min_samples_split': 5, 'n_estimators': 1000}",2.18014278849006,0.972267569940766,6.3828067779541
Random Forest,Enhanced,3,"{'max_depth': 30, 'min_samples_leaf': 1, 'min_samples_split': 5, 'n_estimators': 1500}",2.17390288551669,0.972426091693754,9.80236124992371
Random Forest,Enhanced,3,"{'max_depth': 30, 'min_samples_leaf': 1, 'min_samples_split': 10, 'n_estimators': 500}",2.16794038873053,0.972577141561677,3.01151990890503
Random Forest,Enhanced,3,"{'max_depth': 30, 'min_samples_leaf': 1, 'min_samples_split': 10, 'n_estimators': 1000}",2.16088723122541,0.972755285858498,5.85267686843872
Random Forest,Enhanced,3,"{'max_depth': 30, 'min_samples_leaf': 1, 'min_samples_split': 10, 'n_estimators': 1500}",2.15976866042894,0.972783484696009,8.7244930267334
Random Forest,Enhanced,3,"{'max_depth': 30, 'min_samples_leaf': 2, 'min_samples_split': 2, 'n_estimators': 500}",2.14430396671131,0.97317184869394,3.09243130683899
Random Forest,Enhanced,3,"{'max_depth': 30, 'min_samples_leaf': 2, 'min_samples_split': 2, 'n_estimators': 1000}",2.15063229225761,0.973013263154332,6.10916972160339
Random Forest,Enhanced,3,"{'max_depth': 30, 'min_samples_leaf': 2, 'min_samples_split': 2, 'n_estimators': 1500}",2.14536123062549,0.973145386560453,9.14890193939209
Random Forest,Enhanced,3,"{'max_depth': 30, 'min_samples_leaf': 2, 'min_samples_split': 5, 'n_estimators': 500}",2.1443875210995,0.973169757895735,2.96960163116455
Random Forest,Enhanced,3,"{'max_depth': 30, 'min_samples_leaf': 2, 'min_samples_split': 5, 'n_estimators': 1000}",2.15112348099398,0.973000934598719,5.9496808052063
Random Forest,Enhanced,3,"{'max_depth': 30, 'min_samples_leaf': 2, 'min_samples_split': 5, 'n_estimators': 1500}",2.14948335388162,0.97304208985379,8.92062520980835
Random Forest,Enhanced,3,"{'max_depth': 30, 'min_samples_leaf': 2, 'min_samples_split': 10, 'n_estimators': 500}",2.13616714511787,0.9733750677423,2.81094098091126
Random Forest,Enhanced,3,"{'max_depth': 30, 'min_samples_leaf': 2, 'min_samples_split': 10, 'n_estimators': 1000}",2.13122171636196,0.973498203508799,5.59994888305664
Random Forest,Enhanced,3,"{'max_depth': 30, 'min_samples_leaf': 2, 'min_samples_split': 10, 'n_estimators': 1500}",2.13251412162657,0.973466051578077,8.52285146713257
Random Forest,Enhanced,3,"{'max_depth': 30, 'min_samples_leaf': 4, 'min_samples_split': 2, 'n_estimators': 500}",2.05898130027124,0.975264376963075,2.68400621414185
Random Forest,Enhanced,3,"{'max_depth': 30, 'min_samples_leaf': 4, 'min_samples_split': 2, 'n_estimators': 1000}",2.03768937588735,0.975773313953651,5.38567042350769
Random Forest,Enhanced,3,"{'max_depth': 30, 'min_samples_leaf': 4, 'min_samples_split': 2, 'n_estimators': 1500}",2.0322204237127,0.975903183390934,8.07683491706848
Random Forest,Enhanced,3,"{'max_depth': 30, 'min_samples_leaf': 4, 'min_samples_split': 5, 'n_estimators': 500}",2.05898130027124,0.975264376963075,2.69662261009216
Random Forest,Enhanced,3,"{'max_depth': 30, 'min_samples_leaf': 4, 'min_samples_split': 5, 'n_estimators': 1000}",2.03768937588735,0.975773313953651,5.38504838943481
Random Forest,Enhanced,3,"{'max_depth': 30, 'min_samples_leaf': 4, 'min_samples_split': 5, 'n_estimators': 1500}",2.0322204237127,0.975903183390934,8.24937796592712
Random Forest,Enhanced,3,"{'max_depth': 30, 'min_samples_leaf': 4, 'min_samples_split': 10, 'n_estimators': 500}",2.05125281217186,0.975449721227406,2.65798091888428
Random Forest,Enhanced,3,"{'max_depth': 30, 'min_samples_leaf': 4, 'min_samples_split': 10, 'n_estimators': 1000}",2.03320062705452,0.975879932491406,5.30018639564514
Random Forest,Enhanced,3,"{'max_depth': 30, 'min_samples_leaf': 4, 'min_samples_split': 10, 'n_estimators': 1500}",2.02789349141523,0.976005686341733,7.95278930664063
Random Forest,Enhanced,4,"{'max_depth': None, 'min_samples_leaf': 1, 'min_samples_split': 2, 'n_estimators': 500}",1.66027338088972,0.981171063229662,3.39638566970825
Random Forest,Enhanced,4,"{'max_depth': None, 'min_samples_leaf': 1, 'min_samples_split': 2, 'n_estimators': 1000}",1.65831379486594,0.981215483802116,6.77702903747559
Random Forest,Enhanced,4,"{'max_depth': None, 'min_samples_leaf': 1, 'min_samples_split': 2, 'n_estimators': 1500}",1.65584319678183,0.981271413408715,10.4084033966064
Random Forest,Enhanced,4,"{'max_depth': None, 'min_samples_leaf': 1, 'min_samples_split': 5, 'n_estimators': 500}",1.60536215825867,0.982395948506776,3.17347121238709
Random Forest,Enhanced,4,"{'max_depth': None, 'min_samples_leaf': 1, 'min_samples_split': 5, 'n_estimators': 1000}",1.62152728321959,0.982039637088918,6.36889123916626
Random Forest,Enhanced,4,"{'max_depth': None, 'min_samples_leaf': 1, 'min_samples_split': 5, 'n_estimators': 1500}",1.60877880881668,0.982320936277814,9.51115298271179
Random Forest,Enhanced,4,"{'max_depth': None, 'min_samples_leaf': 1, 'min_samples_split': 10, 'n_estimators': 500}",1.53719516858519,0.983859216629374,2.96013879776001
Random Forest,Enhanced,4,"{'max_depth': None, 'min_samples_leaf': 1, 'min_samples_split': 10, 'n_estimators': 1000}",1.55412827401285,0.983501657684665,5.88273763656616
Random Forest,Enhanced,4,"{'max_depth': None, 'min_samples_leaf': 1, 'min_samples_split': 10, 'n_estimators': 1500}",1.55406388433096,0.983503024754584,8.81815052032471
Random Forest,Enhanced,4,"{'max_depth': None, 'min_samples_leaf': 2, 'min_samples_split': 2, 'n_estimators': 500}",1.64536493857419,0.981507694294389,3.04821634292603
Random Forest,Enhanced,4,"{'max_depth': None, 'min_samples_leaf': 2, 'min_samples_split': 2, 'n_estimators': 1000}",1.65220679893519,0.981353582795073,6.04396963119507
Random Forest,Enhanced,4,"{'max_depth': None, 'min_samples_leaf': 2, 'min_samples_split': 2, 'n_estimators': 1500}",1.65853085918578,0.981210565896829,9.14961552619934
Random Forest,Enhanced,4,"{'max_depth': None, 'min_samples_leaf': 2, 'min_samples_split': 5, 'n_estimators': 500}",1.6442423178139,0.98153292002232,3.11036109924316
Random Forest,Enhanced,4,"{'max_depth': None, 'min_samples_leaf': 2, 'min_samples_split': 5, 'n_estimators': 1000}",1.64835995694373,0.98144031082001,6.05568361282349
Random Forest,Enhanced,4,"{'max_depth': None, 'min_samples_leaf': 2, 'min_samples_split': 5, 'n_estimators': 1500}",1.64936310826427,0.981417714005627,9.48715257644653
Random Forest,Enhanced,4,"{'max_depth': None, 'min_samples_leaf': 2, 'min_samples_split': 10, 'n_estimators': 500}",1.57549700420371,0.983044845537626,2.97370862960815
Random Forest,Enhanced,4,"{'max_depth': None, 'min_samples_leaf': 2, 'min_samples_split': 10, 'n_estimators': 1000}",1.58760151309819,0.982783312547202,5.95506906509399
Random Forest,Enhanced,4,"{'max_depth': None, 'min_samples_leaf': 2, 'min_samples_split': 10, 'n_estimators': 1500}",1.59285670272977,0.98266914447351,8.58828735351563
Random Forest,Enhanced,4,"{'max_depth': None, 'min_samples_leaf': 4, 'min_samples_split': 2, 'n_estimators': 500}",1.56696992664626,0.983227881959136,2.84614992141724
Random Forest,Enhanced,4,"{'max_depth': None, 'min_samples_leaf': 4, 'min_samples_split': 2, 'n_estimators': 1000}",1.57241936537379,0.98311102259103,5.75539636611939
Random Forest,Enhanced,4,"{'max_depth': None, 'min_samples_leaf': 4, 'min_samples_split': 2, 'n_estimators': 1500}",1.57374502703642,0.983082533362066,9.01489496231079
Random Forest,Enhanced,4,"{'max_depth': None, 'min_samples_leaf': 4, 'min_samples_split': 5, 'n_estimators': 500}",1.56696992664626,0.983227881959136,2.79356265068054
Random Forest,Enhanced,4,"{'max_depth': None, 'min_samples_leaf': 4, 'min_samples_split': 5, 'n_estimators': 1000}",1.57241936537379,0.98311102259103,5.68654894828796
Random Forest,Enhanced,4,"{'max_depth': None, 'min_samples_leaf': 4, 'min_samples_split': 5, 'n_estimators': 1500}",1.57374502703642,0.983082533362066,8.59863662719727
Random Forest,Enhanced,4,"{'max_depth': None, 'min_samples_leaf': 4, 'min_samples_split': 10, 'n_estimators': 500}",1.54393830059368,0.983717298211617,2.84162282943726
Random Forest,Enhanced,4,"{'max_depth': None, 'min_samples_leaf': 4, 'min_samples_split': 10, 'n_estimators': 1000}",1.55140309898175,0.983559466877998,5.67779088020325
Random Forest,Enhanced,4,"{'max_depth': None, 'min_samples_leaf': 4, 'min_samples_split': 10, 'n_estimators': 1500}",1.55558718388179,0.983470668103848,8.49208450317383
Random Forest,Enhanced,4,"{'max_depth': 10, 'min_samples_leaf': 1, 'min_samples_split': 2, 'n_estimators': 500}",1.65743132111567,0.981235470889981,2.37276864051819
Random Forest,Enhanced,4,"{'max_depth': 10, 'min_samples_leaf': 1, 'min_samples_split': 2, 'n_estimators': 1000}",1.65549597073456,0.981279267257762,4.75769209861755
Random Forest,Enhanced,4,"{'max_depth': 10, 'min_samples_leaf': 1, 'min_samples_split': 2, 'n_estimators': 1500}",1.64387893306649,0.981541081731307,7.24103760719299
Random Forest,Enhanced,4,"{'max_depth': 10, 'min_samples_leaf': 1, 'min_samples_split': 5, 'n_estimators': 500}",1.57301408765584,0.983098244637665,2.41885781288147
Random Forest,Enhanced,4,"{'max_depth': 10, 'min_samples_leaf': 1, 'min_samples_split': 5, 'n_estimators': 1000}",1.59350270470477,0.982655084153874,4.66197228431702
Random Forest,Enhanced,4,"{'max_depth': 10, 'min_samples_leaf': 1, 'min_samples_split': 5, 'n_estimators': 1500}",1.58607337373849,0.982816440300576,7.3540186882019
Random Forest,Enhanced,4,"{'max_depth': 10, 'min_samples_leaf': 1, 'min_samples_split': 10, 'n_estimators': 500}",1.54006009246174,0.983798996290243,2.32859969139099
Random Forest,Enhanced,4,"{'max_depth': 10, 'min_samples_leaf': 1, 'min_samples_split': 10, 'n_estimators': 1000}",1.55007879727607,0.983587522685693,4.82371115684509
Random Forest,Enhanced,4,"{'max_depth': 10, 'min_samples_leaf': 1, 'min_samples_split': 10, 'n_estimators': 1500}",1.54762210859135,0.983639505069974,6.95649719238281
Random Forest,Enhanced,4,"{'max_depth': 10, 'min_samples_leaf': 2, 'min_samples_split': 2, 'n_estimators': 500}",1.64285280554347,0.981564119063369,2.34073376655579
Random Forest,Enhanced,4,"{'max_depth': 10, 'min_samples_leaf': 2, 'min_samples_split': 2, 'n_estimators': 1000}",1.65405881189535,0.981311756600964,4.67672777175903
Random Forest,Enhanced,4,"{'max_depth': 10, 'min_samples_leaf': 2, 'min_samples_split': 2, 'n_estimators': 1500}",1.65396030759498,0.981313982419675,7.17001938819885
Random Forest,Enhanced,4,"{'max_depth': 10, 'min_samples_leaf': 2, 'min_samples_split': 5, 'n_estimators': 500}",1.64592235929011,0.9814951624358,2.34838724136353
Random Forest,Enhanced,4,"{'max_depth': 10, 'min_samples_leaf': 2, 'min_samples_split': 5, 'n_estimators': 1000}",1.64455734457624,0.981525842985483,4.62312960624695
Random Forest,Enhanced,4,"{'max_depth': 10, 'min_samples_leaf': 2, 'min_samples_split': 5, 'n_estimators': 1500}",1.64435925436927,0.981530293215447,6.92653059959412
Random Forest,Enhanced,4,"{'max_depth': 10, 'min_samples_leaf': 2, 'min_samples_split': 10, 'n_estimators': 500}",1.58027466800928,0.982941857271482,2.28371667861938
Random Forest,Enhanced,4,"{'max_depth': 10, 'min_samples_leaf': 2, 'min_samples_split': 10, 'n_estimators': 1000}",1.59134856302555,0.982701947145178,4.61450982093811
Random Forest,Enhanced,4,"{'max_depth': 10, 'min_samples_leaf': 2, 'min_samples_split': 10, 'n_estimators': 1500}",1.59749977867177,0.982567960533412,7.19339799880981
Random Forest,Enhanced,4,"{'max_depth': 10, 'min_samples_leaf': 4, 'min_samples_split': 2, 'n_estimators': 500}",1.56975334744196,0.983168244152691,2.31445932388306
Random Forest,Enhanced,4,"{'max_depth': 10, 'min_samples_leaf': 4, 'min_samples_split': 2, 'n_estimators': 1000}",1.57493772733007,0.983056881032028,4.56560182571411
Random Forest,Enhanced,4,"{'max_depth': 10, 'min_samples_leaf': 4, 'min_samples_split': 2, 'n_estimators': 1500}",1.57572018334862,0.983040041587023,6.78416633605957
Random Forest,Enhanced,4,"{'max_depth': 10, 'min_samples_leaf': 4, 'min_samples_split': 5, 'n_estimators': 500}",1.56975334744196,0.983168244152691,2.30579328536987
Random Forest,Enhanced,4,"{'max_depth': 10, 'min_samples_leaf': 4, 'min_samples_split': 5, 'n_estimators': 1000}",1.57493772733007,0.983056881032028,4.55375576019287
Random Forest,Enhanced,4,"{'max_depth': 10, 'min_samples_leaf': 4, 'min_samples_split': 5, 'n_estimators': 1500}",1.57572018334862,0.983040041587023,6.94253540039063
Random Forest,Enhanced,4,"{'max_depth': 10, 'min_samples_leaf': 4, 'min_samples_split': 10, 'n_estimators': 500}",1.54242018900602,0.983749303124665,2.42165637016296
Random Forest,Enhanced,4,"{'max_depth': 10, 'min_samples_leaf': 4, 'min_samples_split': 10, 'n_estimators': 1000}",1.55529248153573,0.983476930396978,4.63841080665588
Random Forest,Enhanced,4,"{'max_depth': 10, 'min_samples_leaf': 4, 'min_samples_split': 10, 'n_estimators': 1500}",1.55826079930917,0.983413800761491,6.91523718833923
Random Forest,Enhanced,4,"{'max_depth': 20, 'min_samples_leaf': 1, 'min_samples_split': 2, 'n_estimators': 500}",1.65150971201002,0.981369313793875,3.44929337501526
Random Forest,Enhanced,4,"{'max_depth': 20, 'min_samples_leaf': 1, 'min_samples_split': 2, 'n_estimators': 1000}",1.65349879208967,0.981324409131388,6.86294341087341
Random Forest,Enhanced,4,"{'max_depth': 20, 'min_samples_leaf': 1, 'min_samples_split': 2, 'n_estimators': 1500}",1.65223202498188,0.98135301340027,10.4522845745087
Random Forest,Enhanced,4,"{'max_depth': 20, 'min_samples_leaf': 1, 'min_samples_split': 5, 'n_estimators': 500}",1.58318933457691,0.982878874993622,3.33046960830688
Random Forest,Enhanced,4,"{'max_depth': 20, 'min_samples_leaf': 1, 'min_samples_split': 5, 'n_estimators': 1000}",1.60172542130379,0.982475617494072,6.54104232788086
Random Forest,Enhanced,4,"{'max_depth': 20, 'min_samples_leaf': 1, 'min_samples_split': 5, 'n_estimators': 1500}",1.59527741230977,0.982616428059674,9.63363909721375
Random Forest,Enhanced,4,"{'max_depth': 20, 'min_samples_leaf': 1, 'min_samples_split': 10, 'n_estimators': 500}",1.54565409012194,0.983681087939632,2.92713904380798
Random Forest,Enhanced,4,"{'max_depth': 20, 'min_samples_leaf': 1, 'min_samples_split': 10, 'n_estimators': 1000}",1.55600618839135,0.983461762402602,5.8446102142334
Random Forest,Enhanced,4,"{'max_depth': 20, 'min_samples_leaf': 1, 'min_samples_split': 10, 'n_estimators': 1500}",1.55340581040687,0.983516993203102,8.77039408683777
Random Forest,Enhanced,4,"{'max_depth': 20, 'min_samples_leaf': 2, 'min_samples_split': 2, 'n_estimators': 500}",1.64313396615668,0.981557808227579,3.01242423057556
Random Forest,Enhanced,4,"{'max_depth': 20, 'min_samples_leaf': 2, 'min_samples_split': 2, 'n_estimators': 1000}",1.65689156139273,0.981247690627481,6.06588363647461
Random Forest,Enhanced,4,"{'max_depth': 20, 'min_samples_leaf': 2, 'min_samples_split': 2, 'n_estimators': 1500}",1.66134015463051,0.981146859181663,9.08412480354309
Random Forest,Enhanced,4,"{'max_depth': 20, 'min_samples_leaf': 2, 'min_samples_split': 5, 'n_estimators': 500}",1.64741236275229,0.981461643537352,2.99003458023071
Random Forest,Enhanced,4,"{'max_depth': 20, 'min_samples_leaf': 2, 'min_samples_split': 5, 'n_estimators': 1000}",1.65332318722871,0.98132837569055,5.96824288368225
Random Forest,Enhanced,4,"{'max_depth': 20, 'min_samples_leaf': 2, 'min_samples_split': 5, 'n_estimators': 1500}",1.65412246118002,0.981310318301187,8.92216563224793
Random Forest,Enhanced,4,"{'max_depth': 20, 'min_samples_leaf': 2, 'min_samples_split': 10, 'n_estimators': 500}",1.57596672389742,0.983034733989129,2.8028781414032
Random Forest,Enhanced,4,"{'max_depth': 20, 'min_samples_leaf': 2, 'min_samples_split': 10, 'n_estimators': 1000}",1.58876510702596,0.982758066193824,5.6047899723053
Random Forest,Enhanced,4,"{'max_depth': 20, 'min_samples_leaf': 2, 'min_samples_split': 10, 'n_estimators': 1500}",1.59231634167865,0.982680901125334,8.38068556785584
Random Forest,Enhanced,4,"{'max_depth': 20, 'min_samples_leaf': 4, 'min_samples_split': 2, 'n_estimators': 500}",1.57048638252323,0.983152520474363,2.74805784225464
Random Forest,Enhanced,4,"{'max_depth': 20, 'min_samples_leaf': 4, 'min_samples_split': 2, 'n_estimators': 1000}",1.57546196094862,0.983045599784944,5.36791968345642
Random Forest,Enhanced,4,"{'max_depth': 20, 'min_samples_leaf': 4, 'min_samples_split': 2, 'n_estimators': 1500}",1.57801174008857,0.982990676264764,8.12537884712219
Random Forest,Enhanced,4,"{'max_depth': 20, 'min_samples_leaf': 4, 'min_samples_split': 5, 'n_estimators': 500}",1.57048638252323,0.983152520474363,2.70238780975342
Random Forest,Enhanced,4,"{'max_depth': 20, 'min_samples_leaf': 4, 'min_samples_split': 5, 'n_estimators': 1000}",1.57546196094862,0.983045599784944,5.44736504554749
Random Forest,Enhanced,4,"{'max_depth': 20, 'min_samples_leaf': 4, 'min_samples_split': 5, 'n_estimators': 1500}",1.57801174008857,0.982990676264764,8.1092836856842
Random Forest,Enhanced,4,"{'max_depth': 20, 'min_samples_leaf': 4, 'min_samples_split': 10, 'n_estimators': 500}",1.54604157268801,0.983672904884239,2.68258738517761
Random Forest,Enhanced,4,"{'max_depth': 20, 'min_samples_leaf': 4, 'min_samples_split': 10, 'n_estimators': 1000}",1.55485302413794,0.983486266466445,5.32664823532105
Random Forest,Enhanced,4,"{'max_depth': 20, 'min_samples_leaf': 4, 'min_samples_split': 10, 'n_estimators': 1500}",1.55669678341431,0.983447078966028,7.97296977043152
Random Forest,Enhanced,4,"{'max_depth': 30, 'min_samples_leaf': 1, 'min_samples_split': 2, 'n_estimators': 500}",1.65578753603167,0.981272672500954,3.43816661834717
Random Forest,Enhanced,4,"{'max_depth': 30, 'min_samples_leaf': 1, 'min_samples_split': 2, 'n_estimators': 1000}",1.65685512881608,0.981248515289098,6.85725426673889
Random Forest,Enhanced,4,"{'max_depth': 30, 'min_samples_leaf': 1, 'min_samples_split': 2, 'n_estimators': 1500}",1.65526574492429,0.981284473789521,10.2544124126434
Random Forest,Enhanced,4,"{'max_depth': 30, 'min_samples_leaf': 1, 'min_samples_split': 5, 'n_estimators': 500}",1.60505322071325,0.982402723338398,3.1947386264801
Random Forest,Enhanced,4,"{'max_depth': 30, 'min_samples_leaf': 1, 'min_samples_split': 5, 'n_estimators': 1000}",1.62062766409062,0.982059560286189,6.36309576034546
Random Forest,Enhanced,4,"{'max_depth': 30, 'min_samples_leaf': 1, 'min_samples_split': 5, 'n_estimators': 1500}",1.60813249636512,0.982335138234933,9.59343767166138
Random Forest,Enhanced,4,"{'max_depth': 30, 'min_samples_leaf': 1, 'min_samples_split': 10, 'n_estimators': 500}",1.537172866636,0.983859684973702,2.94466733932495
Random Forest,Enhanced,4,"{'max_depth': 30, 'min_samples_leaf': 1, 'min_samples_split': 10, 'n_estimators': 1000}",1.55429056036501,0.983498211900132,5.86558842658997
Random Forest,Enhanced,4,"{'max_depth': 30, 'min_samples_leaf': 1, 'min_samples_split': 10, 'n_estimators': 1500}",1.55404780695193,0.983503366087723,8.81887078285217
Random Forest,Enhanced,4,"{'max_depth': 30, 'min_samples_leaf': 2, 'min_samples_split': 2, 'n_estimators': 500}",1.64536542902124,0.98150768327009,3.06210947036743
Random Forest,Enhanced,4,"{'max_depth': 30, 'min_samples_leaf': 2, 'min_samples_split': 2, 'n_estimators': 1000}",1.65199395848191,0.981358386620192,6.34045720100403
Random Forest,Enhanced,4,"{'max_depth': 30, 'min_samples_leaf': 2, 'min_samples_split': 2, 'n_estimators': 1500}",1.65862834475557,0.981208357011162,9.13416814804077
Random Forest,Enhanced,4,"{'max_depth': 30, 'min_samples_leaf': 2, 'min_samples_split': 5, 'n_estimators': 500}",1.64424364475966,0.981532890215492,2.99742126464844
Random Forest,Enhanced,4,"{'max_depth': 30, 'min_samples_leaf': 2, 'min_samples_split': 5, 'n_estimators': 1000}",1.64833026288701,0.981440979493739,6.01622343063355
Random Forest,Enhanced,4,"{'max_depth': 30, 'min_samples_leaf': 2, 'min_samples_split': 5, 'n_estimators': 1500}",1.64937922885723,0.981417350763681,8.95745611190796
Random Forest,Enhanced,4,"{'max_depth': 30, 'min_samples_leaf': 2, 'min_samples_split': 10, 'n_estimators': 500}",1.57549700420371,0.983044845537626,2.79597020149231
Random Forest,Enhanced,4,"{'max_depth': 30, 'min_samples_leaf': 2, 'min_samples_split': 10, 'n_estimators': 1000}",1.58760151309819,0.982783312547202,5.60285425186157
Random Forest,Enhanced,4,"{'max_depth': 30, 'min_samples_leaf': 2, 'min_samples_split': 10, 'n_estimators': 1500}",1.5928546274845,0.982669189632314,8.48420310020447
Random Forest,Enhanced,4,"{'max_depth': 30, 'min_samples_leaf': 4, 'min_samples_split': 2, 'n_estimators': 500}",1.56696992664626,0.983227881959136,2.71314859390259
Random Forest,Enhanced,4,"{'max_depth': 30, 'min_samples_leaf': 4, 'min_samples_split': 2, 'n_estimators': 1000}",1.57241936537379,0.98311102259103,5.37715625762939
Random Forest,Enhanced,4,"{'max_depth': 30, 'min_samples_leaf': 4, 'min_samples_split': 2, 'n_estimators': 1500}",1.57374502703642,0.983082533362066,8.08266115188599
Random Forest,Enhanced,4,"{'max_depth': 30, 'min_samples_leaf': 4, 'min_samples_split': 5, 'n_estimators': 500}",1.56696992664626,0.983227881959136,2.73297119140625
Random Forest,Enhanced,4,"{'max_depth': 30, 'min_samples_leaf': 4, 'min_samples_split': 5, 'n_estimators': 1000}",1.57241936537379,0.98311102259103,5.4529983997345
Random Forest,Enhanced,4,"{'max_depth': 30, 'min_samples_leaf': 4, 'min_samples_split': 5, 'n_estimators': 1500}",1.57374502703642,0.983082533362066,8.08327341079712
Random Forest,Enhanced,4,"{'max_depth': 30, 'min_samples_leaf': 4, 'min_samples_split': 10, 'n_estimators': 500}",1.54393830059368,0.983717298211617,2.65971302986145
Random Forest,Enhanced,4,"{'max_depth': 30, 'min_samples_leaf': 4, 'min_samples_split': 10, 'n_estimators': 1000}",1.55140309898175,0.983559466877998,5.26581597328186
Random Forest,Enhanced,4,"{'max_depth': 30, 'min_samples_leaf': 4, 'min_samples_split': 10, 'n_estimators': 1500}",1.55558718388179,0.983470668103848,7.92950391769409
Random Forest,Enhanced,5,"{'max_depth': None, 'min_samples_leaf': 1, 'min_samples_split': 2, 'n_estimators': 500}",2.51707397048072,0.957185202409753,3.42525959014893
Random Forest,Enhanced,5,"{'max_depth': None, 'min_samples_leaf': 1, 'min_samples_split': 2, 'n_estimators': 1000}",2.55190093057712,0.955992210091506,6.7940092086792
Random Forest,Enhanced,5,"{'max_depth': None, 'min_samples_leaf': 1, 'min_samples_split': 2, 'n_estimators': 1500}",2.54052758358021,0.956383604997345,10.1493036746979
Random Forest,Enhanced,5,"{'max_depth': None, 'min_samples_leaf': 1, 'min_samples_split': 5, 'n_estimators': 500}",2.47961186090825,0.958450160717713,3.15980291366577
Random Forest,Enhanced,5,"{'max_depth': None, 'min_samples_leaf': 1, 'min_samples_split': 5, 'n_estimators': 1000}",2.51813736937234,0.957149018470548,6.4075140953064
Random Forest,Enhanced,5,"{'max_depth': None, 'min_samples_leaf': 1, 'min_samples_split': 5, 'n_estimators': 1500}",2.51083226632442,0.95739727878326,9.5895140171051
Random Forest,Enhanced,5,"{'max_depth': None, 'min_samples_leaf': 1, 'min_samples_split': 10, 'n_estimators': 500}",2.46215814668396,0.959033031556779,3.00355672836304
Random Forest,Enhanced,5,"{'max_depth': None, 'min_samples_leaf': 1, 'min_samples_split': 10, 'n_estimators': 1000}",2.48587106108083,0.9582401302636,5.88296866416931
Random Forest,Enhanced,5,"{'max_depth': None, 'min_samples_leaf': 1, 'min_samples_split': 10, 'n_estimators': 1500}",2.48331650839863,0.958325913453508,8.93761396408081
Random Forest,Enhanced,5,"{'max_depth': None, 'min_samples_leaf': 2, 'min_samples_split': 2, 'n_estimators': 500}",2.48491880481822,0.958272117828487,3.05756449699402
Random Forest,Enhanced,5,"{'max_depth': None, 'min_samples_leaf': 2, 'min_samples_split': 2, 'n_estimators': 1000}",2.49208024658924,0.958031254900672,6.0937352180481
Random Forest,Enhanced,5,"{'max_depth': None, 'min_samples_leaf': 2, 'min_samples_split': 2, 'n_estimators': 1500}",2.4871130071957,0.958198393212677,9.14720678329468
Random Forest,Enhanced,5,"{'max_depth': None, 'min_samples_leaf': 2, 'min_samples_split': 5, 'n_estimators': 500}",2.49706063759032,0.957863339262013,2.99967050552368
Random Forest,Enhanced,5,"{'max_depth': None, 'min_samples_leaf': 2, 'min_samples_split': 5, 'n_estimators': 1000}",2.49830360120758,0.957821380031495,5.99530625343323
Random Forest,Enhanced,5,"{'max_depth': None, 'min_samples_leaf': 2, 'min_samples_split': 5, 'n_estimators': 1500}",2.49298166763593,0.958000888019601,9.01858592033386
Random Forest,Enhanced,5,"{'max_depth': None, 'min_samples_leaf': 2, 'min_samples_split': 10, 'n_estimators': 500}",2.44406954955454,0.959632759830929,2.81635522842407
Random Forest,Enhanced,5,"{'max_depth': None, 'min_samples_leaf': 2, 'min_samples_split': 10, 'n_estimators': 1000}",2.44002987339902,0.959766091398473,5.64322948455811
Random Forest,Enhanced,5,"{'max_depth': None, 'min_samples_leaf': 2, 'min_samples_split': 10, 'n_estimators': 1500}",2.44031912329213,0.959756551889408,8.50709867477417
Random Forest,Enhanced,5,"{'max_depth': None, 'min_samples_leaf': 4, 'min_samples_split': 2, 'n_estimators': 500}",2.45373513843269,0.959312846955519,2.71557593345642
Random Forest,Enhanced,5,"{'max_depth': None, 'min_samples_leaf': 4, 'min_samples_split': 2, 'n_estimators': 1000}",2.44590569866764,0.959572083886327,5.4399425983429
Random Forest,Enhanced,5,"{'max_depth': None, 'min_samples_leaf': 4, 'min_samples_split': 2, 'n_estimators': 1500}",2.4388792489737,0.9598040279854,8.11490893363953
Random Forest,Enhanced,5,"{'max_depth': None, 'min_samples_leaf': 4, 'min_samples_split': 5, 'n_estimators': 500}",2.45373513843269,0.959312846955519,2.70894289016724
Random Forest,Enhanced,5,"{'max_depth': None, 'min_samples_leaf': 4, 'min_samples_split': 5, 'n_estimators': 1000}",2.44590569866764,0.959572083886327,5.40039777755737
Random Forest,Enhanced,5,"{'max_depth': None, 'min_samples_leaf': 4, 'min_samples_split': 5, 'n_estimators': 1500}",2.4388792489737,0.9598040279854,8.14755344390869
Random Forest,Enhanced,5,"{'max_depth': None, 'min_samples_leaf': 4, 'min_samples_split': 10, 'n_estimators': 500}",2.4187177321907,0.960465858245062,2.69583582878113
Random Forest,Enhanced,5,"{'max_depth': None, 'min_samples_leaf': 4, 'min_samples_split': 10, 'n_estimators': 1000}",2.40625833366046,0.960872108998092,5.31015563011169
Random Forest,Enhanced,5,"{'max_depth': None, 'min_samples_leaf': 4, 'min_samples_split': 10, 'n_estimators': 1500}",2.40324938675508,0.960969904096656,7.9905116558075
Random Forest,Enhanced,5,"{'max_depth': 10, 'min_samples_leaf': 1, 'min_samples_split': 2, 'n_estimators': 500}",2.52651392946809,0.956863457533382,2.34870672225952
Random Forest,Enhanced,5,"{'max_depth': 10, 'min_samples_leaf': 1, 'min_samples_split': 2, 'n_estimators': 1000}",2.55835632657078,0.955769280566796,4.70918965339661
Random Forest,Enhanced,5,"{'max_depth': 10, 'min_samples_leaf': 1, 'min_samples_split': 2, 'n_estimators': 1500}",2.55130233092633,0.956012853493223,7.21314835548401
Random Forest,Enhanced,5,"{'max_depth': 10, 'min_samples_leaf': 1, 'min_samples_split': 5, 'n_estimators': 500}",2.48886407906925,0.958139510978224,2.34686017036438
Random Forest,Enhanced,5,"{'max_depth': 10, 'min_samples_leaf': 1, 'min_samples_split': 5, 'n_estimators': 1000}",2.52138726822813,0.957038340457001,4.69469261169434
Random Forest,Enhanced,5,"{'max_depth': 10, 'min_samples_leaf': 1, 'min_samples_split': 5, 'n_estimators': 1500}",2.51532420324411,0.957244707924245,7.07316207885742
Random Forest,Enhanced,5,"{'max_depth': 10, 'min_samples_leaf': 1, 'min_samples_split': 10, 'n_estimators': 500}",2.46770513272226,0.958848234995329,2.29684376716614
Random Forest,Enhanced,5,"{'max_depth': 10, 'min_samples_leaf': 1, 'min_samples_split': 10, 'n_estimators': 1000}",2.49623669943589,0.957891141770392,4.68122315406799
Random Forest,Enhanced,5,"{'max_depth': 10, 'min_samples_leaf': 1, 'min_samples_split': 10, 'n_estimators': 1500}",2.48959109233337,0.958115051968289,6.88335347175598
Random Forest,Enhanced,5,"{'max_depth': 10, 'min_samples_leaf': 2, 'min_samples_split': 2, 'n_estimators': 500}",2.49572532491173,0.957908392691908,2.37548065185547
Random Forest,Enhanced,5,"{'max_depth': 10, 'min_samples_leaf': 2, 'min_samples_split': 2, 'n_estimators': 1000}",2.49853262015343,0.95781364666728,4.74621057510376
Random Forest,Enhanced,5,"{'max_depth': 10, 'min_samples_leaf': 2, 'min_samples_split': 2, 'n_estimators': 1500}",2.49255314132474,0.958015325492545,6.96280574798584
Random Forest,Enhanced,5,"{'max_depth': 10, 'min_samples_leaf': 2, 'min_samples_split': 5, 'n_estimators': 500}",2.49659957911892,0.957878898091902,2.33256268501282
Random Forest,Enhanced,5,"{'max_depth': 10, 'min_samples_leaf': 2, 'min_samples_split': 5, 'n_estimators': 1000}",2.49305864468552,0.957998294324123,4.63705015182495
Random Forest,Enhanced,5,"{'max_depth': 10, 'min_samples_leaf': 2, 'min_samples_split': 5, 'n_estimators': 1500}",2.48756821847342,0.958183090084784,7.00417876243591
Random Forest,Enhanced,5,"{'max_depth': 10, 'min_samples_leaf': 2, 'min_samples_split': 10, 'n_estimators': 500}",2.44809723170975,0.959499604553648,2.29215836524963
Random Forest,Enhanced,5,"{'max_depth': 10, 'min_samples_leaf': 2, 'min_samples_split': 10, 'n_estimators': 1000}",2.44708231144428,0.959533178507393,4.56396436691284
Random Forest,Enhanced,5,"{'max_depth': 10, 'min_samples_leaf': 2, 'min_samples_split': 10, 'n_estimators': 1500}",2.44444353328769,0.959620405152887,6.69106078147888
Random Forest,Enhanced,5,"{'max_depth': 10, 'min_samples_leaf': 4, 'min_samples_split': 2, 'n_estimators': 500}",2.45878917270214,0.959145065161777,2.18523120880127
Random Forest,Enhanced,5,"{'max_depth': 10, 'min_samples_leaf': 4, 'min_samples_split': 2, 'n_estimators': 1000}",2.44753889537108,0.959518076257766,4.37191653251648
Random Forest,Enhanced,5,"{'max_depth': 10, 'min_samples_leaf': 4, 'min_samples_split': 2, 'n_estimators': 1500}",2.44058369525409,0.95974782527239,6.52050971984863
Random Forest,Enhanced,5,"{'max_depth': 10, 'min_samples_leaf': 4, 'min_samples_split': 5, 'n_estimators': 500}",2.45878917270214,0.959145065161777,2.18442797660828
Random Forest,Enhanced,5,"{'max_depth': 10, 'min_samples_leaf': 4, 'min_samples_split': 5, 'n_estimators': 1000}",2.44753889537108,0.959518076257766,4.33963012695313
Random Forest,Enhanced,5,"{'max_depth': 10, 'min_samples_leaf': 4, 'min_samples_split': 5, 'n_estimators': 1500}",2.44058369525409,0.95974782527239,6.52625584602356
Random Forest,Enhanced,5,"{'max_depth': 10, 'min_samples_leaf': 4, 'min_samples_split': 10, 'n_estimators': 500}",2.41976572625516,0.960431591723438,2.20462107658386
Random Forest,Enhanced,5,"{'max_depth': 10, 'min_samples_leaf': 4, 'min_samples_split': 10, 'n_estimators': 1000}",2.40772726708136,0.96082432210043,4.31205534934998
Random Forest,Enhanced,5,"{'max_depth': 10, 'min_samples_leaf': 4, 'min_samples_split': 10, 'n_estimators': 1500}",2.40518940460626,0.960906864742325,6.45508861541748
Random Forest,Enhanced,5,"{'max_depth': 20, 'min_samples_leaf': 1, 'min_samples_split': 2, 'n_estimators': 500}",2.52775102808031,0.956821203880249,3.19454956054688
Random Forest,Enhanced,5,"{'max_depth': 20, 'min_samples_leaf': 1, 'min_samples_split': 2, 'n_estimators': 1000}",2.55226895555111,0.955979515920348,6.3775577545166
Random Forest,Enhanced,5,"{'max_depth': 20, 'min_samples_leaf': 1, 'min_samples_split': 2, 'n_estimators': 1500}",2.54448233370111,0.956247707083382,9.54382991790772
Random Forest,Enhanced,5,"{'max_depth': 20, 'min_samples_leaf': 1, 'min_samples_split': 5, 'n_estimators': 500}",2.49428636284259,0.957956916273257,3.00551676750183
Random Forest,Enhanced,5,"{'max_depth': 20, 'min_samples_leaf': 1, 'min_samples_split': 5, 'n_estimators': 1000}",2.52856709176558,0.956793319539562,5.99576020240784
Random Forest,Enhanced,5,"{'max_depth': 20, 'min_samples_leaf': 1, 'min_samples_split': 5, 'n_estimators': 1500}",2.5186339815942,0.957132115167499,8.97846984863281
Random Forest,Enhanced,5,"{'max_depth': 20, 'min_samples_leaf': 1, 'min_samples_split': 10, 'n_estimators': 500}",2.46186639863315,0.959042739564441,2.80712580680847
Random Forest,Enhanced,5,"{'max_depth': 20, 'min_samples_leaf': 1, 'min_samples_split': 10, 'n_estimators': 1000}",2.48754196415233,0.958183972769149,5.59955525398254
Random Forest,Enhanced,5,"{'max_depth': 20, 'min_samples_leaf': 1, 'min_samples_split': 10, 'n_estimators': 1500}",2.48623041937509,0.958228055751384,8.3828022480011
Random Forest,Enhanced,5,"{'max_depth': 20, 'min_samples_leaf': 2, 'min_samples_split': 2, 'n_estimators': 500}",2.48281395750207,0.958342778988228,2.88605928421021
Random Forest,Enhanced,5,"{'max_depth': 20, 'min_samples_leaf': 2, 'min_samples_split': 2, 'n_estimators': 1000}",2.49439900793184,0.957953118751104,5.77608609199524
Random Forest,Enhanced,5,"{'max_depth': 20, 'min_samples_leaf': 2, 'min_samples_split': 2, 'n_estimators': 1500}",2.48758300589646,0.958182592919585,8.64635944366455
Random Forest,Enhanced,5,"{'max_depth': 20, 'min_samples_leaf': 2, 'min_samples_split': 5, 'n_estimators': 500}",2.49216645517302,0.958028351199106,2.8419017791748
Random Forest,Enhanced,5,"{'max_depth': 20, 'min_samples_leaf': 2, 'min_samples_split': 5, 'n_estimators': 1000}",2.49843033556827,0.957817100634854,5.68192529678345
Random Forest,Enhanced,5,"{'max_depth': 20, 'min_samples_leaf': 2, 'min_samples_split': 5, 'n_estimators': 1500}",2.49278527580256,0.958007504961729,8.50194597244263
Random Forest,Enhanced,5,"{'max_depth': 20, 'min_samples_leaf': 2, 'min_samples_split': 10, 'n_estimators': 500}",2.44240482418285,0.959687731656804,2.68394303321838
Random Forest,Enhanced,5,"{'max_depth': 20, 'min_samples_leaf': 2, 'min_samples_split': 10, 'n_estimators': 1000}",2.44073173339347,0.959742941983374,5.35517144203186
Random Forest,Enhanced,5,"{'max_depth': 20, 'min_samples_leaf': 2, 'min_samples_split': 10, 'n_estimators': 1500}",2.4397954304508,0.959773822535787,8.01229238510132
Random Forest,Enhanced,5,"{'max_depth': 20, 'min_samples_leaf': 4, 'min_samples_split': 2, 'n_estimators': 500}",2.45556979613619,0.959251980642463,2.56502151489258
Random Forest,Enhanced,5,"{'max_depth': 20, 'min_samples_leaf': 4, 'min_samples_split': 2, 'n_estimators': 1000}",2.44537789083497,0.959589530076904,5.12960433959961
Random Forest,Enhanced,5,"{'max_depth': 20, 'min_samples_leaf': 4, 'min_samples_split': 2, 'n_estimators': 1500}",2.43883818758559,0.959805381466523,7.66650319099426
Random Forest,Enhanced,5,"{'max_depth': 20, 'min_samples_leaf': 4, 'min_samples_split': 5, 'n_estimators': 500}",2.45556979613619,0.959251980642463,2.56595182418823
Random Forest,Enhanced,5,"{'max_depth': 20, 'min_samples_leaf': 4, 'min_samples_split': 5, 'n_estimators': 1000}",2.44537789083497,0.959589530076904,5.13101267814636
Random Forest,Enhanced,5,"{'max_depth': 20, 'min_samples_leaf': 4, 'min_samples_split': 5, 'n_estimators': 1500}",2.43883818758559,0.959805381466523,7.67494797706604
Random Forest,Enhanced,5,"{'max_depth': 20, 'min_samples_leaf': 4, 'min_samples_split': 10, 'n_estimators': 500}",2.4147070593618,0.960596859102793,2.52732086181641
Random Forest,Enhanced,5,"{'max_depth': 20, 'min_samples_leaf': 4, 'min_samples_split': 10, 'n_estimators': 1000}",2.40603967989855,0.960879219682536,5.06494355201721
Random Forest,Enhanced,5,"{'max_depth': 20, 'min_samples_leaf': 4, 'min_samples_split': 10, 'n_estimators': 1500}",2.40337116850269,0.960965948390898,7.56750774383545
Random Forest,Enhanced,5,"{'max_depth': 30, 'min_samples_leaf': 1, 'min_samples_split': 2, 'n_estimators': 500}",2.51342165867975,0.957309362082896,3.252681016922
Random Forest,Enhanced,5,"{'max_depth': 30, 'min_samples_leaf': 1, 'min_samples_split': 2, 'n_estimators': 1000}",2.5463750261858,0.95618259330088,6.52196002006531
Random Forest,Enhanced,5,"{'max_depth': 30, 'min_samples_leaf': 1, 'min_samples_split': 2, 'n_estimators': 1500}",2.53755367940091,0.956485658650564,9.72745037078857
Random Forest,Enhanced,5,"{'max_depth': 30, 'min_samples_leaf': 1, 'min_samples_split': 5, 'n_estimators': 500}",2.47933093469856,0.95845957491502,3.03181838989258
Random Forest,Enhanced,5,"{'max_depth': 30, 'min_samples_leaf': 1, 'min_samples_split': 5, 'n_estimators': 1000}",2.51786177249141,0.957158397586039,6.05612778663635
Random Forest,Enhanced,5,"{'max_depth': 30, 'min_samples_leaf': 1, 'min_samples_split': 5, 'n_estimators': 1500}",2.51068122135308,0.957402404361211,9.07384061813355
Random Forest,Enhanced,5,"{'max_depth': 30, 'min_samples_leaf': 1, 'min_samples_split': 10, 'n_estimators': 500}",2.46169432922225,0.959048464688591,2.81380438804626
Random Forest,Enhanced,5,"{'max_depth': 30, 'min_samples_leaf': 1, 'min_samples_split': 10, 'n_estimators': 1000}",2.48570003985207,0.95824587599891,5.6215033531189
Random Forest,Enhanced,5,"{'max_depth': 30, 'min_samples_leaf': 1, 'min_samples_split': 10, 'n_estimators': 1500}",2.48307997710559,0.958333851834382,8.43511438369751
Random Forest,Enhanced,5,"{'max_depth': 30, 'min_samples_leaf': 2, 'min_samples_split': 2, 'n_estimators': 500}",2.48488592281584,0.958273222160138,2.90279960632324
Random Forest,Enhanced,5,"{'max_depth': 30, 'min_samples_leaf': 2, 'min_samples_split': 2, 'n_estimators': 1000}",2.49217344370339,0.958028115805075,5.80293774604797
Random Forest,Enhanced,5,"{'max_depth': 30, 'min_samples_leaf': 2, 'min_samples_split': 2, 'n_estimators': 1500}",2.48712195311422,0.958198092499006,8.69338822364807
Random Forest,Enhanced,5,"{'max_depth': 30, 'min_samples_leaf': 2, 'min_samples_split': 5, 'n_estimators': 500}",2.49684391488318,0.957870653121164,2.85511946678162
Random Forest,Enhanced,5,"{'max_depth': 30, 'min_samples_leaf': 2, 'min_samples_split': 5, 'n_estimators': 1000}",2.49822470840641,0.957824043868618,5.69967198371887
Random Forest,Enhanced,5,"{'max_depth': 30, 'min_samples_leaf': 2, 'min_samples_split': 5, 'n_estimators': 1500}",2.49296076213874,0.958001592403951,8.54613065719605
Random Forest,Enhanced,5,"{'max_depth': 30, 'min_samples_leaf': 2, 'min_samples_split': 10, 'n_estimators': 500}",2.44406930034784,0.959632768062926,2.68324065208435
Random Forest,Enhanced,5,"{'max_depth': 30, 'min_samples_leaf': 2, 'min_samples_split': 10, 'n_estimators': 1000}",2.44007914086702,0.959764466629171,5.36188626289368
Random Forest,Enhanced,5,"{'max_depth': 30, 'min_samples_leaf': 2, 'min_samples_split': 10, 'n_estimators': 1500}",2.44032059355083,0.959756503397146,8.04273056983948
Random Forest,Enhanced,5,"{'max_depth': 30, 'min_samples_leaf': 4, 'min_samples_split': 2, 'n_estimators': 500}",2.45373513843269,0.959312846955519,2.57805299758911
Random Forest,Enhanced,5,"{'max_depth': 30, 'min_samples_leaf': 4, 'min_samples_split': 2, 'n_estimators': 1000}",2.44590569866764,0.959572083886327,5.14985489845276
Random Forest,Enhanced,5,"{'max_depth': 30, 'min_samples_leaf': 4, 'min_samples_split': 2, 'n_estimators': 1500}",2.4388792489737,0.9598040279854,7.71002793312073
Random Forest,Enhanced,5,"{'max_depth': 30, 'min_samples_leaf': 4, 'min_samples_split': 5, 'n_estimators': 500}",2.45373513843269,0.959312846955519,2.56604290008545
Random Forest,Enhanced,5,"{'max_depth': 30, 'min_samples_leaf': 4, 'min_samples_split': 5, 'n_estimators': 1000}",2.44590569866764,0.959572083886327,5.12725901603699
Random Forest,Enhanced,5,"{'max_depth': 30, 'min_samples_leaf': 4, 'min_samples_split': 5, 'n_estimators': 1500}",2.4388792489737,0.9598040279854,7.68758964538574
Random Forest,Enhanced,5,"{'max_depth': 30, 'min_samples_leaf': 4, 'min_samples_split': 10, 'n_estimators': 500}",2.4187177321907,0.960465858245062,2.52772665023804
Random Forest,Enhanced,5,"{'max_depth': 30, 'min_samples_leaf': 4, 'min_samples_split': 10, 'n_estimators': 1000}",2.40625833366046,0.960872108998092,5.13203430175781
Random Forest,Enhanced,5,"{'max_depth': 30, 'min_samples_leaf': 4, 'min_samples_split': 10, 'n_estimators': 1500}",2.40324938675508,0.960969904096656,7.55686068534851
Random Forest,Enhanced,6,"{'max_depth': None, 'min_samples_leaf': 1, 'min_samples_split': 2, 'n_estimators': 500}",2.08770819833674,0.968314225752507,3.24779796600342
Random Forest,Enhanced,6,"{'max_depth': None, 'min_samples_leaf': 1, 'min_samples_split': 2, 'n_estimators': 1000}",2.06573410313215,0.968977730315416,6.48244619369507
Random Forest,Enhanced,6,"{'max_depth': None, 'min_samples_leaf': 1, 'min_samples_split': 2, 'n_estimators': 1500}",2.04761713564632,0.969519489185547,9.7271158695221
Random Forest,Enhanced,6,"{'max_depth': None, 'min_samples_leaf': 1, 'min_samples_split': 5, 'n_estimators': 500}",2.05867769819255,0.969189308188233,3.02063083648682
Random Forest,Enhanced,6,"{'max_depth': None, 'min_samples_leaf': 1, 'min_samples_split': 5, 'n_estimators': 1000}",2.05800103029981,0.969209559225635,6.03862285614014
Random Forest,Enhanced,6,"{'max_depth': None, 'min_samples_leaf': 1, 'min_samples_split': 5, 'n_estimators': 1500}",2.03669304165255,0.969843850368131,9.08025884628296
Random Forest,Enhanced,6,"{'max_depth': None, 'min_samples_leaf': 1, 'min_samples_split': 10, 'n_estimators': 500}",2.00185877117334,0.970866571216146,2.80395078659058
Random Forest,Enhanced,6,"{'max_depth': None, 'min_samples_leaf': 1, 'min_samples_split': 10, 'n_estimators': 1000}",1.99324067102835,0.971116872951471,5.61444854736328
Random Forest,Enhanced,6,"{'max_depth': None, 'min_samples_leaf': 1, 'min_samples_split': 10, 'n_estimators': 1500}",1.97792745296072,0.97155896170947,8.41478490829468
Random Forest,Enhanced,6,"{'max_depth': None, 'min_samples_leaf': 2, 'min_samples_split': 2, 'n_estimators': 500}",2.09737139941619,0.968020224304417,2.88822269439697
Random Forest,Enhanced,6,"{'max_depth': None, 'min_samples_leaf': 2, 'min_samples_split': 2, 'n_estimators': 1000}",2.10073827721237,0.967917468618095,5.7816309928894
Random Forest,Enhanced,6,"{'max_depth': None, 'min_samples_leaf': 2, 'min_samples_split': 2, 'n_estimators': 1500}",2.08248126098771,0.968472688729683,8.65668821334839
Random Forest,Enhanced,6,"{'max_depth': None, 'min_samples_leaf': 2, 'min_samples_split': 5, 'n_estimators': 500}",2.09403870318077,0.9681217744656,2.84328746795654
Random Forest,Enhanced,6,"{'max_depth': None, 'min_samples_leaf': 2, 'min_samples_split': 5, 'n_estimators': 1000}",2.09731765937567,0.968021863091353,5.69028997421265
Random Forest,Enhanced,6,"{'max_depth': None, 'min_samples_leaf': 2, 'min_samples_split': 5, 'n_estimators': 1500}",2.08468247870893,0.96840600370807,8.51469945907593
Random Forest,Enhanced,6,"{'max_depth': None, 'min_samples_leaf': 2, 'min_samples_split': 10, 'n_estimators': 500}",2.05690618823772,0.969242311106955,2.67414832115173
Random Forest,Enhanced,6,"{'max_depth': None, 'min_samples_leaf': 2, 'min_samples_split': 10, 'n_estimators': 1000}",2.05454535818409,0.969312875341025,5.35197114944458
Random Forest,Enhanced,6,"{'max_depth': None, 'min_samples_leaf': 2, 'min_samples_split': 10, 'n_estimators': 1500}",2.04650860814354,0.969552482988772,8.02499151229858
Random Forest,Enhanced,6,"{'max_depth': None, 'min_samples_leaf': 4, 'min_samples_split': 2, 'n_estimators': 500}",2.05186738289788,0.969392820817242,2.55594658851624
Random Forest,Enhanced,6,"{'max_depth': None, 'min_samples_leaf': 4, 'min_samples_split': 2, 'n_estimators': 1000}",2.05443409586588,0.969316198926134,5.19385242462158
Random Forest,Enhanced,6,"{'max_depth': None, 'min_samples_leaf': 4, 'min_samples_split': 2, 'n_estimators': 1500}",2.05043130382304,0.969435649070528,7.64582681655884
Random Forest,Enhanced,6,"{'max_depth': None, 'min_samples_leaf': 4, 'min_samples_split': 5, 'n_estimators': 500}",2.05186738289788,0.969392820817242,2.55642056465149
Random Forest,Enhanced,6,"{'max_depth': None, 'min_samples_leaf': 4, 'min_samples_split': 5, 'n_estimators': 1000}",2.05443409586588,0.969316198926134,5.10440921783447
Random Forest,Enhanced,6,"{'max_depth': None, 'min_samples_leaf': 4, 'min_samples_split': 5, 'n_estimators': 1500}",2.05043130382304,0.969435649070528,7.64054274559021
Random Forest,Enhanced,6,"{'max_depth': None, 'min_samples_leaf': 4, 'min_samples_split': 10, 'n_estimators': 500}",2.04903021870844,0.969477404798909,2.51086044311523
Random Forest,Enhanced,6,"{'max_depth': None, 'min_samples_leaf': 4, 'min_samples_split': 10, 'n_estimators': 1000}",2.05578462839241,0.969275844171414,5.05346751213074
Random Forest,Enhanced,6,"{'max_depth': None, 'min_samples_leaf': 4, 'min_samples_split': 10, 'n_estimators': 1500}",2.05017500874663,0.969443289417284,7.53715491294861
Random Forest,Enhanced,6,"{'max_depth': 10, 'min_samples_leaf': 1, 'min_samples_split': 2, 'n_estimators': 500}",2.05927027077116,0.969171568452913,2.2316906452179
Random Forest,Enhanced,6,"{'max_depth': 10, 'min_samples_leaf': 1, 'min_samples_split': 2, 'n_estimators': 1000}",2.0546234542843,0.969310542376896,4.44857954978943
Random Forest,Enhanced,6,"{'max_depth': 10, 'min_samples_leaf': 1, 'min_samples_split': 2, 'n_estimators': 1500}",2.03452562582734,0.969907999591002,6.67534518241882
Random Forest,Enhanced,6,"{'max_depth': 10, 'min_samples_leaf': 1, 'min_samples_split': 5, 'n_estimators': 500}",2.06033939581281,0.96913954933962,2.20520830154419
Random Forest,Enhanced,6,"{'max_depth': 10, 'min_samples_leaf': 1, 'min_samples_split': 5, 'n_estimators': 1000}",2.04540412028106,0.969585338788343,4.40644598007202
Random Forest,Enhanced,6,"{'max_depth': 10, 'min_samples_leaf': 1, 'min_samples_split': 5, 'n_estimators': 1500}",2.02853315112173,0.970085003983892,6.64526033401489
Random Forest,Enhanced,6,"{'max_depth': 10, 'min_samples_leaf': 1, 'min_samples_split': 10, 'n_estimators': 500}",1.9873367920624,0.971287720304928,2.19242739677429
Random Forest,Enhanced,6,"{'max_depth': 10, 'min_samples_leaf': 1, 'min_samples_split': 10, 'n_estimators': 1000}",1.98062293179704,0.971481391166095,4.36999940872192
Random Forest,Enhanced,6,"{'max_depth': 10, 'min_samples_leaf': 1, 'min_samples_split': 10, 'n_estimators': 1500}",1.96860542066918,0.971826416916821,6.55605936050415
Random Forest,Enhanced,6,"{'max_depth': 10, 'min_samples_leaf': 2, 'min_samples_split': 2, 'n_estimators': 500}",2.09431872692168,0.968113248112377,2.20203971862793
Random Forest,Enhanced,6,"{'max_depth': 10, 'min_samples_leaf': 2, 'min_samples_split': 2, 'n_estimators': 1000}",2.09255652266413,0.968166885917431,4.41071128845215
Random Forest,Enhanced,6,"{'max_depth': 10, 'min_samples_leaf': 2, 'min_samples_split': 2, 'n_estimators': 1500}",2.07400416730498,0.968728840861898,6.59767746925354
Random Forest,Enhanced,6,"{'max_depth': 10, 'min_samples_leaf': 2, 'min_samples_split': 5, 'n_estimators': 500}",2.0906514601115,0.968224821239843,2.19506072998047
Random Forest,Enhanced,6,"{'max_depth': 10, 'min_samples_leaf': 2, 'min_samples_split': 5, 'n_estimators': 1000}",2.0954223263694,0.968079633865373,4.39365839958191
Random Forest,Enhanced,6,"{'max_depth': 10, 'min_samples_leaf': 2, 'min_samples_split': 5, 'n_estimators': 1500}",2.08023243296645,0.968540743334449,6.55934858322144
Random Forest,Enhanced,6,"{'max_depth': 10, 'min_samples_leaf': 2, 'min_samples_split': 10, 'n_estimators': 500}",2.05833697392882,0.969199506075501,2.15548038482666
Random Forest,Enhanced,6,"{'max_depth': 10, 'min_samples_leaf': 2, 'min_samples_split': 10, 'n_estimators': 1000}",2.05580561036516,0.969275217007769,4.30739498138428
Random Forest,Enhanced,6,"{'max_depth': 10, 'min_samples_leaf': 2, 'min_samples_split': 10, 'n_estimators': 1500}",2.04586698199687,0.969571571948832,6.45281767845154
Random Forest,Enhanced,6,"{'max_depth': 10, 'min_samples_leaf': 4, 'min_samples_split': 2, 'n_estimators': 500}",2.05400093419378,0.969329136450339,2.14343404769897
Random Forest,Enhanced,6,"{'max_depth': 10, 'min_samples_leaf': 4, 'min_samples_split': 2, 'n_estimators': 1000}",2.05735125320027,0.96922899922065,4.30211734771729
Random Forest,Enhanced,6,"{'max_depth': 10, 'min_samples_leaf': 4, 'min_samples_split': 2, 'n_estimators': 1500}",2.05137561046676,0.969407490345407,6.42360687255859
Random Forest,Enhanced,6,"{'max_depth': 10, 'min_samples_leaf': 4, 'min_samples_split': 5, 'n_estimators': 500}",2.05400093419378,0.969329136450339,2.14296436309814
Random Forest,Enhanced,6,"{'max_depth': 10, 'min_samples_leaf': 4, 'min_samples_split': 5, 'n_estimators': 1000}",2.05735125320027,0.96922899922065,4.28510761260986
Random Forest,Enhanced,6,"{'max_depth': 10, 'min_samples_leaf': 4, 'min_samples_split': 5, 'n_estimators': 1500}",2.05137561046676,0.969407490345407,6.42330574989319
Random Forest,Enhanced,6,"{'max_depth': 10, 'min_samples_leaf': 4, 'min_samples_split': 10, 'n_estimators': 500}",2.04722885316615,0.96953104791497,2.13535571098328
Random Forest,Enhanced,6,"{'max_depth': 10, 'min_samples_leaf': 4, 'min_samples_split': 10, 'n_estimators': 1000}",2.05401659199794,0.969328668835941,4.27047371864319
Random Forest,Enhanced,6,"{'max_depth': 10, 'min_samples_leaf': 4, 'min_samples_split': 10, 'n_estimators': 1500}",2.04830238192351,0.969499084832492,6.40801644325256
Random Forest,Enhanced,6,"{'max_depth': 20, 'min_samples_leaf': 1, 'min_samples_split': 2, 'n_estimators': 500}",2.07176649814352,0.96879628215383,3.18114995956421
Random Forest,Enhanced,6,"{'max_depth': 20, 'min_samples_leaf': 1, 'min_samples_split': 2, 'n_estimators': 1000}",2.06700088239054,0.968939670802063,6.34205937385559
Random Forest,Enhanced,6,"{'max_depth': 20, 'min_samples_leaf': 1, 'min_samples_split': 2, 'n_estimators': 1500}",2.04607532721349,0.969565374145853,9.48540449142456
Random Forest,Enhanced,6,"{'max_depth': 20, 'min_samples_leaf': 1, 'min_samples_split': 5, 'n_estimators': 500}",2.07408940843159,0.968726270333203,2.98055791854858
Random Forest,Enhanced,6,"{'max_depth': 20, 'min_samples_leaf': 1, 'min_samples_split': 5, 'n_estimators': 1000}",2.05945622497265,0.969166000524034,6.07285666465759
Random Forest,Enhanced,6,"{'max_depth': 20, 'min_samples_leaf': 1, 'min_samples_split': 5, 'n_estimators': 1500}",2.04401875034544,0.969626525062916,8.96953535079956
Random Forest,Enhanced,6,"{'max_depth': 20, 'min_samples_leaf': 1, 'min_samples_split': 10, 'n_estimators': 500}",2.0045342089515,0.970788646876304,2.8019917011261
Random Forest,Enhanced,6,"{'max_depth': 20, 'min_samples_leaf': 1, 'min_samples_split': 10, 'n_estimators': 1000}",1.9972212637398,0.97100139591067,5.60550141334534
Random Forest,Enhanced,6,"{'max_depth': 20, 'min_samples_leaf': 1, 'min_samples_split': 10, 'n_estimators': 1500}",1.98306929687387,0.971410898177392,8.39630007743835
Random Forest,Enhanced,6,"{'max_depth': 20, 'min_samples_leaf': 2, 'min_samples_split': 2, 'n_estimators': 500}",2.09482684094724,0.968097773799804,2.88935899734497
Random Forest,Enhanced,6,"{'max_depth': 20, 'min_samples_leaf': 2, 'min_samples_split': 2, 'n_estimators': 1000}",2.09666825093323,0.96804166329366,5.78150773048401
Random Forest,Enhanced,6,"{'max_depth': 20, 'min_samples_leaf': 2, 'min_samples_split': 2, 'n_estimators': 1500}",2.08084406607675,0.968522241217659,8.64783835411072
Random Forest,Enhanced,6,"{'max_depth': 20, 'min_samples_leaf': 2, 'min_samples_split': 5, 'n_estimators': 500}",2.08802428282979,0.968304630407644,2.84398055076599
Random Forest,Enhanced,6,"{'max_depth': 20, 'min_samples_leaf': 2, 'min_samples_split': 5, 'n_estimators': 1000}",2.09177905867956,0.968190535937714,5.67902874946594
Random Forest,Enhanced,6,"{'max_depth': 20, 'min_samples_leaf': 2, 'min_samples_split': 5, 'n_estimators': 1500}",2.07939170782569,0.968566166689048,8.5430748462677
Random Forest,Enhanced,6,"{'max_depth': 20, 'min_samples_leaf': 2, 'min_samples_split': 10, 'n_estimators': 500}",2.06621103432135,0.968963403983753,2.67816376686096
Random Forest,Enhanced,6,"{'max_depth': 20, 'min_samples_leaf': 2, 'min_samples_split': 10, 'n_estimators': 1000}",2.06205840202413,0.969088032160623,5.35703301429749
Random Forest,Enhanced,6,"{'max_depth': 20, 'min_samples_leaf': 2, 'min_samples_split': 10, 'n_estimators': 1500}",2.04932043648222,0.969468757950394,8.02184867858887
Random Forest,Enhanced,6,"{'max_depth': 20, 'min_samples_leaf': 4, 'min_samples_split': 2, 'n_estimators': 500}",2.05417014559163,0.96932408282706,2.5659351348877
Random Forest,Enhanced,6,"{'max_depth': 20, 'min_samples_leaf': 4, 'min_samples_split': 2, 'n_estimators': 1000}",2.055581078999,0.969281928051591,5.12839555740356
Random Forest,Enhanced,6,"{'max_depth': 20, 'min_samples_leaf': 4, 'min_samples_split': 2, 'n_estimators': 1500}",2.05140521502093,0.969406607343641,7.63543963432312
Random Forest,Enhanced,6,"{'max_depth': 20, 'min_samples_leaf': 4, 'min_samples_split': 5, 'n_estimators': 500}",2.05417014559163,0.96932408282706,2.55780792236328
Random Forest,Enhanced,6,"{'max_depth': 20, 'min_samples_leaf': 4, 'min_samples_split': 5, 'n_estimators': 1000}",2.055581078999,0.969281928051591,5.10315704345703
Random Forest,Enhanced,6,"{'max_depth': 20, 'min_samples_leaf': 4, 'min_samples_split': 5, 'n_estimators': 1500}",2.05140521502093,0.969406607343641,7.63849139213562
Random Forest,Enhanced,6,"{'max_depth': 20, 'min_samples_leaf': 4, 'min_samples_split': 10, 'n_estimators': 500}",2.04797617545583,0.96950879902666,2.5205066204071
Random Forest,Enhanced,6,"{'max_depth': 20, 'min_samples_leaf': 4, 'min_samples_split': 10, 'n_estimators': 1000}",2.05546966126399,0.969285257956969,5.01642560958862
Random Forest,Enhanced,6,"{'max_depth': 20, 'min_samples_leaf': 4, 'min_samples_split': 10, 'n_estimators': 1500}",2.04920646794509,0.969472153714352,7.53611159324646
Random Forest,Enhanced,6,"{'max_depth': 30, 'min_samples_leaf': 1, 'min_samples_split': 2, 'n_estimators': 500}",2.0842309135591,0.968419689439732,3.23948431015015
Random Forest,Enhanced,6,"{'max_depth': 30, 'min_samples_leaf': 1, 'min_samples_split': 2, 'n_estimators': 1000}",2.06532869683443,0.968989905541048,6.4718816280365
Random Forest,Enhanced,6,"{'max_depth': 30, 'min_samples_leaf': 1, 'min_samples_split': 2, 'n_estimators': 1500}",2.04845360630332,0.969494580954267,9.71431970596314
Random Forest,Enhanced,6,"{'max_depth': 30, 'min_samples_leaf': 1, 'min_samples_split': 5, 'n_estimators': 500}",2.05794716479909,0.969211171004036,3.0227222442627
Random Forest,Enhanced,6,"{'max_depth': 30, 'min_samples_leaf': 1, 'min_samples_split': 5, 'n_estimators': 1000}",2.05718682501259,0.969233917600723,6.02899885177612
Random Forest,Enhanced,6,"{'max_depth': 30, 'min_samples_leaf': 1, 'min_samples_split': 5, 'n_estimators': 1500}",2.03617285490689,0.969859252616532,9.06462454795837
Random Forest,Enhanced,6,"{'max_depth': 30, 'min_samples_leaf': 1, 'min_samples_split': 10, 'n_estimators': 500}",2.00210297210071,0.970859462978181,2.80271029472351
Random Forest,Enhanced,6,"{'max_depth': 30, 'min_samples_leaf': 1, 'min_samples_split': 10, 'n_estimators': 1000}",1.99338680317225,0.971112637729845,5.59657168388367
Random Forest,Enhanced,6,"{'max_depth': 30, 'min_samples_leaf': 1, 'min_samples_split': 10, 'n_estimators': 1500}",1.97801842064607,0.971556345562034,8.39492273330689
Random Forest,Enhanced,6,"{'max_depth': 30, 'min_samples_leaf': 2, 'min_samples_split': 2, 'n_estimators': 500}",2.09852012813911,0.967985184113569,2.89347791671753
Random Forest,Enhanced,6,"{'max_depth': 30, 'min_samples_leaf': 2, 'min_samples_split': 2, 'n_estimators': 1000}",2.10127801416031,0.967900980745949,5.77266597747803
Random Forest,Enhanced,6,"{'max_depth': 30, 'min_samples_leaf': 2, 'min_samples_split': 2, 'n_estimators': 1500}",2.08287694039824,0.96846070697187,8.65071201324463
Random Forest,Enhanced,6,"{'max_depth': 30, 'min_samples_leaf': 2, 'min_samples_split': 5, 'n_estimators': 500}",2.09509370828767,0.968089645009026,2.8394021987915
Random Forest,Enhanced,6,"{'max_depth': 30, 'min_samples_leaf': 2, 'min_samples_split': 5, 'n_estimators': 1000}",2.09787325148944,0.968004918444111,5.67580676078796
Random Forest,Enhanced,6,"{'max_depth': 30, 'min_samples_leaf': 2, 'min_samples_split': 5, 'n_estimators': 1500}",2.08506420264121,0.968394432364436,8.52597284317017
Random Forest,Enhanced,6,"{'max_depth': 30, 'min_samples_leaf': 2, 'min_samples_split': 10, 'n_estimators': 500}",2.05690558563666,0.969242329128791,2.67726516723633
Random Forest,Enhanced,6,"{'max_depth': 30, 'min_samples_leaf': 2, 'min_samples_split': 10, 'n_estimators': 1000}",2.05453720399429,0.969313118925954,5.35734844207764
Random Forest,Enhanced,6,"{'max_depth': 30, 'min_samples_leaf': 2, 'min_samples_split': 10, 'n_estimators': 1500}",2.04647812509591,0.969553390022532,8.01058483123779
Random Forest,Enhanced,6,"{'max_depth': 30, 'min_samples_leaf': 4, 'min_samples_split': 2, 'n_estimators': 500}",2.05186738289788,0.969392820817242,2.55271244049072
Random Forest,Enhanced,6,"{'max_depth': 30, 'min_samples_leaf': 4, 'min_samples_split': 2, 'n_estimators': 1000}",2.05443409586588,0.969316198926134,5.10403895378113
Random Forest,Enhanced,6,"{'max_depth': 30, 'min_samples_leaf': 4, 'min_samples_split': 2, 'n_estimators': 1500}",2.05043130382304,0.969435649070528,7.64120435714722
Random Forest,Enhanced,6,"{'max_depth': 30, 'min_samples_leaf': 4, 'min_samples_split': 5, 'n_estimators': 500}",2.05186738289788,0.969392820817242,2.55340933799744
Random Forest,Enhanced,6,"{'max_depth': 30, 'min_samples_leaf': 4, 'min_samples_split': 5, 'n_estimators': 1000}",2.05443409586588,0.969316198926134,5.09690475463867
Random Forest,Enhanced,6,"{'max_depth': 30, 'min_samples_leaf': 4, 'min_samples_split': 5, 'n_estimators': 1500}",2.05043130382304,0.969435649070528,7.63976907730103
Random Forest,Enhanced,6,"{'max_depth': 30, 'min_samples_leaf': 4, 'min_samples_split': 10, 'n_estimators': 500}",2.04903021870844,0.969477404798909,2.50895190238953
Random Forest,Enhanced,6,"{'max_depth': 30, 'min_samples_leaf': 4, 'min_samples_split': 10, 'n_estimators': 1000}",2.05578462839241,0.969275844171414,5.02641081809998
Random Forest,Enhanced,6,"{'max_depth': 30, 'min_samples_leaf': 4, 'min_samples_split': 10, 'n_estimators': 1500}",2.05017500874663,0.969443289417284,7.52259063720703
Random Forest,Enhanced,7,"{'max_depth': None, 'min_samples_leaf': 1, 'min_samples_split': 2, 'n_estimators': 500}",1.32857794438632,0.988157545675836,3.23777914047241
Random Forest,Enhanced,7,"{'max_depth': None, 'min_samples_leaf': 1, 'min_samples_split': 2, 'n_estimators': 1000}",1.33062000023291,0.988121113431752,6.49446678161621
Random Forest,Enhanced,7,"{'max_depth': None, 'min_samples_leaf': 1, 'min_samples_split': 2, 'n_estimators': 1500}",1.34129121815392,0.987929818416357,9.73423576354981
Random Forest,Enhanced,7,"{'max_depth': None, 'min_samples_leaf': 1, 'min_samples_split': 5, 'n_estimators': 500}",1.3049089951828,0.988575739666538,3.0281229019165
Random Forest,Enhanced,7,"{'max_depth': None, 'min_samples_leaf': 1, 'min_samples_split': 5, 'n_estimators': 1000}",1.30401470815749,0.988591392968021,6.12860989570618
Random Forest,Enhanced,7,"{'max_depth': None, 'min_samples_leaf': 1, 'min_samples_split': 5, 'n_estimators': 1500}",1.30822987603264,0.988517518161825,9.09170508384705
Random Forest,Enhanced,7,"{'max_depth': None, 'min_samples_leaf': 1, 'min_samples_split': 10, 'n_estimators': 500}",1.42089791086532,0.986454551393901,2.79829382896423
Random Forest,Enhanced,7,"{'max_depth': None, 'min_samples_leaf': 1, 'min_samples_split': 10, 'n_estimators': 1000}",1.41749674058021,0.986519320633338,5.58765625953674
Random Forest,Enhanced,7,"{'max_depth': None, 'min_samples_leaf': 1, 'min_samples_split': 10, 'n_estimators': 1500}",1.42198682422398,0.98643378217237,8.35589647293091
Random Forest,Enhanced,7,"{'max_depth': None, 'min_samples_leaf': 2, 'min_samples_split': 2, 'n_estimators': 500}",1.28796496975947,0.98887049769484,2.88273692131043
Random Forest,Enhanced,7,"{'max_depth': None, 'min_samples_leaf': 2, 'min_samples_split': 2, 'n_estimators': 1000}",1.28005286822059,0.989006817052048,5.7553288936615
Random Forest,Enhanced,7,"{'max_depth': None, 'min_samples_leaf': 2, 'min_samples_split': 2, 'n_estimators': 1500}",1.28258566950061,0.988963270265629,8.62116622924805
Random Forest,Enhanced,7,"{'max_depth': None, 'min_samples_leaf': 2, 'min_samples_split': 5, 'n_estimators': 500}",1.32486429404304,0.988223657370553,2.83007454872131
Random Forest,Enhanced,7,"{'max_depth': None, 'min_samples_leaf': 2, 'min_samples_split': 5, 'n_estimators': 1000}",1.32196077468181,0.98827521792835,5.66625881195068
Random Forest,Enhanced,7,"{'max_depth': None, 'min_samples_leaf': 2, 'min_samples_split': 5, 'n_estimators': 1500}",1.32158187359823,0.988281938091393,8.49456000328064
Random Forest,Enhanced,7,"{'max_depth': None, 'min_samples_leaf': 2, 'min_samples_split': 10, 'n_estimators': 500}",1.43738389177849,0.98613840554886,2.66787838935852
Random Forest,Enhanced,7,"{'max_depth': None, 'min_samples_leaf': 2, 'min_samples_split': 10, 'n_estimators': 1000}",1.43103022299498,0.98626067953307,5.31183576583862
Random Forest,Enhanced,7,"{'max_depth': None, 'min_samples_leaf': 2, 'min_samples_split': 10, 'n_estimators': 1500}",1.4325756917128,0.986230987419639,8.02834177017212
Random Forest,Enhanced,7,"{'max_depth': None, 'min_samples_leaf': 4, 'min_samples_split': 2, 'n_estimators': 500}",1.38278136921257,0.987171535392471,2.56389737129211
Random Forest,Enhanced,7,"{'max_depth': None, 'min_samples_leaf': 4, 'min_samples_split': 2, 'n_estimators': 1000}",1.38265287761491,0.987173919389486,5.10270428657532
Random Forest,Enhanced,7,"{'max_depth': None, 'min_samples_leaf': 4, 'min_samples_split': 2, 'n_estimators': 1500}",1.38199223046302,0.987186173353431,7.63466215133667
Random Forest,Enhanced,7,"{'max_depth': None, 'min_samples_leaf': 4, 'min_samples_split': 5, 'n_estimators': 500}",1.38278136921257,0.987171535392471,2.54379558563232
Random Forest,Enhanced,7,"{'max_depth': None, 'min_samples_leaf': 4, 'min_samples_split': 5, 'n_estimators': 1000}",1.38265287761491,0.987173919389486,5.08187794685364
Random Forest,Enhanced,7,"{'max_depth': None, 'min_samples_leaf': 4, 'min_samples_split': 5, 'n_estimators': 1500}",1.38199223046302,0.987186173353431,7.67623615264893
Random Forest,Enhanced,7,"{'max_depth': None, 'min_samples_leaf': 4, 'min_samples_split': 10, 'n_estimators': 500}",1.41757042735726,0.986517919044741,2.51133871078491
Random Forest,Enhanced,7,"{'max_depth': None, 'min_samples_leaf': 4, 'min_samples_split': 10, 'n_estimators': 1000}",1.41405199439657,0.986584761480057,5.00135326385498
Random Forest,Enhanced,7,"{'max_depth': None, 'min_samples_leaf': 4, 'min_samples_split': 10, 'n_estimators': 1500}",1.41054942716617,0.986651137513346,7.55112457275391
Random Forest,Enhanced,7,"{'max_depth': 10, 'min_samples_leaf': 1, 'min_samples_split': 2, 'n_estimators': 500}",1.33367347492268,0.988066532112684,2.24051976203918
Random Forest,Enhanced,7,"{'max_depth': 10, 'min_samples_leaf': 1, 'min_samples_split': 2, 'n_estimators': 1000}",1.32877148767293,0.988154095077414,4.46613502502441
Random Forest,Enhanced,7,"{'max_depth': 10, 'min_samples_leaf': 1, 'min_samples_split': 2, 'n_estimators': 1500}",1.327235661271,0.988181462822133,6.76171112060547
Random Forest,Enhanced,7,"{'max_depth': 10, 'min_samples_leaf': 1, 'min_samples_split': 5, 'n_estimators': 500}",1.28362103321068,0.988945444334878,2.19754028320313
Random Forest,Enhanced,7,"{'max_depth': 10, 'min_samples_leaf': 1, 'min_samples_split': 5, 'n_estimators': 1000}",1.28464748198842,0.988927757694272,4.40024352073669
Random Forest,Enhanced,7,"{'max_depth': 10, 'min_samples_leaf': 1, 'min_samples_split': 5, 'n_estimators': 1500}",1.2917406126377,0.988805150237428,6.57258200645447
Random Forest,Enhanced,7,"{'max_depth': 10, 'min_samples_leaf': 1, 'min_samples_split': 10, 'n_estimators': 500}",1.41654152589455,0.986537483079592,2.17107224464417
Random Forest,Enhanced,7,"{'max_depth': 10, 'min_samples_leaf': 1, 'min_samples_split': 10, 'n_estimators': 1000}",1.4134022510719,0.986597086994461,4.33718252182007
Random Forest,Enhanced,7,"{'max_depth': 10, 'min_samples_leaf': 1, 'min_samples_split': 10, 'n_estimators': 1500}",1.41578918758232,0.986551779416746,6.51141238212585
Random Forest,Enhanced,7,"{'max_depth': 10, 'min_samples_leaf': 2, 'min_samples_split': 2, 'n_estimators': 500}",1.28707663086948,0.988885844944789,2.195796251297
Random Forest,Enhanced,7,"{'max_depth': 10, 'min_samples_leaf': 2, 'min_samples_split': 2, 'n_estimators': 1000}",1.27260821079711,0.989134315681371,4.39579105377197
Random Forest,Enhanced,7,"{'max_depth': 10, 'min_samples_leaf': 2, 'min_samples_split': 2, 'n_estimators': 1500}",1.27264150491093,0.989133747135515,6.5442476272583
Random Forest,Enhanced,7,"{'max_depth': 10, 'min_samples_leaf': 2, 'min_samples_split': 5, 'n_estimators': 500}",1.3173811448609,0.988356312852437,2.17731022834778
Random Forest,Enhanced,7,"{'max_depth': 10, 'min_samples_leaf': 2, 'min_samples_split': 5, 'n_estimators': 1000}",1.30959436468058,0.988493553127623,4.37341976165772
Random Forest,Enhanced,7,"{'max_depth': 10, 'min_samples_leaf': 2, 'min_samples_split': 5, 'n_estimators': 1500}",1.31017625220335,0.988483325616675,6.56690621376038
Random Forest,Enhanced,7,"{'max_depth': 10, 'min_samples_leaf': 2, 'min_samples_split': 10, 'n_estimators': 500}",1.43645135460376,0.986156385796208,2.16428184509277
Random Forest,Enhanced,7,"{'max_depth': 10, 'min_samples_leaf': 2, 'min_samples_split': 10, 'n_estimators': 1000}",1.43065573300038,0.986267869548668,4.3327066898346
Random Forest,Enhanced,7,"{'max_depth': 10, 'min_samples_leaf': 2, 'min_samples_split': 10, 'n_estimators': 1500}",1.43113951786509,0.986258580772939,6.47172260284424
Random Forest,Enhanced,7,"{'max_depth': 10, 'min_samples_leaf': 4, 'min_samples_split': 2, 'n_estimators': 500}",1.38137189010227,0.987197674358479,2.16681957244873
Random Forest,Enhanced,7,"{'max_depth': 10, 'min_samples_leaf': 4, 'min_samples_split': 2, 'n_estimators': 1000}",1.3794232664657,0.98723376792448,4.30186915397644
Random Forest,Enhanced,7,"{'max_depth': 10, 'min_samples_leaf': 4, 'min_samples_split': 2, 'n_estimators': 1500}",1.37834958471112,0.987253633525384,6.45458507537842
Random Forest,Enhanced,7,"{'max_depth': 10, 'min_samples_leaf': 4, 'min_samples_split': 5, 'n_estimators': 500}",1.38137189010227,0.987197674358479,2.15254163742065
Random Forest,Enhanced,7,"{'max_depth': 10, 'min_samples_leaf': 4, 'min_samples_split': 5, 'n_estimators': 1000}",1.3794232664657,0.98723376792448,4.29797530174255
Random Forest,Enhanced,7,"{'max_depth': 10, 'min_samples_leaf': 4, 'min_samples_split': 5, 'n_estimators': 1500}",1.37834958471112,0.987253633525384,6.413978099823
Random Forest,Enhanced,7,"{'max_depth': 10, 'min_samples_leaf': 4, 'min_samples_split': 10, 'n_estimators': 500}",1.41576168348829,0.986552301920426,2.12997317314148
Random Forest,Enhanced,7,"{'max_depth': 10, 'min_samples_leaf': 4, 'min_samples_split': 10, 'n_estimators': 1000}",1.41124764514105,0.986637918944266,4.28663015365601
Random Forest,Enhanced,7,"{'max_depth': 10, 'min_samples_leaf': 4, 'min_samples_split': 10, 'n_estimators': 1500}",1.40850319322217,0.986689838862812,6.37656283378601
Random Forest,Enhanced,7,"{'max_depth': 20, 'min_samples_leaf': 1, 'min_samples_split': 2, 'n_estimators': 500}",1.3643012956092,0.987512134155481,3.15445184707642
Random Forest,Enhanced,7,"{'max_depth': 20, 'min_samples_leaf': 1, 'min_samples_split': 2, 'n_estimators': 1000}",1.34222927693933,0.987912929467791,6.31238770484924
Random Forest,Enhanced,7,"{'max_depth': 20, 'min_samples_leaf': 1, 'min_samples_split': 2, 'n_estimators': 1500}",1.34695926630557,0.987827590171345,9.47140312194824
Random Forest,Enhanced,7,"{'max_depth': 20, 'min_samples_leaf': 1, 'min_samples_split': 5, 'n_estimators': 500}",1.29586462936401,0.988733554678856,2.96451354026794
Random Forest,Enhanced,7,"{'max_depth': 20, 'min_samples_leaf': 1, 'min_samples_split': 5, 'n_estimators': 1000}",1.30191648864896,0.988628077375353,5.97258281707764
Random Forest,Enhanced,7,"{'max_depth': 20, 'min_samples_leaf': 1, 'min_samples_split': 5, 'n_estimators': 1500}",1.30666565979666,0.988544960352299,8.94347763061523
Random Forest,Enhanced,7,"{'max_depth': 20, 'min_samples_leaf': 1, 'min_samples_split': 10, 'n_estimators': 500}",1.41539689369152,0.986559230983576,2.78952646255493
Random Forest,Enhanced,7,"{'max_depth': 20, 'min_samples_leaf': 1, 'min_samples_split': 10, 'n_estimators': 1000}",1.41904457994021,0.986489864031671,5.5571870803833
Random Forest,Enhanced,7,"{'max_depth': 20, 'min_samples_leaf': 1, 'min_samples_split': 10, 'n_estimators': 1500}",1.42051184185854,0.986461911201252,8.30557656288147
Random Forest,Enhanced,7,"{'max_depth': 20, 'min_samples_leaf': 2, 'min_samples_split': 2, 'n_estimators': 500}",1.28965669742355,0.988841241538623,2.85648322105408
Random Forest,Enhanced,7,"{'max_depth': 20, 'min_samples_leaf': 2, 'min_samples_split': 2, 'n_estimators': 1000}",1.2756582164255,0.989082170628191,5.76506686210632
Random Forest,Enhanced,7,"{'max_depth': 20, 'min_samples_leaf': 2, 'min_samples_split': 2, 'n_estimators': 1500}",1.27784499532894,0.989044707078441,8.65798091888428
Random Forest,Enhanced,7,"{'max_depth': 20, 'min_samples_leaf': 2, 'min_samples_split': 5, 'n_estimators': 500}",1.32973084586789,0.988136983680039,2.8162407875061
Random Forest,Enhanced,7,"{'max_depth': 20, 'min_samples_leaf': 2, 'min_samples_split': 5, 'n_estimators': 1000}",1.31881920674976,0.98833087832741,5.65010833740234
Random Forest,Enhanced,7,"{'max_depth': 20, 'min_samples_leaf': 2, 'min_samples_split': 5, 'n_estimators': 1500}",1.32021703673502,0.988306128775041,8.4947657585144
Random Forest,Enhanced,7,"{'max_depth': 20, 'min_samples_leaf': 2, 'min_samples_split': 10, 'n_estimators': 500}",1.43790383476183,0.98612837546247,2.66754007339478
Random Forest,Enhanced,7,"{'max_depth': 20, 'min_samples_leaf': 2, 'min_samples_split': 10, 'n_estimators': 1000}",1.43097084050422,0.986261819771941,5.34385657310486
Random Forest,Enhanced,7,"{'max_depth': 20, 'min_samples_leaf': 2, 'min_samples_split': 10, 'n_estimators': 1500}",1.434817794934,0.986187854332932,7.98801612854004
Random Forest,Enhanced,7,"{'max_depth': 20, 'min_samples_leaf': 4, 'min_samples_split': 2, 'n_estimators': 500}",1.38137709604696,0.987197577862633,2.55513072013855
Random Forest,Enhanced,7,"{'max_depth': 20, 'min_samples_leaf': 4, 'min_samples_split': 2, 'n_estimators': 1000}",1.38163341222815,0.987192826412211,5.10796356201172
Random Forest,Enhanced,7,"{'max_depth': 20, 'min_samples_leaf': 4, 'min_samples_split': 2, 'n_estimators': 1500}",1.38144204720785,0.987196373916612,7.60772633552551
Random Forest,Enhanced,7,"{'max_depth': 20, 'min_samples_leaf': 4, 'min_samples_split': 5, 'n_estimators': 500}",1.38137709604696,0.987197577862633,2.55994772911072
Random Forest,Enhanced,7,"{'max_depth': 20, 'min_samples_leaf': 4, 'min_samples_split': 5, 'n_estimators': 1000}",1.38163341222815,0.987192826412211,5.11764812469482
Random Forest,Enhanced,7,"{'max_depth': 20, 'min_samples_leaf': 4, 'min_samples_split': 5, 'n_estimators': 1500}",1.38144204720785,0.987196373916612,7.64174938201904
Random Forest,Enhanced,7,"{'max_depth': 20, 'min_samples_leaf': 4, 'min_samples_split': 10, 'n_estimators': 500}",1.41521905356616,0.986562608351282,2.50672101974487
Random Forest,Enhanced,7,"{'max_depth': 20, 'min_samples_leaf': 4, 'min_samples_split': 10, 'n_estimators': 1000}",1.4121874992925,0.986620115422423,5.00076246261597
Random Forest,Enhanced,7,"{'max_depth': 20, 'min_samples_leaf': 4, 'min_samples_split': 10, 'n_estimators': 1500}",1.40993225653953,0.986662816258278,7.48916292190552
Random Forest,Enhanced,7,"{'max_depth': 30, 'min_samples_leaf': 1, 'min_samples_split': 2, 'n_estimators': 500}",1.32937616885766,0.988143311243303,3.24252438545227
Random Forest,Enhanced,7,"{'max_depth': 30, 'min_samples_leaf': 1, 'min_samples_split': 2, 'n_estimators': 1000}",1.32788955670789,0.988169814564821,6.46517491340637
Random Forest,Enhanced,7,"{'max_depth': 30, 'min_samples_leaf': 1, 'min_samples_split': 2, 'n_estimators': 1500}",1.34141663576403,0.987927561063022,9.68314862251282
Random Forest,Enhanced,7,"{'max_depth': 30, 'min_samples_leaf': 1, 'min_samples_split': 5, 'n_estimators': 500}",1.30219410629731,0.98862322701353,3.02862906455994
Random Forest,Enhanced,7,"{'max_depth': 30, 'min_samples_leaf': 1, 'min_samples_split': 5, 'n_estimators': 1000}",1.30335146138437,0.988602995287324,6.05166673660278
Random Forest,Enhanced,7,"{'max_depth': 30, 'min_samples_leaf': 1, 'min_samples_split': 5, 'n_estimators': 1500}",1.30796315099701,0.988522199836234,9.07351732254028
Random Forest,Enhanced,7,"{'max_depth': 30, 'min_samples_leaf': 1, 'min_samples_split': 10, 'n_estimators': 500}",1.42098531828729,0.986452884829189,2.8037748336792
Random Forest,Enhanced,7,"{'max_depth': 30, 'min_samples_leaf': 1, 'min_samples_split': 10, 'n_estimators': 1000}",1.41719211160986,0.986525114176405,5.60752058029175
Random Forest,Enhanced,7,"{'max_depth': 30, 'min_samples_leaf': 1, 'min_samples_split': 10, 'n_estimators': 1500}",1.42173033909702,0.986438675634446,8.40695834159851
Random Forest,Enhanced,7,"{'max_depth': 30, 'min_samples_leaf': 2, 'min_samples_split': 2, 'n_estimators': 500}",1.28720120222751,0.98888369344525,2.89667248725891
Random Forest,Enhanced,7,"{'max_depth': 30, 'min_samples_leaf': 2, 'min_samples_split': 2, 'n_estimators': 1000}",1.27990755069473,0.989009312904382,5.79141402244568
Random Forest,Enhanced,7,"{'max_depth': 30, 'min_samples_leaf': 2, 'min_samples_split': 2, 'n_estimators': 1500}",1.28248275633636,0.988965041342975,8.67912602424622
Random Forest,Enhanced,7,"{'max_depth': 30, 'min_samples_leaf': 2, 'min_samples_split': 5, 'n_estimators': 500}",1.32471590891632,0.98822629512937,2.84716415405273
Random Forest,Enhanced,7,"{'max_depth': 30, 'min_samples_leaf': 2, 'min_samples_split': 5, 'n_estimators': 1000}",1.32187771971664,0.988276691150241,5.68994212150574
Random Forest,Enhanced,7,"{'max_depth': 30, 'min_samples_leaf': 2, 'min_samples_split': 5, 'n_estimators': 1500}",1.32166461937567,0.9882804706825,8.52902150154114
Random Forest,Enhanced,7,"{'max_depth': 30, 'min_samples_leaf': 2, 'min_samples_split': 10, 'n_estimators': 500}",1.43738389177849,0.98613840554886,2.67723178863525
Random Forest,Enhanced,7,"{'max_depth': 30, 'min_samples_leaf': 2, 'min_samples_split': 10, 'n_estimators': 1000}",1.43100339378875,0.986261194702633,5.34306335449219
Random Forest,Enhanced,7,"{'max_depth': 30, 'min_samples_leaf': 2, 'min_samples_split': 10, 'n_estimators': 1500}",1.43255713880104,0.986231344055065,7.9862585067749
Random Forest,Enhanced,7,"{'max_depth': 30, 'min_samples_leaf': 4, 'min_samples_split': 2, 'n_estimators': 500}",1.38278136921257,0.987171535392471,2.53958415985107
Random Forest,Enhanced,7,"{'max_depth': 30, 'min_samples_leaf': 4, 'min_samples_split': 2, 'n_estimators': 1000}",1.38265287761491,0.987173919389486,5.11176824569702
Random Forest,Enhanced,7,"{'max_depth': 30, 'min_samples_leaf': 4, 'min_samples_split': 2, 'n_estimators': 1500}",1.38199223046302,0.987186173353431,7.65670776367188
Random Forest,Enhanced,7,"{'max_depth': 30, 'min_samples_leaf': 4, 'min_samples_split': 5, 'n_estimators': 500}",1.38278136921257,0.987171535392471,2.5584135055542
Random Forest,Enhanced,7,"{'max_depth': 30, 'min_samples_leaf': 4, 'min_samples_split': 5, 'n_estimators': 1000}",1.38265287761491,0.987173919389486,5.10199856758118
Random Forest,Enhanced,7,"{'max_depth': 30, 'min_samples_leaf': 4, 'min_samples_split': 5, 'n_estimators': 1500}",1.38199223046302,0.987186173353431,7.63083744049072
Random Forest,Enhanced,7,"{'max_depth': 30, 'min_samples_leaf': 4, 'min_samples_split': 10, 'n_estimators': 500}",1.41757042735726,0.986517919044741,2.50051331520081
Random Forest,Enhanced,7,"{'max_depth': 30, 'min_samples_leaf': 4, 'min_samples_split': 10, 'n_estimators': 1000}",1.41405199439657,0.986584761480057,5.01159858703613
Random Forest,Enhanced,7,"{'max_depth': 30, 'min_samples_leaf': 4, 'min_samples_split': 10, 'n_estimators': 1500}",1.41054942716617,0.986651137513346,7.48970651626587
Random Forest,Enhanced,8,"{'max_depth': None, 'min_samples_leaf': 1, 'min_samples_split': 2, 'n_estimators': 500}",2.72548645191616,0.943743777686714,3.37962603569031
Random Forest,Enhanced,8,"{'max_depth': None, 'min_samples_leaf': 1, 'min_samples_split': 2, 'n_estimators': 1000}",2.71386125755161,0.9442226608352,6.5254385471344
Random Forest,Enhanced,8,"{'max_depth': None, 'min_samples_leaf': 1, 'min_samples_split': 2, 'n_estimators': 1500}",2.71951475596306,0.943990028786234,9.76542139053345
Random Forest,Enhanced,8,"{'max_depth': None, 'min_samples_leaf': 1, 'min_samples_split': 5, 'n_estimators': 500}",2.76921983486721,0.941923908943425,3.05177330970764
Random Forest,Enhanced,8,"{'max_depth': None, 'min_samples_leaf': 1, 'min_samples_split': 5, 'n_estimators': 1000}",2.73763331700173,0.943241218241311,6.08121418952942
Random Forest,Enhanced,8,"{'max_depth': None, 'min_samples_leaf': 1, 'min_samples_split': 5, 'n_estimators': 1500}",2.74113026860763,0.943096122490886,9.17010092735291
Random Forest,Enhanced,8,"{'max_depth': None, 'min_samples_leaf': 1, 'min_samples_split': 10, 'n_estimators': 500}",2.72015774093063,0.943963540364463,2.838219165802
Random Forest,Enhanced,8,"{'max_depth': None, 'min_samples_leaf': 1, 'min_samples_split': 10, 'n_estimators': 1000}",2.69408474174571,0.945032622822479,5.66952133178711
Random Forest,Enhanced,8,"{'max_depth': None, 'min_samples_leaf': 1, 'min_samples_split': 10, 'n_estimators': 1500}",2.68909317050418,0.945236120059731,8.48848605155945
Random Forest,Enhanced,8,"{'max_depth': None, 'min_samples_leaf': 2, 'min_samples_split': 2, 'n_estimators': 500}",2.67430743833346,0.945836692753558,2.93126964569092
Random Forest,Enhanced,8,"{'max_depth': None, 'min_samples_leaf': 2, 'min_samples_split': 2, 'n_estimators': 1000}",2.62862619198081,0.947671272718881,5.85483765602112
Random Forest,Enhanced,8,"{'max_depth': None, 'min_samples_leaf': 2, 'min_samples_split': 2, 'n_estimators': 1500}",2.63711922820236,0.947332580401778,8.78242611885071
Random Forest,Enhanced,8,"{'max_depth': None, 'min_samples_leaf': 2, 'min_samples_split': 5, 'n_estimators': 500}",2.64806636468397,0.946894409750307,2.86955571174622
Random Forest,Enhanced,8,"{'max_depth': None, 'min_samples_leaf': 2, 'min_samples_split': 5, 'n_estimators': 1000}",2.60855965445199,0.948467162516152,5.72380113601685
Random Forest,Enhanced,8,"{'max_depth': None, 'min_samples_leaf': 2, 'min_samples_split': 5, 'n_estimators': 1500}",2.62066252411632,0.947987861928902,8.60870432853699
Random Forest,Enhanced,8,"{'max_depth': None, 'min_samples_leaf': 2, 'min_samples_split': 10, 'n_estimators': 500}",2.64124681775055,0.947167582463014,2.68846774101257
Random Forest,Enhanced,8,"{'max_depth': None, 'min_samples_leaf': 2, 'min_samples_split': 10, 'n_estimators': 1000}",2.58790442888414,0.949280031180817,5.3884494304657
Random Forest,Enhanced,8,"{'max_depth': None, 'min_samples_leaf': 2, 'min_samples_split': 10, 'n_estimators': 1500}",2.59284939294524,0.949086014707584,8.0645010471344
Random Forest,Enhanced,8,"{'max_depth': None, 'min_samples_leaf': 4, 'min_samples_split': 2, 'n_estimators': 500}",2.40262548268139,0.956282565486444,2.57860088348389
Random Forest,Enhanced,8,"{'max_depth': None, 'min_samples_leaf': 4, 'min_samples_split': 2, 'n_estimators': 1000}",2.39579324758761,0.956530846469151,5.1657886505127
Random Forest,Enhanced,8,"{'max_depth': None, 'min_samples_leaf': 4, 'min_samples_split': 2, 'n_estimators': 1500}",2.39936049208006,0.956401302284417,7.75287532806397
Random Forest,Enhanced,8,"{'max_depth': None, 'min_samples_leaf': 4, 'min_samples_split': 5, 'n_estimators': 500}",2.40262548268139,0.956282565486444,2.57855272293091
Random Forest,Enhanced,8,"{'max_depth': None, 'min_samples_leaf': 4, 'min_samples_split': 5, 'n_estimators': 1000}",2.39579324758761,0.956530846469151,5.16232681274414
Random Forest,Enhanced,8,"{'max_depth': None, 'min_samples_leaf': 4, 'min_samples_split': 5, 'n_estimators': 1500}",2.39936049208006,0.956401302284417,7.73396992683411
Random Forest,Enhanced,8,"{'max_depth': None, 'min_samples_leaf': 4, 'min_samples_split': 10, 'n_estimators': 500}",2.41228740634093,0.955930247718194,2.54499745368958
Random Forest,Enhanced,8,"{'max_depth': None, 'min_samples_leaf': 4, 'min_samples_split': 10, 'n_estimators': 1000}",2.40451899511657,0.95621363079329,5.10061287879944
Random Forest,Enhanced,8,"{'max_depth': None, 'min_samples_leaf': 4, 'min_samples_split': 10, 'n_estimators': 1500}",2.41003649185482,0.956012452651892,7.59192514419556
Random Forest,Enhanced,8,"{'max_depth': 10, 'min_samples_leaf': 1, 'min_samples_split': 2, 'n_estimators': 500}",2.73131471707568,0.943502920315653,2.23873782157898
Random Forest,Enhanced,8,"{'max_depth': 10, 'min_samples_leaf': 1, 'min_samples_split': 2, 'n_estimators': 1000}",2.71360035947083,0.944233384670995,4.48570823669434
Random Forest,Enhanced,8,"{'max_depth': 10, 'min_samples_leaf': 1, 'min_samples_split': 2, 'n_estimators': 1500}",2.70668700557325,0.944517172399175,6.72807717323303
Random Forest,Enhanced,8,"{'max_depth': 10, 'min_samples_leaf': 1, 'min_samples_split': 5, 'n_estimators': 500}",2.75545783914754,0.942499707900253,2.21139025688171
Random Forest,Enhanced,8,"{'max_depth': 10, 'min_samples_leaf': 1, 'min_samples_split': 5, 'n_estimators': 1000}",2.73828757549554,0.943214085789195,4.42550110816956
Random Forest,Enhanced,8,"{'max_depth': 10, 'min_samples_leaf': 1, 'min_samples_split': 5, 'n_estimators': 1500}",2.73765478065499,0.943240328234911,6.61202478408814
Random Forest,Enhanced,8,"{'max_depth': 10, 'min_samples_leaf': 1, 'min_samples_split': 10, 'n_estimators': 500}",2.74180063489065,0.943068286451273,2.17763209342957
Random Forest,Enhanced,8,"{'max_depth': 10, 'min_samples_leaf': 1, 'min_samples_split': 10, 'n_estimators': 1000}",2.69964672155864,0.944805426530532,4.36296629905701
Random Forest,Enhanced,8,"{'max_depth': 10, 'min_samples_leaf': 1, 'min_samples_split': 10, 'n_estimators': 1500}",2.69133956281386,0.945144585452977,6.51963615417481
Random Forest,Enhanced,8,"{'max_depth': 10, 'min_samples_leaf': 2, 'min_samples_split': 2, 'n_estimators': 500}",2.65830670829207,0.946482886080247,2.2036771774292
Random Forest,Enhanced,8,"{'max_depth': 10, 'min_samples_leaf': 2, 'min_samples_split': 2, 'n_estimators': 1000}",2.62462873089159,0.947830308641047,4.39097833633423
Random Forest,Enhanced,8,"{'max_depth': 10, 'min_samples_leaf': 2, 'min_samples_split': 2, 'n_estimators': 1500}",2.62946807714468,0.947637748108867,6.5861337184906
Random Forest,Enhanced,8,"{'max_depth': 10, 'min_samples_leaf': 2, 'min_samples_split': 5, 'n_estimators': 500}",2.64709467705888,0.946933375977189,2.18597435951233
Random Forest,Enhanced,8,"{'max_depth': 10, 'min_samples_leaf': 2, 'min_samples_split': 5, 'n_estimators': 1000}",2.61734112490731,0.94811961762043,4.38117957115173
Random Forest,Enhanced,8,"{'max_depth': 10, 'min_samples_leaf': 2, 'min_samples_split': 5, 'n_estimators': 1500}",2.62194557029098,0.947936920374798,6.56270408630371
Random Forest,Enhanced,8,"{'max_depth': 10, 'min_samples_leaf': 2, 'min_samples_split': 10, 'n_estimators': 500}",2.63674431082608,0.947347554716878,2.21251249313355
Random Forest,Enhanced,8,"{'max_depth': 10, 'min_samples_leaf': 2, 'min_samples_split': 10, 'n_estimators': 1000}",2.58624348788295,0.949345115378612,4.31373476982117
Random Forest,Enhanced,8,"{'max_depth': 10, 'min_samples_leaf': 2, 'min_samples_split': 10, 'n_estimators': 1500}",2.59382840656883,0.949047559025776,6.47371459007263
Random Forest,Enhanced,8,"{'max_depth': 10, 'min_samples_leaf': 4, 'min_samples_split': 2, 'n_estimators': 500}",2.39756960687559,0.956466362222959,2.15199851989746
Random Forest,Enhanced,8,"{'max_depth': 10, 'min_samples_leaf': 4, 'min_samples_split': 2, 'n_estimators': 1000}",2.39397001398357,0.956596982613955,4.32122111320496
Random Forest,Enhanced,8,"{'max_depth': 10, 'min_samples_leaf': 4, 'min_samples_split': 2, 'n_estimators': 1500}",2.39548144490983,0.956542160397429,6.4498279094696
Random Forest,Enhanced,8,"{'max_depth': 10, 'min_samples_leaf': 4, 'min_samples_split': 5, 'n_estimators': 500}",2.39756960687559,0.956466362222959,2.1533031463623
Random Forest,Enhanced,8,"{'max_depth': 10, 'min_samples_leaf': 4, 'min_samples_split': 5, 'n_estimators': 1000}",2.39397001398357,0.956596982613955,4.29926419258118
Random Forest,Enhanced,8,"{'max_depth': 10, 'min_samples_leaf': 4, 'min_samples_split': 5, 'n_estimators': 1500}",2.39548144490983,0.956542160397429,6.44248414039612
Random Forest,Enhanced,8,"{'max_depth': 10, 'min_samples_leaf': 4, 'min_samples_split': 10, 'n_estimators': 500}",2.41102897273249,0.955976216031465,2.14122533798218
Random Forest,Enhanced,8,"{'max_depth': 10, 'min_samples_leaf': 4, 'min_samples_split': 10, 'n_estimators': 1000}",2.40349237659641,0.956251012324862,4.27943277359009
Random Forest,Enhanced,8,"{'max_depth': 10, 'min_samples_leaf': 4, 'min_samples_split': 10, 'n_estimators': 1500}",2.40901922295685,0.956049578828319,6.43486595153809
Random Forest,Enhanced,8,"{'max_depth': 20, 'min_samples_leaf': 1, 'min_samples_split': 2, 'n_estimators': 500}",2.74181708135997,0.943067603448668,3.18873381614685
Random Forest,Enhanced,8,"{'max_depth': 20, 'min_samples_leaf': 1, 'min_samples_split': 2, 'n_estimators': 1000}",2.71835825174124,0.944037656396799,6.37137532234192
Random Forest,Enhanced,8,"{'max_depth': 20, 'min_samples_leaf': 1, 'min_samples_split': 2, 'n_estimators': 1500}",2.71788394024546,0.94405718382087,9.55448222160339
Random Forest,Enhanced,8,"{'max_depth': 20, 'min_samples_leaf': 1, 'min_samples_split': 5, 'n_estimators': 500}",2.76675479789143,0.942027256458737,2.98874092102051
Random Forest,Enhanced,8,"{'max_depth': 20, 'min_samples_leaf': 1, 'min_samples_split': 5, 'n_estimators': 1000}",2.74327456905371,0.943007059422887,6.0173990726471
Random Forest,Enhanced,8,"{'max_depth': 20, 'min_samples_leaf': 1, 'min_samples_split': 5, 'n_estimators': 1500}",2.73998492440564,0.943143665587086,8.95575666427612
Random Forest,Enhanced,8,"{'max_depth': 20, 'min_samples_leaf': 1, 'min_samples_split': 10, 'n_estimators': 500}",2.73048651216577,0.943537177857896,2.79347777366638
Random Forest,Enhanced,8,"{'max_depth': 20, 'min_samples_leaf': 1, 'min_samples_split': 10, 'n_estimators': 1000}",2.6935096517892,0.94505608742412,5.59732866287231
Random Forest,Enhanced,8,"{'max_depth': 20, 'min_samples_leaf': 1, 'min_samples_split': 10, 'n_estimators': 1500}",2.69212266521588,0.94511265811302,8.37042713165283
Random Forest,Enhanced,8,"{'max_depth': 20, 'min_samples_leaf': 2, 'min_samples_split': 2, 'n_estimators': 500}",2.67385902049346,0.945854855031127,2.88623356819153
Random Forest,Enhanced,8,"{'max_depth': 20, 'min_samples_leaf': 2, 'min_samples_split': 2, 'n_estimators': 1000}",2.63193366801251,0.94753950434614,5.79397344589233
Random Forest,Enhanced,8,"{'max_depth': 20, 'min_samples_leaf': 2, 'min_samples_split': 2, 'n_estimators': 1500}",2.63400586895831,0.947456864358019,8.67563843727112
Random Forest,Enhanced,8,"{'max_depth': 20, 'min_samples_leaf': 2, 'min_samples_split': 5, 'n_estimators': 500}",2.64367004825455,0.947070595045033,2.84312129020691
Random Forest,Enhanced,8,"{'max_depth': 20, 'min_samples_leaf': 2, 'min_samples_split': 5, 'n_estimators': 1000}",2.61577670896287,0.948181618129826,5.69136214256287
Random Forest,Enhanced,8,"{'max_depth': 20, 'min_samples_leaf': 2, 'min_samples_split': 5, 'n_estimators': 1500}",2.62076851861659,0.947983654510342,8.57187914848328
Random Forest,Enhanced,8,"{'max_depth': 20, 'min_samples_leaf': 2, 'min_samples_split': 10, 'n_estimators': 500}",2.64067412059515,0.947190491109603,2.70078754425049
Random Forest,Enhanced,8,"{'max_depth': 20, 'min_samples_leaf': 2, 'min_samples_split': 10, 'n_estimators': 1000}",2.59110663648692,0.949154434305909,5.39374923706055
Random Forest,Enhanced,8,"{'max_depth': 20, 'min_samples_leaf': 2, 'min_samples_split': 10, 'n_estimators': 1500}",2.59383446217206,0.94904732111634,8.07272934913635
Random Forest,Enhanced,8,"{'max_depth': 20, 'min_samples_leaf': 4, 'min_samples_split': 2, 'n_estimators': 500}",2.40588782219959,0.95616376383186,2.58576154708862
Random Forest,Enhanced,8,"{'max_depth': 20, 'min_samples_leaf': 4, 'min_samples_split': 2, 'n_estimators': 1000}",2.39823406726608,0.956442229129022,5.14481973648071
Random Forest,Enhanced,8,"{'max_depth': 20, 'min_samples_leaf': 4, 'min_samples_split': 2, 'n_estimators': 1500}",2.40019644737426,0.956370916761755,7.70300626754761
Random Forest,Enhanced,8,"{'max_depth': 20, 'min_samples_leaf': 4, 'min_samples_split': 5, 'n_estimators': 500}",2.40588782219959,0.95616376383186,2.57652926445007
Random Forest,Enhanced,8,"{'max_depth': 20, 'min_samples_leaf': 4, 'min_samples_split': 5, 'n_estimators': 1000}",2.39823406726608,0.956442229129022,5.15931296348572
Random Forest,Enhanced,8,"{'max_depth': 20, 'min_samples_leaf': 4, 'min_samples_split': 5, 'n_estimators': 1500}",2.40019644737426,0.956370916761755,7.70429277420044
Random Forest,Enhanced,8,"{'max_depth': 20, 'min_samples_leaf': 4, 'min_samples_split': 10, 'n_estimators': 500}",2.41252040732074,0.955921733980289,2.5267128944397
Random Forest,Enhanced,8,"{'max_depth': 20, 'min_samples_leaf': 4, 'min_samples_split': 10, 'n_estimators': 1000}",2.403849815782,0.95623799895693,5.0580952167511
Random Forest,Enhanced,8,"{'max_depth': 20, 'min_samples_leaf': 4, 'min_samples_split': 10, 'n_estimators': 1500}",2.41013145948675,0.956008985919728,7.57825064659119
Random Forest,Enhanced,8,"{'max_depth': 30, 'min_samples_leaf': 1, 'min_samples_split': 2, 'n_estimators': 500}",2.72682281153842,0.943688597097057,3.25333666801453
Random Forest,Enhanced,8,"{'max_depth': 30, 'min_samples_leaf': 1, 'min_samples_split': 2, 'n_estimators': 1000}",2.70833454697204,0.944449607826252,6.51095581054688
Random Forest,Enhanced,8,"{'max_depth': 30, 'min_samples_leaf': 1, 'min_samples_split': 2, 'n_estimators': 1500}",2.71498512539762,0.944176454097307,9.75949764251709
Random Forest,Enhanced,8,"{'max_depth': 30, 'min_samples_leaf': 1, 'min_samples_split': 5, 'n_estimators': 500}",2.77065573417492,0.941863665955127,3.03705525398254
Random Forest,Enhanced,8,"{'max_depth': 30, 'min_samples_leaf': 1, 'min_samples_split': 5, 'n_estimators': 1000}",2.73985911017423,0.943148886909085,6.05677604675293
Random Forest,Enhanced,8,"{'max_depth': 30, 'min_samples_leaf': 1, 'min_samples_split': 5, 'n_estimators': 1500}",2.74174765386522,0.943070486663339,9.12166595458984
Random Forest,Enhanced,8,"{'max_depth': 30, 'min_samples_leaf': 1, 'min_samples_split': 10, 'n_estimators': 500}",2.71797557868156,0.944053411328208,2.81289029121399
Random Forest,Enhanced,8,"{'max_depth': 30, 'min_samples_leaf': 1, 'min_samples_split': 10, 'n_estimators': 1000}",2.69324158659522,0.945067023206482,5.62301826477051
Random Forest,Enhanced,8,"{'max_depth': 30, 'min_samples_leaf': 1, 'min_samples_split': 10, 'n_estimators': 1500}",2.68846839603738,0.945261564398781,8.42599511146545
Random Forest,Enhanced,8,"{'max_depth': 30, 'min_samples_leaf': 2, 'min_samples_split': 2, 'n_estimators': 500}",2.67208112784183,0.945926835080026,2.9136745929718
Random Forest,Enhanced,8,"{'max_depth': 30, 'min_samples_leaf': 2, 'min_samples_split': 2, 'n_estimators': 1000}",2.62753063443021,0.947714882712312,5.80991578102112
Random Forest,Enhanced,8,"{'max_depth': 30, 'min_samples_leaf': 2, 'min_samples_split': 2, 'n_estimators': 1500}",2.63642324469014,0.947360376504612,8.70431685447693
Random Forest,Enhanced,8,"{'max_depth': 30, 'min_samples_leaf': 2, 'min_samples_split': 5, 'n_estimators': 500}",2.64572580823933,0.946988245540751,2.85654759407043
Random Forest,Enhanced,8,"{'max_depth': 30, 'min_samples_leaf': 2, 'min_samples_split': 5, 'n_estimators': 1000}",2.60739570157641,0.948513140695857,5.75401854515076
Random Forest,Enhanced,8,"{'max_depth': 30, 'min_samples_leaf': 2, 'min_samples_split': 5, 'n_estimators': 1500}",2.6198873176799,0.94801862833272,8.5589587688446
Random Forest,Enhanced,8,"{'max_depth': 30, 'min_samples_leaf': 2, 'min_samples_split': 10, 'n_estimators': 500}",2.63870746478763,0.947269122131963,2.68577599525452
Random Forest,Enhanced,8,"{'max_depth': 30, 'min_samples_leaf': 2, 'min_samples_split': 10, 'n_estimators': 1000}",2.58665045346172,0.94932917224218,5.38119459152222
Random Forest,Enhanced,8,"{'max_depth': 30, 'min_samples_leaf': 2, 'min_samples_split': 10, 'n_estimators': 1500}",2.59201570870674,0.949118750402351,8.07149314880371
Random Forest,Enhanced,8,"{'max_depth': 30, 'min_samples_leaf': 4, 'min_samples_split': 2, 'n_estimators': 500}",2.40262548268139,0.956282565486444,2.57509732246399
Random Forest,Enhanced,8,"{'max_depth': 30, 'min_samples_leaf': 4, 'min_samples_split': 2, 'n_estimators': 1000}",2.39579324758761,0.956530846469151,5.15317821502686
Random Forest,Enhanced,8,"{'max_depth': 30, 'min_samples_leaf': 4, 'min_samples_split': 2, 'n_estimators': 1500}",2.39936049208006,0.956401302284417,7.70757722854614
Random Forest,Enhanced,8,"{'max_depth': 30, 'min_samples_leaf': 4, 'min_samples_split': 5, 'n_estimators': 500}",2.40262548268139,0.956282565486444,2.57007670402527
Random Forest,Enhanced,8,"{'max_depth': 30, 'min_samples_leaf': 4, 'min_samples_split': 5, 'n_estimators': 1000}",2.39579324758761,0.956530846469151,5.14882922172546
Random Forest,Enhanced,8,"{'max_depth': 30, 'min_samples_leaf': 4, 'min_samples_split': 5, 'n_estimators': 1500}",2.39936049208006,0.956401302284417,7.70018124580383
Random Forest,Enhanced,8,"{'max_depth': 30, 'min_samples_leaf': 4, 'min_samples_split': 10, 'n_estimators': 500}",2.41228740634093,0.955930247718194,2.5373420715332
Random Forest,Enhanced,8,"{'max_depth': 30, 'min_samples_leaf': 4, 'min_samples_split': 10, 'n_estimators': 1000}",2.40451899511657,0.95621363079329,5.07963514328003
Random Forest,Enhanced,8,"{'max_depth': 30, 'min_samples_leaf': 4, 'min_samples_split': 10, 'n_estimators': 1500}",2.41003649185482,0.956012452651892,7.59035968780518
Random Forest,Enhanced,9,"{'max_depth': None, 'min_samples_leaf': 1, 'min_samples_split': 2, 'n_estimators': 500}",1.77751655434036,0.980360058665125,3.26193428039551
Random Forest,Enhanced,9,"{'max_depth': None, 'min_samples_leaf': 1, 'min_samples_split': 2, 'n_estimators': 1000}",1.79346786422435,0.980005982098526,6.49369168281555
Random Forest,Enhanced,9,"{'max_depth': None, 'min_samples_leaf': 1, 'min_samples_split': 2, 'n_estimators': 1500}",1.8092541046931,0.979652455300385,9.72993993759155
Random Forest,Enhanced,9,"{'max_depth': None, 'min_samples_leaf': 1, 'min_samples_split': 5, 'n_estimators': 500}",1.77024450779908,0.980520428946295,3.02336025238037
Random Forest,Enhanced,9,"{'max_depth': None, 'min_samples_leaf': 1, 'min_samples_split': 5, 'n_estimators': 1000}",1.77782907874608,0.980353151837091,6.05347776412964
Random Forest,Enhanced,9,"{'max_depth': None, 'min_samples_leaf': 1, 'min_samples_split': 5, 'n_estimators': 1500}",1.78539924088513,0.980185479386869,9.0605616569519
Random Forest,Enhanced,9,"{'max_depth': None, 'min_samples_leaf': 1, 'min_samples_split': 10, 'n_estimators': 500}",1.87690188785439,0.978102425109788,2.80551743507385
Random Forest,Enhanced,9,"{'max_depth': None, 'min_samples_leaf': 1, 'min_samples_split': 10, 'n_estimators': 1000}",1.8706925370089,0.978247072852804,5.61858201026917
Random Forest,Enhanced,9,"{'max_depth': None, 'min_samples_leaf': 1, 'min_samples_split': 10, 'n_estimators': 1500}",1.87985094603946,0.978033558478079,8.41980290412903
Random Forest,Enhanced,9,"{'max_depth': None, 'min_samples_leaf': 2, 'min_samples_split': 2, 'n_estimators': 500}",1.7885032564573,0.98011652221058,2.90017676353455
Random Forest,Enhanced,9,"{'max_depth': None, 'min_samples_leaf': 2, 'min_samples_split': 2, 'n_estimators': 1000}",1.78445846018546,0.980206355622117,5.80485010147095
Random Forest,Enhanced,9,"{'max_depth': None, 'min_samples_leaf': 2, 'min_samples_split': 2, 'n_estimators': 1500}",1.78568890349611,0.980179049462139,8.70321893692017
Random Forest,Enhanced,9,"{'max_depth': None, 'min_samples_leaf': 2, 'min_samples_split': 5, 'n_estimators': 500}",1.79159062017856,0.980047816143447,2.8742139339447
Random Forest,Enhanced,9,"{'max_depth': None, 'min_samples_leaf': 2, 'min_samples_split': 5, 'n_estimators': 1000}",1.78090927359322,0.980285014190912,5.71571516990662
Random Forest,Enhanced,9,"{'max_depth': None, 'min_samples_leaf': 2, 'min_samples_split': 5, 'n_estimators': 1500}",1.78414187679457,0.980213378238036,8.55538511276245
Random Forest,Enhanced,9,"{'max_depth': None, 'min_samples_leaf': 2, 'min_samples_split': 10, 'n_estimators': 500}",1.86469507999481,0.978386329423679,2.68058609962463
Random Forest,Enhanced,9,"{'max_depth': None, 'min_samples_leaf': 2, 'min_samples_split': 10, 'n_estimators': 1000}",1.86663730672357,0.978341281296311,5.37542247772217
Random Forest,Enhanced,9,"{'max_depth': None, 'min_samples_leaf': 2, 'min_samples_split': 10, 'n_estimators': 1500}",1.87431123290861,0.978162833072495,8.03234839439392
Random Forest,Enhanced,9,"{'max_depth': None, 'min_samples_leaf': 4, 'min_samples_split': 2, 'n_estimators': 500}",1.81446061969834,0.979535177988463,2.56516051292419
Random Forest,Enhanced,9,"{'max_depth': None, 'min_samples_leaf': 4, 'min_samples_split': 2, 'n_estimators': 1000}",1.80437443626458,0.979762064422296,5.13155126571655
Random Forest,Enhanced,9,"{'max_depth': None, 'min_samples_leaf': 4, 'min_samples_split': 2, 'n_estimators': 1500}",1.81805052514402,0.979454118689523,7.69738745689392
Random Forest,Enhanced,9,"{'max_depth': None, 'min_samples_leaf': 4, 'min_samples_split': 5, 'n_estimators': 500}",1.81446061969834,0.979535177988463,2.56825494766235
Random Forest,Enhanced,9,"{'max_depth': None, 'min_samples_leaf': 4, 'min_samples_split': 5, 'n_estimators': 1000}",1.80437443626458,0.979762064422296,5.12984204292297
Random Forest,Enhanced,9,"{'max_depth': None, 'min_samples_leaf': 4, 'min_samples_split': 5, 'n_estimators': 1500}",1.81805052514402,0.979454118689523,7.67865371704102
Random Forest,Enhanced,9,"{'max_depth': None, 'min_samples_leaf': 4, 'min_samples_split': 10, 'n_estimators': 500}",1.84771059254467,0.97877827047309,2.52660655975342
Random Forest,Enhanced,9,"{'max_depth': None, 'min_samples_leaf': 4, 'min_samples_split': 10, 'n_estimators': 1000}",1.84152600955387,0.978920097764362,5.07138204574585
Random Forest,Enhanced,9,"{'max_depth': None, 'min_samples_leaf': 4, 'min_samples_split': 10, 'n_estimators': 1500}",1.85457860098888,0.978620213362701,7.58493900299072
Random Forest,Enhanced,9,"{'max_depth': 10, 'min_samples_leaf': 1, 'min_samples_split': 2, 'n_estimators': 500}",1.78739695479022,0.980141112964043,2.23197841644287
Random Forest,Enhanced,9,"{'max_depth': 10, 'min_samples_leaf': 1, 'min_samples_split': 2, 'n_estimators': 1000}",1.79814124180801,0.9799016464276,4.45779871940613
Random Forest,Enhanced,9,"{'max_depth': 10, 'min_samples_leaf': 1, 'min_samples_split': 2, 'n_estimators': 1500}",1.80795807436915,0.979681596137645,6.68800950050354
Random Forest,Enhanced,9,"{'max_depth': 10, 'min_samples_leaf': 1, 'min_samples_split': 5, 'n_estimators': 500}",1.77309461653302,0.980457653902174,2.20858407020569
Random Forest,Enhanced,9,"{'max_depth': 10, 'min_samples_leaf': 1, 'min_samples_split': 5, 'n_estimators': 1000}",1.77948004298593,0.980316645172939,4.42073965072632
Random Forest,Enhanced,9,"{'max_depth': 10, 'min_samples_leaf': 1, 'min_samples_split': 5, 'n_estimators': 1500}",1.79315159547726,0.980013033159278,6.63418126106262
Random Forest,Enhanced,9,"{'max_depth': 10, 'min_samples_leaf': 1, 'min_samples_split': 10, 'n_estimators': 500}",1.8789236425039,0.978055224594665,2.17940926551819
Random Forest,Enhanced,9,"{'max_depth': 10, 'min_samples_leaf': 1, 'min_samples_split': 10, 'n_estimators': 1000}",1.87652720062026,0.97811116709344,4.36650586128235
Random Forest,Enhanced,9,"{'max_depth': 10, 'min_samples_leaf': 1, 'min_samples_split': 10, 'n_estimators': 1500}",1.88400149058591,0.97793645147619,6.51996350288391
Random Forest,Enhanced,9,"{'max_depth': 10, 'min_samples_leaf': 2, 'min_samples_split': 2, 'n_estimators': 500}",1.79486722184727,0.979974769164994,2.20408630371094
Random Forest,Enhanced,9,"{'max_depth': 10, 'min_samples_leaf': 2, 'min_samples_split': 2, 'n_estimators': 1000}",1.7836411379253,0.980224483341674,4.4104540348053
Random Forest,Enhanced,9,"{'max_depth': 10, 'min_samples_leaf': 2, 'min_samples_split': 2, 'n_estimators': 1500}",1.78977172303865,0.980088308148366,6.61312246322632
Random Forest,Enhanced,9,"{'max_depth': 10, 'min_samples_leaf': 2, 'min_samples_split': 5, 'n_estimators': 500}",1.79325296974973,0.980010773203677,2.20534896850586
Random Forest,Enhanced,9,"{'max_depth': 10, 'min_samples_leaf': 2, 'min_samples_split': 5, 'n_estimators': 1000}",1.78245805959877,0.980250708601285,4.39886045455933
Random Forest,Enhanced,9,"{'max_depth': 10, 'min_samples_leaf': 2, 'min_samples_split': 5, 'n_estimators': 1500}",1.78183593978962,0.980264492130388,6.57310152053833
Random Forest,Enhanced,9,"{'max_depth': 10, 'min_samples_leaf': 2, 'min_samples_split': 10, 'n_estimators': 500}",1.86295407335822,0.978426670579252,2.16524791717529
Random Forest,Enhanced,9,"{'max_depth': 10, 'min_samples_leaf': 2, 'min_samples_split': 10, 'n_estimators': 1000}",1.86670424515564,0.978339727886164,4.33542084693909
Random Forest,Enhanced,9,"{'max_depth': 10, 'min_samples_leaf': 2, 'min_samples_split': 10, 'n_estimators': 1500}",1.8744223212594,0.978160244466391,6.46754550933838
Random Forest,Enhanced,9,"{'max_depth': 10, 'min_samples_leaf': 4, 'min_samples_split': 2, 'n_estimators': 500}",1.81101522472192,0.979612823599153,2.14985156059265
Random Forest,Enhanced,9,"{'max_depth': 10, 'min_samples_leaf': 4, 'min_samples_split': 2, 'n_estimators': 1000}",1.804368434914,0.979762199044847,4.30810379981995
Random Forest,Enhanced,9,"{'max_depth': 10, 'min_samples_leaf': 4, 'min_samples_split': 2, 'n_estimators': 1500}",1.81729618991599,0.979471164713908,6.44420456886292
Random Forest,Enhanced,9,"{'max_depth': 10, 'min_samples_leaf': 4, 'min_samples_split': 5, 'n_estimators': 500}",1.81101522472192,0.979612823599153,2.15552234649658
Random Forest,Enhanced,9,"{'max_depth': 10, 'min_samples_leaf': 4, 'min_samples_split': 5, 'n_estimators': 1000}",1.804368434914,0.979762199044847,4.30005359649658
Random Forest,Enhanced,9,"{'max_depth': 10, 'min_samples_leaf': 4, 'min_samples_split': 5, 'n_estimators': 1500}",1.81729618991599,0.979471164713908,6.44552230834961
Random Forest,Enhanced,9,"{'max_depth': 10, 'min_samples_leaf': 4, 'min_samples_split': 10, 'n_estimators': 500}",1.84902225658199,0.978748129757701,2.14379048347473
Random Forest,Enhanced,9,"{'max_depth': 10, 'min_samples_leaf': 4, 'min_samples_split': 10, 'n_estimators': 1000}",1.84165870458971,0.978917059741388,4.28391551971436
Random Forest,Enhanced,9,"{'max_depth': 10, 'min_samples_leaf': 4, 'min_samples_split': 10, 'n_estimators': 1500}",1.85566564692529,0.978595142846545,6.45000696182251
Random Forest,Enhanced,9,"{'max_depth': 20, 'min_samples_leaf': 1, 'min_samples_split': 2, 'n_estimators': 500}",1.77158372569934,0.980490944592138,3.18929934501648
Random Forest,Enhanced,9,"{'max_depth': 20, 'min_samples_leaf': 1, 'min_samples_split': 2, 'n_estimators': 1000}",1.78581526969357,0.980176244061077,6.34840607643127
Random Forest,Enhanced,9,"{'max_depth': 20, 'min_samples_leaf': 1, 'min_samples_split': 2, 'n_estimators': 1500}",1.79902463408992,0.979881893705966,9.50592613220215
Random Forest,Enhanced,9,"{'max_depth': 20, 'min_samples_leaf': 1, 'min_samples_split': 5, 'n_estimators': 500}",1.77115681435665,0.980500345935594,2.98285222053528
Random Forest,Enhanced,9,"{'max_depth': 20, 'min_samples_leaf': 1, 'min_samples_split': 5, 'n_estimators': 1000}",1.77755916417454,0.980359117054009,5.96370625495911
Random Forest,Enhanced,9,"{'max_depth': 20, 'min_samples_leaf': 1, 'min_samples_split': 5, 'n_estimators': 1500}",1.78948459465452,0.980094696396917,8.95152950286865
Random Forest,Enhanced,9,"{'max_depth': 20, 'min_samples_leaf': 1, 'min_samples_split': 10, 'n_estimators': 500}",1.86903584275367,0.978285584784654,2.78791832923889
Random Forest,Enhanced,9,"{'max_depth': 20, 'min_samples_leaf': 1, 'min_samples_split': 10, 'n_estimators': 1000}",1.86811215432639,0.97830704226273,5.56364488601685
Random Forest,Enhanced,9,"{'max_depth': 20, 'min_samples_leaf': 1, 'min_samples_split': 10, 'n_estimators': 1500}",1.87837349454766,0.97806807355308,8.35435438156128
Random Forest,Enhanced,9,"{'max_depth': 20, 'min_samples_leaf': 2, 'min_samples_split': 2, 'n_estimators': 500}",1.78475060987449,0.980199873901698,2.88090991973877
Random Forest,Enhanced,9,"{'max_depth': 20, 'min_samples_leaf': 2, 'min_samples_split': 2, 'n_estimators': 1000}",1.77466954993152,0.980422921900459,5.79491424560547
Random Forest,Enhanced,9,"{'max_depth': 20, 'min_samples_leaf': 2, 'min_samples_split': 2, 'n_estimators': 1500}",1.78028366063005,0.980298863053947,8.63353633880615
Random Forest,Enhanced,9,"{'max_depth': 20, 'min_samples_leaf': 2, 'min_samples_split': 5, 'n_estimators': 500}",1.78171768625114,0.980267111581646,2.83733487129211
Random Forest,Enhanced,9,"{'max_depth': 20, 'min_samples_leaf': 2, 'min_samples_split': 5, 'n_estimators': 1000}",1.77721948014527,0.980366622915896,5.66398525238037
Random Forest,Enhanced,9,"{'max_depth': 20, 'min_samples_leaf': 2, 'min_samples_split': 5, 'n_estimators': 1500}",1.77898687730013,0.980327553764016,8.50924324989319
Random Forest,Enhanced,9,"{'max_depth': 20, 'min_samples_leaf': 2, 'min_samples_split': 10, 'n_estimators': 500}",1.8658820047872,0.978358805388915,2.70842909812927
Random Forest,Enhanced,9,"{'max_depth': 20, 'min_samples_leaf': 2, 'min_samples_split': 10, 'n_estimators': 1000}",1.8674868580654,0.97832156200681,5.38626575469971
Random Forest,Enhanced,9,"{'max_depth': 20, 'min_samples_leaf': 2, 'min_samples_split': 10, 'n_estimators': 1500}",1.87358776872229,0.978179687647036,8.00883388519287
Random Forest,Enhanced,9,"{'max_depth': 20, 'min_samples_leaf': 4, 'min_samples_split': 2, 'n_estimators': 500}",1.81390604774793,0.979547685817783,2.56076097488403
Random Forest,Enhanced,9,"{'max_depth': 20, 'min_samples_leaf': 4, 'min_samples_split': 2, 'n_estimators': 1000}",1.80507438057005,0.979746360170485,5.15501761436462
Random Forest,Enhanced,9,"{'max_depth': 20, 'min_samples_leaf': 4, 'min_samples_split': 2, 'n_estimators': 1500}",1.81822390616837,0.979450199727141,7.68056535720825
Random Forest,Enhanced,9,"{'max_depth': 20, 'min_samples_leaf': 4, 'min_samples_split': 5, 'n_estimators': 500}",1.81390604774793,0.979547685817783,2.56438827514648
Random Forest,Enhanced,9,"{'max_depth': 20, 'min_samples_leaf': 4, 'min_samples_split': 5, 'n_estimators': 1000}",1.80507438057005,0.979746360170485,5.1862473487854
Random Forest,Enhanced,9,"{'max_depth': 20, 'min_samples_leaf': 4, 'min_samples_split': 5, 'n_estimators': 1500}",1.81822390616837,0.979450199727141,7.72447466850281
Random Forest,Enhanced,9,"{'max_depth': 20, 'min_samples_leaf': 4, 'min_samples_split': 10, 'n_estimators': 500}",1.84716220953836,0.978790865420496,2.5246045589447
Random Forest,Enhanced,9,"{'max_depth': 20, 'min_samples_leaf': 4, 'min_samples_split': 10, 'n_estimators': 1000}",1.84084820285745,0.978935612581232,5.04823970794678
Random Forest,Enhanced,9,"{'max_depth': 20, 'min_samples_leaf': 4, 'min_samples_split': 10, 'n_estimators': 1500}",1.85443935332237,0.978623423767085,7.65807461738586
Random Forest,Enhanced,9,"{'max_depth': 30, 'min_samples_leaf': 1, 'min_samples_split': 2, 'n_estimators': 500}",1.77490312324708,0.980417768283034,3.26834559440613
Random Forest,Enhanced,9,"{'max_depth': 30, 'min_samples_leaf': 1, 'min_samples_split': 2, 'n_estimators': 1000}",1.79111849384416,0.980058330498827,6.50504660606384
Random Forest,Enhanced,9,"{'max_depth': 30, 'min_samples_leaf': 1, 'min_samples_split': 2, 'n_estimators': 1500}",1.80740653259406,0.979693991048073,9.72554111480713
Random Forest,Enhanced,9,"{'max_depth': 30, 'min_samples_leaf': 1, 'min_samples_split': 5, 'n_estimators': 500}",1.76705043684416,0.980590659923454,3.02076482772827
Random Forest,Enhanced,9,"{'max_depth': 30, 'min_samples_leaf': 1, 'min_samples_split': 5, 'n_estimators': 1000}",1.77516693678907,0.98041194662238,6.06872487068176
Random Forest,Enhanced,9,"{'max_depth': 30, 'min_samples_leaf': 1, 'min_samples_split': 5, 'n_estimators': 1500}",1.78218137769987,0.980256839289546,9.11490917205811
Random Forest,Enhanced,9,"{'max_depth': 30, 'min_samples_leaf': 1, 'min_samples_split': 10, 'n_estimators': 500}",1.87689907550911,0.978102490732286,2.82095551490784
Random Forest,Enhanced,9,"{'max_depth': 30, 'min_samples_leaf': 1, 'min_samples_split': 10, 'n_estimators': 1000}",1.87077968532563,0.97824504603642,5.6531879901886
Random Forest,Enhanced,9,"{'max_depth': 30, 'min_samples_leaf': 1, 'min_samples_split': 10, 'n_estimators': 1500}",1.87992593743305,0.978031805863679,8.44023633003235
Random Forest,Enhanced,9,"{'max_depth': 30, 'min_samples_leaf': 2, 'min_samples_split': 2, 'n_estimators': 500}",1.78772236313855,0.980133881402121,2.90994811058044
Random Forest,Enhanced,9,"{'max_depth': 30, 'min_samples_leaf': 2, 'min_samples_split': 2, 'n_estimators': 1000}",1.78380628590546,0.980220821127613,6.01524925231934
Random Forest,Enhanced,9,"{'max_depth': 30, 'min_samples_leaf': 2, 'min_samples_split': 2, 'n_estimators': 1500}",1.78486478384536,0.980197340515445,8.6939058303833
Random Forest,Enhanced,9,"{'max_depth': 30, 'min_samples_leaf': 2, 'min_samples_split': 5, 'n_estimators': 500}",1.79159621412675,0.980047691548402,2.8524923324585
Random Forest,Enhanced,9,"{'max_depth': 30, 'min_samples_leaf': 2, 'min_samples_split': 5, 'n_estimators': 1000}",1.78080165735214,0.980287396781192,5.70858311653137
Random Forest,Enhanced,9,"{'max_depth': 30, 'min_samples_leaf': 2, 'min_samples_split': 5, 'n_estimators': 1500}",1.78387525184697,0.980219291683443,8.58878445625305
Random Forest,Enhanced,9,"{'max_depth': 30, 'min_samples_leaf': 2, 'min_samples_split': 10, 'n_estimators': 500}",1.86469507999481,0.978386329423679,2.7730541229248
Random Forest,Enhanced,9,"{'max_depth': 30, 'min_samples_leaf': 2, 'min_samples_split': 10, 'n_estimators': 1000}",1.86663730672357,0.978341281296311,5.60346579551697
Random Forest,Enhanced,9,"{'max_depth': 30, 'min_samples_leaf': 2, 'min_samples_split': 10, 'n_estimators': 1500}",1.87431123290861,0.978162833072495,8.26264834403992
Random Forest,Enhanced,9,"{'max_depth': 30, 'min_samples_leaf': 4, 'min_samples_split': 2, 'n_estimators': 500}",1.81446061969834,0.979535177988463,2.6617443561554
Random Forest,Enhanced,9,"{'max_depth': 30, 'min_samples_leaf': 4, 'min_samples_split': 2, 'n_estimators': 1000}",1.80437443626458,0.979762064422296,5.16756629943848
Random Forest,Enhanced,9,"{'max_depth': 30, 'min_samples_leaf': 4, 'min_samples_split': 2, 'n_estimators': 1500}",1.81805052514402,0.979454118689523,7.69423389434814
Random Forest,Enhanced,9,"{'max_depth': 30, 'min_samples_leaf': 4, 'min_samples_split': 5, 'n_estimators': 500}",1.81446061969834,0.979535177988463,2.57028317451477
Random Forest,Enhanced,9,"{'max_depth': 30, 'min_samples_leaf': 4, 'min_samples_split': 5, 'n_estimators': 1000}",1.80437443626458,0.979762064422296,5.14131617546082
Random Forest,Enhanced,9,"{'max_depth': 30, 'min_samples_leaf': 4, 'min_samples_split': 5, 'n_estimators': 1500}",1.81805052514402,0.979454118689523,7.68295359611511
Random Forest,Enhanced,9,"{'max_depth': 30, 'min_samples_leaf': 4, 'min_samples_split': 10, 'n_estimators': 500}",1.84771059254467,0.97877827047309,2.52741479873657
Random Forest,Enhanced,9,"{'max_depth': 30, 'min_samples_leaf': 4, 'min_samples_split': 10, 'n_estimators': 1000}",1.84152600955387,0.978920097764362,5.03937578201294
Random Forest,Enhanced,9,"{'max_depth': 30, 'min_samples_leaf': 4, 'min_samples_split': 10, 'n_estimators': 1500}",1.85457860098888,0.978620213362701,7.58999037742615
