model_type,version,fold,parameters,rmse,r2,training_time
Random Forest,Baseline,0,"{'max_depth': None, 'min_samples_leaf': 1, 'min_samples_split': 2, 'n_estimators': 500}",3.43916665967747,0.90315324516353,1.06271743774414
Random Forest,Baseline,0,"{'max_depth': None, 'min_samples_leaf': 1, 'min_samples_split': 2, 'n_estimators': 1000}",3.49523942871529,0.899969488233624,2.11661577224731
Random Forest,Baseline,0,"{'max_depth': None, 'min_samples_leaf': 1, 'min_samples_split': 2, 'n_estimators': 1500}",3.48737133583416,0.900419336385503,3.04947686195374
Random Forest,Baseline,0,"{'max_depth': None, 'min_samples_leaf': 1, 'min_samples_split': 5, 'n_estimators': 500}",3.44135366294541,0.903030034203106,0.95294451713562
Random Forest,Baseline,0,"{'max_depth': None, 'min_samples_leaf': 1, 'min_samples_split': 5, 'n_estimators': 1000}",3.44780514012607,0.902666115823308,1.93802452087402
Random Forest,Baseline,0,"{'max_depth': None, 'min_samples_leaf': 1, 'min_samples_split': 5, 'n_estimators': 1500}",3.45272120616645,0.902388350161678,2.92180776596069
Random Forest,Baseline,0,"{'max_depth': None, 'min_samples_leaf': 1, 'min_samples_split': 10, 'n_estimators': 500}",3.61508209210697,0.892992317977647,0.906636238098145
Random Forest,Baseline,0,"{'max_depth': None, 'min_samples_leaf': 1, 'min_samples_split': 10, 'n_estimators': 1000}",3.62454889736903,0.892431142735219,1.80999350547791
Random Forest,Baseline,0,"{'max_depth': None, 'min_samples_leaf': 1, 'min_samples_split': 10, 'n_estimators': 1500}",3.61858054833357,0.892785106730908,2.67852759361267
Random Forest,Baseline,0,"{'max_depth': None, 'min_samples_leaf': 2, 'min_samples_split': 2, 'n_estimators': 500}",3.01096744594852,0.925768070541881,0.920986652374268
Random Forest,Baseline,0,"{'max_depth': None, 'min_samples_leaf': 2, 'min_samples_split': 2, 'n_estimators': 1000}",3.03414004669113,0.924621086341224,1.84881830215454
Random Forest,Baseline,0,"{'max_depth': None, 'min_samples_leaf': 2, 'min_samples_split': 2, 'n_estimators': 1500}",3.01857484173608,0.925392493544043,2.76416444778442
Random Forest,Baseline,0,"{'max_depth': None, 'min_samples_leaf': 2, 'min_samples_split': 5, 'n_estimators': 500}",3.04718037678421,0.923971756890803,0.91828203201294
Random Forest,Baseline,0,"{'max_depth': None, 'min_samples_leaf': 2, 'min_samples_split': 5, 'n_estimators': 1000}",3.05410591484385,0.923625774852282,1.8302116394043
Random Forest,Baseline,0,"{'max_depth': None, 'min_samples_leaf': 2, 'min_samples_split': 5, 'n_estimators': 1500}",3.04111235641483,0.924274253969332,2.72905445098877
Random Forest,Baseline,0,"{'max_depth': None, 'min_samples_leaf': 2, 'min_samples_split': 10, 'n_estimators': 500}",3.22981021492935,0.914585296736675,0.863815784454346
Random Forest,Baseline,0,"{'max_depth': None, 'min_samples_leaf': 2, 'min_samples_split': 10, 'n_estimators': 1000}",3.20023651178132,0.916142332066914,1.79265141487122
Random Forest,Baseline,0,"{'max_depth': None, 'min_samples_leaf': 2, 'min_samples_split': 10, 'n_estimators': 1500}",3.18362143909521,0.917010820601258,2.58278894424438
Random Forest,Baseline,0,"{'max_depth': None, 'min_samples_leaf': 4, 'min_samples_split': 2, 'n_estimators': 500}",3.55855978807412,0.896312318698148,0.836440801620483
Random Forest,Baseline,0,"{'max_depth': None, 'min_samples_leaf': 4, 'min_samples_split': 2, 'n_estimators': 1000}",3.5076700489475,0.899256717367454,1.67876076698303
Random Forest,Baseline,0,"{'max_depth': None, 'min_samples_leaf': 4, 'min_samples_split': 2, 'n_estimators': 1500}",3.51720049779147,0.898708528377105,2.54181480407715
Random Forest,Baseline,0,"{'max_depth': None, 'min_samples_leaf': 4, 'min_samples_split': 5, 'n_estimators': 500}",3.55855978807412,0.896312318698148,0.844914436340332
Random Forest,Baseline,0,"{'max_depth': None, 'min_samples_leaf': 4, 'min_samples_split': 5, 'n_estimators': 1000}",3.5076700489475,0.899256717367454,1.66993188858032
Random Forest,Baseline,0,"{'max_depth': None, 'min_samples_leaf': 4, 'min_samples_split': 5, 'n_estimators': 1500}",3.51720049779147,0.898708528377105,2.49450182914734
Random Forest,Baseline,0,"{'max_depth': None, 'min_samples_leaf': 4, 'min_samples_split': 10, 'n_estimators': 500}",3.52859247673779,0.898051313053526,0.841184616088867
Random Forest,Baseline,0,"{'max_depth': None, 'min_samples_leaf': 4, 'min_samples_split': 10, 'n_estimators': 1000}",3.49129728776631,0.900195001825824,1.64802956581116
Random Forest,Baseline,0,"{'max_depth': None, 'min_samples_leaf': 4, 'min_samples_split': 10, 'n_estimators': 1500}",3.51237188265112,0.898986454985588,2.47714257240295
Random Forest,Baseline,0,"{'max_depth': 10, 'min_samples_leaf': 1, 'min_samples_split': 2, 'n_estimators': 500}",3.41961528188233,0.904251246812793,0.87464714050293
Random Forest,Baseline,0,"{'max_depth': 10, 'min_samples_leaf': 1, 'min_samples_split': 2, 'n_estimators': 1000}",3.46968202485052,0.901426998383757,1.74699282646179
Random Forest,Baseline,0,"{'max_depth': 10, 'min_samples_leaf': 1, 'min_samples_split': 2, 'n_estimators': 1500}",3.45505295571502,0.902256464172528,2.59887742996216
Random Forest,Baseline,0,"{'max_depth': 10, 'min_samples_leaf': 1, 'min_samples_split': 5, 'n_estimators': 500}",3.43721098524316,0.903263357228497,0.862712621688843
Random Forest,Baseline,0,"{'max_depth': 10, 'min_samples_leaf': 1, 'min_samples_split': 5, 'n_estimators': 1000}",3.45658249844777,0.902169903411182,1.67800855636597
Random Forest,Baseline,0,"{'max_depth': 10, 'min_samples_leaf': 1, 'min_samples_split': 5, 'n_estimators': 1500}",3.44218433291158,0.902983215556937,2.51600241661072
Random Forest,Baseline,0,"{'max_depth': 10, 'min_samples_leaf': 1, 'min_samples_split': 10, 'n_estimators': 500}",3.62097516605356,0.892643159561828,0.818084239959717
Random Forest,Baseline,0,"{'max_depth': 10, 'min_samples_leaf': 1, 'min_samples_split': 10, 'n_estimators': 1000}",3.61214891100558,0.893165893884676,1.62705445289612
Random Forest,Baseline,0,"{'max_depth': 10, 'min_samples_leaf': 1, 'min_samples_split': 10, 'n_estimators': 1500}",3.6138355292122,0.893066102641008,2.4325909614563
Random Forest,Baseline,0,"{'max_depth': 10, 'min_samples_leaf': 2, 'min_samples_split': 2, 'n_estimators': 500}",3.04145331512862,0.924257272814197,0.830704927444458
Random Forest,Baseline,0,"{'max_depth': 10, 'min_samples_leaf': 2, 'min_samples_split': 2, 'n_estimators': 1000}",3.03713192577607,0.924472355047717,1.66558599472046
Random Forest,Baseline,0,"{'max_depth': 10, 'min_samples_leaf': 2, 'min_samples_split': 2, 'n_estimators': 1500}",3.01941463273758,0.925350974992166,2.49903202056885
Random Forest,Baseline,0,"{'max_depth': 10, 'min_samples_leaf': 2, 'min_samples_split': 5, 'n_estimators': 500}",3.04010991175561,0.924324168835667,0.830549240112305
Random Forest,Baseline,0,"{'max_depth': 10, 'min_samples_leaf': 2, 'min_samples_split': 5, 'n_estimators': 1000}",3.04698205308895,0.923981653063379,1.67780733108521
Random Forest,Baseline,0,"{'max_depth': 10, 'min_samples_leaf': 2, 'min_samples_split': 5, 'n_estimators': 1500}",3.03051171611633,0.924801260019908,2.50862073898315
Random Forest,Baseline,0,"{'max_depth': 10, 'min_samples_leaf': 2, 'min_samples_split': 10, 'n_estimators': 500}",3.23431504459787,0.914346863514972,0.815831899642944
Random Forest,Baseline,0,"{'max_depth': 10, 'min_samples_leaf': 2, 'min_samples_split': 10, 'n_estimators': 1000}",3.20070006409775,0.916118036842858,1.63903141021729
Random Forest,Baseline,0,"{'max_depth': 10, 'min_samples_leaf': 2, 'min_samples_split': 10, 'n_estimators': 1500}",3.18459454416639,0.916960079936902,2.44905281066895
Random Forest,Baseline,0,"{'max_depth': 10, 'min_samples_leaf': 4, 'min_samples_split': 2, 'n_estimators': 500}",3.55557804824439,0.896486007032739,0.806755065917969
Random Forest,Baseline,0,"{'max_depth': 10, 'min_samples_leaf': 4, 'min_samples_split': 2, 'n_estimators': 1000}",3.50272711549284,0.899540447862432,1.61850547790527
Random Forest,Baseline,0,"{'max_depth': 10, 'min_samples_leaf': 4, 'min_samples_split': 2, 'n_estimators': 1500}",3.5122727800014,0.898992155161467,2.41783094406128
Random Forest,Baseline,0,"{'max_depth': 10, 'min_samples_leaf': 4, 'min_samples_split': 5, 'n_estimators': 500}",3.55557804824439,0.896486007032739,0.810599565505981
Random Forest,Baseline,0,"{'max_depth': 10, 'min_samples_leaf': 4, 'min_samples_split': 5, 'n_estimators': 1000}",3.50272711549284,0.899540447862432,1.60778331756592
Random Forest,Baseline,0,"{'max_depth': 10, 'min_samples_leaf': 4, 'min_samples_split': 5, 'n_estimators': 1500}",3.5122727800014,0.898992155161467,2.41603350639343
Random Forest,Baseline,0,"{'max_depth': 10, 'min_samples_leaf': 4, 'min_samples_split': 10, 'n_estimators': 500}",3.53489530916948,0.897686782790852,0.81305718421936
Random Forest,Baseline,0,"{'max_depth': 10, 'min_samples_leaf': 4, 'min_samples_split': 10, 'n_estimators': 1000}",3.49337303581831,0.900076288579802,1.58758759498596
Random Forest,Baseline,0,"{'max_depth': 10, 'min_samples_leaf': 4, 'min_samples_split': 10, 'n_estimators': 1500}",3.51214396014311,0.898999564368243,2.38431859016418
Random Forest,Baseline,0,"{'max_depth': 20, 'min_samples_leaf': 1, 'min_samples_split': 2, 'n_estimators': 500}",3.47343559470574,0.901213606619485,1.03542184829712
Random Forest,Baseline,0,"{'max_depth': 20, 'min_samples_leaf': 1, 'min_samples_split': 2, 'n_estimators': 1000}",3.50862524266674,0.899201841936261,2.05171060562134
Random Forest,Baseline,0,"{'max_depth': 20, 'min_samples_leaf': 1, 'min_samples_split': 2, 'n_estimators': 1500}",3.493440226512,0.900072444725748,3.08368515968323
Random Forest,Baseline,0,"{'max_depth': 20, 'min_samples_leaf': 1, 'min_samples_split': 5, 'n_estimators': 500}",3.45350986077722,0.902343753065628,0.954247951507568
Random Forest,Baseline,0,"{'max_depth': 20, 'min_samples_leaf': 1, 'min_samples_split': 5, 'n_estimators': 1000}",3.46331562470274,0.901788402931996,1.92419481277466
Random Forest,Baseline,0,"{'max_depth': 20, 'min_samples_leaf': 1, 'min_samples_split': 5, 'n_estimators': 1500}",3.4637646095726,0.901762936942648,2.88223552703857
Random Forest,Baseline,0,"{'max_depth': 20, 'min_samples_leaf': 1, 'min_samples_split': 10, 'n_estimators': 500}",3.62238659706661,0.892559449346126,0.89208722114563
Random Forest,Baseline,0,"{'max_depth': 20, 'min_samples_leaf': 1, 'min_samples_split': 10, 'n_estimators': 1000}",3.62666423784838,0.892305548536447,1.79374122619629
Random Forest,Baseline,0,"{'max_depth': 20, 'min_samples_leaf': 1, 'min_samples_split': 10, 'n_estimators': 1500}",3.62106793125248,0.892637658775012,2.71157956123352
Random Forest,Baseline,0,"{'max_depth': 20, 'min_samples_leaf': 2, 'min_samples_split': 2, 'n_estimators': 500}",3.01572200096144,0.925533449305654,0.941835403442383
Random Forest,Baseline,0,"{'max_depth': 20, 'min_samples_leaf': 2, 'min_samples_split': 2, 'n_estimators': 1000}",3.03470592344972,0.924592966905513,1.87893342971802
Random Forest,Baseline,0,"{'max_depth': 20, 'min_samples_leaf': 2, 'min_samples_split': 2, 'n_estimators': 1500}",3.01745528096862,0.925447825713534,2.92797255516052
Random Forest,Baseline,0,"{'max_depth': 20, 'min_samples_leaf': 2, 'min_samples_split': 5, 'n_estimators': 500}",3.04608611495687,0.924026351536382,0.929138660430908
Random Forest,Baseline,0,"{'max_depth': 20, 'min_samples_leaf': 2, 'min_samples_split': 5, 'n_estimators': 1000}",3.05217032512451,0.923722551011695,1.87729048728943
Random Forest,Baseline,0,"{'max_depth': 20, 'min_samples_leaf': 2, 'min_samples_split': 5, 'n_estimators': 1500}",3.03904736066101,0.924377058624254,2.77183294296265
Random Forest,Baseline,0,"{'max_depth': 20, 'min_samples_leaf': 2, 'min_samples_split': 10, 'n_estimators': 500}",3.23415395818725,0.914355395282922,0.876864910125732
Random Forest,Baseline,0,"{'max_depth': 20, 'min_samples_leaf': 2, 'min_samples_split': 10, 'n_estimators': 1000}",3.20144502417239,0.916078985395125,1.74589681625366
Random Forest,Baseline,0,"{'max_depth': 20, 'min_samples_leaf': 2, 'min_samples_split': 10, 'n_estimators': 1500}",3.18582872146883,0.916895703865072,2.62660956382751
Random Forest,Baseline,0,"{'max_depth': 20, 'min_samples_leaf': 4, 'min_samples_split': 2, 'n_estimators': 500}",3.55844771368805,0.896318849739312,0.856382131576538
Random Forest,Baseline,0,"{'max_depth': 20, 'min_samples_leaf': 4, 'min_samples_split': 2, 'n_estimators': 1000}",3.50761281433799,0.899260004994465,1.68817329406738
Random Forest,Baseline,0,"{'max_depth': 20, 'min_samples_leaf': 4, 'min_samples_split': 2, 'n_estimators': 1500}",3.51716873812069,0.8987103576554,2.51675462722778
Random Forest,Baseline,0,"{'max_depth': 20, 'min_samples_leaf': 4, 'min_samples_split': 5, 'n_estimators': 500}",3.55844771368805,0.896318849739312,0.837434530258179
Random Forest,Baseline,0,"{'max_depth': 20, 'min_samples_leaf': 4, 'min_samples_split': 5, 'n_estimators': 1000}",3.50761281433799,0.899260004994465,1.68496251106262
Random Forest,Baseline,0,"{'max_depth': 20, 'min_samples_leaf': 4, 'min_samples_split': 5, 'n_estimators': 1500}",3.51716873812069,0.8987103576554,2.52295708656311
Random Forest,Baseline,0,"{'max_depth': 20, 'min_samples_leaf': 4, 'min_samples_split': 10, 'n_estimators': 500}",3.52859545487914,0.898051140963532,0.832135677337647
Random Forest,Baseline,0,"{'max_depth': 20, 'min_samples_leaf': 4, 'min_samples_split': 10, 'n_estimators': 1000}",3.4912987728065,0.900194916920729,1.66700553894043
Random Forest,Baseline,0,"{'max_depth': 20, 'min_samples_leaf': 4, 'min_samples_split': 10, 'n_estimators': 1500}",3.51237184565383,0.898986457113624,2.48058009147644
Random Forest,Baseline,0,"{'max_depth': 30, 'min_samples_leaf': 1, 'min_samples_split': 2, 'n_estimators': 500}",3.44131829710049,0.903032027260192,1.0241711139679
Random Forest,Baseline,0,"{'max_depth': 30, 'min_samples_leaf': 1, 'min_samples_split': 2, 'n_estimators': 1000}",3.49654820176583,0.899894562465979,2.04382467269897
Random Forest,Baseline,0,"{'max_depth': 30, 'min_samples_leaf': 1, 'min_samples_split': 2, 'n_estimators': 1500}",3.48822960316968,0.900370315309397,3.05425095558167
Random Forest,Baseline,0,"{'max_depth': 30, 'min_samples_leaf': 1, 'min_samples_split': 5, 'n_estimators': 500}",3.43956642438789,0.903130729147948,0.955986976623535
Random Forest,Baseline,0,"{'max_depth': 30, 'min_samples_leaf': 1, 'min_samples_split': 5, 'n_estimators': 1000}",3.44638745336593,0.902746143889738,1.93961215019226
Random Forest,Baseline,0,"{'max_depth': 30, 'min_samples_leaf': 1, 'min_samples_split': 5, 'n_estimators': 1500}",3.45178878801225,0.902441063705293,2.92551422119141
Random Forest,Baseline,0,"{'max_depth': 30, 'min_samples_leaf': 1, 'min_samples_split': 10, 'n_estimators': 500}",3.61508209210697,0.892992317977647,0.907215595245361
Random Forest,Baseline,0,"{'max_depth': 30, 'min_samples_leaf': 1, 'min_samples_split': 10, 'n_estimators': 1000}",3.62454889736903,0.892431142735219,1.79637002944946
Random Forest,Baseline,0,"{'max_depth': 30, 'min_samples_leaf': 1, 'min_samples_split': 10, 'n_estimators': 1500}",3.61858054833357,0.892785106730908,2.68933534622192
Random Forest,Baseline,0,"{'max_depth': 30, 'min_samples_leaf': 2, 'min_samples_split': 2, 'n_estimators': 500}",3.01096744594852,0.925768070541881,0.93312406539917
Random Forest,Baseline,0,"{'max_depth': 30, 'min_samples_leaf': 2, 'min_samples_split': 2, 'n_estimators': 1000}",3.03414004669113,0.924621086341224,1.86811280250549
Random Forest,Baseline,0,"{'max_depth': 30, 'min_samples_leaf': 2, 'min_samples_split': 2, 'n_estimators': 1500}",3.01857484173608,0.925392493544043,2.77703046798706
Random Forest,Baseline,0,"{'max_depth': 30, 'min_samples_leaf': 2, 'min_samples_split': 5, 'n_estimators': 500}",3.04718037678421,0.923971756890803,0.912559509277344
Random Forest,Baseline,0,"{'max_depth': 30, 'min_samples_leaf': 2, 'min_samples_split': 5, 'n_estimators': 1000}",3.05410591484385,0.923625774852282,1.81930661201477
Random Forest,Baseline,0,"{'max_depth': 30, 'min_samples_leaf': 2, 'min_samples_split': 5, 'n_estimators': 1500}",3.04111235641483,0.924274253969332,2.72093844413757
Random Forest,Baseline,0,"{'max_depth': 30, 'min_samples_leaf': 2, 'min_samples_split': 10, 'n_estimators': 500}",3.22981021492935,0.914585296736675,0.871145725250244
Random Forest,Baseline,0,"{'max_depth': 30, 'min_samples_leaf': 2, 'min_samples_split': 10, 'n_estimators': 1000}",3.20023651178132,0.916142332066914,1.72418928146362
Random Forest,Baseline,0,"{'max_depth': 30, 'min_samples_leaf': 2, 'min_samples_split': 10, 'n_estimators': 1500}",3.18362143909521,0.917010820601258,2.5801568031311
Random Forest,Baseline,0,"{'max_depth': 30, 'min_samples_leaf': 4, 'min_samples_split': 2, 'n_estimators': 500}",3.55855978807412,0.896312318698148,0.830909967422485
Random Forest,Baseline,0,"{'max_depth': 30, 'min_samples_leaf': 4, 'min_samples_split': 2, 'n_estimators': 1000}",3.5076700489475,0.899256717367454,1.65484857559204
Random Forest,Baseline,0,"{'max_depth': 30, 'min_samples_leaf': 4, 'min_samples_split': 2, 'n_estimators': 1500}",3.51720049779147,0.898708528377105,2.48256134986877
Random Forest,Baseline,0,"{'max_depth': 30, 'min_samples_leaf': 4, 'min_samples_split': 5, 'n_estimators': 500}",3.55855978807412,0.896312318698148,0.837526798248291
Random Forest,Baseline,0,"{'max_depth': 30, 'min_samples_leaf': 4, 'min_samples_split': 5, 'n_estimators': 1000}",3.5076700489475,0.899256717367454,1.66780114173889
Random Forest,Baseline,0,"{'max_depth': 30, 'min_samples_leaf': 4, 'min_samples_split': 5, 'n_estimators': 1500}",3.51720049779147,0.898708528377105,2.50049448013306
Random Forest,Baseline,0,"{'max_depth': 30, 'min_samples_leaf': 4, 'min_samples_split': 10, 'n_estimators': 500}",3.52859247673779,0.898051313053526,0.822557687759399
Random Forest,Baseline,0,"{'max_depth': 30, 'min_samples_leaf': 4, 'min_samples_split': 10, 'n_estimators': 1000}",3.49129728776631,0.900195001825824,1.64060711860657
Random Forest,Baseline,0,"{'max_depth': 30, 'min_samples_leaf': 4, 'min_samples_split': 10, 'n_estimators': 1500}",3.51237188265112,0.898986454985588,2.4839653968811
Random Forest,Baseline,1,"{'max_depth': None, 'min_samples_leaf': 1, 'min_samples_split': 2, 'n_estimators': 500}",3.03212450148892,0.944449681940987,1.04559588432312
Random Forest,Baseline,1,"{'max_depth': None, 'min_samples_leaf': 1, 'min_samples_split': 2, 'n_estimators': 1000}",3.0758238190833,0.942836948842366,2.0610659122467
Random Forest,Baseline,1,"{'max_depth': None, 'min_samples_leaf': 1, 'min_samples_split': 2, 'n_estimators': 1500}",3.11493105624846,0.941374120946203,3.10559844970703
Random Forest,Baseline,1,"{'max_depth': None, 'min_samples_leaf': 1, 'min_samples_split': 5, 'n_estimators': 500}",3.16949416748472,0.939302276337721,0.957183599472046
Random Forest,Baseline,1,"{'max_depth': None, 'min_samples_leaf': 1, 'min_samples_split': 5, 'n_estimators': 1000}",3.19606028790017,0.938280497591366,1.89941692352295
Random Forest,Baseline,1,"{'max_depth': None, 'min_samples_leaf': 1, 'min_samples_split': 5, 'n_estimators': 1500}",3.2314689277582,0.936905361139982,2.84841585159302
Random Forest,Baseline,1,"{'max_depth': None, 'min_samples_leaf': 1, 'min_samples_split': 10, 'n_estimators': 500}",3.19479163895266,0.938329485929748,0.893508911132813
Random Forest,Baseline,1,"{'max_depth': None, 'min_samples_leaf': 1, 'min_samples_split': 10, 'n_estimators': 1000}",3.24847851475708,0.936239386422116,1.7786853313446
Random Forest,Baseline,1,"{'max_depth': None, 'min_samples_leaf': 1, 'min_samples_split': 10, 'n_estimators': 1500}",3.29730121211608,0.934308415888118,2.66471433639526
Random Forest,Baseline,1,"{'max_depth': None, 'min_samples_leaf': 2, 'min_samples_split': 2, 'n_estimators': 500}",3.57076489298931,0.922960225533496,0.930427551269531
Random Forest,Baseline,1,"{'max_depth': None, 'min_samples_leaf': 2, 'min_samples_split': 2, 'n_estimators': 1000}",3.54079800817068,0.924247879424543,1.85617232322693
Random Forest,Baseline,1,"{'max_depth': None, 'min_samples_leaf': 2, 'min_samples_split': 2, 'n_estimators': 1500}",3.54683970718166,0.923989145672637,2.7823281288147
Random Forest,Baseline,1,"{'max_depth': None, 'min_samples_leaf': 2, 'min_samples_split': 5, 'n_estimators': 500}",3.56998368452717,0.922993931219547,0.917638063430786
Random Forest,Baseline,1,"{'max_depth': None, 'min_samples_leaf': 2, 'min_samples_split': 5, 'n_estimators': 1000}",3.5378211909908,0.924375198419996,1.82666349411011
Random Forest,Baseline,1,"{'max_depth': None, 'min_samples_leaf': 2, 'min_samples_split': 5, 'n_estimators': 1500}",3.52948771219792,0.924731053277984,2.73017454147339
Random Forest,Baseline,1,"{'max_depth': None, 'min_samples_leaf': 2, 'min_samples_split': 10, 'n_estimators': 500}",3.50213623187639,0.925893114376479,0.868210792541504
Random Forest,Baseline,1,"{'max_depth': None, 'min_samples_leaf': 2, 'min_samples_split': 10, 'n_estimators': 1000}",3.51653602845088,0.925282448278083,1.74274396896362
Random Forest,Baseline,1,"{'max_depth': None, 'min_samples_leaf': 2, 'min_samples_split': 10, 'n_estimators': 1500}",3.51822766862978,0.925210544783885,2.58058500289917
Random Forest,Baseline,1,"{'max_depth': None, 'min_samples_leaf': 4, 'min_samples_split': 2, 'n_estimators': 500}",3.53719349129958,0.9244020315757,0.85129451751709
Random Forest,Baseline,1,"{'max_depth': None, 'min_samples_leaf': 4, 'min_samples_split': 2, 'n_estimators': 1000}",3.57374357823238,0.922831640785037,1.67841625213623
Random Forest,Baseline,1,"{'max_depth': None, 'min_samples_leaf': 4, 'min_samples_split': 2, 'n_estimators': 1500}",3.61095412179404,0.921216289416066,2.51006507873535
Random Forest,Baseline,1,"{'max_depth': None, 'min_samples_leaf': 4, 'min_samples_split': 5, 'n_estimators': 500}",3.53719349129958,0.9244020315757,0.841657400131226
Random Forest,Baseline,1,"{'max_depth': None, 'min_samples_leaf': 4, 'min_samples_split': 5, 'n_estimators': 1000}",3.57374357823238,0.922831640785037,1.68282794952393
Random Forest,Baseline,1,"{'max_depth': None, 'min_samples_leaf': 4, 'min_samples_split': 5, 'n_estimators': 1500}",3.61095412179404,0.921216289416066,2.51417565345764
Random Forest,Baseline,1,"{'max_depth': None, 'min_samples_leaf': 4, 'min_samples_split': 10, 'n_estimators': 500}",3.51647294498081,0.925285128984392,0.827361822128296
Random Forest,Baseline,1,"{'max_depth': None, 'min_samples_leaf': 4, 'min_samples_split': 10, 'n_estimators': 1000}",3.5565291866136,0.923573275948244,1.64566111564636
Random Forest,Baseline,1,"{'max_depth': None, 'min_samples_leaf': 4, 'min_samples_split': 10, 'n_estimators': 1500}",3.58521719287696,0.92233534254814,2.46272015571594
Random Forest,Baseline,1,"{'max_depth': 10, 'min_samples_leaf': 1, 'min_samples_split': 2, 'n_estimators': 500}",3.05915473850444,0.943454847405648,0.86414098739624
Random Forest,Baseline,1,"{'max_depth': 10, 'min_samples_leaf': 1, 'min_samples_split': 2, 'n_estimators': 1000}",3.07006956714784,0.943050630077293,1.72204184532166
Random Forest,Baseline,1,"{'max_depth': 10, 'min_samples_leaf': 1, 'min_samples_split': 2, 'n_estimators': 1500}",3.12281865573587,0.941076841224885,2.62318181991577
Random Forest,Baseline,1,"{'max_depth': 10, 'min_samples_leaf': 1, 'min_samples_split': 5, 'n_estimators': 500}",3.14392193175569,0.940277772584578,0.880312919616699
Random Forest,Baseline,1,"{'max_depth': 10, 'min_samples_leaf': 1, 'min_samples_split': 5, 'n_estimators': 1000}",3.18176286114495,0.938831461109484,1.7025465965271
Random Forest,Baseline,1,"{'max_depth': 10, 'min_samples_leaf': 1, 'min_samples_split': 5, 'n_estimators': 1500}",3.22207910603903,0.937271502157134,2.55831122398376
Random Forest,Baseline,1,"{'max_depth': 10, 'min_samples_leaf': 1, 'min_samples_split': 10, 'n_estimators': 500}",3.15268951318163,0.939944208569603,0.81800651550293
Random Forest,Baseline,1,"{'max_depth': 10, 'min_samples_leaf': 1, 'min_samples_split': 10, 'n_estimators': 1000}",3.21883647952625,0.937397695669095,1.68768048286438
Random Forest,Baseline,1,"{'max_depth': 10, 'min_samples_leaf': 1, 'min_samples_split': 10, 'n_estimators': 1500}",3.27572763424136,0.935165217362639,2.48054313659668
Random Forest,Baseline,1,"{'max_depth': 10, 'min_samples_leaf': 2, 'min_samples_split': 2, 'n_estimators': 500}",3.55904226996597,0.923465229830212,0.837569713592529
Random Forest,Baseline,1,"{'max_depth': 10, 'min_samples_leaf': 2, 'min_samples_split': 2, 'n_estimators': 1000}",3.54135166482159,0.924224187621562,1.67682147026062
Random Forest,Baseline,1,"{'max_depth': 10, 'min_samples_leaf': 2, 'min_samples_split': 2, 'n_estimators': 1500}",3.53598729775166,0.924453581051103,2.53311395645142
Random Forest,Baseline,1,"{'max_depth': 10, 'min_samples_leaf': 2, 'min_samples_split': 5, 'n_estimators': 500}",3.54572742187795,0.924036812049715,0.872065782546997
Random Forest,Baseline,1,"{'max_depth': 10, 'min_samples_leaf': 2, 'min_samples_split': 5, 'n_estimators': 1000}",3.52377003153908,0.924974723321187,1.6512017250061
Random Forest,Baseline,1,"{'max_depth': 10, 'min_samples_leaf': 2, 'min_samples_split': 5, 'n_estimators': 1500}",3.5221820689709,0.925042327328123,2.46861100196838
Random Forest,Baseline,1,"{'max_depth': 10, 'min_samples_leaf': 2, 'min_samples_split': 10, 'n_estimators': 500}",3.50327422488275,0.925844945593949,0.806396961212158
Random Forest,Baseline,1,"{'max_depth': 10, 'min_samples_leaf': 2, 'min_samples_split': 10, 'n_estimators': 1000}",3.51984961843181,0.925141571019217,1.61821961402893
Random Forest,Baseline,1,"{'max_depth': 10, 'min_samples_leaf': 2, 'min_samples_split': 10, 'n_estimators': 1500}",3.52106650595259,0.925089801742371,2.4016215801239
Random Forest,Baseline,1,"{'max_depth': 10, 'min_samples_leaf': 4, 'min_samples_split': 2, 'n_estimators': 500}",3.5434084803055,0.924136140943479,0.806241989135742
Random Forest,Baseline,1,"{'max_depth': 10, 'min_samples_leaf': 4, 'min_samples_split': 2, 'n_estimators': 1000}",3.57193263616756,0.922909828834761,1.59276151657105
Random Forest,Baseline,1,"{'max_depth': 10, 'min_samples_leaf': 4, 'min_samples_split': 2, 'n_estimators': 1500}",3.60435408713826,0.921504025012882,2.37606954574585
Random Forest,Baseline,1,"{'max_depth': 10, 'min_samples_leaf': 4, 'min_samples_split': 5, 'n_estimators': 500}",3.5434084803055,0.924136140943479,0.795936346054077
Random Forest,Baseline,1,"{'max_depth': 10, 'min_samples_leaf': 4, 'min_samples_split': 5, 'n_estimators': 1000}",3.57193263616756,0.922909828834761,1.58670592308044
Random Forest,Baseline,1,"{'max_depth': 10, 'min_samples_leaf': 4, 'min_samples_split': 5, 'n_estimators': 1500}",3.60435408713826,0.921504025012882,2.36969470977783
Random Forest,Baseline,1,"{'max_depth': 10, 'min_samples_leaf': 4, 'min_samples_split': 10, 'n_estimators': 500}",3.52176103608103,0.925060246764793,0.793624639511108
Random Forest,Baseline,1,"{'max_depth': 10, 'min_samples_leaf': 4, 'min_samples_split': 10, 'n_estimators': 1000}",3.5573894178984,0.92353630023033,1.57606744766235
Random Forest,Baseline,1,"{'max_depth': 10, 'min_samples_leaf': 4, 'min_samples_split': 10, 'n_estimators': 1500}",3.58774502667135,0.922225785695012,2.35345387458801
Random Forest,Baseline,1,"{'max_depth': 20, 'min_samples_leaf': 1, 'min_samples_split': 2, 'n_estimators': 500}",3.05457261484476,0.943624111703054,1.00958871841431
Random Forest,Baseline,1,"{'max_depth': 20, 'min_samples_leaf': 1, 'min_samples_split': 2, 'n_estimators': 1000}",3.10448490119958,0.941766674181935,2.00054931640625
Random Forest,Baseline,1,"{'max_depth': 20, 'min_samples_leaf': 1, 'min_samples_split': 2, 'n_estimators': 1500}",3.13607205139729,0.940575634347459,2.98619270324707
Random Forest,Baseline,1,"{'max_depth': 20, 'min_samples_leaf': 1, 'min_samples_split': 5, 'n_estimators': 500}",3.15691431189659,0.939783143782176,0.943862915039063
Random Forest,Baseline,1,"{'max_depth': 20, 'min_samples_leaf': 1, 'min_samples_split': 5, 'n_estimators': 1000}",3.19390142374682,0.938363849598337,1.90937685966492
Random Forest,Baseline,1,"{'max_depth': 20, 'min_samples_leaf': 1, 'min_samples_split': 5, 'n_estimators': 1500}",3.23263023264285,0.936860003886066,2.84229135513306
Random Forest,Baseline,1,"{'max_depth': 20, 'min_samples_leaf': 1, 'min_samples_split': 10, 'n_estimators': 500}",3.1811726656551,0.938854151705275,0.894745111465454
Random Forest,Baseline,1,"{'max_depth': 20, 'min_samples_leaf': 1, 'min_samples_split': 10, 'n_estimators': 1000}",3.24776021299992,0.936267580727233,1.77337598800659
Random Forest,Baseline,1,"{'max_depth': 20, 'min_samples_leaf': 1, 'min_samples_split': 10, 'n_estimators': 1500}",3.2971786013029,0.934313301306995,2.65592575073242
Random Forest,Baseline,1,"{'max_depth': 20, 'min_samples_leaf': 2, 'min_samples_split': 2, 'n_estimators': 500}",3.55871879998965,0.923479141199276,0.917336940765381
Random Forest,Baseline,1,"{'max_depth': 20, 'min_samples_leaf': 2, 'min_samples_split': 2, 'n_estimators': 1000}",3.53608421486186,0.924449439723472,1.82357382774353
Random Forest,Baseline,1,"{'max_depth': 20, 'min_samples_leaf': 2, 'min_samples_split': 2, 'n_estimators': 1500}",3.54121120645701,0.924230198397457,2.72042274475098
Random Forest,Baseline,1,"{'max_depth': 20, 'min_samples_leaf': 2, 'min_samples_split': 5, 'n_estimators': 500}",3.56201067239463,0.923337509661631,0.941065788269043
Random Forest,Baseline,1,"{'max_depth': 20, 'min_samples_leaf': 2, 'min_samples_split': 5, 'n_estimators': 1000}",3.53133582390944,0.924652207931285,1.81029725074768
Random Forest,Baseline,1,"{'max_depth': 20, 'min_samples_leaf': 2, 'min_samples_split': 5, 'n_estimators': 1500}",3.52787401752602,0.924799864018781,2.76644682884216
Random Forest,Baseline,1,"{'max_depth': 20, 'min_samples_leaf': 2, 'min_samples_split': 10, 'n_estimators': 500}",3.50717548818904,0.925679694770747,0.875386476516724
Random Forest,Baseline,1,"{'max_depth': 20, 'min_samples_leaf': 2, 'min_samples_split': 10, 'n_estimators': 1000}",3.51830069031987,0.925207440204187,1.70949721336365
Random Forest,Baseline,1,"{'max_depth': 20, 'min_samples_leaf': 2, 'min_samples_split': 10, 'n_estimators': 1500}",3.51845124325493,0.925201039113826,2.56184005737305
Random Forest,Baseline,1,"{'max_depth': 20, 'min_samples_leaf': 4, 'min_samples_split': 2, 'n_estimators': 500}",3.5383227376244,0.924353754683205,0.833544015884399
Random Forest,Baseline,1,"{'max_depth': 20, 'min_samples_leaf': 4, 'min_samples_split': 2, 'n_estimators': 1000}",3.57429012973748,0.922808035449575,1.66192078590393
Random Forest,Baseline,1,"{'max_depth': 20, 'min_samples_leaf': 4, 'min_samples_split': 2, 'n_estimators': 1500}",3.61131826266274,0.921200398981372,2.47202324867249
Random Forest,Baseline,1,"{'max_depth': 20, 'min_samples_leaf': 4, 'min_samples_split': 5, 'n_estimators': 500}",3.5383227376244,0.924353754683205,0.834811210632324
Random Forest,Baseline,1,"{'max_depth': 20, 'min_samples_leaf': 4, 'min_samples_split': 5, 'n_estimators': 1000}",3.57429012973748,0.922808035449575,1.64768075942993
Random Forest,Baseline,1,"{'max_depth': 20, 'min_samples_leaf': 4, 'min_samples_split': 5, 'n_estimators': 1500}",3.61131826266274,0.921200398981372,2.46279859542847
Random Forest,Baseline,1,"{'max_depth': 20, 'min_samples_leaf': 4, 'min_samples_split': 10, 'n_estimators': 500}",3.51601305549771,0.925304670347051,0.813804626464844
Random Forest,Baseline,1,"{'max_depth': 20, 'min_samples_leaf': 4, 'min_samples_split': 10, 'n_estimators': 1000}",3.55630238922581,0.92358302299532,1.62666654586792
Random Forest,Baseline,1,"{'max_depth': 20, 'min_samples_leaf': 4, 'min_samples_split': 10, 'n_estimators': 1500}",3.5850654348235,0.922341917317341,2.43729543685913
Random Forest,Baseline,1,"{'max_depth': 30, 'min_samples_leaf': 1, 'min_samples_split': 2, 'n_estimators': 500}",3.03333241180935,0.944405413859146,1.00590825080872
Random Forest,Baseline,1,"{'max_depth': 30, 'min_samples_leaf': 1, 'min_samples_split': 2, 'n_estimators': 1000}",3.07702391622049,0.942792333414965,2.00004696846008
Random Forest,Baseline,1,"{'max_depth': 30, 'min_samples_leaf': 1, 'min_samples_split': 2, 'n_estimators': 1500}",3.11593534368,0.941336311618317,2.99943900108337
Random Forest,Baseline,1,"{'max_depth': 30, 'min_samples_leaf': 1, 'min_samples_split': 5, 'n_estimators': 500}",3.16950605271622,0.939301821118174,0.945089817047119
Random Forest,Baseline,1,"{'max_depth': 30, 'min_samples_leaf': 1, 'min_samples_split': 5, 'n_estimators': 1000}",3.19604848466722,0.93828095345781,1.87627816200256
Random Forest,Baseline,1,"{'max_depth': 30, 'min_samples_leaf': 1, 'min_samples_split': 5, 'n_estimators': 1500}",3.23144874419481,0.936906149308269,2.81799364089966
Random Forest,Baseline,1,"{'max_depth': 30, 'min_samples_leaf': 1, 'min_samples_split': 10, 'n_estimators': 500}",3.19479163895266,0.938329485929748,0.886984825134277
Random Forest,Baseline,1,"{'max_depth': 30, 'min_samples_leaf': 1, 'min_samples_split': 10, 'n_estimators': 1000}",3.24847851475708,0.936239386422116,1.76168847084045
Random Forest,Baseline,1,"{'max_depth': 30, 'min_samples_leaf': 1, 'min_samples_split': 10, 'n_estimators': 1500}",3.29730121211608,0.934308415888118,2.61618947982788
Random Forest,Baseline,1,"{'max_depth': 30, 'min_samples_leaf': 2, 'min_samples_split': 2, 'n_estimators': 500}",3.57076489298931,0.922960225533496,0.908065319061279
Random Forest,Baseline,1,"{'max_depth': 30, 'min_samples_leaf': 2, 'min_samples_split': 2, 'n_estimators': 1000}",3.54079800817068,0.924247879424543,1.82956790924072
Random Forest,Baseline,1,"{'max_depth': 30, 'min_samples_leaf': 2, 'min_samples_split': 2, 'n_estimators': 1500}",3.54683970718166,0.923989145672637,2.72968530654907
Random Forest,Baseline,1,"{'max_depth': 30, 'min_samples_leaf': 2, 'min_samples_split': 5, 'n_estimators': 500}",3.56998368452717,0.922993931219547,0.90054726600647
Random Forest,Baseline,1,"{'max_depth': 30, 'min_samples_leaf': 2, 'min_samples_split': 5, 'n_estimators': 1000}",3.5378211909908,0.924375198419996,1.79666781425476
Random Forest,Baseline,1,"{'max_depth': 30, 'min_samples_leaf': 2, 'min_samples_split': 5, 'n_estimators': 1500}",3.52948771219792,0.924731053277984,2.68865871429443
Random Forest,Baseline,1,"{'max_depth': 30, 'min_samples_leaf': 2, 'min_samples_split': 10, 'n_estimators': 500}",3.50213623187639,0.925893114376479,0.859900236129761
Random Forest,Baseline,1,"{'max_depth': 30, 'min_samples_leaf': 2, 'min_samples_split': 10, 'n_estimators': 1000}",3.51653602845088,0.925282448278083,1.72024202346802
Random Forest,Baseline,1,"{'max_depth': 30, 'min_samples_leaf': 2, 'min_samples_split': 10, 'n_estimators': 1500}",3.51822766862978,0.925210544783885,2.6811375617981
Random Forest,Baseline,1,"{'max_depth': 30, 'min_samples_leaf': 4, 'min_samples_split': 2, 'n_estimators': 500}",3.53719349129958,0.9244020315757,0.84721827507019
Random Forest,Baseline,1,"{'max_depth': 30, 'min_samples_leaf': 4, 'min_samples_split': 2, 'n_estimators': 1000}",3.57374357823238,0.922831640785037,1.65712380409241
Random Forest,Baseline,1,"{'max_depth': 30, 'min_samples_leaf': 4, 'min_samples_split': 2, 'n_estimators': 1500}",3.61095412179404,0.921216289416066,2.48903203010559
Random Forest,Baseline,1,"{'max_depth': 30, 'min_samples_leaf': 4, 'min_samples_split': 5, 'n_estimators': 500}",3.53719349129958,0.9244020315757,0.84576153755188
Random Forest,Baseline,1,"{'max_depth': 30, 'min_samples_leaf': 4, 'min_samples_split': 5, 'n_estimators': 1000}",3.57374357823238,0.922831640785037,1.66639161109924
Random Forest,Baseline,1,"{'max_depth': 30, 'min_samples_leaf': 4, 'min_samples_split': 5, 'n_estimators': 1500}",3.61095412179404,0.921216289416066,2.48878860473633
Random Forest,Baseline,1,"{'max_depth': 30, 'min_samples_leaf': 4, 'min_samples_split': 10, 'n_estimators': 500}",3.51647294498081,0.925285128984392,0.831534147262573
Random Forest,Baseline,1,"{'max_depth': 30, 'min_samples_leaf': 4, 'min_samples_split': 10, 'n_estimators': 1000}",3.5565291866136,0.923573275948244,1.72682857513428
Random Forest,Baseline,1,"{'max_depth': 30, 'min_samples_leaf': 4, 'min_samples_split': 10, 'n_estimators': 1500}",3.58521719287696,0.92233534254814,2.48698902130127
Random Forest,Baseline,2,"{'max_depth': None, 'min_samples_leaf': 1, 'min_samples_split': 2, 'n_estimators': 500}",1.96075525679521,0.96252158479,1.02977180480957
Random Forest,Baseline,2,"{'max_depth': None, 'min_samples_leaf': 1, 'min_samples_split': 2, 'n_estimators': 1000}",1.93770836572585,0.963397456052794,2.13170266151428
Random Forest,Baseline,2,"{'max_depth': None, 'min_samples_leaf': 1, 'min_samples_split': 2, 'n_estimators': 1500}",1.91966224216353,0.964076049616025,3.13704800605774
Random Forest,Baseline,2,"{'max_depth': None, 'min_samples_leaf': 1, 'min_samples_split': 5, 'n_estimators': 500}",1.99009209922959,0.961391689856546,0.96711540222168
Random Forest,Baseline,2,"{'max_depth': None, 'min_samples_leaf': 1, 'min_samples_split': 5, 'n_estimators': 1000}",1.96434751345044,0.962384132230081,1.94075989723206
Random Forest,Baseline,2,"{'max_depth': None, 'min_samples_leaf': 1, 'min_samples_split': 5, 'n_estimators': 1500}",1.93485677009448,0.963505107807755,2.87806558609009
Random Forest,Baseline,2,"{'max_depth': None, 'min_samples_leaf': 1, 'min_samples_split': 10, 'n_estimators': 500}",2.07221742559195,0.958139435068371,0.899857759475708
Random Forest,Baseline,2,"{'max_depth': None, 'min_samples_leaf': 1, 'min_samples_split': 10, 'n_estimators': 1000}",2.10680746962703,0.956730274391794,1.78617668151855
Random Forest,Baseline,2,"{'max_depth': None, 'min_samples_leaf': 1, 'min_samples_split': 10, 'n_estimators': 1500}",2.10478583283041,0.956813275521284,2.67201280593872
Random Forest,Baseline,2,"{'max_depth': None, 'min_samples_leaf': 2, 'min_samples_split': 2, 'n_estimators': 500}",2.21685966781544,0.952091690497619,0.942467927932739
Random Forest,Baseline,2,"{'max_depth': None, 'min_samples_leaf': 2, 'min_samples_split': 2, 'n_estimators': 1000}",2.18209371156271,0.953582554336061,1.85731363296509
Random Forest,Baseline,2,"{'max_depth': None, 'min_samples_leaf': 2, 'min_samples_split': 2, 'n_estimators': 1500}",2.15347282609628,0.954792214457652,2.78166890144348
Random Forest,Baseline,2,"{'max_depth': None, 'min_samples_leaf': 2, 'min_samples_split': 5, 'n_estimators': 500}",2.19852662503628,0.952880800774056,0.919819831848145
Random Forest,Baseline,2,"{'max_depth': None, 'min_samples_leaf': 2, 'min_samples_split': 5, 'n_estimators': 1000}",2.15764059506349,0.954617057445752,1.83626675605774
Random Forest,Baseline,2,"{'max_depth': None, 'min_samples_leaf': 2, 'min_samples_split': 5, 'n_estimators': 1500}",2.13431541460206,0.955592978565761,2.77316737174988
Random Forest,Baseline,2,"{'max_depth': None, 'min_samples_leaf': 2, 'min_samples_split': 10, 'n_estimators': 500}",2.27192342040101,0.949682179755308,0.876758813858032
Random Forest,Baseline,2,"{'max_depth': None, 'min_samples_leaf': 2, 'min_samples_split': 10, 'n_estimators': 1000}",2.24486256540036,0.950873711095303,1.74774789810181
Random Forest,Baseline,2,"{'max_depth': None, 'min_samples_leaf': 2, 'min_samples_split': 10, 'n_estimators': 1500}",2.2308158119802,0.951486582377232,2.59890103340149
Random Forest,Baseline,2,"{'max_depth': None, 'min_samples_leaf': 4, 'min_samples_split': 2, 'n_estimators': 500}",1.90096666365247,0.964772368555234,0.854922771453857
Random Forest,Baseline,2,"{'max_depth': None, 'min_samples_leaf': 4, 'min_samples_split': 2, 'n_estimators': 1000}",1.90132066440512,0.964759247052967,1.68403458595276
Random Forest,Baseline,2,"{'max_depth': None, 'min_samples_leaf': 4, 'min_samples_split': 2, 'n_estimators': 1500}",1.902905487008,0.964700473570363,2.51537084579468
Random Forest,Baseline,2,"{'max_depth': None, 'min_samples_leaf': 4, 'min_samples_split': 5, 'n_estimators': 500}",1.90096666365247,0.964772368555234,0.841306447982788
Random Forest,Baseline,2,"{'max_depth': None, 'min_samples_leaf': 4, 'min_samples_split': 5, 'n_estimators': 1000}",1.90132066440512,0.964759247052967,1.67592191696167
Random Forest,Baseline,2,"{'max_depth': None, 'min_samples_leaf': 4, 'min_samples_split': 5, 'n_estimators': 1500}",1.902905487008,0.964700473570363,2.52920913696289
Random Forest,Baseline,2,"{'max_depth': None, 'min_samples_leaf': 4, 'min_samples_split': 10, 'n_estimators': 500}",1.94883372509485,0.962975942186406,0.828630685806274
Random Forest,Baseline,2,"{'max_depth': None, 'min_samples_leaf': 4, 'min_samples_split': 10, 'n_estimators': 1000}",1.96424730879413,0.962387969829016,1.66361236572266
Random Forest,Baseline,2,"{'max_depth': None, 'min_samples_leaf': 4, 'min_samples_split': 10, 'n_estimators': 1500}",1.96471462084546,0.962370071221539,2.49199271202087
Random Forest,Baseline,2,"{'max_depth': 10, 'min_samples_leaf': 1, 'min_samples_split': 2, 'n_estimators': 500}",1.93517060284657,0.963493267942924,0.861838340759277
Random Forest,Baseline,2,"{'max_depth': 10, 'min_samples_leaf': 1, 'min_samples_split': 2, 'n_estimators': 1000}",1.93785259552469,0.963392006962397,1.71817564964294
Random Forest,Baseline,2,"{'max_depth': 10, 'min_samples_leaf': 1, 'min_samples_split': 2, 'n_estimators': 1500}",1.93169459627272,0.963624298945483,2.56853461265564
Random Forest,Baseline,2,"{'max_depth': 10, 'min_samples_leaf': 1, 'min_samples_split': 5, 'n_estimators': 500}",1.9975404083715,0.961102150727477,0.84274435043335
Random Forest,Baseline,2,"{'max_depth': 10, 'min_samples_leaf': 1, 'min_samples_split': 5, 'n_estimators': 1000}",1.96117967014255,0.962505358327168,1.6777069568634
Random Forest,Baseline,2,"{'max_depth': 10, 'min_samples_leaf': 1, 'min_samples_split': 5, 'n_estimators': 1500}",1.97838522046067,0.961844586879424,2.50624895095825
Random Forest,Baseline,2,"{'max_depth': 10, 'min_samples_leaf': 1, 'min_samples_split': 10, 'n_estimators': 500}",2.14956552769988,0.954956117206922,0.837332963943481
Random Forest,Baseline,2,"{'max_depth': 10, 'min_samples_leaf': 1, 'min_samples_split': 10, 'n_estimators': 1000}",2.14550236636685,0.955126242365263,1.66828227043152
Random Forest,Baseline,2,"{'max_depth': 10, 'min_samples_leaf': 1, 'min_samples_split': 10, 'n_estimators': 1500}",2.11186620762311,0.956522231653101,2.48997759819031
Random Forest,Baseline,2,"{'max_depth': 10, 'min_samples_leaf': 2, 'min_samples_split': 2, 'n_estimators': 500}",2.2094205815391,0.952412681563984,0.837559461593628
Random Forest,Baseline,2,"{'max_depth': 10, 'min_samples_leaf': 2, 'min_samples_split': 2, 'n_estimators': 1000}",2.17713430302326,0.953793307407995,1.69403457641602
Random Forest,Baseline,2,"{'max_depth': 10, 'min_samples_leaf': 2, 'min_samples_split': 2, 'n_estimators': 1500}",2.1558252922771,0.95469339001569,2.52963876724243
Random Forest,Baseline,2,"{'max_depth': 10, 'min_samples_leaf': 2, 'min_samples_split': 5, 'n_estimators': 500}",2.18552912872957,0.953436283059323,0.834579944610596
Random Forest,Baseline,2,"{'max_depth': 10, 'min_samples_leaf': 2, 'min_samples_split': 5, 'n_estimators': 1000}",2.14203540557593,0.955271150021248,1.78191161155701
Random Forest,Baseline,2,"{'max_depth': 10, 'min_samples_leaf': 2, 'min_samples_split': 5, 'n_estimators': 1500}",2.1254287176169,0.95596200572293,2.72284364700317
Random Forest,Baseline,2,"{'max_depth': 10, 'min_samples_leaf': 2, 'min_samples_split': 10, 'n_estimators': 500}",2.26703454692503,0.949898501113541,0.844151496887207
Random Forest,Baseline,2,"{'max_depth': 10, 'min_samples_leaf': 2, 'min_samples_split': 10, 'n_estimators': 1000}",2.238380876619,0.951156990459257,1.67773771286011
Random Forest,Baseline,2,"{'max_depth': 10, 'min_samples_leaf': 2, 'min_samples_split': 10, 'n_estimators': 1500}",2.22534639147188,0.95172417707669,2.449294090271
Random Forest,Baseline,2,"{'max_depth': 10, 'min_samples_leaf': 4, 'min_samples_split': 2, 'n_estimators': 500}",1.88880039203996,0.96522184244284,0.836185455322266
Random Forest,Baseline,2,"{'max_depth': 10, 'min_samples_leaf': 4, 'min_samples_split': 2, 'n_estimators': 1000}",1.90269293333311,0.964708359011938,1.63757944107056
Random Forest,Baseline,2,"{'max_depth': 10, 'min_samples_leaf': 4, 'min_samples_split': 2, 'n_estimators': 1500}",1.90430192437972,0.964648645809955,2.41963839530945
Random Forest,Baseline,2,"{'max_depth': 10, 'min_samples_leaf': 4, 'min_samples_split': 5, 'n_estimators': 500}",1.88880039203996,0.96522184244284,0.810499668121338
Random Forest,Baseline,2,"{'max_depth': 10, 'min_samples_leaf': 4, 'min_samples_split': 5, 'n_estimators': 1000}",1.90269293333311,0.964708359011938,1.62213468551636
Random Forest,Baseline,2,"{'max_depth': 10, 'min_samples_leaf': 4, 'min_samples_split': 5, 'n_estimators': 1500}",1.90430192437972,0.964648645809955,2.43006801605225
Random Forest,Baseline,2,"{'max_depth': 10, 'min_samples_leaf': 4, 'min_samples_split': 10, 'n_estimators': 500}",1.94110661375581,0.963268960357071,0.793383359909058
Random Forest,Baseline,2,"{'max_depth': 10, 'min_samples_leaf': 4, 'min_samples_split': 10, 'n_estimators': 1000}",1.95620740299909,0.962695241019932,1.59822678565979
Random Forest,Baseline,2,"{'max_depth': 10, 'min_samples_leaf': 4, 'min_samples_split': 10, 'n_estimators': 1500}",1.95978894164899,0.962558516514169,2.38303351402283
Random Forest,Baseline,2,"{'max_depth': 20, 'min_samples_leaf': 1, 'min_samples_split': 2, 'n_estimators': 500}",1.95420616205748,0.962771529069602,1.0238573551178
Random Forest,Baseline,2,"{'max_depth': 20, 'min_samples_leaf': 1, 'min_samples_split': 2, 'n_estimators': 1000}",1.93251497852569,0.963593395181999,2.0712947845459
Random Forest,Baseline,2,"{'max_depth': 20, 'min_samples_leaf': 1, 'min_samples_split': 2, 'n_estimators': 1500}",1.94697395486203,0.963046572517779,3.22283911705017
Random Forest,Baseline,2,"{'max_depth': 20, 'min_samples_leaf': 1, 'min_samples_split': 5, 'n_estimators': 500}",1.99031671255098,0.961382974249705,1.00009965896606
Random Forest,Baseline,2,"{'max_depth': 20, 'min_samples_leaf': 1, 'min_samples_split': 5, 'n_estimators': 1000}",1.98616079355636,0.961544075921124,1.9757707118988
Random Forest,Baseline,2,"{'max_depth': 20, 'min_samples_leaf': 1, 'min_samples_split': 5, 'n_estimators': 1500}",1.97241132172417,0.962074665870265,2.87349939346313
Random Forest,Baseline,2,"{'max_depth': 20, 'min_samples_leaf': 1, 'min_samples_split': 10, 'n_estimators': 500}",2.08383515880661,0.957668743005145,0.960528612136841
Random Forest,Baseline,2,"{'max_depth': 20, 'min_samples_leaf': 1, 'min_samples_split': 10, 'n_estimators': 1000}",2.10467761887087,0.956817716150107,1.87342262268066
Random Forest,Baseline,2,"{'max_depth': 20, 'min_samples_leaf': 1, 'min_samples_split': 10, 'n_estimators': 1500}",2.11489794958077,0.956397310871636,2.78381204605103
Random Forest,Baseline,2,"{'max_depth': 20, 'min_samples_leaf': 2, 'min_samples_split': 2, 'n_estimators': 500}",2.22455980181633,0.951758299002064,0.948745727539063
Random Forest,Baseline,2,"{'max_depth': 20, 'min_samples_leaf': 2, 'min_samples_split': 2, 'n_estimators': 1000}",2.18391072094216,0.953505219390587,1.84417152404785
Random Forest,Baseline,2,"{'max_depth': 20, 'min_samples_leaf': 2, 'min_samples_split': 2, 'n_estimators': 1500}",2.15616320368352,0.954679185877539,2.77743983268738
Random Forest,Baseline,2,"{'max_depth': 20, 'min_samples_leaf': 2, 'min_samples_split': 5, 'n_estimators': 500}",2.20114195858041,0.952768629542102,0.95428729057312
Random Forest,Baseline,2,"{'max_depth': 20, 'min_samples_leaf': 2, 'min_samples_split': 5, 'n_estimators': 1000}",2.15635837502,0.954670980817572,1.85523915290833
Random Forest,Baseline,2,"{'max_depth': 20, 'min_samples_leaf': 2, 'min_samples_split': 5, 'n_estimators': 1500}",2.13479570046402,0.955572990457019,2.80828905105591
Random Forest,Baseline,2,"{'max_depth': 20, 'min_samples_leaf': 2, 'min_samples_split': 10, 'n_estimators': 500}",2.26929667400281,0.949798465141234,0.886191844940186
Random Forest,Baseline,2,"{'max_depth': 20, 'min_samples_leaf': 2, 'min_samples_split': 10, 'n_estimators': 1000}",2.24340047282943,0.950937682754337,1.79187226295471
Random Forest,Baseline,2,"{'max_depth': 20, 'min_samples_leaf': 2, 'min_samples_split': 10, 'n_estimators': 1500}",2.22977925960644,0.951531655587693,2.6262640953064
Random Forest,Baseline,2,"{'max_depth': 20, 'min_samples_leaf': 4, 'min_samples_split': 2, 'n_estimators': 500}",1.90176355739069,0.964742827202885,0.844711065292358
Random Forest,Baseline,2,"{'max_depth': 20, 'min_samples_leaf': 4, 'min_samples_split': 2, 'n_estimators': 1000}",1.90169550304882,0.964745350503692,1.73396372795105
Random Forest,Baseline,2,"{'max_depth': 20, 'min_samples_leaf': 4, 'min_samples_split': 2, 'n_estimators': 1500}",1.90316472359106,0.964690855066446,2.53603720664978
Random Forest,Baseline,2,"{'max_depth': 20, 'min_samples_leaf': 4, 'min_samples_split': 5, 'n_estimators': 500}",1.90176355739069,0.964742827202885,0.851319789886475
Random Forest,Baseline,2,"{'max_depth': 20, 'min_samples_leaf': 4, 'min_samples_split': 5, 'n_estimators': 1000}",1.90169550304882,0.964745350503692,1.68494200706482
Random Forest,Baseline,2,"{'max_depth': 20, 'min_samples_leaf': 4, 'min_samples_split': 5, 'n_estimators': 1500}",1.90316472359106,0.964690855066446,2.5335545539856
Random Forest,Baseline,2,"{'max_depth': 20, 'min_samples_leaf': 4, 'min_samples_split': 10, 'n_estimators': 500}",1.94884014095332,0.962975698408292,0.8318932056427
Random Forest,Baseline,2,"{'max_depth': 20, 'min_samples_leaf': 4, 'min_samples_split': 10, 'n_estimators': 1000}",1.96424596141901,0.96238802142893,1.649747133255
Random Forest,Baseline,2,"{'max_depth': 20, 'min_samples_leaf': 4, 'min_samples_split': 10, 'n_estimators': 1500}",1.96471145332914,0.962370192555514,2.47676849365234
Random Forest,Baseline,2,"{'max_depth': 30, 'min_samples_leaf': 1, 'min_samples_split': 2, 'n_estimators': 500}",1.96337118514581,0.962421514932927,1.01940298080444
Random Forest,Baseline,2,"{'max_depth': 30, 'min_samples_leaf': 1, 'min_samples_split': 2, 'n_estimators': 1000}",1.93833173861641,0.963373901730362,2.03881549835205
Random Forest,Baseline,2,"{'max_depth': 30, 'min_samples_leaf': 1, 'min_samples_split': 2, 'n_estimators': 1500}",1.91814362161056,0.964132865100929,3.05535125732422
Random Forest,Baseline,2,"{'max_depth': 30, 'min_samples_leaf': 1, 'min_samples_split': 5, 'n_estimators': 500}",1.99149786471897,0.961337126151483,0.956777334213257
Random Forest,Baseline,2,"{'max_depth': 30, 'min_samples_leaf': 1, 'min_samples_split': 5, 'n_estimators': 1000}",1.96496725777645,0.962360393153448,2.41443395614624
Random Forest,Baseline,2,"{'max_depth': 30, 'min_samples_leaf': 1, 'min_samples_split': 5, 'n_estimators': 1500}",1.93525320245782,0.963490151415393,2.87789154052734
Random Forest,Baseline,2,"{'max_depth': 30, 'min_samples_leaf': 1, 'min_samples_split': 10, 'n_estimators': 500}",2.07221742559195,0.958139435068371,0.903049945831299
Random Forest,Baseline,2,"{'max_depth': 30, 'min_samples_leaf': 1, 'min_samples_split': 10, 'n_estimators': 1000}",2.10680746962703,0.956730274391794,1.79144692420959
Random Forest,Baseline,2,"{'max_depth': 30, 'min_samples_leaf': 1, 'min_samples_split': 10, 'n_estimators': 1500}",2.10478583283041,0.956813275521284,2.67613458633423
Random Forest,Baseline,2,"{'max_depth': 30, 'min_samples_leaf': 2, 'min_samples_split': 2, 'n_estimators': 500}",2.21685966781544,0.952091690497619,0.978938102722168
Random Forest,Baseline,2,"{'max_depth': 30, 'min_samples_leaf': 2, 'min_samples_split': 2, 'n_estimators': 1000}",2.18209371156271,0.953582554336061,1.86810374259949
Random Forest,Baseline,2,"{'max_depth': 30, 'min_samples_leaf': 2, 'min_samples_split': 2, 'n_estimators': 1500}",2.15347282609628,0.954792214457652,2.77420783042908
Random Forest,Baseline,2,"{'max_depth': 30, 'min_samples_leaf': 2, 'min_samples_split': 5, 'n_estimators': 500}",2.19852662503628,0.952880800774056,0.917096853256226
Random Forest,Baseline,2,"{'max_depth': 30, 'min_samples_leaf': 2, 'min_samples_split': 5, 'n_estimators': 1000}",2.15764059506349,0.954617057445752,1.84269833564758
Random Forest,Baseline,2,"{'max_depth': 30, 'min_samples_leaf': 2, 'min_samples_split': 5, 'n_estimators': 1500}",2.13431541460206,0.955592978565761,2.73450112342834
Random Forest,Baseline,2,"{'max_depth': 30, 'min_samples_leaf': 2, 'min_samples_split': 10, 'n_estimators': 500}",2.27192342040101,0.949682179755308,0.876423120498657
Random Forest,Baseline,2,"{'max_depth': 30, 'min_samples_leaf': 2, 'min_samples_split': 10, 'n_estimators': 1000}",2.24486256540036,0.950873711095303,1.74083662033081
Random Forest,Baseline,2,"{'max_depth': 30, 'min_samples_leaf': 2, 'min_samples_split': 10, 'n_estimators': 1500}",2.2308158119802,0.951486582377232,2.8500292301178
Random Forest,Baseline,2,"{'max_depth': 30, 'min_samples_leaf': 4, 'min_samples_split': 2, 'n_estimators': 500}",1.90096666365247,0.964772368555234,0.837824106216431
Random Forest,Baseline,2,"{'max_depth': 30, 'min_samples_leaf': 4, 'min_samples_split': 2, 'n_estimators': 1000}",1.90132066440512,0.964759247052967,1.6712851524353
Random Forest,Baseline,2,"{'max_depth': 30, 'min_samples_leaf': 4, 'min_samples_split': 2, 'n_estimators': 1500}",1.902905487008,0.964700473570363,2.49792385101318
Random Forest,Baseline,2,"{'max_depth': 30, 'min_samples_leaf': 4, 'min_samples_split': 5, 'n_estimators': 500}",1.90096666365247,0.964772368555234,0.835692405700684
Random Forest,Baseline,2,"{'max_depth': 30, 'min_samples_leaf': 4, 'min_samples_split': 5, 'n_estimators': 1000}",1.90132066440512,0.964759247052967,1.68324971199036
Random Forest,Baseline,2,"{'max_depth': 30, 'min_samples_leaf': 4, 'min_samples_split': 5, 'n_estimators': 1500}",1.902905487008,0.964700473570363,2.53770613670349
Random Forest,Baseline,2,"{'max_depth': 30, 'min_samples_leaf': 4, 'min_samples_split': 10, 'n_estimators': 500}",1.94883372509485,0.962975942186406,0.828386068344116
Random Forest,Baseline,2,"{'max_depth': 30, 'min_samples_leaf': 4, 'min_samples_split': 10, 'n_estimators': 1000}",1.96424730879413,0.962387969829016,1.6515257358551
Random Forest,Baseline,2,"{'max_depth': 30, 'min_samples_leaf': 4, 'min_samples_split': 10, 'n_estimators': 1500}",1.96471462084546,0.962370071221539,2.46630787849426
Random Forest,Baseline,3,"{'max_depth': None, 'min_samples_leaf': 1, 'min_samples_split': 2, 'n_estimators': 500}",4.49073564346852,0.864732204141909,1.02600264549255
Random Forest,Baseline,3,"{'max_depth': None, 'min_samples_leaf': 1, 'min_samples_split': 2, 'n_estimators': 1000}",4.46538469295483,0.866255111906,2.03338384628296
Random Forest,Baseline,3,"{'max_depth': None, 'min_samples_leaf': 1, 'min_samples_split': 2, 'n_estimators': 1500}",4.44802429048586,0.867293029936592,3.05431914329529
Random Forest,Baseline,3,"{'max_depth': None, 'min_samples_leaf': 1, 'min_samples_split': 5, 'n_estimators': 500}",4.60684224217805,0.857647167213688,0.959460020065308
Random Forest,Baseline,3,"{'max_depth': None, 'min_samples_leaf': 1, 'min_samples_split': 5, 'n_estimators': 1000}",4.55669203219217,0.860729611228845,1.91370606422424
Random Forest,Baseline,3,"{'max_depth': None, 'min_samples_leaf': 1, 'min_samples_split': 5, 'n_estimators': 1500}",4.50629496864551,0.863793239175812,2.85430717468262
Random Forest,Baseline,3,"{'max_depth': None, 'min_samples_leaf': 1, 'min_samples_split': 10, 'n_estimators': 500}",4.66193751071031,0.854221885471128,0.892064332962036
Random Forest,Baseline,3,"{'max_depth': None, 'min_samples_leaf': 1, 'min_samples_split': 10, 'n_estimators': 1000}",4.63787192732841,0.855723055470877,1.77882075309753
Random Forest,Baseline,3,"{'max_depth': None, 'min_samples_leaf': 1, 'min_samples_split': 10, 'n_estimators': 1500}",4.59224756388079,0.858547698526041,2.66755557060242
Random Forest,Baseline,3,"{'max_depth': None, 'min_samples_leaf': 2, 'min_samples_split': 2, 'n_estimators': 500}",4.67906294524343,0.853148898555022,0.934022903442383
Random Forest,Baseline,3,"{'max_depth': None, 'min_samples_leaf': 2, 'min_samples_split': 2, 'n_estimators': 1000}",4.67586941324402,0.85334928639175,1.85638809204102
Random Forest,Baseline,3,"{'max_depth': None, 'min_samples_leaf': 2, 'min_samples_split': 2, 'n_estimators': 1500}",4.64410448027201,0.855335024965243,2.77694964408875
Random Forest,Baseline,3,"{'max_depth': None, 'min_samples_leaf': 2, 'min_samples_split': 5, 'n_estimators': 500}",4.71154811532821,0.851102744015915,0.915645360946655
Random Forest,Baseline,3,"{'max_depth': None, 'min_samples_leaf': 2, 'min_samples_split': 5, 'n_estimators': 1000}",4.69156962167761,0.852362812202766,1.82591557502747
Random Forest,Baseline,3,"{'max_depth': None, 'min_samples_leaf': 2, 'min_samples_split': 5, 'n_estimators': 1500}",4.66020624537113,0.854330138202557,2.72983241081238
Random Forest,Baseline,3,"{'max_depth': None, 'min_samples_leaf': 2, 'min_samples_split': 10, 'n_estimators': 500}",4.7777644056741,0.846888118137127,0.866807222366333
Random Forest,Baseline,3,"{'max_depth': None, 'min_samples_leaf': 2, 'min_samples_split': 10, 'n_estimators': 1000}",4.77760480621418,0.846898347258294,1.72182726860046
Random Forest,Baseline,3,"{'max_depth': None, 'min_samples_leaf': 2, 'min_samples_split': 10, 'n_estimators': 1500}",4.74534312360677,0.848959061900841,2.58136987686157
Random Forest,Baseline,3,"{'max_depth': None, 'min_samples_leaf': 4, 'min_samples_split': 2, 'n_estimators': 500}",4.70388759757789,0.851586535231844,0.841565370559692
Random Forest,Baseline,3,"{'max_depth': None, 'min_samples_leaf': 4, 'min_samples_split': 2, 'n_estimators': 1000}",4.72707229028873,0.850119918366264,1.672523021698
Random Forest,Baseline,3,"{'max_depth': None, 'min_samples_leaf': 4, 'min_samples_split': 2, 'n_estimators': 1500}",4.70810092935282,0.851320544514455,2.51266026496887
Random Forest,Baseline,3,"{'max_depth': None, 'min_samples_leaf': 4, 'min_samples_split': 5, 'n_estimators': 500}",4.70388759757789,0.851586535231844,0.839972496032715
Random Forest,Baseline,3,"{'max_depth': None, 'min_samples_leaf': 4, 'min_samples_split': 5, 'n_estimators': 1000}",4.72707229028873,0.850119918366264,1.67489767074585
Random Forest,Baseline,3,"{'max_depth': None, 'min_samples_leaf': 4, 'min_samples_split': 5, 'n_estimators': 1500}",4.70810092935282,0.851320544514455,2.50884437561035
Random Forest,Baseline,3,"{'max_depth': None, 'min_samples_leaf': 4, 'min_samples_split': 10, 'n_estimators': 500}",4.71879057925001,0.850644630542954,0.827553033828735
Random Forest,Baseline,3,"{'max_depth': None, 'min_samples_leaf': 4, 'min_samples_split': 10, 'n_estimators': 1000}",4.74335791277595,0.849085411198577,1.65857696533203
Random Forest,Baseline,3,"{'max_depth': None, 'min_samples_leaf': 4, 'min_samples_split': 10, 'n_estimators': 1500}",4.72294052770524,0.850381813355397,2.47474789619446
Random Forest,Baseline,3,"{'max_depth': 10, 'min_samples_leaf': 1, 'min_samples_split': 2, 'n_estimators': 500}",4.57860464218721,0.859386919857077,0.865497350692749
Random Forest,Baseline,3,"{'max_depth': 10, 'min_samples_leaf': 1, 'min_samples_split': 2, 'n_estimators': 1000}",4.52998104843306,0.862357610550852,1.70520234107971
Random Forest,Baseline,3,"{'max_depth': 10, 'min_samples_leaf': 1, 'min_samples_split': 2, 'n_estimators': 1500}",4.4717278423647,0.865874868579411,2.55700635910034
Random Forest,Baseline,3,"{'max_depth': 10, 'min_samples_leaf': 1, 'min_samples_split': 5, 'n_estimators': 500}",4.54267453735987,0.861585152567143,0.836477994918823
Random Forest,Baseline,3,"{'max_depth': 10, 'min_samples_leaf': 1, 'min_samples_split': 5, 'n_estimators': 1000}",4.51414022468741,0.863318566704161,1.66816139221191
Random Forest,Baseline,3,"{'max_depth': 10, 'min_samples_leaf': 1, 'min_samples_split': 5, 'n_estimators': 1500}",4.47199096938727,0.865859083636294,2.50609445571899
Random Forest,Baseline,3,"{'max_depth': 10, 'min_samples_leaf': 1, 'min_samples_split': 10, 'n_estimators': 500}",4.64091617632412,0.855533589656235,0.819297552108765
Random Forest,Baseline,3,"{'max_depth': 10, 'min_samples_leaf': 1, 'min_samples_split': 10, 'n_estimators': 1000}",4.63948204551708,0.855622861562877,1.70223188400269
Random Forest,Baseline,3,"{'max_depth': 10, 'min_samples_leaf': 1, 'min_samples_split': 10, 'n_estimators': 1500}",4.61835872054897,0.856934552204934,2.44297361373901
Random Forest,Baseline,3,"{'max_depth': 10, 'min_samples_leaf': 2, 'min_samples_split': 2, 'n_estimators': 500}",4.70278379527387,0.851656179712189,0.83221960067749
Random Forest,Baseline,3,"{'max_depth': 10, 'min_samples_leaf': 2, 'min_samples_split': 2, 'n_estimators': 1000}",4.68537814357932,0.852752229529243,1.66200661659241
Random Forest,Baseline,3,"{'max_depth': 10, 'min_samples_leaf': 2, 'min_samples_split': 2, 'n_estimators': 1500}",4.65498668981597,0.854656263743062,2.48497557640076
Random Forest,Baseline,3,"{'max_depth': 10, 'min_samples_leaf': 2, 'min_samples_split': 5, 'n_estimators': 500}",4.71889103209133,0.850638271569964,0.82381796836853
Random Forest,Baseline,3,"{'max_depth': 10, 'min_samples_leaf': 2, 'min_samples_split': 5, 'n_estimators': 1000}",4.72772217396204,0.850078704139919,1.6427891254425
Random Forest,Baseline,3,"{'max_depth': 10, 'min_samples_leaf': 2, 'min_samples_split': 5, 'n_estimators': 1500}",4.6796216257002,0.853113828397021,2.46409296989441
Random Forest,Baseline,3,"{'max_depth': 10, 'min_samples_leaf': 2, 'min_samples_split': 10, 'n_estimators': 500}",4.73807848910513,0.849421164339922,0.805974245071411
Random Forest,Baseline,3,"{'max_depth': 10, 'min_samples_leaf': 2, 'min_samples_split': 10, 'n_estimators': 1000}",4.73094013541124,0.849874544453137,1.6076283454895
Random Forest,Baseline,3,"{'max_depth': 10, 'min_samples_leaf': 2, 'min_samples_split': 10, 'n_estimators': 1500}",4.70973034544524,0.851217614427463,2.41278696060181
Random Forest,Baseline,3,"{'max_depth': 10, 'min_samples_leaf': 4, 'min_samples_split': 2, 'n_estimators': 500}",4.69010515202493,0.852454967474307,0.802678823471069
Random Forest,Baseline,3,"{'max_depth': 10, 'min_samples_leaf': 4, 'min_samples_split': 2, 'n_estimators': 1000}",4.72144658045574,0.850476451992164,1.59206557273865
Random Forest,Baseline,3,"{'max_depth': 10, 'min_samples_leaf': 4, 'min_samples_split': 2, 'n_estimators': 1500}",4.709631488524,0.851223860226324,2.38140654563904
Random Forest,Baseline,3,"{'max_depth': 10, 'min_samples_leaf': 4, 'min_samples_split': 5, 'n_estimators': 500}",4.69010515202493,0.852454967474307,0.794433832168579
Random Forest,Baseline,3,"{'max_depth': 10, 'min_samples_leaf': 4, 'min_samples_split': 5, 'n_estimators': 1000}",4.72144658045574,0.850476451992164,1.58304834365845
Random Forest,Baseline,3,"{'max_depth': 10, 'min_samples_leaf': 4, 'min_samples_split': 5, 'n_estimators': 1500}",4.709631488524,0.851223860226324,2.38743805885315
Random Forest,Baseline,3,"{'max_depth': 10, 'min_samples_leaf': 4, 'min_samples_split': 10, 'n_estimators': 500}",4.73084966074073,0.849880286407531,0.787753105163574
Random Forest,Baseline,3,"{'max_depth': 10, 'min_samples_leaf': 4, 'min_samples_split': 10, 'n_estimators': 1000}",4.75123601407796,0.848583695847725,1.57842636108398
Random Forest,Baseline,3,"{'max_depth': 10, 'min_samples_leaf': 4, 'min_samples_split': 10, 'n_estimators': 1500}",4.72932594619824,0.84997697210707,2.37716126441956
Random Forest,Baseline,3,"{'max_depth': 20, 'min_samples_leaf': 1, 'min_samples_split': 2, 'n_estimators': 500}",4.56952167776684,0.859944258555322,1.01830840110779
Random Forest,Baseline,3,"{'max_depth': 20, 'min_samples_leaf': 1, 'min_samples_split': 2, 'n_estimators': 1000}",4.50626239594558,0.863795208246166,2.03227233886719
Random Forest,Baseline,3,"{'max_depth': 20, 'min_samples_leaf': 1, 'min_samples_split': 2, 'n_estimators': 1500}",4.46976016083776,0.865992880000364,3.04919075965881
Random Forest,Baseline,3,"{'max_depth': 20, 'min_samples_leaf': 1, 'min_samples_split': 5, 'n_estimators': 500}",4.51470551780007,0.863284332096076,0.957635641098023
Random Forest,Baseline,3,"{'max_depth': 20, 'min_samples_leaf': 1, 'min_samples_split': 5, 'n_estimators': 1000}",4.49187398635693,0.864663618207765,1.89920258522034
Random Forest,Baseline,3,"{'max_depth': 20, 'min_samples_leaf': 1, 'min_samples_split': 5, 'n_estimators': 1500}",4.46019780033504,0.866565641688091,2.84373760223389
Random Forest,Baseline,3,"{'max_depth': 20, 'min_samples_leaf': 1, 'min_samples_split': 10, 'n_estimators': 500}",4.6433698874506,0.85538078683295,0.893210887908936
Random Forest,Baseline,3,"{'max_depth': 20, 'min_samples_leaf': 1, 'min_samples_split': 10, 'n_estimators': 1000}",4.63131936374969,0.856130447494403,1.77579283714294
Random Forest,Baseline,3,"{'max_depth': 20, 'min_samples_leaf': 1, 'min_samples_split': 10, 'n_estimators': 1500}",4.57721878924323,0.859472028563683,2.66311693191528
Random Forest,Baseline,3,"{'max_depth': 20, 'min_samples_leaf': 2, 'min_samples_split': 2, 'n_estimators': 500}",4.70387053619972,0.851587611845008,0.93538236618042
Random Forest,Baseline,3,"{'max_depth': 20, 'min_samples_leaf': 2, 'min_samples_split': 2, 'n_estimators': 1000}",4.70348464995075,0.851611961133627,1.87923908233643
Random Forest,Baseline,3,"{'max_depth': 20, 'min_samples_leaf': 2, 'min_samples_split': 2, 'n_estimators': 1500}",4.66729618894519,0.853886562669666,2.82832169532776
Random Forest,Baseline,3,"{'max_depth': 20, 'min_samples_leaf': 2, 'min_samples_split': 5, 'n_estimators': 500}",4.70392578986067,0.851584125194653,0.92977786064148
Random Forest,Baseline,3,"{'max_depth': 20, 'min_samples_leaf': 2, 'min_samples_split': 5, 'n_estimators': 1000}",4.68112480661784,0.853019448137317,1.83189940452576
Random Forest,Baseline,3,"{'max_depth': 20, 'min_samples_leaf': 2, 'min_samples_split': 5, 'n_estimators': 1500}",4.65418331450456,0.854706427363813,2.71774291992188
Random Forest,Baseline,3,"{'max_depth': 20, 'min_samples_leaf': 2, 'min_samples_split': 10, 'n_estimators': 500}",4.77881251737706,0.846820933594772,0.865776300430298
Random Forest,Baseline,3,"{'max_depth': 20, 'min_samples_leaf': 2, 'min_samples_split': 10, 'n_estimators': 1000}",4.77692907317681,0.846941652861313,1.71637105941772
Random Forest,Baseline,3,"{'max_depth': 20, 'min_samples_leaf': 2, 'min_samples_split': 10, 'n_estimators': 1500}",4.74345806501865,0.849079038247445,2.57415556907654
Random Forest,Baseline,3,"{'max_depth': 20, 'min_samples_leaf': 4, 'min_samples_split': 2, 'n_estimators': 500}",4.70376421749236,0.851594320717976,0.833648443222046
Random Forest,Baseline,3,"{'max_depth': 20, 'min_samples_leaf': 4, 'min_samples_split': 2, 'n_estimators': 1000}",4.72701846392458,0.85012333166457,1.66153860092163
Random Forest,Baseline,3,"{'max_depth': 20, 'min_samples_leaf': 4, 'min_samples_split': 2, 'n_estimators': 1500}",4.70806498921494,0.851322814448688,2.51460862159729
Random Forest,Baseline,3,"{'max_depth': 20, 'min_samples_leaf': 4, 'min_samples_split': 5, 'n_estimators': 500}",4.70376421749236,0.851594320717976,0.841488838195801
Random Forest,Baseline,3,"{'max_depth': 20, 'min_samples_leaf': 4, 'min_samples_split': 5, 'n_estimators': 1000}",4.72701846392458,0.85012333166457,1.67515063285828
Random Forest,Baseline,3,"{'max_depth': 20, 'min_samples_leaf': 4, 'min_samples_split': 5, 'n_estimators': 1500}",4.70806498921494,0.851322814448688,2.50239634513855
Random Forest,Baseline,3,"{'max_depth': 20, 'min_samples_leaf': 4, 'min_samples_split': 10, 'n_estimators': 500}",4.71879004979584,0.850644664058669,0.828412771224976
Random Forest,Baseline,3,"{'max_depth': 20, 'min_samples_leaf': 4, 'min_samples_split': 10, 'n_estimators': 1000}",4.74335764861852,0.849085428007433,1.64539241790771
Random Forest,Baseline,3,"{'max_depth': 20, 'min_samples_leaf': 4, 'min_samples_split': 10, 'n_estimators': 1500}",4.72294035023013,0.850381824599876,2.4641535282135
Random Forest,Baseline,3,"{'max_depth': 30, 'min_samples_leaf': 1, 'min_samples_split': 2, 'n_estimators': 500}",4.49163936524901,0.864677755711477,1.01506161689758
Random Forest,Baseline,3,"{'max_depth': 30, 'min_samples_leaf': 1, 'min_samples_split': 2, 'n_estimators': 1000}",4.46161508415716,0.866480827331174,2.02470660209656
Random Forest,Baseline,3,"{'max_depth': 30, 'min_samples_leaf': 1, 'min_samples_split': 2, 'n_estimators': 1500}",4.44525393159314,0.867458285978533,3.03168654441834
Random Forest,Baseline,3,"{'max_depth': 30, 'min_samples_leaf': 1, 'min_samples_split': 5, 'n_estimators': 500}",4.60684224217805,0.857647167213688,0.952831983566284
Random Forest,Baseline,3,"{'max_depth': 30, 'min_samples_leaf': 1, 'min_samples_split': 5, 'n_estimators': 1000}",4.55693987517366,0.860714460708751,1.90606760978699
Random Forest,Baseline,3,"{'max_depth': 30, 'min_samples_leaf': 1, 'min_samples_split': 5, 'n_estimators': 1500}",4.50665105876691,0.863771712046027,2.85197997093201
Random Forest,Baseline,3,"{'max_depth': 30, 'min_samples_leaf': 1, 'min_samples_split': 10, 'n_estimators': 500}",4.66193751071031,0.854221885471128,0.89134693145752
Random Forest,Baseline,3,"{'max_depth': 30, 'min_samples_leaf': 1, 'min_samples_split': 10, 'n_estimators': 1000}",4.63787192732841,0.855723055470877,1.78250098228455
Random Forest,Baseline,3,"{'max_depth': 30, 'min_samples_leaf': 1, 'min_samples_split': 10, 'n_estimators': 1500}",4.59224756388079,0.858547698526041,2.65763211250305
Random Forest,Baseline,3,"{'max_depth': 30, 'min_samples_leaf': 2, 'min_samples_split': 2, 'n_estimators': 500}",4.67906294524343,0.853148898555022,0.925490856170654
Random Forest,Baseline,3,"{'max_depth': 30, 'min_samples_leaf': 2, 'min_samples_split': 2, 'n_estimators': 1000}",4.67586941324402,0.85334928639175,1.84856247901917
Random Forest,Baseline,3,"{'max_depth': 30, 'min_samples_leaf': 2, 'min_samples_split': 2, 'n_estimators': 1500}",4.64410448027201,0.855335024965243,2.76993894577026
Random Forest,Baseline,3,"{'max_depth': 30, 'min_samples_leaf': 2, 'min_samples_split': 5, 'n_estimators': 500}",4.71154811532821,0.851102744015915,0.908126354217529
Random Forest,Baseline,3,"{'max_depth': 30, 'min_samples_leaf': 2, 'min_samples_split': 5, 'n_estimators': 1000}",4.69156962167761,0.852362812202766,1.81293606758118
Random Forest,Baseline,3,"{'max_depth': 30, 'min_samples_leaf': 2, 'min_samples_split': 5, 'n_estimators': 1500}",4.66020624537113,0.854330138202557,2.73775577545166
Random Forest,Baseline,3,"{'max_depth': 30, 'min_samples_leaf': 2, 'min_samples_split': 10, 'n_estimators': 500}",4.7777644056741,0.846888118137127,0.872760772705078
Random Forest,Baseline,3,"{'max_depth': 30, 'min_samples_leaf': 2, 'min_samples_split': 10, 'n_estimators': 1000}",4.77760480621418,0.846898347258294,1.72795820236206
Random Forest,Baseline,3,"{'max_depth': 30, 'min_samples_leaf': 2, 'min_samples_split': 10, 'n_estimators': 1500}",4.74534312360677,0.848959061900841,2.60327911376953
Random Forest,Baseline,3,"{'max_depth': 30, 'min_samples_leaf': 4, 'min_samples_split': 2, 'n_estimators': 500}",4.70388759757789,0.851586535231844,0.838869094848633
Random Forest,Baseline,3,"{'max_depth': 30, 'min_samples_leaf': 4, 'min_samples_split': 2, 'n_estimators': 1000}",4.72707229028873,0.850119918366264,1.68690919876099
Random Forest,Baseline,3,"{'max_depth': 30, 'min_samples_leaf': 4, 'min_samples_split': 2, 'n_estimators': 1500}",4.70810092935282,0.851320544514455,2.50159525871277
Random Forest,Baseline,3,"{'max_depth': 30, 'min_samples_leaf': 4, 'min_samples_split': 5, 'n_estimators': 500}",4.70388759757789,0.851586535231844,0.834783554077148
Random Forest,Baseline,3,"{'max_depth': 30, 'min_samples_leaf': 4, 'min_samples_split': 5, 'n_estimators': 1000}",4.72707229028873,0.850119918366264,1.69000220298767
Random Forest,Baseline,3,"{'max_depth': 30, 'min_samples_leaf': 4, 'min_samples_split': 5, 'n_estimators': 1500}",4.70810092935282,0.851320544514455,2.49720883369446
Random Forest,Baseline,3,"{'max_depth': 30, 'min_samples_leaf': 4, 'min_samples_split': 10, 'n_estimators': 500}",4.71879057925001,0.850644630542954,0.831382274627686
Random Forest,Baseline,3,"{'max_depth': 30, 'min_samples_leaf': 4, 'min_samples_split': 10, 'n_estimators': 1000}",4.74335791277595,0.849085411198577,1.64741659164429
Random Forest,Baseline,3,"{'max_depth': 30, 'min_samples_leaf': 4, 'min_samples_split': 10, 'n_estimators': 1500}",4.72294052770524,0.850381813355397,2.48426985740662
Random Forest,Baseline,4,"{'max_depth': None, 'min_samples_leaf': 1, 'min_samples_split': 2, 'n_estimators': 500}",5.23427465626303,0.892401836645819,1.02054071426392
Random Forest,Baseline,4,"{'max_depth': None, 'min_samples_leaf': 1, 'min_samples_split': 2, 'n_estimators': 1000}",5.26964504446777,0.890942743347638,2.04790186882019
Random Forest,Baseline,4,"{'max_depth': None, 'min_samples_leaf': 1, 'min_samples_split': 2, 'n_estimators': 1500}",5.23919128901139,0.892199604570933,3.04543280601501
Random Forest,Baseline,4,"{'max_depth': None, 'min_samples_leaf': 1, 'min_samples_split': 5, 'n_estimators': 500}",5.39069700072458,0.88587476448281,1.08514857292175
Random Forest,Baseline,4,"{'max_depth': None, 'min_samples_leaf': 1, 'min_samples_split': 5, 'n_estimators': 1000}",5.38543146697888,0.886097606460367,1.90224123001099
Random Forest,Baseline,4,"{'max_depth': None, 'min_samples_leaf': 1, 'min_samples_split': 5, 'n_estimators': 1500}",5.36885644962969,0.886797653936577,2.86526107788086
Random Forest,Baseline,4,"{'max_depth': None, 'min_samples_leaf': 1, 'min_samples_split': 10, 'n_estimators': 500}",5.45847163943365,0.882987041599815,0.903112888336182
Random Forest,Baseline,4,"{'max_depth': None, 'min_samples_leaf': 1, 'min_samples_split': 10, 'n_estimators': 1000}",5.45014714643022,0.883343672854069,1.77764225006104
Random Forest,Baseline,4,"{'max_depth': None, 'min_samples_leaf': 1, 'min_samples_split': 10, 'n_estimators': 1500}",5.40998634390957,0.885056562520577,2.66804051399231
Random Forest,Baseline,4,"{'max_depth': None, 'min_samples_leaf': 2, 'min_samples_split': 2, 'n_estimators': 500}",5.30163329606949,0.889614707327757,0.929806709289551
Random Forest,Baseline,4,"{'max_depth': None, 'min_samples_leaf': 2, 'min_samples_split': 2, 'n_estimators': 1000}",5.30620990872214,0.889424045789785,1.86499714851379
Random Forest,Baseline,4,"{'max_depth': None, 'min_samples_leaf': 2, 'min_samples_split': 2, 'n_estimators': 1500}",5.28588008888723,0.890269727689298,2.78279614448547
Random Forest,Baseline,4,"{'max_depth': None, 'min_samples_leaf': 2, 'min_samples_split': 5, 'n_estimators': 500}",5.36879779768834,0.886800127275604,0.913641452789307
Random Forest,Baseline,4,"{'max_depth': None, 'min_samples_leaf': 2, 'min_samples_split': 5, 'n_estimators': 1000}",5.3710857463228,0.886703624970879,1.82005667686462
Random Forest,Baseline,4,"{'max_depth': None, 'min_samples_leaf': 2, 'min_samples_split': 5, 'n_estimators': 1500}",5.35362593814646,0.887439013645084,2.74192810058594
Random Forest,Baseline,4,"{'max_depth': None, 'min_samples_leaf': 2, 'min_samples_split': 10, 'n_estimators': 500}",5.47942204020892,0.882087092646671,0.862585544586182
Random Forest,Baseline,4,"{'max_depth': None, 'min_samples_leaf': 2, 'min_samples_split': 10, 'n_estimators': 1000}",5.46752258732274,0.882598670527302,1.7262396812439
Random Forest,Baseline,4,"{'max_depth': None, 'min_samples_leaf': 2, 'min_samples_split': 10, 'n_estimators': 1500}",5.43864827880888,0.883835402911825,2.59554982185364
Random Forest,Baseline,4,"{'max_depth': None, 'min_samples_leaf': 4, 'min_samples_split': 2, 'n_estimators': 500}",5.37594469717413,0.886498545197657,0.836774110794067
Random Forest,Baseline,4,"{'max_depth': None, 'min_samples_leaf': 4, 'min_samples_split': 2, 'n_estimators': 1000}",5.3882487057938,0.885978405546358,1.67697811126709
Random Forest,Baseline,4,"{'max_depth': None, 'min_samples_leaf': 4, 'min_samples_split': 2, 'n_estimators': 1500}",5.38187289605014,0.886248084962414,2.51559972763062
Random Forest,Baseline,4,"{'max_depth': None, 'min_samples_leaf': 4, 'min_samples_split': 5, 'n_estimators': 500}",5.37594469717413,0.886498545197657,0.84195876121521
Random Forest,Baseline,4,"{'max_depth': None, 'min_samples_leaf': 4, 'min_samples_split': 5, 'n_estimators': 1000}",5.3882487057938,0.885978405546358,1.67798924446106
Random Forest,Baseline,4,"{'max_depth': None, 'min_samples_leaf': 4, 'min_samples_split': 5, 'n_estimators': 1500}",5.38187289605014,0.886248084962414,2.5181941986084
Random Forest,Baseline,4,"{'max_depth': None, 'min_samples_leaf': 4, 'min_samples_split': 10, 'n_estimators': 500}",5.42519370329227,0.884409447046497,0.825930118560791
Random Forest,Baseline,4,"{'max_depth': None, 'min_samples_leaf': 4, 'min_samples_split': 10, 'n_estimators': 1000}",5.43883121894047,0.883827587909641,1.65479135513306
Random Forest,Baseline,4,"{'max_depth': None, 'min_samples_leaf': 4, 'min_samples_split': 10, 'n_estimators': 1500}",5.41832604894693,0.884701909788063,2.50199604034424
Random Forest,Baseline,4,"{'max_depth': 10, 'min_samples_leaf': 1, 'min_samples_split': 2, 'n_estimators': 500}",5.21251064149681,0.893294758647824,0.860835552215576
Random Forest,Baseline,4,"{'max_depth': 10, 'min_samples_leaf': 1, 'min_samples_split': 2, 'n_estimators': 1000}",5.22646512720132,0.892722669686677,1.71575045585632
Random Forest,Baseline,4,"{'max_depth': 10, 'min_samples_leaf': 1, 'min_samples_split': 2, 'n_estimators': 1500}",5.21167218260909,0.893329084050088,2.59820699691772
Random Forest,Baseline,4,"{'max_depth': 10, 'min_samples_leaf': 1, 'min_samples_split': 5, 'n_estimators': 500}",5.37662525022727,0.88646980656466,0.84291934967041
Random Forest,Baseline,4,"{'max_depth': 10, 'min_samples_leaf': 1, 'min_samples_split': 5, 'n_estimators': 1000}",5.37630044733472,0.886483522908907,1.67305374145508
Random Forest,Baseline,4,"{'max_depth': 10, 'min_samples_leaf': 1, 'min_samples_split': 5, 'n_estimators': 1500}",5.35725806284972,0.887286229633094,2.52107071876526
Random Forest,Baseline,4,"{'max_depth': 10, 'min_samples_leaf': 1, 'min_samples_split': 10, 'n_estimators': 500}",5.46192755762597,0.882838826035794,0.817437648773193
Random Forest,Baseline,4,"{'max_depth': 10, 'min_samples_leaf': 1, 'min_samples_split': 10, 'n_estimators': 1000}",5.45673580006093,0.883061451954025,1.63298845291138
Random Forest,Baseline,4,"{'max_depth': 10, 'min_samples_leaf': 1, 'min_samples_split': 10, 'n_estimators': 1500}",5.41490491505904,0.884847462370923,2.45448064804077
Random Forest,Baseline,4,"{'max_depth': 10, 'min_samples_leaf': 2, 'min_samples_split': 2, 'n_estimators': 500}",5.29226187282844,0.890004607176466,0.838809967041016
Random Forest,Baseline,4,"{'max_depth': 10, 'min_samples_leaf': 2, 'min_samples_split': 2, 'n_estimators': 1000}",5.30412855287285,0.889510775404856,1.67135143280029
Random Forest,Baseline,4,"{'max_depth': 10, 'min_samples_leaf': 2, 'min_samples_split': 2, 'n_estimators': 1500}",5.28156738553667,0.890448710583843,2.48741173744202
Random Forest,Baseline,4,"{'max_depth': 10, 'min_samples_leaf': 2, 'min_samples_split': 5, 'n_estimators': 500}",5.35089012332074,0.887554026287132,0.832326650619507
Random Forest,Baseline,4,"{'max_depth': 10, 'min_samples_leaf': 2, 'min_samples_split': 5, 'n_estimators': 1000}",5.36777462383991,0.886843269937004,1.65382742881775
Random Forest,Baseline,4,"{'max_depth': 10, 'min_samples_leaf': 2, 'min_samples_split': 5, 'n_estimators': 1500}",5.35186340844755,0.887513116477891,2.48855376243591
Random Forest,Baseline,4,"{'max_depth': 10, 'min_samples_leaf': 2, 'min_samples_split': 10, 'n_estimators': 500}",5.48253937229366,0.881952889350807,0.810937166213989
Random Forest,Baseline,4,"{'max_depth': 10, 'min_samples_leaf': 2, 'min_samples_split': 10, 'n_estimators': 1000}",5.46318731657869,0.882784774839706,1.61543655395508
Random Forest,Baseline,4,"{'max_depth': 10, 'min_samples_leaf': 2, 'min_samples_split': 10, 'n_estimators': 1500}",5.43504164790303,0.883989420560068,2.42814493179321
Random Forest,Baseline,4,"{'max_depth': 10, 'min_samples_leaf': 4, 'min_samples_split': 2, 'n_estimators': 500}",5.3835336366117,0.886177870904875,0.802345037460327
Random Forest,Baseline,4,"{'max_depth': 10, 'min_samples_leaf': 4, 'min_samples_split': 2, 'n_estimators': 1000}",5.39169383530649,0.88583255305824,1.60727739334106
Random Forest,Baseline,4,"{'max_depth': 10, 'min_samples_leaf': 4, 'min_samples_split': 2, 'n_estimators': 1500}",5.3801217250989,0.886322098840147,2.39437580108643
Random Forest,Baseline,4,"{'max_depth': 10, 'min_samples_leaf': 4, 'min_samples_split': 5, 'n_estimators': 500}",5.3835336366117,0.886177870904875,0.798822402954102
Random Forest,Baseline,4,"{'max_depth': 10, 'min_samples_leaf': 4, 'min_samples_split': 5, 'n_estimators': 1000}",5.39169383530649,0.88583255305824,1.60432124137878
Random Forest,Baseline,4,"{'max_depth': 10, 'min_samples_leaf': 4, 'min_samples_split': 5, 'n_estimators': 1500}",5.3801217250989,0.886322098840147,2.39859175682068
Random Forest,Baseline,4,"{'max_depth': 10, 'min_samples_leaf': 4, 'min_samples_split': 10, 'n_estimators': 500}",5.41804907162142,0.88471369724424,0.796899318695068
Random Forest,Baseline,4,"{'max_depth': 10, 'min_samples_leaf': 4, 'min_samples_split': 10, 'n_estimators': 1000}",5.43264122566128,0.884091871616812,1.5799605846405
Random Forest,Baseline,4,"{'max_depth': 10, 'min_samples_leaf': 4, 'min_samples_split': 10, 'n_estimators': 1500}",5.4119810674351,0.884971784987545,2.37683534622192
Random Forest,Baseline,4,"{'max_depth': 20, 'min_samples_leaf': 1, 'min_samples_split': 2, 'n_estimators': 500}",5.19977419549687,0.893815576835473,1.01158595085144
Random Forest,Baseline,4,"{'max_depth': 20, 'min_samples_leaf': 1, 'min_samples_split': 2, 'n_estimators': 1000}",5.24258172076686,0.892060037938119,2.03377795219421
Random Forest,Baseline,4,"{'max_depth': 20, 'min_samples_leaf': 1, 'min_samples_split': 2, 'n_estimators': 1500}",5.22479095608386,0.892791386051659,3.04433155059814
Random Forest,Baseline,4,"{'max_depth': 20, 'min_samples_leaf': 1, 'min_samples_split': 5, 'n_estimators': 500}",5.39381399234839,0.885742748067527,0.953400135040283
Random Forest,Baseline,4,"{'max_depth': 20, 'min_samples_leaf': 1, 'min_samples_split': 5, 'n_estimators': 1000}",5.39261598622387,0.885793497198531,1.90199565887451
Random Forest,Baseline,4,"{'max_depth': 20, 'min_samples_leaf': 1, 'min_samples_split': 5, 'n_estimators': 1500}",5.370309713152,0.886736361515289,2.84233140945435
Random Forest,Baseline,4,"{'max_depth': 20, 'min_samples_leaf': 1, 'min_samples_split': 10, 'n_estimators': 500}",5.45366868404266,0.883192872388601,0.892314910888672
Random Forest,Baseline,4,"{'max_depth': 20, 'min_samples_leaf': 1, 'min_samples_split': 10, 'n_estimators': 1000}",5.44686057401332,0.883484323686832,1.82734227180481
Random Forest,Baseline,4,"{'max_depth': 20, 'min_samples_leaf': 1, 'min_samples_split': 10, 'n_estimators': 1500}",5.40715073657662,0.885177024575496,2.67220234870911
Random Forest,Baseline,4,"{'max_depth': 20, 'min_samples_leaf': 2, 'min_samples_split': 2, 'n_estimators': 500}",5.30447694239395,0.889496260465472,0.938777923583984
Random Forest,Baseline,4,"{'max_depth': 20, 'min_samples_leaf': 2, 'min_samples_split': 2, 'n_estimators': 1000}",5.31248009777098,0.889162562812677,1.8392071723938
Random Forest,Baseline,4,"{'max_depth': 20, 'min_samples_leaf': 2, 'min_samples_split': 2, 'n_estimators': 1500}",5.2894291673016,0.890122326660568,2.76480531692505
Random Forest,Baseline,4,"{'max_depth': 20, 'min_samples_leaf': 2, 'min_samples_split': 5, 'n_estimators': 500}",5.3641300501951,0.886996878483586,0.914453506469727
Random Forest,Baseline,4,"{'max_depth': 20, 'min_samples_leaf': 2, 'min_samples_split': 5, 'n_estimators': 1000}",5.36827856313206,0.886822022100339,1.81346249580383
Random Forest,Baseline,4,"{'max_depth': 20, 'min_samples_leaf': 2, 'min_samples_split': 5, 'n_estimators': 1500}",5.3529289735966,0.887468319357325,2.73029255867004
Random Forest,Baseline,4,"{'max_depth': 20, 'min_samples_leaf': 2, 'min_samples_split': 10, 'n_estimators': 500}",5.47967937652364,0.882076017031274,0.860502243041992
Random Forest,Baseline,4,"{'max_depth': 20, 'min_samples_leaf': 2, 'min_samples_split': 10, 'n_estimators': 1000}",5.47055685245034,0.882468327908557,1.72406911849976
Random Forest,Baseline,4,"{'max_depth': 20, 'min_samples_leaf': 2, 'min_samples_split': 10, 'n_estimators': 1500}",5.44103519680916,0.883733415727151,2.55462503433228
Random Forest,Baseline,4,"{'max_depth': 20, 'min_samples_leaf': 4, 'min_samples_split': 2, 'n_estimators': 500}",5.37594418536082,0.88649856680932,0.830265998840332
Random Forest,Baseline,4,"{'max_depth': 20, 'min_samples_leaf': 4, 'min_samples_split': 2, 'n_estimators': 1000}",5.38866346504368,0.885960851296844,1.66290712356567
Random Forest,Baseline,4,"{'max_depth': 20, 'min_samples_leaf': 4, 'min_samples_split': 2, 'n_estimators': 1500}",5.38215078981337,0.886236337466896,2.49580049514771
Random Forest,Baseline,4,"{'max_depth': 20, 'min_samples_leaf': 4, 'min_samples_split': 5, 'n_estimators': 500}",5.37594418536082,0.88649856680932,0.838536024093628
Random Forest,Baseline,4,"{'max_depth': 20, 'min_samples_leaf': 4, 'min_samples_split': 5, 'n_estimators': 1000}",5.38866346504368,0.885960851296844,1.67002940177917
Random Forest,Baseline,4,"{'max_depth': 20, 'min_samples_leaf': 4, 'min_samples_split': 5, 'n_estimators': 1500}",5.38215078981337,0.886236337466896,2.49646401405334
Random Forest,Baseline,4,"{'max_depth': 20, 'min_samples_leaf': 4, 'min_samples_split': 10, 'n_estimators': 500}",5.42519442174516,0.884409416431416,0.822707891464233
Random Forest,Baseline,4,"{'max_depth': 20, 'min_samples_leaf': 4, 'min_samples_split': 10, 'n_estimators': 1000}",5.43883154772757,0.883827573863979,1.63627815246582
Random Forest,Baseline,4,"{'max_depth': 20, 'min_samples_leaf': 4, 'min_samples_split': 10, 'n_estimators': 1500}",5.41832626478421,0.884701900602338,2.45625019073486
Random Forest,Baseline,4,"{'max_depth': 30, 'min_samples_leaf': 1, 'min_samples_split': 2, 'n_estimators': 500}",5.23246540824425,0.89247620726338,1.0104022026062
Random Forest,Baseline,4,"{'max_depth': 30, 'min_samples_leaf': 1, 'min_samples_split': 2, 'n_estimators': 1000}",5.26917605359767,0.890962154363468,2.01944708824158
Random Forest,Baseline,4,"{'max_depth': 30, 'min_samples_leaf': 1, 'min_samples_split': 2, 'n_estimators': 1500}",5.23936833872894,0.89219231857926,3.04034376144409
Random Forest,Baseline,4,"{'max_depth': 30, 'min_samples_leaf': 1, 'min_samples_split': 5, 'n_estimators': 500}",5.3906958593623,0.885874812809853,0.948117256164551
Random Forest,Baseline,4,"{'max_depth': 30, 'min_samples_leaf': 1, 'min_samples_split': 5, 'n_estimators': 1000}",5.38543581027511,0.886097422738026,1.89195251464844
Random Forest,Baseline,4,"{'max_depth': 30, 'min_samples_leaf': 1, 'min_samples_split': 5, 'n_estimators': 1500}",5.36885937294367,0.886797530660384,2.82858467102051
Random Forest,Baseline,4,"{'max_depth': 30, 'min_samples_leaf': 1, 'min_samples_split': 10, 'n_estimators': 500}",5.45847163943365,0.882987041599815,0.885360717773438
Random Forest,Baseline,4,"{'max_depth': 30, 'min_samples_leaf': 1, 'min_samples_split': 10, 'n_estimators': 1000}",5.45014714643022,0.883343672854069,1.76173162460327
Random Forest,Baseline,4,"{'max_depth': 30, 'min_samples_leaf': 1, 'min_samples_split': 10, 'n_estimators': 1500}",5.40998634390957,0.885056562520577,2.63085961341858
Random Forest,Baseline,4,"{'max_depth': 30, 'min_samples_leaf': 2, 'min_samples_split': 2, 'n_estimators': 500}",5.30163329606949,0.889614707327757,0.935668706893921
Random Forest,Baseline,4,"{'max_depth': 30, 'min_samples_leaf': 2, 'min_samples_split': 2, 'n_estimators': 1000}",5.30620990872214,0.889424045789785,1.85145235061646
Random Forest,Baseline,4,"{'max_depth': 30, 'min_samples_leaf': 2, 'min_samples_split': 2, 'n_estimators': 1500}",5.28588008888723,0.890269727689298,2.76050186157227
Random Forest,Baseline,4,"{'max_depth': 30, 'min_samples_leaf': 2, 'min_samples_split': 5, 'n_estimators': 500}",5.36879779768834,0.886800127275604,0.90718674659729
Random Forest,Baseline,4,"{'max_depth': 30, 'min_samples_leaf': 2, 'min_samples_split': 5, 'n_estimators': 1000}",5.3710857463228,0.886703624970879,1.83639430999756
Random Forest,Baseline,4,"{'max_depth': 30, 'min_samples_leaf': 2, 'min_samples_split': 5, 'n_estimators': 1500}",5.35362593814646,0.887439013645084,2.73809814453125
Random Forest,Baseline,4,"{'max_depth': 30, 'min_samples_leaf': 2, 'min_samples_split': 10, 'n_estimators': 500}",5.47942204020892,0.882087092646671,0.8637855052948
Random Forest,Baseline,4,"{'max_depth': 30, 'min_samples_leaf': 2, 'min_samples_split': 10, 'n_estimators': 1000}",5.46752258732274,0.882598670527302,1.71868467330933
Random Forest,Baseline,4,"{'max_depth': 30, 'min_samples_leaf': 2, 'min_samples_split': 10, 'n_estimators': 1500}",5.43864827880888,0.883835402911825,2.56454110145569
Random Forest,Baseline,4,"{'max_depth': 30, 'min_samples_leaf': 4, 'min_samples_split': 2, 'n_estimators': 500}",5.37594469717413,0.886498545197657,0.830196857452393
Random Forest,Baseline,4,"{'max_depth': 30, 'min_samples_leaf': 4, 'min_samples_split': 2, 'n_estimators': 1000}",5.3882487057938,0.885978405546358,1.6605851650238
Random Forest,Baseline,4,"{'max_depth': 30, 'min_samples_leaf': 4, 'min_samples_split': 2, 'n_estimators': 1500}",5.38187289605014,0.886248084962414,2.48867988586426
Random Forest,Baseline,4,"{'max_depth': 30, 'min_samples_leaf': 4, 'min_samples_split': 5, 'n_estimators': 500}",5.37594469717413,0.886498545197657,0.835955619812012
Random Forest,Baseline,4,"{'max_depth': 30, 'min_samples_leaf': 4, 'min_samples_split': 5, 'n_estimators': 1000}",5.3882487057938,0.885978405546358,1.66547036170959
Random Forest,Baseline,4,"{'max_depth': 30, 'min_samples_leaf': 4, 'min_samples_split': 5, 'n_estimators': 1500}",5.38187289605014,0.886248084962414,2.49102210998535
Random Forest,Baseline,4,"{'max_depth': 30, 'min_samples_leaf': 4, 'min_samples_split': 10, 'n_estimators': 500}",5.42519370329227,0.884409447046497,0.826957225799561
Random Forest,Baseline,4,"{'max_depth': 30, 'min_samples_leaf': 4, 'min_samples_split': 10, 'n_estimators': 1000}",5.43883121894047,0.883827587909641,1.65618491172791
Random Forest,Baseline,4,"{'max_depth': 30, 'min_samples_leaf': 4, 'min_samples_split': 10, 'n_estimators': 1500}",5.41832604894693,0.884701909788063,2.46221804618835
Random Forest,Baseline,5,"{'max_depth': None, 'min_samples_leaf': 1, 'min_samples_split': 2, 'n_estimators': 500}",2.8117850323949,0.952075518751021,1.00491523742676
Random Forest,Baseline,5,"{'max_depth': None, 'min_samples_leaf': 1, 'min_samples_split': 2, 'n_estimators': 1000}",2.73974608234584,0.954499746085193,2.00132274627686
Random Forest,Baseline,5,"{'max_depth': None, 'min_samples_leaf': 1, 'min_samples_split': 2, 'n_estimators': 1500}",2.75113788462758,0.954120581386895,2.98566460609436
Random Forest,Baseline,5,"{'max_depth': None, 'min_samples_leaf': 1, 'min_samples_split': 5, 'n_estimators': 500}",2.96435634402995,0.946733518730695,0.940738916397095
Random Forest,Baseline,5,"{'max_depth': None, 'min_samples_leaf': 1, 'min_samples_split': 5, 'n_estimators': 1000}",2.88390959469034,0.949585382685885,1.87787318229675
Random Forest,Baseline,5,"{'max_depth': None, 'min_samples_leaf': 1, 'min_samples_split': 5, 'n_estimators': 1500}",2.88069409957422,0.949697742367803,2.80429983139038
Random Forest,Baseline,5,"{'max_depth': None, 'min_samples_leaf': 1, 'min_samples_split': 10, 'n_estimators': 500}",3.09156843126149,0.942063678295785,0.883535623550415
Random Forest,Baseline,5,"{'max_depth': None, 'min_samples_leaf': 1, 'min_samples_split': 10, 'n_estimators': 1000}",2.98704445966359,0.945915033556148,1.75788712501526
Random Forest,Baseline,5,"{'max_depth': None, 'min_samples_leaf': 1, 'min_samples_split': 10, 'n_estimators': 1500}",2.99440471816073,0.945648167906832,2.61871767044067
Random Forest,Baseline,5,"{'max_depth': None, 'min_samples_leaf': 2, 'min_samples_split': 2, 'n_estimators': 500}",2.97126557892973,0.946484925453695,0.923148393630981
Random Forest,Baseline,5,"{'max_depth': None, 'min_samples_leaf': 2, 'min_samples_split': 2, 'n_estimators': 1000}",3.00838777055109,0.94513936626233,1.84470558166504
Random Forest,Baseline,5,"{'max_depth': None, 'min_samples_leaf': 2, 'min_samples_split': 2, 'n_estimators': 1500}",2.95616994731041,0.947027315010467,2.74567294120789
Random Forest,Baseline,5,"{'max_depth': None, 'min_samples_leaf': 2, 'min_samples_split': 5, 'n_estimators': 500}",3.01091690152191,0.945047085571525,0.913484811782837
Random Forest,Baseline,5,"{'max_depth': None, 'min_samples_leaf': 2, 'min_samples_split': 5, 'n_estimators': 1000}",3.01705724277786,0.944822719553608,1.80702090263367
Random Forest,Baseline,5,"{'max_depth': None, 'min_samples_leaf': 2, 'min_samples_split': 5, 'n_estimators': 1500}",2.99301622126733,0.945698561798184,2.70718836784363
Random Forest,Baseline,5,"{'max_depth': None, 'min_samples_leaf': 2, 'min_samples_split': 10, 'n_estimators': 500}",3.04943713425323,0.943632008516433,0.858095169067383
Random Forest,Baseline,5,"{'max_depth': None, 'min_samples_leaf': 2, 'min_samples_split': 10, 'n_estimators': 1000}",3.10493612052788,0.941561571261254,1.71467447280884
Random Forest,Baseline,5,"{'max_depth': None, 'min_samples_leaf': 2, 'min_samples_split': 10, 'n_estimators': 1500}",3.04496640625891,0.943797167669152,2.54653882980347
Random Forest,Baseline,5,"{'max_depth': None, 'min_samples_leaf': 4, 'min_samples_split': 2, 'n_estimators': 500}",2.72163798290085,0.955099217916505,0.830124855041504
Random Forest,Baseline,5,"{'max_depth': None, 'min_samples_leaf': 4, 'min_samples_split': 2, 'n_estimators': 1000}",2.71029321959068,0.955472762885288,1.65666699409485
Random Forest,Baseline,5,"{'max_depth': None, 'min_samples_leaf': 4, 'min_samples_split': 2, 'n_estimators': 1500}",2.69731991969403,0.955898017723362,2.46460008621216
Random Forest,Baseline,5,"{'max_depth': None, 'min_samples_leaf': 4, 'min_samples_split': 5, 'n_estimators': 500}",2.72163798290085,0.955099217916505,0.823175668716431
Random Forest,Baseline,5,"{'max_depth': None, 'min_samples_leaf': 4, 'min_samples_split': 5, 'n_estimators': 1000}",2.71029321959068,0.955472762885288,1.65907382965088
Random Forest,Baseline,5,"{'max_depth': None, 'min_samples_leaf': 4, 'min_samples_split': 5, 'n_estimators': 1500}",2.69731991969403,0.955898017723362,2.46765685081482
Random Forest,Baseline,5,"{'max_depth': None, 'min_samples_leaf': 4, 'min_samples_split': 10, 'n_estimators': 500}",2.66736026962248,0.956872275238634,0.813585519790649
Random Forest,Baseline,5,"{'max_depth': None, 'min_samples_leaf': 4, 'min_samples_split': 10, 'n_estimators': 1000}",2.67029565458109,0.956777300341806,1.61578679084778
Random Forest,Baseline,5,"{'max_depth': None, 'min_samples_leaf': 4, 'min_samples_split': 10, 'n_estimators': 1500}",2.66397360001575,0.956981721744729,2.4239706993103
Random Forest,Baseline,5,"{'max_depth': 10, 'min_samples_leaf': 1, 'min_samples_split': 2, 'n_estimators': 500}",2.73665923989048,0.954602217619672,0.844300746917725
Random Forest,Baseline,5,"{'max_depth': 10, 'min_samples_leaf': 1, 'min_samples_split': 2, 'n_estimators': 1000}",2.7593444942786,0.953846457686549,1.68155932426453
Random Forest,Baseline,5,"{'max_depth': 10, 'min_samples_leaf': 1, 'min_samples_split': 2, 'n_estimators': 1500}",2.77906827534156,0.953184288931843,2.52551412582397
Random Forest,Baseline,5,"{'max_depth': 10, 'min_samples_leaf': 1, 'min_samples_split': 5, 'n_estimators': 500}",2.93988528324438,0.947609329153406,0.830353975296021
Random Forest,Baseline,5,"{'max_depth': 10, 'min_samples_leaf': 1, 'min_samples_split': 5, 'n_estimators': 1000}",2.87635406371157,0.949849198329177,1.64989542961121
Random Forest,Baseline,5,"{'max_depth': 10, 'min_samples_leaf': 1, 'min_samples_split': 5, 'n_estimators': 1500}",2.8151623250196,0.951960323457728,2.47055077552795
Random Forest,Baseline,5,"{'max_depth': 10, 'min_samples_leaf': 1, 'min_samples_split': 10, 'n_estimators': 500}",2.95257847335485,0.947155950680112,0.80279278755188
Random Forest,Baseline,5,"{'max_depth': 10, 'min_samples_leaf': 1, 'min_samples_split': 10, 'n_estimators': 1000}",2.98155823017957,0.946113524104338,1.59783697128296
Random Forest,Baseline,5,"{'max_depth': 10, 'min_samples_leaf': 1, 'min_samples_split': 10, 'n_estimators': 1500}",2.93190845096166,0.94789324814452,2.39447164535522
Random Forest,Baseline,5,"{'max_depth': 10, 'min_samples_leaf': 2, 'min_samples_split': 2, 'n_estimators': 500}",3.11299015455688,0.941258005896241,0.821086406707764
Random Forest,Baseline,5,"{'max_depth': 10, 'min_samples_leaf': 2, 'min_samples_split': 2, 'n_estimators': 1000}",3.05086241973178,0.943579304196608,1.63108134269714
Random Forest,Baseline,5,"{'max_depth': 10, 'min_samples_leaf': 2, 'min_samples_split': 2, 'n_estimators': 1500}",2.99179115322265,0.945743004819929,2.46036577224731
Random Forest,Baseline,5,"{'max_depth': 10, 'min_samples_leaf': 2, 'min_samples_split': 5, 'n_estimators': 500}",3.06506246866228,0.943052868688228,0.812513113021851
Random Forest,Baseline,5,"{'max_depth': 10, 'min_samples_leaf': 2, 'min_samples_split': 5, 'n_estimators': 1000}",3.01675651830241,0.94483371857048,1.62590384483337
Random Forest,Baseline,5,"{'max_depth': 10, 'min_samples_leaf': 2, 'min_samples_split': 5, 'n_estimators': 1500}",2.98093612669345,0.946136008633991,2.44770359992981
Random Forest,Baseline,5,"{'max_depth': 10, 'min_samples_leaf': 2, 'min_samples_split': 10, 'n_estimators': 500}",3.01530867453721,0.944886658202468,0.79773211479187
Random Forest,Baseline,5,"{'max_depth': 10, 'min_samples_leaf': 2, 'min_samples_split': 10, 'n_estimators': 1000}",3.05791170792617,0.943318272933727,1.58718872070313
Random Forest,Baseline,5,"{'max_depth': 10, 'min_samples_leaf': 2, 'min_samples_split': 10, 'n_estimators': 1500}",3.01262866196302,0.944984584368542,2.40278911590576
Random Forest,Baseline,5,"{'max_depth': 10, 'min_samples_leaf': 4, 'min_samples_split': 2, 'n_estimators': 500}",2.7139456735411,0.955352670146698,0.799341917037964
Random Forest,Baseline,5,"{'max_depth': 10, 'min_samples_leaf': 4, 'min_samples_split': 2, 'n_estimators': 1000}",2.70195435371554,0.955746338783646,1.59438323974609
Random Forest,Baseline,5,"{'max_depth': 10, 'min_samples_leaf': 4, 'min_samples_split': 2, 'n_estimators': 1500}",2.69101797856332,0.956103854207495,2.35972619056702
Random Forest,Baseline,5,"{'max_depth': 10, 'min_samples_leaf': 4, 'min_samples_split': 5, 'n_estimators': 500}",2.7139456735411,0.955352670146698,0.787661075592041
Random Forest,Baseline,5,"{'max_depth': 10, 'min_samples_leaf': 4, 'min_samples_split': 5, 'n_estimators': 1000}",2.70195435371554,0.955746338783646,1.57523798942566
Random Forest,Baseline,5,"{'max_depth': 10, 'min_samples_leaf': 4, 'min_samples_split': 5, 'n_estimators': 1500}",2.69101797856332,0.956103854207495,2.36265277862549
Random Forest,Baseline,5,"{'max_depth': 10, 'min_samples_leaf': 4, 'min_samples_split': 10, 'n_estimators': 500}",2.66151669763822,0.957061034071237,0.786534786224365
Random Forest,Baseline,5,"{'max_depth': 10, 'min_samples_leaf': 4, 'min_samples_split': 10, 'n_estimators': 1000}",2.66534725311452,0.956937346360231,1.56989693641663
Random Forest,Baseline,5,"{'max_depth': 10, 'min_samples_leaf': 4, 'min_samples_split': 10, 'n_estimators': 1500}",2.65703211812155,0.957205614021079,2.34553241729736
Random Forest,Baseline,5,"{'max_depth': 20, 'min_samples_leaf': 1, 'min_samples_split': 2, 'n_estimators': 500}",2.85840665576637,0.950473091493588,1.00808715820313
Random Forest,Baseline,5,"{'max_depth': 20, 'min_samples_leaf': 1, 'min_samples_split': 2, 'n_estimators': 1000}",2.81894957732331,0.951830980467201,1.99454140663147
Random Forest,Baseline,5,"{'max_depth': 20, 'min_samples_leaf': 1, 'min_samples_split': 2, 'n_estimators': 1500}",2.81254880568272,0.952049479484479,2.99989414215088
Random Forest,Baseline,5,"{'max_depth': 20, 'min_samples_leaf': 1, 'min_samples_split': 5, 'n_estimators': 500}",2.96131363077348,0.946842811562263,0.9350905418396
Random Forest,Baseline,5,"{'max_depth': 20, 'min_samples_leaf': 1, 'min_samples_split': 5, 'n_estimators': 1000}",2.82916443684787,0.951481253562176,1.86372995376587
Random Forest,Baseline,5,"{'max_depth': 20, 'min_samples_leaf': 1, 'min_samples_split': 5, 'n_estimators': 1500}",2.85951065675588,0.950434826598725,2.79648208618164
Random Forest,Baseline,5,"{'max_depth': 20, 'min_samples_leaf': 1, 'min_samples_split': 10, 'n_estimators': 500}",3.10469706556927,0.941570569487196,0.874061584472656
Random Forest,Baseline,5,"{'max_depth': 20, 'min_samples_leaf': 1, 'min_samples_split': 10, 'n_estimators': 1000}",3.02854799051344,0.944401623407649,1.74442601203918
Random Forest,Baseline,5,"{'max_depth': 20, 'min_samples_leaf': 1, 'min_samples_split': 10, 'n_estimators': 1500}",3.01559360220867,0.944876241983254,2.61584210395813
Random Forest,Baseline,5,"{'max_depth': 20, 'min_samples_leaf': 2, 'min_samples_split': 2, 'n_estimators': 500}",3.03010620901763,0.944344396837939,0.912019014358521
Random Forest,Baseline,5,"{'max_depth': 20, 'min_samples_leaf': 2, 'min_samples_split': 2, 'n_estimators': 1000}",3.0370003822181,0.944090850696344,1.81344556808472
Random Forest,Baseline,5,"{'max_depth': 20, 'min_samples_leaf': 2, 'min_samples_split': 2, 'n_estimators': 1500}",2.97633962823851,0.946301993316871,2.72222900390625
Random Forest,Baseline,5,"{'max_depth': 20, 'min_samples_leaf': 2, 'min_samples_split': 5, 'n_estimators': 500}",3.01256074303671,0.944987064956932,0.89759635925293
Random Forest,Baseline,5,"{'max_depth': 20, 'min_samples_leaf': 2, 'min_samples_split': 5, 'n_estimators': 1000}",3.01444388314973,0.944918266713433,1.78615283966064
Random Forest,Baseline,5,"{'max_depth': 20, 'min_samples_leaf': 2, 'min_samples_split': 5, 'n_estimators': 1500}",2.99243747094318,0.945719559971377,2.694904088974
Random Forest,Baseline,5,"{'max_depth': 20, 'min_samples_leaf': 2, 'min_samples_split': 10, 'n_estimators': 500}",3.05141824704863,0.943558744095001,0.846090078353882
Random Forest,Baseline,5,"{'max_depth': 20, 'min_samples_leaf': 2, 'min_samples_split': 10, 'n_estimators': 1000}",3.10627689476392,0.941511090572599,1.68486833572388
Random Forest,Baseline,5,"{'max_depth': 20, 'min_samples_leaf': 2, 'min_samples_split': 10, 'n_estimators': 1500}",3.04960159137179,0.943625928464921,2.52805852890015
Random Forest,Baseline,5,"{'max_depth': 20, 'min_samples_leaf': 4, 'min_samples_split': 2, 'n_estimators': 500}",2.72163802253219,0.955099216608853,0.823222160339356
Random Forest,Baseline,5,"{'max_depth': 20, 'min_samples_leaf': 4, 'min_samples_split': 2, 'n_estimators': 1000}",2.71029234654188,0.955472791571811,1.64367985725403
Random Forest,Baseline,5,"{'max_depth': 20, 'min_samples_leaf': 4, 'min_samples_split': 2, 'n_estimators': 1500}",2.69732033658914,0.955898004090643,2.46400856971741
Random Forest,Baseline,5,"{'max_depth': 20, 'min_samples_leaf': 4, 'min_samples_split': 5, 'n_estimators': 500}",2.72163802253219,0.955099216608853,0.828902244567871
Random Forest,Baseline,5,"{'max_depth': 20, 'min_samples_leaf': 4, 'min_samples_split': 5, 'n_estimators': 1000}",2.71029234654188,0.955472791571811,1.64627528190613
Random Forest,Baseline,5,"{'max_depth': 20, 'min_samples_leaf': 4, 'min_samples_split': 5, 'n_estimators': 1500}",2.69732033658914,0.955898004090643,2.47390675544739
Random Forest,Baseline,5,"{'max_depth': 20, 'min_samples_leaf': 4, 'min_samples_split': 10, 'n_estimators': 500}",2.66736068848284,0.956872261693785,0.819380283355713
Random Forest,Baseline,5,"{'max_depth': 20, 'min_samples_leaf': 4, 'min_samples_split': 10, 'n_estimators': 1000}",2.67029505650076,0.95677731970344,1.629145860672
Random Forest,Baseline,5,"{'max_depth': 20, 'min_samples_leaf': 4, 'min_samples_split': 10, 'n_estimators': 1500}",2.6639731995868,0.956981734677112,2.42698287963867
Random Forest,Baseline,5,"{'max_depth': 30, 'min_samples_leaf': 1, 'min_samples_split': 2, 'n_estimators': 500}",2.81138877799062,0.95208902543694,1.00334477424622
Random Forest,Baseline,5,"{'max_depth': 30, 'min_samples_leaf': 1, 'min_samples_split': 2, 'n_estimators': 1000}",2.7386861439401,0.954534945067984,1.99619698524475
Random Forest,Baseline,5,"{'max_depth': 30, 'min_samples_leaf': 1, 'min_samples_split': 2, 'n_estimators': 1500}",2.75044522167418,0.954143680900174,2.99358892440796
Random Forest,Baseline,5,"{'max_depth': 30, 'min_samples_leaf': 1, 'min_samples_split': 5, 'n_estimators': 500}",2.96435634402995,0.946733518730695,0.929105043411255
Random Forest,Baseline,5,"{'max_depth': 30, 'min_samples_leaf': 1, 'min_samples_split': 5, 'n_estimators': 1000}",2.88390951426493,0.949585385497773,1.86345267295837
Random Forest,Baseline,5,"{'max_depth': 30, 'min_samples_leaf': 1, 'min_samples_split': 5, 'n_estimators': 1500}",2.88069403699536,0.949697744553289,2.80308365821838
Random Forest,Baseline,5,"{'max_depth': 30, 'min_samples_leaf': 1, 'min_samples_split': 10, 'n_estimators': 500}",3.09156843126149,0.942063678295785,0.876293897628784
Random Forest,Baseline,5,"{'max_depth': 30, 'min_samples_leaf': 1, 'min_samples_split': 10, 'n_estimators': 1000}",2.9870439464454,0.945915052141333,1.76222109794617
Random Forest,Baseline,5,"{'max_depth': 30, 'min_samples_leaf': 1, 'min_samples_split': 10, 'n_estimators': 1500}",2.99440442230264,0.945648178647149,2.66379261016846
Random Forest,Baseline,5,"{'max_depth': 30, 'min_samples_leaf': 2, 'min_samples_split': 2, 'n_estimators': 500}",2.97126557892973,0.946484925453695,0.92793607711792
Random Forest,Baseline,5,"{'max_depth': 30, 'min_samples_leaf': 2, 'min_samples_split': 2, 'n_estimators': 1000}",3.00838777055109,0.94513936626233,1.82183742523193
Random Forest,Baseline,5,"{'max_depth': 30, 'min_samples_leaf': 2, 'min_samples_split': 2, 'n_estimators': 1500}",2.95616994731041,0.947027315010467,2.6995906829834
Random Forest,Baseline,5,"{'max_depth': 30, 'min_samples_leaf': 2, 'min_samples_split': 5, 'n_estimators': 500}",3.01091690152191,0.945047085571525,0.890862941741943
Random Forest,Baseline,5,"{'max_depth': 30, 'min_samples_leaf': 2, 'min_samples_split': 5, 'n_estimators': 1000}",3.01705724277786,0.944822719553608,1.78249621391296
Random Forest,Baseline,5,"{'max_depth': 30, 'min_samples_leaf': 2, 'min_samples_split': 5, 'n_estimators': 1500}",2.99301622126733,0.945698561798184,2.70393633842468
Random Forest,Baseline,5,"{'max_depth': 30, 'min_samples_leaf': 2, 'min_samples_split': 10, 'n_estimators': 500}",3.04943713425323,0.943632008516433,0.872140884399414
Random Forest,Baseline,5,"{'max_depth': 30, 'min_samples_leaf': 2, 'min_samples_split': 10, 'n_estimators': 1000}",3.10493612052788,0.941561571261254,1.71195769309998
Random Forest,Baseline,5,"{'max_depth': 30, 'min_samples_leaf': 2, 'min_samples_split': 10, 'n_estimators': 1500}",3.04496640625891,0.943797167669152,2.56763911247253
Random Forest,Baseline,5,"{'max_depth': 30, 'min_samples_leaf': 4, 'min_samples_split': 2, 'n_estimators': 500}",2.72163798290085,0.955099217916505,0.834226846694946
Random Forest,Baseline,5,"{'max_depth': 30, 'min_samples_leaf': 4, 'min_samples_split': 2, 'n_estimators': 1000}",2.71029321959068,0.955472762885288,1.65362501144409
Random Forest,Baseline,5,"{'max_depth': 30, 'min_samples_leaf': 4, 'min_samples_split': 2, 'n_estimators': 1500}",2.69731991969403,0.955898017723362,2.47275257110596
Random Forest,Baseline,5,"{'max_depth': 30, 'min_samples_leaf': 4, 'min_samples_split': 5, 'n_estimators': 500}",2.72163798290085,0.955099217916505,0.833200454711914
Random Forest,Baseline,5,"{'max_depth': 30, 'min_samples_leaf': 4, 'min_samples_split': 5, 'n_estimators': 1000}",2.71029321959068,0.955472762885288,1.66327810287476
Random Forest,Baseline,5,"{'max_depth': 30, 'min_samples_leaf': 4, 'min_samples_split': 5, 'n_estimators': 1500}",2.69731991969403,0.955898017723362,2.48786568641663
Random Forest,Baseline,5,"{'max_depth': 30, 'min_samples_leaf': 4, 'min_samples_split': 10, 'n_estimators': 500}",2.66736026962248,0.956872275238634,0.822877168655396
Random Forest,Baseline,5,"{'max_depth': 30, 'min_samples_leaf': 4, 'min_samples_split': 10, 'n_estimators': 1000}",2.67029565458109,0.956777300341806,1.63783836364746
Random Forest,Baseline,5,"{'max_depth': 30, 'min_samples_leaf': 4, 'min_samples_split': 10, 'n_estimators': 1500}",2.66397360001575,0.956981721744729,2.44975304603577
Random Forest,Baseline,6,"{'max_depth': None, 'min_samples_leaf': 1, 'min_samples_split': 2, 'n_estimators': 500}",5.48265329571198,0.841752806494507,1.0137357711792
Random Forest,Baseline,6,"{'max_depth': None, 'min_samples_leaf': 1, 'min_samples_split': 2, 'n_estimators': 1000}",5.46872941910417,0.842555562516246,2.01612305641174
Random Forest,Baseline,6,"{'max_depth': None, 'min_samples_leaf': 1, 'min_samples_split': 2, 'n_estimators': 1500}",5.46082346698359,0.843010457371878,3.02061414718628
Random Forest,Baseline,6,"{'max_depth': None, 'min_samples_leaf': 1, 'min_samples_split': 5, 'n_estimators': 500}",5.46565130935554,0.842732749878003,0.951940774917603
Random Forest,Baseline,6,"{'max_depth': None, 'min_samples_leaf': 1, 'min_samples_split': 5, 'n_estimators': 1000}",5.45171985299994,0.843533448431391,1.88811588287354
Random Forest,Baseline,6,"{'max_depth': None, 'min_samples_leaf': 1, 'min_samples_split': 5, 'n_estimators': 1500}",5.42096272584079,0.84529395207042,2.82748603820801
Random Forest,Baseline,6,"{'max_depth': None, 'min_samples_leaf': 1, 'min_samples_split': 10, 'n_estimators': 500}",5.424110539435,0.845114232262158,0.879374265670776
Random Forest,Baseline,6,"{'max_depth': None, 'min_samples_leaf': 1, 'min_samples_split': 10, 'n_estimators': 1000}",5.40211716283954,0.846367729893407,1.7527904510498
Random Forest,Baseline,6,"{'max_depth': None, 'min_samples_leaf': 1, 'min_samples_split': 10, 'n_estimators': 1500}",5.40021267086401,0.846476035522808,2.62941741943359
Random Forest,Baseline,6,"{'max_depth': None, 'min_samples_leaf': 2, 'min_samples_split': 2, 'n_estimators': 500}",5.36697904827272,0.84835983459827,0.917241334915161
Random Forest,Baseline,6,"{'max_depth': None, 'min_samples_leaf': 2, 'min_samples_split': 2, 'n_estimators': 1000}",5.33606853866518,0.850101513420807,1.82902884483337
Random Forest,Baseline,6,"{'max_depth': None, 'min_samples_leaf': 2, 'min_samples_split': 2, 'n_estimators': 1500}",5.30996314934804,0.851564607923626,2.74002552032471
Random Forest,Baseline,6,"{'max_depth': None, 'min_samples_leaf': 2, 'min_samples_split': 5, 'n_estimators': 500}",5.35028104240907,0.849301947235621,0.904571771621704
Random Forest,Baseline,6,"{'max_depth': None, 'min_samples_leaf': 2, 'min_samples_split': 5, 'n_estimators': 1000}",5.34413833078657,0.849647784500307,1.79790616035461
Random Forest,Baseline,6,"{'max_depth': None, 'min_samples_leaf': 2, 'min_samples_split': 5, 'n_estimators': 1500}",5.31913761022911,0.851051236693216,2.74900555610657
Random Forest,Baseline,6,"{'max_depth': None, 'min_samples_leaf': 2, 'min_samples_split': 10, 'n_estimators': 500}",5.31342332334089,0.851371092596501,0.85723090171814
Random Forest,Baseline,6,"{'max_depth': None, 'min_samples_leaf': 2, 'min_samples_split': 10, 'n_estimators': 1000}",5.28335028824326,0.853048758070959,1.7146155834198
Random Forest,Baseline,6,"{'max_depth': None, 'min_samples_leaf': 2, 'min_samples_split': 10, 'n_estimators': 1500}",5.29477807666674,0.852412364954126,2.5530469417572
Random Forest,Baseline,6,"{'max_depth': None, 'min_samples_leaf': 4, 'min_samples_split': 2, 'n_estimators': 500}",5.00682673277097,0.868028675791868,0.832538366317749
Random Forest,Baseline,6,"{'max_depth': None, 'min_samples_leaf': 4, 'min_samples_split': 2, 'n_estimators': 1000}",5.00689818830859,0.868024908875329,1.66746592521667
Random Forest,Baseline,6,"{'max_depth': None, 'min_samples_leaf': 4, 'min_samples_split': 2, 'n_estimators': 1500}",5.01272005839048,0.86771781713589,2.48899817466736
Random Forest,Baseline,6,"{'max_depth': None, 'min_samples_leaf': 4, 'min_samples_split': 5, 'n_estimators': 500}",5.00682673277097,0.868028675791868,0.834654569625855
Random Forest,Baseline,6,"{'max_depth': None, 'min_samples_leaf': 4, 'min_samples_split': 5, 'n_estimators': 1000}",5.00689818830859,0.868024908875329,1.67393612861633
Random Forest,Baseline,6,"{'max_depth': None, 'min_samples_leaf': 4, 'min_samples_split': 5, 'n_estimators': 1500}",5.01272005839048,0.86771781713589,2.57751703262329
Random Forest,Baseline,6,"{'max_depth': None, 'min_samples_leaf': 4, 'min_samples_split': 10, 'n_estimators': 500}",4.99310438304196,0.868751079458612,0.822616100311279
Random Forest,Baseline,6,"{'max_depth': None, 'min_samples_leaf': 4, 'min_samples_split': 10, 'n_estimators': 1000}",4.98576974052079,0.869136393597866,1.63877892494202
Random Forest,Baseline,6,"{'max_depth': None, 'min_samples_leaf': 4, 'min_samples_split': 10, 'n_estimators': 1500}",4.98697126444562,0.869073312184828,2.45342564582825
Random Forest,Baseline,6,"{'max_depth': 10, 'min_samples_leaf': 1, 'min_samples_split': 2, 'n_estimators': 500}",5.49599619181928,0.840981630550337,0.849622011184692
Random Forest,Baseline,6,"{'max_depth': 10, 'min_samples_leaf': 1, 'min_samples_split': 2, 'n_estimators': 1000}",5.48948741264752,0.841358050963546,1.70043730735779
Random Forest,Baseline,6,"{'max_depth': 10, 'min_samples_leaf': 1, 'min_samples_split': 2, 'n_estimators': 1500}",5.45742688401765,0.843205688797335,2.63216900825501
Random Forest,Baseline,6,"{'max_depth': 10, 'min_samples_leaf': 1, 'min_samples_split': 5, 'n_estimators': 500}",5.43481911333763,0.844502060761236,0.829715967178345
Random Forest,Baseline,6,"{'max_depth': 10, 'min_samples_leaf': 1, 'min_samples_split': 5, 'n_estimators': 1000}",5.44164097303881,0.844111449460578,1.65785074234009
Random Forest,Baseline,6,"{'max_depth': 10, 'min_samples_leaf': 1, 'min_samples_split': 5, 'n_estimators': 1500}",5.41479062292784,0.845646036418784,2.48476052284241
Random Forest,Baseline,6,"{'max_depth': 10, 'min_samples_leaf': 1, 'min_samples_split': 10, 'n_estimators': 500}",5.43083420296603,0.844730005121544,0.810955762863159
Random Forest,Baseline,6,"{'max_depth': 10, 'min_samples_leaf': 1, 'min_samples_split': 10, 'n_estimators': 1000}",5.40879613802022,0.845987604691523,1.62838315963745
Random Forest,Baseline,6,"{'max_depth': 10, 'min_samples_leaf': 1, 'min_samples_split': 10, 'n_estimators': 1500}",5.40376659725191,0.846273898148576,2.53163123130798
Random Forest,Baseline,6,"{'max_depth': 10, 'min_samples_leaf': 2, 'min_samples_split': 2, 'n_estimators': 500}",5.36230556454977,0.848623811513805,0.835078239440918
Random Forest,Baseline,6,"{'max_depth': 10, 'min_samples_leaf': 2, 'min_samples_split': 2, 'n_estimators': 1000}",5.32958721952121,0.850465432997784,1.65545535087585
Random Forest,Baseline,6,"{'max_depth': 10, 'min_samples_leaf': 2, 'min_samples_split': 2, 'n_estimators': 1500}",5.31078564246054,0.851518620205966,2.49919390678406
Random Forest,Baseline,6,"{'max_depth': 10, 'min_samples_leaf': 2, 'min_samples_split': 5, 'n_estimators': 500}",5.34376411427211,0.849668840209806,0.82872462272644
Random Forest,Baseline,6,"{'max_depth': 10, 'min_samples_leaf': 2, 'min_samples_split': 5, 'n_estimators': 1000}",5.32679399187904,0.850622133550772,1.6558940410614
Random Forest,Baseline,6,"{'max_depth': 10, 'min_samples_leaf': 2, 'min_samples_split': 5, 'n_estimators': 1500}",5.31486760972765,0.851290281462429,2.53777384757996
Random Forest,Baseline,6,"{'max_depth': 10, 'min_samples_leaf': 2, 'min_samples_split': 10, 'n_estimators': 500}",5.31122070455142,0.851494291878719,0.804408073425293
Random Forest,Baseline,6,"{'max_depth': 10, 'min_samples_leaf': 2, 'min_samples_split': 10, 'n_estimators': 1000}",5.28293511404296,0.853071852495473,1.6088650226593
Random Forest,Baseline,6,"{'max_depth': 10, 'min_samples_leaf': 2, 'min_samples_split': 10, 'n_estimators': 1500}",5.29181822793862,0.852577325588471,2.40045857429504
Random Forest,Baseline,6,"{'max_depth': 10, 'min_samples_leaf': 4, 'min_samples_split': 2, 'n_estimators': 500}",5.00956241521221,0.867884420643535,0.803323745727539
Random Forest,Baseline,6,"{'max_depth': 10, 'min_samples_leaf': 4, 'min_samples_split': 2, 'n_estimators': 1000}",5.00796524372031,0.867968650594862,1.59133386611938
Random Forest,Baseline,6,"{'max_depth': 10, 'min_samples_leaf': 4, 'min_samples_split': 2, 'n_estimators': 1500}",5.0169561527425,0.867494147522377,2.43386030197144
Random Forest,Baseline,6,"{'max_depth': 10, 'min_samples_leaf': 4, 'min_samples_split': 5, 'n_estimators': 500}",5.00956241521221,0.867884420643535,0.78657865524292
Random Forest,Baseline,6,"{'max_depth': 10, 'min_samples_leaf': 4, 'min_samples_split': 5, 'n_estimators': 1000}",5.00796524372031,0.867968650594862,1.57739400863647
Random Forest,Baseline,6,"{'max_depth': 10, 'min_samples_leaf': 4, 'min_samples_split': 5, 'n_estimators': 1500}",5.0169561527425,0.867494147522377,2.35661935806274
Random Forest,Baseline,6,"{'max_depth': 10, 'min_samples_leaf': 4, 'min_samples_split': 10, 'n_estimators': 500}",4.99004147455693,0.868912053514642,0.78522539138794
Random Forest,Baseline,6,"{'max_depth': 10, 'min_samples_leaf': 4, 'min_samples_split': 10, 'n_estimators': 1000}",4.98281747020115,0.869291326687939,1.57070636749268
Random Forest,Baseline,6,"{'max_depth': 10, 'min_samples_leaf': 4, 'min_samples_split': 10, 'n_estimators': 1500}",4.98410356185307,0.869223844774837,2.43603134155273
Random Forest,Baseline,6,"{'max_depth': 20, 'min_samples_leaf': 1, 'min_samples_split': 2, 'n_estimators': 500}",5.48933132913689,0.841367072221253,0.999982357025147
Random Forest,Baseline,6,"{'max_depth': 20, 'min_samples_leaf': 1, 'min_samples_split': 2, 'n_estimators': 1000}",5.46708940613471,0.842649980134059,2.00165891647339
Random Forest,Baseline,6,"{'max_depth': 20, 'min_samples_leaf': 1, 'min_samples_split': 2, 'n_estimators': 1500}",5.46255715202266,0.842910760457339,3.00490355491638
Random Forest,Baseline,6,"{'max_depth': 20, 'min_samples_leaf': 1, 'min_samples_split': 5, 'n_estimators': 500}",5.45005410442785,0.843629049131397,0.941045045852661
Random Forest,Baseline,6,"{'max_depth': 20, 'min_samples_leaf': 1, 'min_samples_split': 5, 'n_estimators': 1000}",5.43407346001147,0.844544726248062,1.87654638290405
Random Forest,Baseline,6,"{'max_depth': 20, 'min_samples_leaf': 1, 'min_samples_split': 5, 'n_estimators': 1500}",5.41998745876149,0.845349612347391,2.91013121604919
Random Forest,Baseline,6,"{'max_depth': 20, 'min_samples_leaf': 1, 'min_samples_split': 10, 'n_estimators': 500}",5.42409127363227,0.845115332532267,0.880206108093262
Random Forest,Baseline,6,"{'max_depth': 20, 'min_samples_leaf': 1, 'min_samples_split': 10, 'n_estimators': 1000}",5.40179287649061,0.846386174274042,1.7580771446228
Random Forest,Baseline,6,"{'max_depth': 20, 'min_samples_leaf': 1, 'min_samples_split': 10, 'n_estimators': 1500}",5.4026292523248,0.846338601610314,2.61995935440063
Random Forest,Baseline,6,"{'max_depth': 20, 'min_samples_leaf': 2, 'min_samples_split': 2, 'n_estimators': 500}",5.37547622519668,0.847879291145117,0.914219617843628
Random Forest,Baseline,6,"{'max_depth': 20, 'min_samples_leaf': 2, 'min_samples_split': 2, 'n_estimators': 1000}",5.33712454805721,0.850042177648874,1.82655549049377
Random Forest,Baseline,6,"{'max_depth': 20, 'min_samples_leaf': 2, 'min_samples_split': 2, 'n_estimators': 1500}",5.31211215210881,0.851444436612657,2.81450128555298
Random Forest,Baseline,6,"{'max_depth': 20, 'min_samples_leaf': 2, 'min_samples_split': 5, 'n_estimators': 500}",5.3458172261321,0.849553301435037,0.898268938064575
Random Forest,Baseline,6,"{'max_depth': 20, 'min_samples_leaf': 2, 'min_samples_split': 5, 'n_estimators': 1000}",5.34326906875898,0.849696692232231,1.79859161376953
Random Forest,Baseline,6,"{'max_depth': 20, 'min_samples_leaf': 2, 'min_samples_split': 5, 'n_estimators': 1500}",5.32009249477022,0.850997753723497,2.69263195991516
Random Forest,Baseline,6,"{'max_depth': 20, 'min_samples_leaf': 2, 'min_samples_split': 10, 'n_estimators': 500}",5.31220697475293,0.851439133051046,0.851025342941284
Random Forest,Baseline,6,"{'max_depth': 20, 'min_samples_leaf': 2, 'min_samples_split': 10, 'n_estimators': 1000}",5.28252368526091,0.853094736787468,1.7034957408905
Random Forest,Baseline,6,"{'max_depth': 20, 'min_samples_leaf': 2, 'min_samples_split': 10, 'n_estimators': 1500}",5.29408241911651,0.852451144183943,2.60709571838379
Random Forest,Baseline,6,"{'max_depth': 20, 'min_samples_leaf': 4, 'min_samples_split': 2, 'n_estimators': 500}",5.00651261807879,0.868045234316351,0.828399896621704
Random Forest,Baseline,6,"{'max_depth': 20, 'min_samples_leaf': 4, 'min_samples_split': 2, 'n_estimators': 1000}",5.00675137178723,0.868032648533287,1.64890742301941
Random Forest,Baseline,6,"{'max_depth': 20, 'min_samples_leaf': 4, 'min_samples_split': 2, 'n_estimators': 1500}",5.01276014334266,0.867715701499624,2.47560596466064
Random Forest,Baseline,6,"{'max_depth': 20, 'min_samples_leaf': 4, 'min_samples_split': 5, 'n_estimators': 500}",5.00651261807879,0.868045234316351,0.845825910568237
Random Forest,Baseline,6,"{'max_depth': 20, 'min_samples_leaf': 4, 'min_samples_split': 5, 'n_estimators': 1000}",5.00675137178723,0.868032648533287,1.67467546463013
Random Forest,Baseline,6,"{'max_depth': 20, 'min_samples_leaf': 4, 'min_samples_split': 5, 'n_estimators': 1500}",5.01276014334266,0.867715701499624,2.58073854446411
Random Forest,Baseline,6,"{'max_depth': 20, 'min_samples_leaf': 4, 'min_samples_split': 10, 'n_estimators': 500}",4.9931106060596,0.868750752301479,0.833482265472412
Random Forest,Baseline,6,"{'max_depth': 20, 'min_samples_leaf': 4, 'min_samples_split': 10, 'n_estimators': 1000}",4.98577291912813,0.869136226737311,1.64557790756226
Random Forest,Baseline,6,"{'max_depth': 20, 'min_samples_leaf': 4, 'min_samples_split': 10, 'n_estimators': 1500}",4.98697621457259,0.869073052265926,2.47429823875427
Random Forest,Baseline,6,"{'max_depth': 30, 'min_samples_leaf': 1, 'min_samples_split': 2, 'n_estimators': 500}",5.4855665660856,0.841584588911173,1.01497912406921
Random Forest,Baseline,6,"{'max_depth': 30, 'min_samples_leaf': 1, 'min_samples_split': 2, 'n_estimators': 1000}",5.47021911618482,0.842469774229353,2.01022100448608
Random Forest,Baseline,6,"{'max_depth': 30, 'min_samples_leaf': 1, 'min_samples_split': 2, 'n_estimators': 1500}",5.46181216987353,0.842953605116297,3.10857462882996
Random Forest,Baseline,6,"{'max_depth': 30, 'min_samples_leaf': 1, 'min_samples_split': 5, 'n_estimators': 500}",5.46566848506594,0.842731761457471,0.944443702697754
Random Forest,Baseline,6,"{'max_depth': 30, 'min_samples_leaf': 1, 'min_samples_split': 5, 'n_estimators': 1000}",5.45173214635864,0.843532742781921,1.88711214065552
Random Forest,Baseline,6,"{'max_depth': 30, 'min_samples_leaf': 1, 'min_samples_split': 5, 'n_estimators': 1500}",5.42097125551845,0.84529346522193,2.80615520477295
Random Forest,Baseline,6,"{'max_depth': 30, 'min_samples_leaf': 1, 'min_samples_split': 10, 'n_estimators': 500}",5.424110539435,0.845114232262158,0.876423120498657
Random Forest,Baseline,6,"{'max_depth': 30, 'min_samples_leaf': 1, 'min_samples_split': 10, 'n_estimators': 1000}",5.40211716283954,0.846367729893407,1.75365662574768
Random Forest,Baseline,6,"{'max_depth': 30, 'min_samples_leaf': 1, 'min_samples_split': 10, 'n_estimators': 1500}",5.40021267086401,0.846476035522808,2.69449210166931
Random Forest,Baseline,6,"{'max_depth': 30, 'min_samples_leaf': 2, 'min_samples_split': 2, 'n_estimators': 500}",5.36697904827272,0.84835983459827,0.921404600143433
Random Forest,Baseline,6,"{'max_depth': 30, 'min_samples_leaf': 2, 'min_samples_split': 2, 'n_estimators': 1000}",5.33606853866518,0.850101513420807,1.84275031089783
Random Forest,Baseline,6,"{'max_depth': 30, 'min_samples_leaf': 2, 'min_samples_split': 2, 'n_estimators': 1500}",5.30996314934804,0.851564607923626,2.73953199386597
Random Forest,Baseline,6,"{'max_depth': 30, 'min_samples_leaf': 2, 'min_samples_split': 5, 'n_estimators': 500}",5.35028104240907,0.849301947235621,0.90145754814148
Random Forest,Baseline,6,"{'max_depth': 30, 'min_samples_leaf': 2, 'min_samples_split': 5, 'n_estimators': 1000}",5.34413833078657,0.849647784500307,1.8020350933075
Random Forest,Baseline,6,"{'max_depth': 30, 'min_samples_leaf': 2, 'min_samples_split': 5, 'n_estimators': 1500}",5.31913761022911,0.851051236693216,2.69942140579224
Random Forest,Baseline,6,"{'max_depth': 30, 'min_samples_leaf': 2, 'min_samples_split': 10, 'n_estimators': 500}",5.31342332334089,0.851371092596501,0.864344596862793
Random Forest,Baseline,6,"{'max_depth': 30, 'min_samples_leaf': 2, 'min_samples_split': 10, 'n_estimators': 1000}",5.28335028824326,0.853048758070959,1.71561646461487
Random Forest,Baseline,6,"{'max_depth': 30, 'min_samples_leaf': 2, 'min_samples_split': 10, 'n_estimators': 1500}",5.29477807666674,0.852412364954126,2.6340811252594
Random Forest,Baseline,6,"{'max_depth': 30, 'min_samples_leaf': 4, 'min_samples_split': 2, 'n_estimators': 500}",5.00682673277097,0.868028675791868,0.843631744384766
Random Forest,Baseline,6,"{'max_depth': 30, 'min_samples_leaf': 4, 'min_samples_split': 2, 'n_estimators': 1000}",5.00689818830859,0.868024908875329,1.66549801826477
Random Forest,Baseline,6,"{'max_depth': 30, 'min_samples_leaf': 4, 'min_samples_split': 2, 'n_estimators': 1500}",5.01272005839048,0.86771781713589,2.49082136154175
Random Forest,Baseline,6,"{'max_depth': 30, 'min_samples_leaf': 4, 'min_samples_split': 5, 'n_estimators': 500}",5.00682673277097,0.868028675791868,0.831304788589478
Random Forest,Baseline,6,"{'max_depth': 30, 'min_samples_leaf': 4, 'min_samples_split': 5, 'n_estimators': 1000}",5.00689818830859,0.868024908875329,1.66036677360535
Random Forest,Baseline,6,"{'max_depth': 30, 'min_samples_leaf': 4, 'min_samples_split': 5, 'n_estimators': 1500}",5.01272005839048,0.86771781713589,2.5468053817749
Random Forest,Baseline,6,"{'max_depth': 30, 'min_samples_leaf': 4, 'min_samples_split': 10, 'n_estimators': 500}",4.99310438304196,0.868751079458612,0.816567182540894
Random Forest,Baseline,6,"{'max_depth': 30, 'min_samples_leaf': 4, 'min_samples_split': 10, 'n_estimators': 1000}",4.98576974052079,0.869136393597866,1.63838505744934
Random Forest,Baseline,6,"{'max_depth': 30, 'min_samples_leaf': 4, 'min_samples_split': 10, 'n_estimators': 1500}",4.98697126444562,0.869073312184828,2.44702386856079
Random Forest,Baseline,7,"{'max_depth': None, 'min_samples_leaf': 1, 'min_samples_split': 2, 'n_estimators': 500}",2.60102482604405,0.958640625818453,1.0179979801178
Random Forest,Baseline,7,"{'max_depth': None, 'min_samples_leaf': 1, 'min_samples_split': 2, 'n_estimators': 1000}",2.65529056790199,0.956896844082406,2.04532957077026
Random Forest,Baseline,7,"{'max_depth': None, 'min_samples_leaf': 1, 'min_samples_split': 2, 'n_estimators': 1500}",2.66087720511707,0.956715278255325,3.11042547225952
Random Forest,Baseline,7,"{'max_depth': None, 'min_samples_leaf': 1, 'min_samples_split': 5, 'n_estimators': 500}",2.33778869786197,0.966588538495183,0.948208570480347
Random Forest,Baseline,7,"{'max_depth': None, 'min_samples_leaf': 1, 'min_samples_split': 5, 'n_estimators': 1000}",2.36627564169497,0.965769311836627,1.88699841499329
Random Forest,Baseline,7,"{'max_depth': None, 'min_samples_leaf': 1, 'min_samples_split': 5, 'n_estimators': 1500}",2.35379992927683,0.966129309159358,2.82969641685486
Random Forest,Baseline,7,"{'max_depth': None, 'min_samples_leaf': 1, 'min_samples_split': 10, 'n_estimators': 500}",2.12157500089367,0.972482958264106,0.888267040252686
Random Forest,Baseline,7,"{'max_depth': None, 'min_samples_leaf': 1, 'min_samples_split': 10, 'n_estimators': 1000}",2.15001614147251,0.971740244196105,1.74711322784424
Random Forest,Baseline,7,"{'max_depth': None, 'min_samples_leaf': 1, 'min_samples_split': 10, 'n_estimators': 1500}",2.13258214333722,0.972196690082838,2.63853716850281
Random Forest,Baseline,7,"{'max_depth': None, 'min_samples_leaf': 2, 'min_samples_split': 2, 'n_estimators': 500}",2.55357127124715,0.960135994758949,0.923160314559937
Random Forest,Baseline,7,"{'max_depth': None, 'min_samples_leaf': 2, 'min_samples_split': 2, 'n_estimators': 1000}",2.53645554196751,0.96066859387656,1.83967161178589
Random Forest,Baseline,7,"{'max_depth': None, 'min_samples_leaf': 2, 'min_samples_split': 2, 'n_estimators': 1500}",2.52370603925913,0.961062999042174,2.73268890380859
Random Forest,Baseline,7,"{'max_depth': None, 'min_samples_leaf': 2, 'min_samples_split': 5, 'n_estimators': 500}",2.51384171509683,0.961366787644404,0.902813673019409
Random Forest,Baseline,7,"{'max_depth': None, 'min_samples_leaf': 2, 'min_samples_split': 5, 'n_estimators': 1000}",2.48191546116308,0.96234185417259,1.80243992805481
Random Forest,Baseline,7,"{'max_depth': None, 'min_samples_leaf': 2, 'min_samples_split': 5, 'n_estimators': 1500}",2.46458308922774,0.962865986383007,2.70878767967224
Random Forest,Baseline,7,"{'max_depth': None, 'min_samples_leaf': 2, 'min_samples_split': 10, 'n_estimators': 500}",2.1182567609907,0.972568966763275,0.853290796279907
Random Forest,Baseline,7,"{'max_depth': None, 'min_samples_leaf': 2, 'min_samples_split': 10, 'n_estimators': 1000}",2.14504114444713,0.971870875346044,1.70559549331665
Random Forest,Baseline,7,"{'max_depth': None, 'min_samples_leaf': 2, 'min_samples_split': 10, 'n_estimators': 1500}",2.13526258001464,0.972126754350673,2.55656862258911
Random Forest,Baseline,7,"{'max_depth': None, 'min_samples_leaf': 4, 'min_samples_split': 2, 'n_estimators': 500}",2.53813534602903,0.960616481050415,0.83045244216919
Random Forest,Baseline,7,"{'max_depth': None, 'min_samples_leaf': 4, 'min_samples_split': 2, 'n_estimators': 1000}",2.51330073484127,0.96138341363652,1.66413807868958
Random Forest,Baseline,7,"{'max_depth': None, 'min_samples_leaf': 4, 'min_samples_split': 2, 'n_estimators': 1500}",2.49736327830198,0.961871615305435,2.47144865989685
Random Forest,Baseline,7,"{'max_depth': None, 'min_samples_leaf': 4, 'min_samples_split': 5, 'n_estimators': 500}",2.53813534602903,0.960616481050415,0.827622890472412
Random Forest,Baseline,7,"{'max_depth': None, 'min_samples_leaf': 4, 'min_samples_split': 5, 'n_estimators': 1000}",2.51330073484127,0.96138341363652,1.66083908081055
Random Forest,Baseline,7,"{'max_depth': None, 'min_samples_leaf': 4, 'min_samples_split': 5, 'n_estimators': 1500}",2.49736327830198,0.961871615305435,2.47637271881104
Random Forest,Baseline,7,"{'max_depth': None, 'min_samples_leaf': 4, 'min_samples_split': 10, 'n_estimators': 500}",2.38330821585121,0.965274749758989,0.818549871444702
Random Forest,Baseline,7,"{'max_depth': None, 'min_samples_leaf': 4, 'min_samples_split': 10, 'n_estimators': 1000}",2.38254668222631,0.965296937590714,1.63207077980042
Random Forest,Baseline,7,"{'max_depth': None, 'min_samples_leaf': 4, 'min_samples_split': 10, 'n_estimators': 1500}",2.35536116676455,0.96608436249341,2.44244766235352
Random Forest,Baseline,7,"{'max_depth': 10, 'min_samples_leaf': 1, 'min_samples_split': 2, 'n_estimators': 500}",2.59626304872728,0.958791922993291,0.855730772018433
Random Forest,Baseline,7,"{'max_depth': 10, 'min_samples_leaf': 1, 'min_samples_split': 2, 'n_estimators': 1000}",2.62481246671202,0.957880663223288,1.71123838424683
Random Forest,Baseline,7,"{'max_depth': 10, 'min_samples_leaf': 1, 'min_samples_split': 2, 'n_estimators': 1500}",2.62107988854964,0.958000368487467,2.5456690788269
Random Forest,Baseline,7,"{'max_depth': 10, 'min_samples_leaf': 1, 'min_samples_split': 5, 'n_estimators': 500}",2.34709159901524,0.966322096995754,0.828964471817017
Random Forest,Baseline,7,"{'max_depth': 10, 'min_samples_leaf': 1, 'min_samples_split': 5, 'n_estimators': 1000}",2.37668795313131,0.965467398773376,1.65491032600403
Random Forest,Baseline,7,"{'max_depth': 10, 'min_samples_leaf': 1, 'min_samples_split': 5, 'n_estimators': 1500}",2.3626016873032,0.965875524615796,2.47993350028992
Random Forest,Baseline,7,"{'max_depth': 10, 'min_samples_leaf': 1, 'min_samples_split': 10, 'n_estimators': 500}",2.11880559235591,0.972554750392491,0.805537700653076
Random Forest,Baseline,7,"{'max_depth': 10, 'min_samples_leaf': 1, 'min_samples_split': 10, 'n_estimators': 1000}",2.14452414822435,0.971884433033461,1.60991787910461
Random Forest,Baseline,7,"{'max_depth': 10, 'min_samples_leaf': 1, 'min_samples_split': 10, 'n_estimators': 1500}",2.12403163732795,0.972419195724532,2.41923356056213
Random Forest,Baseline,7,"{'max_depth': 10, 'min_samples_leaf': 2, 'min_samples_split': 2, 'n_estimators': 500}",2.56299192281384,0.959841319110768,0.82571291923523
Random Forest,Baseline,7,"{'max_depth': 10, 'min_samples_leaf': 2, 'min_samples_split': 2, 'n_estimators': 1000}",2.5439209673322,0.96043672875685,1.64757990837097
Random Forest,Baseline,7,"{'max_depth': 10, 'min_samples_leaf': 2, 'min_samples_split': 2, 'n_estimators': 1500}",2.5358571422021,0.960687149792496,2.46120142936707
Random Forest,Baseline,7,"{'max_depth': 10, 'min_samples_leaf': 2, 'min_samples_split': 5, 'n_estimators': 500}",2.48582003079588,0.962223272765376,0.819165945053101
Random Forest,Baseline,7,"{'max_depth': 10, 'min_samples_leaf': 2, 'min_samples_split': 5, 'n_estimators': 1000}",2.46201956614597,0.962943195703906,1.64096307754517
Random Forest,Baseline,7,"{'max_depth': 10, 'min_samples_leaf': 2, 'min_samples_split': 5, 'n_estimators': 1500}",2.45509800318883,0.963151261038819,2.45746350288391
Random Forest,Baseline,7,"{'max_depth': 10, 'min_samples_leaf': 2, 'min_samples_split': 10, 'n_estimators': 500}",2.12097059306405,0.972498634491833,0.798192977905273
Random Forest,Baseline,7,"{'max_depth': 10, 'min_samples_leaf': 2, 'min_samples_split': 10, 'n_estimators': 1000}",2.14128806984656,0.971969221568982,1.59395718574524
Random Forest,Baseline,7,"{'max_depth': 10, 'min_samples_leaf': 2, 'min_samples_split': 10, 'n_estimators': 1500}",2.12880706831284,0.972295037226937,2.38687753677368
Random Forest,Baseline,7,"{'max_depth': 10, 'min_samples_leaf': 4, 'min_samples_split': 2, 'n_estimators': 500}",2.54335790148598,0.960454240512715,0.793578863143921
Random Forest,Baseline,7,"{'max_depth': 10, 'min_samples_leaf': 4, 'min_samples_split': 2, 'n_estimators': 1000}",2.5163549887372,0.961289500064507,1.57736563682556
Random Forest,Baseline,7,"{'max_depth': 10, 'min_samples_leaf': 4, 'min_samples_split': 2, 'n_estimators': 1500}",2.50117784457181,0.961755048901837,2.36829996109009
Random Forest,Baseline,7,"{'max_depth': 10, 'min_samples_leaf': 4, 'min_samples_split': 5, 'n_estimators': 500}",2.54335790148598,0.960454240512715,0.792190313339233
Random Forest,Baseline,7,"{'max_depth': 10, 'min_samples_leaf': 4, 'min_samples_split': 5, 'n_estimators': 1000}",2.5163549887372,0.961289500064507,1.58527374267578
Random Forest,Baseline,7,"{'max_depth': 10, 'min_samples_leaf': 4, 'min_samples_split': 5, 'n_estimators': 1500}",2.50117784457181,0.961755048901837,2.40647196769714
Random Forest,Baseline,7,"{'max_depth': 10, 'min_samples_leaf': 4, 'min_samples_split': 10, 'n_estimators': 500}",2.3801968934494,0.965365355687479,0.784689664840698
Random Forest,Baseline,7,"{'max_depth': 10, 'min_samples_leaf': 4, 'min_samples_split': 10, 'n_estimators': 1000}",2.37705281672954,0.965456795230525,1.57332062721252
Random Forest,Baseline,7,"{'max_depth': 10, 'min_samples_leaf': 4, 'min_samples_split': 10, 'n_estimators': 1500}",2.35460909163118,0.96610601780106,2.34969520568848
Random Forest,Baseline,7,"{'max_depth': 20, 'min_samples_leaf': 1, 'min_samples_split': 2, 'n_estimators': 500}",2.6369922075984,0.957488869264267,1.00504946708679
Random Forest,Baseline,7,"{'max_depth': 20, 'min_samples_leaf': 1, 'min_samples_split': 2, 'n_estimators': 1000}",2.66394079417266,0.956615549536116,2.00936126708984
Random Forest,Baseline,7,"{'max_depth': 20, 'min_samples_leaf': 1, 'min_samples_split': 2, 'n_estimators': 1500}",2.63956058586778,0.957406018935074,2.99612212181091
Random Forest,Baseline,7,"{'max_depth': 20, 'min_samples_leaf': 1, 'min_samples_split': 5, 'n_estimators': 500}",2.33157667751584,0.966765865832099,0.940346479415894
Random Forest,Baseline,7,"{'max_depth': 20, 'min_samples_leaf': 1, 'min_samples_split': 5, 'n_estimators': 1000}",2.3705891043229,0.965644400461981,1.8757381439209
Random Forest,Baseline,7,"{'max_depth': 20, 'min_samples_leaf': 1, 'min_samples_split': 5, 'n_estimators': 1500}",2.35551194909012,0.966080020023597,2.8116192817688
Random Forest,Baseline,7,"{'max_depth': 20, 'min_samples_leaf': 1, 'min_samples_split': 10, 'n_estimators': 500}",2.12080571342142,0.972502910118363,0.88068962097168
Random Forest,Baseline,7,"{'max_depth': 20, 'min_samples_leaf': 1, 'min_samples_split': 10, 'n_estimators': 1000}",2.14896366643433,0.971767904832861,1.75771713256836
Random Forest,Baseline,7,"{'max_depth': 20, 'min_samples_leaf': 1, 'min_samples_split': 10, 'n_estimators': 1500}",2.13287204828725,0.972189130359935,2.62562990188599
Random Forest,Baseline,7,"{'max_depth': 20, 'min_samples_leaf': 2, 'min_samples_split': 2, 'n_estimators': 500}",2.56229510780365,0.959863152474668,0.917118549346924
Random Forest,Baseline,7,"{'max_depth': 20, 'min_samples_leaf': 2, 'min_samples_split': 2, 'n_estimators': 1000}",2.53884089467526,0.960594582414771,1.83393502235413
Random Forest,Baseline,7,"{'max_depth': 20, 'min_samples_leaf': 2, 'min_samples_split': 2, 'n_estimators': 1500}",2.52672054601522,0.960969924847357,2.74308705329895
Random Forest,Baseline,7,"{'max_depth': 20, 'min_samples_leaf': 2, 'min_samples_split': 5, 'n_estimators': 500}",2.51178361659414,0.961430020271947,0.904492139816284
Random Forest,Baseline,7,"{'max_depth': 20, 'min_samples_leaf': 2, 'min_samples_split': 5, 'n_estimators': 1000}",2.48313783136738,0.962304750949853,1.80736589431763
Random Forest,Baseline,7,"{'max_depth': 20, 'min_samples_leaf': 2, 'min_samples_split': 5, 'n_estimators': 1500}",2.46535305974031,0.962842780379598,2.70364594459534
Random Forest,Baseline,7,"{'max_depth': 20, 'min_samples_leaf': 2, 'min_samples_split': 10, 'n_estimators': 500}",2.11971952966072,0.972531068515005,0.855734586715698
Random Forest,Baseline,7,"{'max_depth': 20, 'min_samples_leaf': 2, 'min_samples_split': 10, 'n_estimators': 1000}",2.14552901538442,0.971858078441819,1.71121883392334
Random Forest,Baseline,7,"{'max_depth': 20, 'min_samples_leaf': 2, 'min_samples_split': 10, 'n_estimators': 1500}",2.13606133772152,0.972105896837192,2.56025123596191
Random Forest,Baseline,7,"{'max_depth': 20, 'min_samples_leaf': 4, 'min_samples_split': 2, 'n_estimators': 500}",2.53813588127361,0.96061646443994,0.829931497573853
Random Forest,Baseline,7,"{'max_depth': 20, 'min_samples_leaf': 4, 'min_samples_split': 2, 'n_estimators': 1000}",2.51331025616704,0.961383121047742,1.66163492202759
Random Forest,Baseline,7,"{'max_depth': 20, 'min_samples_leaf': 4, 'min_samples_split': 2, 'n_estimators': 1500}",2.49737125534932,0.961871371726602,2.50002312660217
Random Forest,Baseline,7,"{'max_depth': 20, 'min_samples_leaf': 4, 'min_samples_split': 5, 'n_estimators': 500}",2.53813588127361,0.96061646443994,0.826625347137451
Random Forest,Baseline,7,"{'max_depth': 20, 'min_samples_leaf': 4, 'min_samples_split': 5, 'n_estimators': 1000}",2.51331025616704,0.961383121047742,1.64665222167969
Random Forest,Baseline,7,"{'max_depth': 20, 'min_samples_leaf': 4, 'min_samples_split': 5, 'n_estimators': 1500}",2.49737125534932,0.961871371726602,2.45829105377197
Random Forest,Baseline,7,"{'max_depth': 20, 'min_samples_leaf': 4, 'min_samples_split': 10, 'n_estimators': 500}",2.38330932146062,0.965274717541106,0.814302444458008
Random Forest,Baseline,7,"{'max_depth': 20, 'min_samples_leaf': 4, 'min_samples_split': 10, 'n_estimators': 1000}",2.38254365503038,0.965297025776103,1.61930322647095
Random Forest,Baseline,7,"{'max_depth': 20, 'min_samples_leaf': 4, 'min_samples_split': 10, 'n_estimators': 1500}",2.35535889295579,0.966084427976053,2.42349481582642
Random Forest,Baseline,7,"{'max_depth': 30, 'min_samples_leaf': 1, 'min_samples_split': 2, 'n_estimators': 500}",2.60100078325004,0.958641390432699,1.0002977848053
Random Forest,Baseline,7,"{'max_depth': 30, 'min_samples_leaf': 1, 'min_samples_split': 2, 'n_estimators': 1000}",2.6551657187278,0.956900897323865,2.00370168685913
Random Forest,Baseline,7,"{'max_depth': 30, 'min_samples_leaf': 1, 'min_samples_split': 2, 'n_estimators': 1500}",2.66043737019112,0.956729586738914,3.09784388542175
Random Forest,Baseline,7,"{'max_depth': 30, 'min_samples_leaf': 1, 'min_samples_split': 5, 'n_estimators': 500}",2.33778869786197,0.966588538495183,0.936391830444336
Random Forest,Baseline,7,"{'max_depth': 30, 'min_samples_leaf': 1, 'min_samples_split': 5, 'n_estimators': 1000}",2.36627564169497,0.965769311836627,1.87171602249146
Random Forest,Baseline,7,"{'max_depth': 30, 'min_samples_leaf': 1, 'min_samples_split': 5, 'n_estimators': 1500}",2.3538015275369,0.966129263162083,2.80980777740479
Random Forest,Baseline,7,"{'max_depth': 30, 'min_samples_leaf': 1, 'min_samples_split': 10, 'n_estimators': 500}",2.12157500089367,0.972482958264106,0.877459049224854
Random Forest,Baseline,7,"{'max_depth': 30, 'min_samples_leaf': 1, 'min_samples_split': 10, 'n_estimators': 1000}",2.15001614147251,0.971740244196105,1.75363636016846
Random Forest,Baseline,7,"{'max_depth': 30, 'min_samples_leaf': 1, 'min_samples_split': 10, 'n_estimators': 1500}",2.13258214333722,0.972196690082838,2.72741603851318
Random Forest,Baseline,7,"{'max_depth': 30, 'min_samples_leaf': 2, 'min_samples_split': 2, 'n_estimators': 500}",2.55357127124715,0.960135994758949,0.913618564605713
Random Forest,Baseline,7,"{'max_depth': 30, 'min_samples_leaf': 2, 'min_samples_split': 2, 'n_estimators': 1000}",2.53645554196751,0.96066859387656,1.83298826217651
Random Forest,Baseline,7,"{'max_depth': 30, 'min_samples_leaf': 2, 'min_samples_split': 2, 'n_estimators': 1500}",2.52370603925913,0.961062999042174,2.7297351360321
Random Forest,Baseline,7,"{'max_depth': 30, 'min_samples_leaf': 2, 'min_samples_split': 5, 'n_estimators': 500}",2.51384171509683,0.961366787644404,0.900244474411011
Random Forest,Baseline,7,"{'max_depth': 30, 'min_samples_leaf': 2, 'min_samples_split': 5, 'n_estimators': 1000}",2.48191546116308,0.96234185417259,1.79727029800415
Random Forest,Baseline,7,"{'max_depth': 30, 'min_samples_leaf': 2, 'min_samples_split': 5, 'n_estimators': 1500}",2.46458308922774,0.962865986383007,2.80572700500488
Random Forest,Baseline,7,"{'max_depth': 30, 'min_samples_leaf': 2, 'min_samples_split': 10, 'n_estimators': 500}",2.1182567609907,0.972568966763275,0.852426528930664
Random Forest,Baseline,7,"{'max_depth': 30, 'min_samples_leaf': 2, 'min_samples_split': 10, 'n_estimators': 1000}",2.14504114444713,0.971870875346044,1.70214891433716
Random Forest,Baseline,7,"{'max_depth': 30, 'min_samples_leaf': 2, 'min_samples_split': 10, 'n_estimators': 1500}",2.13526258001464,0.972126754350673,2.53981399536133
Random Forest,Baseline,7,"{'max_depth': 30, 'min_samples_leaf': 4, 'min_samples_split': 2, 'n_estimators': 500}",2.53813534602903,0.960616481050415,0.825523853302002
Random Forest,Baseline,7,"{'max_depth': 30, 'min_samples_leaf': 4, 'min_samples_split': 2, 'n_estimators': 1000}",2.51330073484127,0.96138341363652,1.64704465866089
Random Forest,Baseline,7,"{'max_depth': 30, 'min_samples_leaf': 4, 'min_samples_split': 2, 'n_estimators': 1500}",2.49736327830198,0.961871615305435,2.5680205821991
Random Forest,Baseline,7,"{'max_depth': 30, 'min_samples_leaf': 4, 'min_samples_split': 5, 'n_estimators': 500}",2.53813534602903,0.960616481050415,0.825069427490234
Random Forest,Baseline,7,"{'max_depth': 30, 'min_samples_leaf': 4, 'min_samples_split': 5, 'n_estimators': 1000}",2.51330073484127,0.96138341363652,1.6547577381134
Random Forest,Baseline,7,"{'max_depth': 30, 'min_samples_leaf': 4, 'min_samples_split': 5, 'n_estimators': 1500}",2.49736327830198,0.961871615305435,2.46991467475891
Random Forest,Baseline,7,"{'max_depth': 30, 'min_samples_leaf': 4, 'min_samples_split': 10, 'n_estimators': 500}",2.38330821585121,0.965274749758989,0.811668395996094
Random Forest,Baseline,7,"{'max_depth': 30, 'min_samples_leaf': 4, 'min_samples_split': 10, 'n_estimators': 1000}",2.38254668222631,0.965296937590714,1.62015891075134
Random Forest,Baseline,7,"{'max_depth': 30, 'min_samples_leaf': 4, 'min_samples_split': 10, 'n_estimators': 1500}",2.35536116676455,0.96608436249341,2.52789783477783
Random Forest,Baseline,8,"{'max_depth': None, 'min_samples_leaf': 1, 'min_samples_split': 2, 'n_estimators': 500}",3.07810654458,0.907138387090299,1.00716471672058
Random Forest,Baseline,8,"{'max_depth': None, 'min_samples_leaf': 1, 'min_samples_split': 2, 'n_estimators': 1000}",3.03710812063223,0.909595628327172,2.02146172523499
Random Forest,Baseline,8,"{'max_depth': None, 'min_samples_leaf': 1, 'min_samples_split': 2, 'n_estimators': 1500}",3.04033240469209,0.909403574511617,3.0283031463623
Random Forest,Baseline,8,"{'max_depth': None, 'min_samples_leaf': 1, 'min_samples_split': 5, 'n_estimators': 500}",3.05718099445316,0.908396677051441,0.9463951587677
Random Forest,Baseline,8,"{'max_depth': None, 'min_samples_leaf': 1, 'min_samples_split': 5, 'n_estimators': 1000}",3.03258717543909,0.909864574307632,1.89132690429688
Random Forest,Baseline,8,"{'max_depth': None, 'min_samples_leaf': 1, 'min_samples_split': 5, 'n_estimators': 1500}",3.0424274099946,0.909278676731137,2.87872266769409
Random Forest,Baseline,8,"{'max_depth': None, 'min_samples_leaf': 1, 'min_samples_split': 10, 'n_estimators': 500}",3.34173298801872,0.890550843792214,0.885112524032593
Random Forest,Baseline,8,"{'max_depth': None, 'min_samples_leaf': 1, 'min_samples_split': 10, 'n_estimators': 1000}",3.30960798729428,0.892645058880971,1.76623916625977
Random Forest,Baseline,8,"{'max_depth': None, 'min_samples_leaf': 1, 'min_samples_split': 10, 'n_estimators': 1500}",3.31896288200813,0.892037305009555,2.64349555969238
Random Forest,Baseline,8,"{'max_depth': None, 'min_samples_leaf': 2, 'min_samples_split': 2, 'n_estimators': 500}",3.18763186325905,0.900412404933338,0.919041633605957
Random Forest,Baseline,8,"{'max_depth': None, 'min_samples_leaf': 2, 'min_samples_split': 2, 'n_estimators': 1000}",3.15850427768333,0.902224090387945,1.83739638328552
Random Forest,Baseline,8,"{'max_depth': None, 'min_samples_leaf': 2, 'min_samples_split': 2, 'n_estimators': 1500}",3.14798514440493,0.902874274803243,2.75041103363037
Random Forest,Baseline,8,"{'max_depth': None, 'min_samples_leaf': 2, 'min_samples_split': 5, 'n_estimators': 500}",3.23193895015273,0.897624691570452,0.910964488983154
Random Forest,Baseline,8,"{'max_depth': None, 'min_samples_leaf': 2, 'min_samples_split': 5, 'n_estimators': 1000}",3.19635437244738,0.89986664417734,1.80392646789551
Random Forest,Baseline,8,"{'max_depth': None, 'min_samples_leaf': 2, 'min_samples_split': 5, 'n_estimators': 1500}",3.18458353279056,0.900602784976338,2.79600071907043
Random Forest,Baseline,8,"{'max_depth': None, 'min_samples_leaf': 2, 'min_samples_split': 10, 'n_estimators': 500}",3.48376234024267,0.881049583716216,0.854207038879395
Random Forest,Baseline,8,"{'max_depth': None, 'min_samples_leaf': 2, 'min_samples_split': 10, 'n_estimators': 1000}",3.46035921399978,0.882642379567409,1.71075558662415
Random Forest,Baseline,8,"{'max_depth': None, 'min_samples_leaf': 2, 'min_samples_split': 10, 'n_estimators': 1500}",3.4546262181514,0.883030925013181,2.54512906074524
Random Forest,Baseline,8,"{'max_depth': None, 'min_samples_leaf': 4, 'min_samples_split': 2, 'n_estimators': 500}",3.60860676614376,0.872371388566276,0.832309007644653
Random Forest,Baseline,8,"{'max_depth': None, 'min_samples_leaf': 4, 'min_samples_split': 2, 'n_estimators': 1000}",3.5540324426935,0.876202549207013,1.6649763584137
Random Forest,Baseline,8,"{'max_depth': None, 'min_samples_leaf': 4, 'min_samples_split': 2, 'n_estimators': 1500}",3.54619758842741,0.876747769821433,2.58048987388611
Random Forest,Baseline,8,"{'max_depth': None, 'min_samples_leaf': 4, 'min_samples_split': 5, 'n_estimators': 500}",3.60860676614376,0.872371388566276,0.840352058410645
Random Forest,Baseline,8,"{'max_depth': None, 'min_samples_leaf': 4, 'min_samples_split': 5, 'n_estimators': 1000}",3.5540324426935,0.876202549207013,1.65785670280457
Random Forest,Baseline,8,"{'max_depth': None, 'min_samples_leaf': 4, 'min_samples_split': 5, 'n_estimators': 1500}",3.54619758842741,0.876747769821433,2.49230217933655
Random Forest,Baseline,8,"{'max_depth': None, 'min_samples_leaf': 4, 'min_samples_split': 10, 'n_estimators': 500}",3.6636837189425,0.86844575237813,0.821943759918213
Random Forest,Baseline,8,"{'max_depth': None, 'min_samples_leaf': 4, 'min_samples_split': 10, 'n_estimators': 1000}",3.62984329635221,0.870864788200943,1.63787341117859
Random Forest,Baseline,8,"{'max_depth': None, 'min_samples_leaf': 4, 'min_samples_split': 10, 'n_estimators': 1500}",3.62514918599818,0.871198567338418,2.55575156211853
Random Forest,Baseline,8,"{'max_depth': 10, 'min_samples_leaf': 1, 'min_samples_split': 2, 'n_estimators': 500}",3.02184895241987,0.910501773251699,0.85322904586792
Random Forest,Baseline,8,"{'max_depth': 10, 'min_samples_leaf': 1, 'min_samples_split': 2, 'n_estimators': 1000}",3.00283862938973,0.91162429032067,1.702064037323
Random Forest,Baseline,8,"{'max_depth': 10, 'min_samples_leaf': 1, 'min_samples_split': 2, 'n_estimators': 1500}",3.01879731471312,0.910682442943326,2.54836320877075
Random Forest,Baseline,8,"{'max_depth': 10, 'min_samples_leaf': 1, 'min_samples_split': 5, 'n_estimators': 500}",3.02388540099431,0.910381105440764,0.838102102279663
Random Forest,Baseline,8,"{'max_depth': 10, 'min_samples_leaf': 1, 'min_samples_split': 5, 'n_estimators': 1000}",3.04546823416257,0.909097239072148,1.6719856262207
Random Forest,Baseline,8,"{'max_depth': 10, 'min_samples_leaf': 1, 'min_samples_split': 5, 'n_estimators': 1500}",3.05951243080443,0.908256908583903,2.6010537147522
Random Forest,Baseline,8,"{'max_depth': 10, 'min_samples_leaf': 1, 'min_samples_split': 10, 'n_estimators': 500}",3.31210872637105,0.892482762848293,0.8086838722229
Random Forest,Baseline,8,"{'max_depth': 10, 'min_samples_leaf': 1, 'min_samples_split': 10, 'n_estimators': 1000}",3.31178860902748,0.89250354505801,1.61747860908508
Random Forest,Baseline,8,"{'max_depth': 10, 'min_samples_leaf': 1, 'min_samples_split': 10, 'n_estimators': 1500}",3.32155538033153,0.891868576144341,2.42216634750366
Random Forest,Baseline,8,"{'max_depth': 10, 'min_samples_leaf': 2, 'min_samples_split': 2, 'n_estimators': 500}",3.20986605034735,0.899018284364944,0.826902627944946
Random Forest,Baseline,8,"{'max_depth': 10, 'min_samples_leaf': 2, 'min_samples_split': 2, 'n_estimators': 1000}",3.16689317604112,0.901704020537073,1.64738178253174
Random Forest,Baseline,8,"{'max_depth': 10, 'min_samples_leaf': 2, 'min_samples_split': 2, 'n_estimators': 1500}",3.16386910184583,0.901891657059068,2.52536940574646
Random Forest,Baseline,8,"{'max_depth': 10, 'min_samples_leaf': 2, 'min_samples_split': 5, 'n_estimators': 500}",3.2270504925473,0.897934152163817,0.817201137542725
Random Forest,Baseline,8,"{'max_depth': 10, 'min_samples_leaf': 2, 'min_samples_split': 5, 'n_estimators': 1000}",3.20362964511298,0.899410295191062,1.62916088104248
Random Forest,Baseline,8,"{'max_depth': 10, 'min_samples_leaf': 2, 'min_samples_split': 5, 'n_estimators': 1500}",3.19248535518144,0.900108909685597,2.4445788860321
Random Forest,Baseline,8,"{'max_depth': 10, 'min_samples_leaf': 2, 'min_samples_split': 10, 'n_estimators': 500}",3.48920614685718,0.880677543988782,0.801253318786621
Random Forest,Baseline,8,"{'max_depth': 10, 'min_samples_leaf': 2, 'min_samples_split': 10, 'n_estimators': 1000}",3.4617553318374,0.882547662164025,1.59637761116028
Random Forest,Baseline,8,"{'max_depth': 10, 'min_samples_leaf': 2, 'min_samples_split': 10, 'n_estimators': 1500}",3.45181419908076,0.883221270006158,2.47797608375549
Random Forest,Baseline,8,"{'max_depth': 10, 'min_samples_leaf': 4, 'min_samples_split': 2, 'n_estimators': 500}",3.60019575737748,0.872965653549468,0.788719654083252
Random Forest,Baseline,8,"{'max_depth': 10, 'min_samples_leaf': 4, 'min_samples_split': 2, 'n_estimators': 1000}",3.54483301497346,0.876842606252965,1.58072805404663
Random Forest,Baseline,8,"{'max_depth': 10, 'min_samples_leaf': 4, 'min_samples_split': 2, 'n_estimators': 1500}",3.54214624654292,0.877029227172364,2.36172747612
Random Forest,Baseline,8,"{'max_depth': 10, 'min_samples_leaf': 4, 'min_samples_split': 5, 'n_estimators': 500}",3.60019575737748,0.872965653549468,0.796026706695557
Random Forest,Baseline,8,"{'max_depth': 10, 'min_samples_leaf': 4, 'min_samples_split': 5, 'n_estimators': 1000}",3.54483301497346,0.876842606252965,1.58772397041321
Random Forest,Baseline,8,"{'max_depth': 10, 'min_samples_leaf': 4, 'min_samples_split': 5, 'n_estimators': 1500}",3.54214624654292,0.877029227172364,2.45401525497437
Random Forest,Baseline,8,"{'max_depth': 10, 'min_samples_leaf': 4, 'min_samples_split': 10, 'n_estimators': 500}",3.67264840386873,0.867801163303073,0.794366598129273
Random Forest,Baseline,8,"{'max_depth': 10, 'min_samples_leaf': 4, 'min_samples_split': 10, 'n_estimators': 1000}",3.63542896703689,0.870467051060171,1.57632732391357
Random Forest,Baseline,8,"{'max_depth': 10, 'min_samples_leaf': 4, 'min_samples_split': 10, 'n_estimators': 1500}",3.62948774348336,0.87089008524137,2.37538623809814
Random Forest,Baseline,8,"{'max_depth': 20, 'min_samples_leaf': 1, 'min_samples_split': 2, 'n_estimators': 500}",3.02443064475324,0.910348783747404,1.01089477539063
Random Forest,Baseline,8,"{'max_depth': 20, 'min_samples_leaf': 1, 'min_samples_split': 2, 'n_estimators': 1000}",3.02453741924916,0.910342453542799,2.02572822570801
Random Forest,Baseline,8,"{'max_depth': 20, 'min_samples_leaf': 1, 'min_samples_split': 2, 'n_estimators': 1500}",3.03064178619835,0.909980180049284,3.13128232955933
Random Forest,Baseline,8,"{'max_depth': 20, 'min_samples_leaf': 1, 'min_samples_split': 5, 'n_estimators': 500}",3.06167882804657,0.908126938628591,0.94818639755249
Random Forest,Baseline,8,"{'max_depth': 20, 'min_samples_leaf': 1, 'min_samples_split': 5, 'n_estimators': 1000}",3.03772412821492,0.909558951709849,1.89099979400635
Random Forest,Baseline,8,"{'max_depth': 20, 'min_samples_leaf': 1, 'min_samples_split': 5, 'n_estimators': 1500}",3.0454786496839,0.909096617295008,2.8151969909668
Random Forest,Baseline,8,"{'max_depth': 20, 'min_samples_leaf': 1, 'min_samples_split': 10, 'n_estimators': 500}",3.34686790399976,0.890214225625478,0.88327431678772
Random Forest,Baseline,8,"{'max_depth': 20, 'min_samples_leaf': 1, 'min_samples_split': 10, 'n_estimators': 1000}",3.31317473089405,0.892413542714022,1.76676344871521
Random Forest,Baseline,8,"{'max_depth': 20, 'min_samples_leaf': 1, 'min_samples_split': 10, 'n_estimators': 1500}",3.31740244870651,0.892138799956772,2.72967863082886
Random Forest,Baseline,8,"{'max_depth': 20, 'min_samples_leaf': 2, 'min_samples_split': 2, 'n_estimators': 500}",3.17691912210882,0.901080652378806,0.919410705566406
Random Forest,Baseline,8,"{'max_depth': 20, 'min_samples_leaf': 2, 'min_samples_split': 2, 'n_estimators': 1000}",3.15511896582833,0.902433572175211,1.84045076370239
Random Forest,Baseline,8,"{'max_depth': 20, 'min_samples_leaf': 2, 'min_samples_split': 2, 'n_estimators': 1500}",3.14699226122463,0.902935532583472,2.75135159492493
Random Forest,Baseline,8,"{'max_depth': 20, 'min_samples_leaf': 2, 'min_samples_split': 5, 'n_estimators': 500}",3.22592123726451,0.89800557232393,0.906368494033814
Random Forest,Baseline,8,"{'max_depth': 20, 'min_samples_leaf': 2, 'min_samples_split': 5, 'n_estimators': 1000}",3.19255918567487,0.90010428940206,1.81115746498108
Random Forest,Baseline,8,"{'max_depth': 20, 'min_samples_leaf': 2, 'min_samples_split': 5, 'n_estimators': 1500}",3.17977912728725,0.900902468937784,2.7875394821167
Random Forest,Baseline,8,"{'max_depth': 20, 'min_samples_leaf': 2, 'min_samples_split': 10, 'n_estimators': 500}",3.48708519473575,0.88082256281982,0.857251644134522
Random Forest,Baseline,8,"{'max_depth': 20, 'min_samples_leaf': 2, 'min_samples_split': 10, 'n_estimators': 1000}",3.46055174199688,0.882629320081518,1.71201300621033
Random Forest,Baseline,8,"{'max_depth': 20, 'min_samples_leaf': 2, 'min_samples_split': 10, 'n_estimators': 1500}",3.45470983488674,0.883025262640504,2.56710863113403
Random Forest,Baseline,8,"{'max_depth': 20, 'min_samples_leaf': 4, 'min_samples_split': 2, 'n_estimators': 500}",3.60879835156576,0.872357836283052,0.834688186645508
Random Forest,Baseline,8,"{'max_depth': 20, 'min_samples_leaf': 4, 'min_samples_split': 2, 'n_estimators': 1000}",3.55507354784886,0.876130009046483,1.67176127433777
Random Forest,Baseline,8,"{'max_depth': 20, 'min_samples_leaf': 4, 'min_samples_split': 2, 'n_estimators': 1500}",3.5468932685841,0.876699406728767,2.49305033683777
Random Forest,Baseline,8,"{'max_depth': 20, 'min_samples_leaf': 4, 'min_samples_split': 5, 'n_estimators': 500}",3.60879835156576,0.872357836283052,0.836329698562622
Random Forest,Baseline,8,"{'max_depth': 20, 'min_samples_leaf': 4, 'min_samples_split': 5, 'n_estimators': 1000}",3.55507354784886,0.876130009046483,1.66590452194214
Random Forest,Baseline,8,"{'max_depth': 20, 'min_samples_leaf': 4, 'min_samples_split': 5, 'n_estimators': 1500}",3.5468932685841,0.876699406728767,2.58719873428345
Random Forest,Baseline,8,"{'max_depth': 20, 'min_samples_leaf': 4, 'min_samples_split': 10, 'n_estimators': 500}",3.66369044399306,0.868445269416256,0.82565450668335
Random Forest,Baseline,8,"{'max_depth': 20, 'min_samples_leaf': 4, 'min_samples_split': 10, 'n_estimators': 1000}",3.62980650026098,0.870867406301264,1.63948607444763
Random Forest,Baseline,8,"{'max_depth': 20, 'min_samples_leaf': 4, 'min_samples_split': 10, 'n_estimators': 1500}",3.62511958399897,0.871200670845968,2.47356867790222
Random Forest,Baseline,8,"{'max_depth': 30, 'min_samples_leaf': 1, 'min_samples_split': 2, 'n_estimators': 500}",3.07370189241402,0.907403959740464,1.01365613937378
Random Forest,Baseline,8,"{'max_depth': 30, 'min_samples_leaf': 1, 'min_samples_split': 2, 'n_estimators': 1000}",3.03590345134727,0.909667331912553,2.01986789703369
Random Forest,Baseline,8,"{'max_depth': 30, 'min_samples_leaf': 1, 'min_samples_split': 2, 'n_estimators': 1500}",3.04013785171038,0.909415168796993,3.1315643787384
Random Forest,Baseline,8,"{'max_depth': 30, 'min_samples_leaf': 1, 'min_samples_split': 5, 'n_estimators': 500}",3.05719091376868,0.908396082619028,0.946798324584961
Random Forest,Baseline,8,"{'max_depth': 30, 'min_samples_leaf': 1, 'min_samples_split': 5, 'n_estimators': 1000}",3.0316850675162,0.909918191752386,1.88577604293823
Random Forest,Baseline,8,"{'max_depth': 30, 'min_samples_leaf': 1, 'min_samples_split': 5, 'n_estimators': 1500}",3.0418264523431,0.909314512780125,2.82677435874939
Random Forest,Baseline,8,"{'max_depth': 30, 'min_samples_leaf': 1, 'min_samples_split': 10, 'n_estimators': 500}",3.34173298801872,0.890550843792214,0.886814832687378
Random Forest,Baseline,8,"{'max_depth': 30, 'min_samples_leaf': 1, 'min_samples_split': 10, 'n_estimators': 1000}",3.30960798729428,0.892645058880971,1.76650881767273
Random Forest,Baseline,8,"{'max_depth': 30, 'min_samples_leaf': 1, 'min_samples_split': 10, 'n_estimators': 1500}",3.31892507203204,0.892039764840418,2.74229574203491
Random Forest,Baseline,8,"{'max_depth': 30, 'min_samples_leaf': 2, 'min_samples_split': 2, 'n_estimators': 500}",3.18763186325905,0.900412404933338,0.922618389129639
Random Forest,Baseline,8,"{'max_depth': 30, 'min_samples_leaf': 2, 'min_samples_split': 2, 'n_estimators': 1000}",3.15850427768333,0.902224090387945,1.847984790802
Random Forest,Baseline,8,"{'max_depth': 30, 'min_samples_leaf': 2, 'min_samples_split': 2, 'n_estimators': 1500}",3.14798514440493,0.902874274803243,2.74387645721436
Random Forest,Baseline,8,"{'max_depth': 30, 'min_samples_leaf': 2, 'min_samples_split': 5, 'n_estimators': 500}",3.23193895015273,0.897624691570452,0.883606910705566
Random Forest,Baseline,8,"{'max_depth': 30, 'min_samples_leaf': 2, 'min_samples_split': 5, 'n_estimators': 1000}",3.19635437244738,0.89986664417734,1.76302003860474
Random Forest,Baseline,8,"{'max_depth': 30, 'min_samples_leaf': 2, 'min_samples_split': 5, 'n_estimators': 1500}",3.18458353279056,0.900602784976338,2.7281174659729
Random Forest,Baseline,8,"{'max_depth': 30, 'min_samples_leaf': 2, 'min_samples_split': 10, 'n_estimators': 500}",3.48376234024267,0.881049583716216,0.838933229446411
Random Forest,Baseline,8,"{'max_depth': 30, 'min_samples_leaf': 2, 'min_samples_split': 10, 'n_estimators': 1000}",3.46035921399978,0.882642379567409,1.66688203811646
Random Forest,Baseline,8,"{'max_depth': 30, 'min_samples_leaf': 2, 'min_samples_split': 10, 'n_estimators': 1500}",3.4546262181514,0.883030925013181,2.49911594390869
Random Forest,Baseline,8,"{'max_depth': 30, 'min_samples_leaf': 4, 'min_samples_split': 2, 'n_estimators': 500}",3.60860676614376,0.872371388566276,0.815474033355713
Random Forest,Baseline,8,"{'max_depth': 30, 'min_samples_leaf': 4, 'min_samples_split': 2, 'n_estimators': 1000}",3.5540324426935,0.876202549207013,1.61404466629028
Random Forest,Baseline,8,"{'max_depth': 30, 'min_samples_leaf': 4, 'min_samples_split': 2, 'n_estimators': 1500}",3.54619758842741,0.876747769821433,2.5094165802002
Random Forest,Baseline,8,"{'max_depth': 30, 'min_samples_leaf': 4, 'min_samples_split': 5, 'n_estimators': 500}",3.60860676614376,0.872371388566276,0.810072183609009
Random Forest,Baseline,8,"{'max_depth': 30, 'min_samples_leaf': 4, 'min_samples_split': 5, 'n_estimators': 1000}",3.5540324426935,0.876202549207013,1.61626076698303
Random Forest,Baseline,8,"{'max_depth': 30, 'min_samples_leaf': 4, 'min_samples_split': 5, 'n_estimators': 1500}",3.54619758842741,0.876747769821433,2.42204356193543
Random Forest,Baseline,8,"{'max_depth': 30, 'min_samples_leaf': 4, 'min_samples_split': 10, 'n_estimators': 500}",3.6636837189425,0.86844575237813,0.797791004180908
Random Forest,Baseline,8,"{'max_depth': 30, 'min_samples_leaf': 4, 'min_samples_split': 10, 'n_estimators': 1000}",3.62984329635221,0.870864788200943,1.59258699417114
Random Forest,Baseline,8,"{'max_depth': 30, 'min_samples_leaf': 4, 'min_samples_split': 10, 'n_estimators': 1500}",3.62514918599818,0.871198567338418,2.47425150871277
Random Forest,Baseline,9,"{'max_depth': None, 'min_samples_leaf': 1, 'min_samples_split': 2, 'n_estimators': 500}",4.60431058621296,0.88177315250264,0.982868671417236
Random Forest,Baseline,9,"{'max_depth': None, 'min_samples_leaf': 1, 'min_samples_split': 2, 'n_estimators': 1000}",4.63047884170175,0.880425466695569,1.96305513381958
Random Forest,Baseline,9,"{'max_depth': None, 'min_samples_leaf': 1, 'min_samples_split': 2, 'n_estimators': 1500}",4.64114483730138,0.879873968516975,2.94653415679932
Random Forest,Baseline,9,"{'max_depth': None, 'min_samples_leaf': 1, 'min_samples_split': 5, 'n_estimators': 500}",4.56649468893997,0.883707207269835,0.919351577758789
Random Forest,Baseline,9,"{'max_depth': None, 'min_samples_leaf': 1, 'min_samples_split': 5, 'n_estimators': 1000}",4.59238414213446,0.882384840041708,1.8374810218811
Random Forest,Baseline,9,"{'max_depth': None, 'min_samples_leaf': 1, 'min_samples_split': 5, 'n_estimators': 1500}",4.58414579344974,0.882806444836516,2.86667943000793
Random Forest,Baseline,9,"{'max_depth': None, 'min_samples_leaf': 1, 'min_samples_split': 10, 'n_estimators': 500}",4.62269595220345,0.880827089640961,0.86651873588562
Random Forest,Baseline,9,"{'max_depth': None, 'min_samples_leaf': 1, 'min_samples_split': 10, 'n_estimators': 1000}",4.63522795116044,0.880180064966227,1.71907567977905
Random Forest,Baseline,9,"{'max_depth': None, 'min_samples_leaf': 1, 'min_samples_split': 10, 'n_estimators': 1500}",4.62982287658995,0.880459342745549,2.57534432411194
Random Forest,Baseline,9,"{'max_depth': None, 'min_samples_leaf': 2, 'min_samples_split': 2, 'n_estimators': 500}",4.68652289704252,0.877513458344609,0.892898559570313
Random Forest,Baseline,9,"{'max_depth': None, 'min_samples_leaf': 2, 'min_samples_split': 2, 'n_estimators': 1000}",4.66360719417825,0.878708375295638,1.78118014335632
Random Forest,Baseline,9,"{'max_depth': None, 'min_samples_leaf': 2, 'min_samples_split': 2, 'n_estimators': 1500}",4.65525719167547,0.879142322089109,2.67533159255981
Random Forest,Baseline,9,"{'max_depth': None, 'min_samples_leaf': 2, 'min_samples_split': 5, 'n_estimators': 500}",4.66062680381614,0.878863354419198,0.883600950241089
Random Forest,Baseline,9,"{'max_depth': None, 'min_samples_leaf': 2, 'min_samples_split': 5, 'n_estimators': 1000}",4.64667564699023,0.879587491745247,1.76153063774109
Random Forest,Baseline,9,"{'max_depth': None, 'min_samples_leaf': 2, 'min_samples_split': 5, 'n_estimators': 1500}",4.62757557714868,0.880575363794338,2.64076280593872
Random Forest,Baseline,9,"{'max_depth': None, 'min_samples_leaf': 2, 'min_samples_split': 10, 'n_estimators': 500}",4.75821778061234,0.873737170521242,0.834179162979126
Random Forest,Baseline,9,"{'max_depth': None, 'min_samples_leaf': 2, 'min_samples_split': 10, 'n_estimators': 1000}",4.73954330641125,0.874726307663104,1.66605401039124
Random Forest,Baseline,9,"{'max_depth': None, 'min_samples_leaf': 2, 'min_samples_split': 10, 'n_estimators': 1500}",4.73627667278051,0.874898932832068,2.5867383480072
Random Forest,Baseline,9,"{'max_depth': None, 'min_samples_leaf': 4, 'min_samples_split': 2, 'n_estimators': 500}",4.77535868772373,0.872825838684912,0.813371896743774
Random Forest,Baseline,9,"{'max_depth': None, 'min_samples_leaf': 4, 'min_samples_split': 2, 'n_estimators': 1000}",4.75977206562202,0.873654668843204,1.62481331825256
Random Forest,Baseline,9,"{'max_depth': None, 'min_samples_leaf': 4, 'min_samples_split': 2, 'n_estimators': 1500}",4.74986819164587,0.874179906771857,2.42916989326477
Random Forest,Baseline,9,"{'max_depth': None, 'min_samples_leaf': 4, 'min_samples_split': 5, 'n_estimators': 500}",4.77535868772373,0.872825838684912,0.810896635055542
Random Forest,Baseline,9,"{'max_depth': None, 'min_samples_leaf': 4, 'min_samples_split': 5, 'n_estimators': 1000}",4.75977206562202,0.873654668843204,1.61978077888489
Random Forest,Baseline,9,"{'max_depth': None, 'min_samples_leaf': 4, 'min_samples_split': 5, 'n_estimators': 1500}",4.74986819164587,0.874179906771857,2.4294638633728
Random Forest,Baseline,9,"{'max_depth': None, 'min_samples_leaf': 4, 'min_samples_split': 10, 'n_estimators': 500}",4.82134584183499,0.87036464640426,0.800994157791138
Random Forest,Baseline,9,"{'max_depth': None, 'min_samples_leaf': 4, 'min_samples_split': 10, 'n_estimators': 1000}",4.80830175141309,0.871065151148548,1.60391688346863
Random Forest,Baseline,9,"{'max_depth': None, 'min_samples_leaf': 4, 'min_samples_split': 10, 'n_estimators': 1500}",4.80289442062837,0.871354983770457,2.39554142951965
Random Forest,Baseline,9,"{'max_depth': 10, 'min_samples_leaf': 1, 'min_samples_split': 2, 'n_estimators': 500}",4.63427075662252,0.880229546522027,0.833479881286621
Random Forest,Baseline,9,"{'max_depth': 10, 'min_samples_leaf': 1, 'min_samples_split': 2, 'n_estimators': 1000}",4.64300072611023,0.879777877944609,1.66484975814819
Random Forest,Baseline,9,"{'max_depth': 10, 'min_samples_leaf': 1, 'min_samples_split': 2, 'n_estimators': 1500}",4.6380705534549,0.880033058232477,2.49584364891052
Random Forest,Baseline,9,"{'max_depth': 10, 'min_samples_leaf': 1, 'min_samples_split': 5, 'n_estimators': 500}",4.57283008906354,0.883384302064619,0.813370943069458
Random Forest,Baseline,9,"{'max_depth': 10, 'min_samples_leaf': 1, 'min_samples_split': 5, 'n_estimators': 1000}",4.578947082847,0.883072103887608,1.62406182289124
Random Forest,Baseline,9,"{'max_depth': 10, 'min_samples_leaf': 1, 'min_samples_split': 5, 'n_estimators': 1500}",4.57301728366342,0.883374754246175,2.43442106246948
Random Forest,Baseline,9,"{'max_depth': 10, 'min_samples_leaf': 1, 'min_samples_split': 10, 'n_estimators': 500}",4.63046041791959,0.880426418221683,0.793128490447998
Random Forest,Baseline,9,"{'max_depth': 10, 'min_samples_leaf': 1, 'min_samples_split': 10, 'n_estimators': 1000}",4.63731374678962,0.880072205706722,1.58149671554565
Random Forest,Baseline,9,"{'max_depth': 10, 'min_samples_leaf': 1, 'min_samples_split': 10, 'n_estimators': 1500}",4.63008744802152,0.880445680042967,2.46044683456421
Random Forest,Baseline,9,"{'max_depth': 10, 'min_samples_leaf': 2, 'min_samples_split': 2, 'n_estimators': 500}",4.68882270217075,0.877393213847528,0.806953430175781
Random Forest,Baseline,9,"{'max_depth': 10, 'min_samples_leaf': 2, 'min_samples_split': 2, 'n_estimators': 1000}",4.65964779660998,0.878914240790541,1.61356353759766
Random Forest,Baseline,9,"{'max_depth': 10, 'min_samples_leaf': 2, 'min_samples_split': 2, 'n_estimators': 1500}",4.64570670680919,0.879637704138769,2.40838861465454
Random Forest,Baseline,9,"{'max_depth': 10, 'min_samples_leaf': 2, 'min_samples_split': 5, 'n_estimators': 500}",4.63281778414159,0.880304637470107,0.801944017410278
Random Forest,Baseline,9,"{'max_depth': 10, 'min_samples_leaf': 2, 'min_samples_split': 5, 'n_estimators': 1000}",4.63039162429437,0.880429971146587,1.60049414634705
Random Forest,Baseline,9,"{'max_depth': 10, 'min_samples_leaf': 2, 'min_samples_split': 5, 'n_estimators': 1500}",4.6094272821323,0.881510239329544,2.47571873664856
Random Forest,Baseline,9,"{'max_depth': 10, 'min_samples_leaf': 2, 'min_samples_split': 10, 'n_estimators': 500}",4.76157914993243,0.873558714665746,0.780281066894531
Random Forest,Baseline,9,"{'max_depth': 10, 'min_samples_leaf': 2, 'min_samples_split': 10, 'n_estimators': 1000}",4.74419877228446,0.874480084011355,1.56295609474182
Random Forest,Baseline,9,"{'max_depth': 10, 'min_samples_leaf': 2, 'min_samples_split': 10, 'n_estimators': 1500}",4.735837372304,0.874922138575112,2.34418869018555
Random Forest,Baseline,9,"{'max_depth': 10, 'min_samples_leaf': 4, 'min_samples_split': 2, 'n_estimators': 500}",4.77093824931536,0.873061174035486,0.786778450012207
Random Forest,Baseline,9,"{'max_depth': 10, 'min_samples_leaf': 4, 'min_samples_split': 2, 'n_estimators': 1000}",4.75879116183823,0.873706738497608,1.54144310951233
Random Forest,Baseline,9,"{'max_depth': 10, 'min_samples_leaf': 4, 'min_samples_split': 2, 'n_estimators': 1500}",4.74661726365448,0.874352076638723,2.30466890335083
Random Forest,Baseline,9,"{'max_depth': 10, 'min_samples_leaf': 4, 'min_samples_split': 5, 'n_estimators': 500}",4.77093824931536,0.873061174035486,0.773900270462036
Random Forest,Baseline,9,"{'max_depth': 10, 'min_samples_leaf': 4, 'min_samples_split': 5, 'n_estimators': 1000}",4.75879116183823,0.873706738497608,1.53766894340515
Random Forest,Baseline,9,"{'max_depth': 10, 'min_samples_leaf': 4, 'min_samples_split': 5, 'n_estimators': 1500}",4.74661726365448,0.874352076638723,2.3084135055542
Random Forest,Baseline,9,"{'max_depth': 10, 'min_samples_leaf': 4, 'min_samples_split': 10, 'n_estimators': 500}",4.82138691134346,0.87036243785789,0.766286849975586
Random Forest,Baseline,9,"{'max_depth': 10, 'min_samples_leaf': 4, 'min_samples_split': 10, 'n_estimators': 1000}",4.80849256302303,0.871054917700019,1.52240538597107
Random Forest,Baseline,9,"{'max_depth': 10, 'min_samples_leaf': 4, 'min_samples_split': 10, 'n_estimators': 1500}",4.80568643714761,0.871205372566104,2.29033303260803
Random Forest,Baseline,9,"{'max_depth': 20, 'min_samples_leaf': 1, 'min_samples_split': 2, 'n_estimators': 500}",4.59685483098053,0.882155731713265,0.973526239395142
Random Forest,Baseline,9,"{'max_depth': 20, 'min_samples_leaf': 1, 'min_samples_split': 2, 'n_estimators': 1000}",4.62946999916684,0.880477564432489,1.97692322731018
Random Forest,Baseline,9,"{'max_depth': 20, 'min_samples_leaf': 1, 'min_samples_split': 2, 'n_estimators': 1500}",4.64198388156523,0.879830530886007,2.99959135055542
Random Forest,Baseline,9,"{'max_depth': 20, 'min_samples_leaf': 1, 'min_samples_split': 5, 'n_estimators': 500}",4.55015937608202,0.884537726740639,0.94642448425293
Random Forest,Baseline,9,"{'max_depth': 20, 'min_samples_leaf': 1, 'min_samples_split': 5, 'n_estimators': 1000}",4.5767773070142,0.883182892332118,1.94281029701233
Random Forest,Baseline,9,"{'max_depth': 20, 'min_samples_leaf': 1, 'min_samples_split': 5, 'n_estimators': 1500}",4.57795039653413,0.883123001069003,2.85480046272278
Random Forest,Baseline,9,"{'max_depth': 20, 'min_samples_leaf': 1, 'min_samples_split': 10, 'n_estimators': 500}",4.630199220166,0.880439907796043,0.887370824813843
Random Forest,Baseline,9,"{'max_depth': 20, 'min_samples_leaf': 1, 'min_samples_split': 10, 'n_estimators': 1000}",4.63881253472218,0.879994671432422,1.78814315795898
Random Forest,Baseline,9,"{'max_depth': 20, 'min_samples_leaf': 1, 'min_samples_split': 10, 'n_estimators': 1500}",4.63289700958835,0.880300543633441,2.66110682487488
Random Forest,Baseline,9,"{'max_depth': 20, 'min_samples_leaf': 2, 'min_samples_split': 2, 'n_estimators': 500}",4.69467333837879,0.877087049471996,0.924574136734009
Random Forest,Baseline,9,"{'max_depth': 20, 'min_samples_leaf': 2, 'min_samples_split': 2, 'n_estimators': 1000}",4.66926765864235,0.878413760606209,1.84728407859802
Random Forest,Baseline,9,"{'max_depth': 20, 'min_samples_leaf': 2, 'min_samples_split': 2, 'n_estimators': 1500}",4.65793224710842,0.879003385027636,2.78313064575195
Random Forest,Baseline,9,"{'max_depth': 20, 'min_samples_leaf': 2, 'min_samples_split': 5, 'n_estimators': 500}",4.65382389201929,0.879216731984863,0.921209812164307
Random Forest,Baseline,9,"{'max_depth': 20, 'min_samples_leaf': 2, 'min_samples_split': 5, 'n_estimators': 1000}",4.64141216279979,0.879860129829669,1.82708883285522
Random Forest,Baseline,9,"{'max_depth': 20, 'min_samples_leaf': 2, 'min_samples_split': 5, 'n_estimators': 1500}",4.62068249967985,0.880930880478051,2.7575535774231
Random Forest,Baseline,9,"{'max_depth': 20, 'min_samples_leaf': 2, 'min_samples_split': 10, 'n_estimators': 500}",4.75870309324385,0.873711412948208,0.876107692718506
Random Forest,Baseline,9,"{'max_depth': 20, 'min_samples_leaf': 2, 'min_samples_split': 10, 'n_estimators': 1000}",4.74132984219228,0.874631847880671,1.72603607177734
Random Forest,Baseline,9,"{'max_depth': 20, 'min_samples_leaf': 2, 'min_samples_split': 10, 'n_estimators': 1500}",4.73608124952529,0.874909256195798,2.58839750289917
Random Forest,Baseline,9,"{'max_depth': 20, 'min_samples_leaf': 4, 'min_samples_split': 2, 'n_estimators': 500}",4.77535858957503,0.872825843912573,0.842210292816162
Random Forest,Baseline,9,"{'max_depth': 20, 'min_samples_leaf': 4, 'min_samples_split': 2, 'n_estimators': 1000}",4.75927090730035,0.873681273344343,1.66620087623596
Random Forest,Baseline,9,"{'max_depth': 20, 'min_samples_leaf': 4, 'min_samples_split': 2, 'n_estimators': 1500}",4.74897298008799,0.874227329135116,2.49703478813171
Random Forest,Baseline,9,"{'max_depth': 20, 'min_samples_leaf': 4, 'min_samples_split': 5, 'n_estimators': 500}",4.77535858957503,0.872825843912573,0.83353590965271
Random Forest,Baseline,9,"{'max_depth': 20, 'min_samples_leaf': 4, 'min_samples_split': 5, 'n_estimators': 1000}",4.75927090730035,0.873681273344343,1.66948127746582
Random Forest,Baseline,9,"{'max_depth': 20, 'min_samples_leaf': 4, 'min_samples_split': 5, 'n_estimators': 1500}",4.74897298008799,0.874227329135116,2.49856328964233
Random Forest,Baseline,9,"{'max_depth': 20, 'min_samples_leaf': 4, 'min_samples_split': 10, 'n_estimators': 500}",4.82134584183499,0.87036464640426,0.831033229827881
Random Forest,Baseline,9,"{'max_depth': 20, 'min_samples_leaf': 4, 'min_samples_split': 10, 'n_estimators': 1000}",4.80829496494846,0.871065515107059,1.64857077598572
Random Forest,Baseline,9,"{'max_depth': 20, 'min_samples_leaf': 4, 'min_samples_split': 10, 'n_estimators': 1500}",4.80289836960581,0.871354772224488,2.45395541191101
Random Forest,Baseline,9,"{'max_depth': 30, 'min_samples_leaf': 1, 'min_samples_split': 2, 'n_estimators': 500}",4.6017531600029,0.88190445227583,1.01377367973328
Random Forest,Baseline,9,"{'max_depth': 30, 'min_samples_leaf': 1, 'min_samples_split': 2, 'n_estimators': 1000}",4.62996799409245,0.880451848846123,2.02908372879028
Random Forest,Baseline,9,"{'max_depth': 30, 'min_samples_leaf': 1, 'min_samples_split': 2, 'n_estimators': 1500}",4.64044035700471,0.879910433657595,3.0507185459137
Random Forest,Baseline,9,"{'max_depth': 30, 'min_samples_leaf': 1, 'min_samples_split': 5, 'n_estimators': 500}",4.56864293872842,0.883597764579921,0.951044321060181
Random Forest,Baseline,9,"{'max_depth': 30, 'min_samples_leaf': 1, 'min_samples_split': 5, 'n_estimators': 1000}",4.59297603541705,0.882354520230825,1.89578223228455
Random Forest,Baseline,9,"{'max_depth': 30, 'min_samples_leaf': 1, 'min_samples_split': 5, 'n_estimators': 1500}",4.58397649626456,0.882815100832001,2.85522079467773
Random Forest,Baseline,9,"{'max_depth': 30, 'min_samples_leaf': 1, 'min_samples_split': 10, 'n_estimators': 500}",4.62269595220345,0.880827089640961,0.891350507736206
Random Forest,Baseline,9,"{'max_depth': 30, 'min_samples_leaf': 1, 'min_samples_split': 10, 'n_estimators': 1000}",4.63522795116044,0.880180064966227,1.77922892570496
Random Forest,Baseline,9,"{'max_depth': 30, 'min_samples_leaf': 1, 'min_samples_split': 10, 'n_estimators': 1500}",4.62982287658995,0.880459342745549,2.659747838974
Random Forest,Baseline,9,"{'max_depth': 30, 'min_samples_leaf': 2, 'min_samples_split': 2, 'n_estimators': 500}",4.68652289704252,0.877513458344609,0.923260927200317
Random Forest,Baseline,9,"{'max_depth': 30, 'min_samples_leaf': 2, 'min_samples_split': 2, 'n_estimators': 1000}",4.66360719417825,0.878708375295638,1.84534668922424
Random Forest,Baseline,9,"{'max_depth': 30, 'min_samples_leaf': 2, 'min_samples_split': 2, 'n_estimators': 1500}",4.65558912096182,0.879125086679201,2.75688409805298
Random Forest,Baseline,9,"{'max_depth': 30, 'min_samples_leaf': 2, 'min_samples_split': 5, 'n_estimators': 500}",4.66062680381614,0.878863354419198,0.908873081207275
Random Forest,Baseline,9,"{'max_depth': 30, 'min_samples_leaf': 2, 'min_samples_split': 5, 'n_estimators': 1000}",4.64667564699023,0.879587491745247,1.81391072273254
Random Forest,Baseline,9,"{'max_depth': 30, 'min_samples_leaf': 2, 'min_samples_split': 5, 'n_estimators': 1500}",4.62757513877098,0.880575386420913,2.73726582527161
Random Forest,Baseline,9,"{'max_depth': 30, 'min_samples_leaf': 2, 'min_samples_split': 10, 'n_estimators': 500}",4.75821778061234,0.873737170521242,0.871013164520264
Random Forest,Baseline,9,"{'max_depth': 30, 'min_samples_leaf': 2, 'min_samples_split': 10, 'n_estimators': 1000}",4.73954330641125,0.874726307663104,1.74375557899475
Random Forest,Baseline,9,"{'max_depth': 30, 'min_samples_leaf': 2, 'min_samples_split': 10, 'n_estimators': 1500}",4.73627667278051,0.874898932832068,2.62503457069397
Random Forest,Baseline,9,"{'max_depth': 30, 'min_samples_leaf': 4, 'min_samples_split': 2, 'n_estimators': 500}",4.77535868772373,0.872825838684912,0.853251218795776
Random Forest,Baseline,9,"{'max_depth': 30, 'min_samples_leaf': 4, 'min_samples_split': 2, 'n_estimators': 1000}",4.75977206562202,0.873654668843204,1.67866373062134
Random Forest,Baseline,9,"{'max_depth': 30, 'min_samples_leaf': 4, 'min_samples_split': 2, 'n_estimators': 1500}",4.74986819164587,0.874179906771857,2.52120280265808
Random Forest,Baseline,9,"{'max_depth': 30, 'min_samples_leaf': 4, 'min_samples_split': 5, 'n_estimators': 500}",4.77535868772373,0.872825838684912,0.839368581771851
Random Forest,Baseline,9,"{'max_depth': 30, 'min_samples_leaf': 4, 'min_samples_split': 5, 'n_estimators': 1000}",4.75977206562202,0.873654668843204,1.67132163047791
Random Forest,Baseline,9,"{'max_depth': 30, 'min_samples_leaf': 4, 'min_samples_split': 5, 'n_estimators': 1500}",4.74986819164587,0.874179906771857,2.50922298431397
Random Forest,Baseline,9,"{'max_depth': 30, 'min_samples_leaf': 4, 'min_samples_split': 10, 'n_estimators': 500}",4.82134584183499,0.87036464640426,0.825418710708618
Random Forest,Baseline,9,"{'max_depth': 30, 'min_samples_leaf': 4, 'min_samples_split': 10, 'n_estimators': 1000}",4.80830175141309,0.871065151148548,1.66754341125488
Random Forest,Baseline,9,"{'max_depth': 30, 'min_samples_leaf': 4, 'min_samples_split': 10, 'n_estimators': 1500}",4.80289442062837,0.871354983770457,2.4873161315918
